image_id,true_class,predicted_class,correct,confidence,true_class_probability,entropy,top1_probability,top2_probability,top1_top2_margin,confidence_band,p_akiec,p_bcc,p_bkl,p_df,p_mel,p_nv,p_vasc
ISIC_0028223,bkl,bcc,False,0.35511356592178345,0.30973559617996216,1.3116494775150318,0.35511356592178345,0.30973559617996216,0.04537796974182129,LOW,0.24960973858833313,0.35511356592178345,0.30973559617996216,0.00327687687240541,0.0013956708135083318,0.08032730221748352,0.0005412410828284919
ISIC_0029126,bkl,akiec,False,0.6966429352760315,0.09173732250928879,0.8403512473179209,0.6966429352760315,0.20392602682113647,0.492716908454895,MODERATE,0.6966429352760315,0.20392602682113647,0.09173732250928879,0.002889032009989023,0.00014567410107702017,0.003972043748944998,0.0006868757191114128
ISIC_0028702,bkl,akiec,False,0.5386501550674438,0.2671724557876587,1.042640627648511,0.5386501550674438,0.2671724557876587,0.27147769927978516,MODERATE,0.5386501550674438,0.1872464269399643,0.2671724557876587,0.0019502791110426188,0.0017110600601881742,0.002840411849319935,0.000429257022915408
ISIC_0025656,bkl,bkl,True,0.8860384225845337,0.8860384225845337,0.49174876783573296,0.8860384225845337,0.05282244086265564,0.833215981721878,HIGH,0.03944644704461098,0.009188132360577583,0.8860384225845337,0.0005574773531407118,0.05282244086265564,0.011614887975156307,0.00033223541686311364
ISIC_0025883,bkl,bkl,True,0.9442887306213379,0.9442887306213379,0.2858754969257773,0.9442887306213379,0.02055617794394493,0.923732552677393,VERY_HIGH,0.011945025064051151,0.0013706372119486332,0.9442887306213379,0.0008610798977315426,0.020348336547613144,0.02055617794394493,0.0006299795350059867
ISIC_0028448,bkl,bkl,True,0.9157378077507019,0.9157378077507019,0.3049368592511463,0.9157378077507019,0.08151482045650482,0.8342229872941971,VERY_HIGH,0.00028522167121991515,0.001212612260133028,0.9157378077507019,0.00029600487323477864,0.0001827198575483635,0.08151482045650482,0.0007707832846790552
ISIC_0025066,bkl,bkl,True,0.5219270586967468,0.5219270586967468,1.043329504961217,0.5219270586967468,0.3601188361644745,0.16180822253227234,MODERATE,0.06362685561180115,0.00018968430231325328,0.5219270586967468,0.00013503276568371803,0.3601188361644745,0.05394669994711876,5.5851978686405346e-05
ISIC_0030583,bkl,bkl,True,0.5885878205299377,0.5885878205299377,0.7113259367692767,0.5885878205299377,0.4061133563518524,0.18247446417808533,MODERATE,0.0002595420810393989,0.001086329109966755,0.5885878205299377,0.0002828329452313483,0.0034054680727422237,0.4061133563518524,0.0002646610955707729
ISIC_0026967,bkl,bkl,True,0.8154770135879517,0.8154770135879517,0.7425048917710121,0.8154770135879517,0.06637698411941528,0.7491000294685364,HIGH,0.013193835504353046,0.03146545961499214,0.8154770135879517,0.06637698411941528,0.007658409886062145,0.06229454278945923,0.003533775918185711
ISIC_0033235,bkl,mel,False,0.46234896779060364,0.32214176654815674,1.1226864347629246,0.46234896779060364,0.32214176654815674,0.1402072012424469,LOW,0.1973063200712204,0.0005651233368553221,0.32214176654815674,0.0014744324143975973,0.46234896779060364,0.016109131276607513,5.423323455033824e-05
ISIC_0026085,bkl,mel,False,0.5573145747184753,0.383036345243454,0.9123072643628058,0.5573145747184753,0.383036345243454,0.17427822947502136,MODERATE,0.033026956021785736,0.0006263250834308565,0.383036345243454,0.0015776593936607242,0.5573145747184753,0.024284273386001587,0.00013387422950472683
ISIC_0026941,bkl,bkl,True,0.9527066946029663,0.9527066946029663,0.23194285828164915,0.9527066946029663,0.03615526854991913,0.9165514260530472,VERY_HIGH,0.0008998414850793779,0.0015426872996613383,0.9527066946029663,0.0008338443585671484,0.003840625286102295,0.03615526854991913,0.004021012224256992
ISIC_0029929,bkl,bkl,True,0.38877224922180176,0.38877224922180176,1.287600870052834,0.38877224922180176,0.3400880694389343,0.04868417978286743,LOW,0.19283246994018555,0.006216776091605425,0.38877224922180176,0.0024061615113168955,0.3400880694389343,0.06887834519147873,0.0008059631218202412
ISIC_0026634,bkl,bkl,True,0.5349215865135193,0.5349215865135193,1.158342100737095,0.5349215865135193,0.2818838655948639,0.2530377209186554,MODERATE,0.2818838655948639,0.009579823352396488,0.5349215865135193,0.007352282293140888,0.13185851275920868,0.033806245774030685,0.0005976471002213657
ISIC_0032045,bkl,bkl,True,0.8911781311035156,0.8911781311035156,0.4469374120396291,0.8911781311035156,0.05101872608065605,0.8401594050228596,HIGH,0.05096892639994621,0.003458332270383835,0.8911781311035156,0.0003018907445948571,0.05101872608065605,0.0028033792041242123,0.0002706131199374795
ISIC_0024381,bkl,bkl,True,0.7821180820465088,0.7821180820465088,0.6496973614750173,0.7821180820465088,0.187775656580925,0.5943424254655838,HIGH,0.187775656580925,0.007077548187226057,0.7821180820465088,0.0011621677549555898,0.010614288039505482,0.01082892157137394,0.0004233827639836818
ISIC_0025583,bkl,bkl,True,0.5423575639724731,0.5423575639724731,1.079343470400145,0.5423575639724731,0.24782489240169525,0.2945326715707779,MODERATE,0.18706803023815155,0.0001464792585466057,0.5423575639724731,0.00015291047748178244,0.24782489240169525,0.022402172908186913,4.7927835112204775e-05
ISIC_0029308,bkl,bkl,True,0.9571416974067688,0.9571416974067688,0.21862947459246782,0.9571416974067688,0.02558179944753647,0.9315598979592323,VERY_HIGH,0.011311739683151245,0.00029986948356963694,0.9571416974067688,6.009493154124357e-05,0.02558179944753647,0.005581290926784277,2.3533511921414174e-05
ISIC_0030276,bkl,akiec,False,0.45024073123931885,0.44239550828933716,1.1065954549178818,0.45024073123931885,0.44239550828933716,0.00784522294998169,LOW,0.45024073123931885,0.01838509365916252,0.44239550828933716,0.026156015694141388,0.04377635940909386,0.01750894822180271,0.0015374035574495792
ISIC_0024626,bkl,bkl,True,0.6439222097396851,0.6439222097396851,0.9725866396092374,0.6439222097396851,0.24061617255210876,0.4033060371875763,MODERATE,0.06689830869436264,0.0033331108279526234,0.6439222097396851,0.0006058202707208693,0.044023193418979645,0.24061617255210876,0.0006011056830175221
ISIC_0031321,bkl,bkl,True,0.620438814163208,0.620438814163208,0.8244711002377462,0.620438814163208,0.33666855096817017,0.28377026319503784,MODERATE,0.010176442563533783,0.00044234428787603974,0.620438814163208,6.460297299781814e-05,0.33666855096817017,0.0321517251431942,5.7459074014332145e-05
ISIC_0033987,bkl,bkl,True,0.9630340337753296,0.9630340337753296,0.1995476669039516,0.9630340337753296,0.021717026829719543,0.94131700694561,VERY_HIGH,0.021717026829719543,0.0004691351787187159,0.9630340337753296,0.0010009485995396972,0.005004428327083588,0.008405429311096668,0.0003689482982736081
ISIC_0029260,bkl,bkl,True,0.3686162233352661,0.3686162233352661,1.1157006730317636,0.3686162233352661,0.333668053150177,0.03494817018508911,LOW,0.333668053150177,0.0010871767299249768,0.3686162233352661,0.00017370442219544202,0.2944610118865967,0.0019381019519641995,5.573655653279275e-05
ISIC_0031133,bkl,bkl,True,0.9433922171592712,0.9433922171592712,0.2700634109217614,0.9433922171592712,0.03296605125069618,0.9104261659085751,VERY_HIGH,0.0007651332416571677,0.0002328971168026328,0.9433922171592712,0.020035846158862114,0.002087987959384918,0.03296605125069618,0.0005197413265705109
ISIC_0030316,bkl,bkl,True,0.8843134641647339,0.8843134641647339,0.4033609332430281,0.8843134641647339,0.10582266747951508,0.7784907966852188,HIGH,0.0059876227751374245,0.0017340100603178144,0.8843134641647339,0.0011917664669454098,0.0004488233826123178,0.10582266747951508,0.00050167745212093
ISIC_0027706,bkl,bkl,True,0.6388003826141357,0.6388003826141357,0.844330719780518,0.6388003826141357,0.3140747845172882,0.32472559809684753,MODERATE,0.019980331882834435,0.019970577210187912,0.6388003826141357,0.0002844480040948838,0.006550319958478212,0.3140747845172882,0.00033911241916939616
ISIC_0033722,bkl,nv,False,0.941249430179596,0.013801760040223598,0.2645761952405528,0.941249430179596,0.04321352764964104,0.8980359025299549,VERY_HIGH,6.74910334055312e-05,0.0001001356722554192,0.013801760040223598,0.0005563345039263368,0.04321352764964104,0.941249430179596,0.0010113344760611653
ISIC_0032877,bkl,mel,False,0.7821701765060425,0.08855338394641876,0.7820632947781231,0.7821701765060425,0.08855338394641876,0.6936167925596237,HIGH,0.0355350524187088,0.003795998403802514,0.08855338394641876,0.0029104927089065313,0.7821701765060425,0.08591274917125702,0.0011220949236303568
ISIC_0034175,bkl,mel,False,0.4899449944496155,0.11774390190839767,1.1664070456485411,0.4899449944496155,0.33216148614883423,0.15778350830078125,LOW,0.05263262242078781,0.004468386992812157,0.11774390190839767,0.001267773099243641,0.4899449944496155,0.33216148614883423,0.0017808763077482581
ISIC_0033523,bkl,nv,False,0.44667288661003113,0.2165248692035675,1.3519711973028103,0.44667288661003113,0.2165248692035675,0.23014801740646362,LOW,0.14801806211471558,0.00909997709095478,0.2165248692035675,0.002225694013759494,0.17457830905914307,0.44667288661003113,0.002880261978134513
ISIC_0031808,bkl,bkl,True,0.686913788318634,0.686913788318634,0.9006500698014905,0.686913788318634,0.21699295938014984,0.4699208289384842,MODERATE,0.21699295938014984,0.0035905397962778807,0.686913788318634,0.0010388020891696215,0.04271019995212555,0.04845315217971802,0.000300542451441288
ISIC_0028749,bkl,akiec,False,0.5936344861984253,0.3593549430370331,0.8816832028297873,0.5936344861984253,0.3593549430370331,0.2342795431613922,MODERATE,0.5936344861984253,0.009336394257843494,0.3593549430370331,0.003495575860142708,0.020258577540516853,0.013334643095731735,0.00058531149988994
ISIC_0033635,bkl,bkl,True,0.9218573570251465,0.9218573570251465,0.3347815890261608,0.9218573570251465,0.06206289678812027,0.8597944602370262,VERY_HIGH,0.0006508547230623662,0.0006395138916559517,0.9218573570251465,0.006383612751960754,0.005600606556981802,0.06206289678812027,0.002805182710289955
ISIC_0033868,bkl,bkl,True,0.7816058397293091,0.7816058397293091,0.5605691602323226,0.7816058397293091,0.21243079006671906,0.56917504966259,HIGH,0.0001952311140485108,0.001482563093304634,0.7816058397293091,0.001733291894197464,0.0005338117480278015,0.21243079006671906,0.00201852316968143
ISIC_0024602,bkl,bkl,True,0.7845004200935364,0.7845004200935364,0.752493641429891,0.7845004200935364,0.10700329393148422,0.6774971261620522,HIGH,0.10700329393148422,0.003528067609295249,0.7845004200935364,0.0009167632088065147,0.025690000504255295,0.07786592841148376,0.0004955235635861754
ISIC_0028121,bkl,bkl,True,0.7951452732086182,0.7951452732086182,0.6769574929227209,0.7951452732086182,0.1101631373167038,0.6849821358919144,HIGH,0.1101631373167038,0.0033039755653589964,0.7951452732086182,0.00015619791520293802,0.08834585547447205,0.00284820469096303,3.73912371287588e-05
ISIC_0031624,bkl,bkl,True,0.8757198452949524,0.8757198452949524,0.4200300567381524,0.8757198452949524,0.11419835686683655,0.7615214884281158,HIGH,0.0001638280227780342,0.0004541140515357256,0.8757198452949524,0.0002864061389118433,0.006293386686593294,0.11419835686683655,0.0028841374441981316
ISIC_0025510,bkl,bkl,True,0.7610335350036621,0.7610335350036621,0.6021074973366173,0.7610335350036621,0.22939805686473846,0.5316354781389236,HIGH,0.00015514898404944688,0.0011758852051571012,0.7610335350036621,0.000976748880930245,0.004687191918492317,0.22939805686473846,0.0025733907241374254
ISIC_0028254,bkl,bkl,True,0.6566013097763062,0.6566013097763062,0.8615875513418212,0.6566013097763062,0.26946863532066345,0.3871326744556427,MODERATE,0.014644994400441647,0.0001790743408491835,0.6566013097763062,0.00015927202184684575,0.26946863532066345,0.05890607833862305,4.058611739310436e-05
ISIC_0026679,bkl,bkl,True,0.618712842464447,0.618712842464447,0.8425497005434743,0.618712842464447,0.3266761600971222,0.29203668236732483,MODERATE,0.006212522741407156,4.249808262102306e-05,0.618712842464447,0.00018103270849678665,0.3266761600971222,0.04813118278980255,4.384711792226881e-05
ISIC_0024643,bkl,bkl,True,0.9930024743080139,0.9930024743080139,0.05199473134362223,0.9930024743080139,0.002977734664455056,0.9900247396435589,VERY_HIGH,0.0005535216769203544,0.001196084776893258,0.9930024743080139,0.0003665707481559366,0.00168510340154171,0.002977734664455056,0.0002184622862841934
ISIC_0030365,bkl,mel,False,0.8071752786636353,0.10272109508514404,0.6879157545179196,0.8071752786636353,0.10272109508514404,0.7044541835784912,HIGH,0.021966904401779175,0.0024228563997894526,0.10272109508514404,0.0005555986426770687,0.8071752786636353,0.06507070362567902,8.756574970902875e-05
ISIC_0028840,bkl,bkl,True,0.8825397491455078,0.8825397491455078,0.5123719417745511,0.8825397491455078,0.05266526713967323,0.8298744820058346,HIGH,0.02660813368856907,6.516269786516204e-05,0.8825397491455078,0.025852525606751442,0.011959599331021309,0.05266526713967323,0.00030966190388426185
ISIC_0033321,bkl,mel,False,0.6931536197662354,0.29522445797920227,0.6736143900340195,0.6931536197662354,0.29522445797920227,0.3979291617870331,MODERATE,0.0033443330321460962,3.840645877062343e-05,0.29522445797920227,5.7880577514879405e-05,0.6931536197662354,0.008174880407750607,6.51943764751195e-06
ISIC_0024696,bkl,mel,False,0.8403642773628235,0.06898130476474762,0.5748891600504504,0.8403642773628235,0.08451765775680542,0.7558466196060181,HIGH,0.004871709272265434,0.0008565552998334169,0.06898130476474762,0.00018633167201187462,0.8403642773628235,0.08451765775680542,0.0002221403701696545
ISIC_0033410,bkl,bkl,True,0.63023442029953,0.63023442029953,0.9863616750980184,0.63023442029953,0.2448827177286148,0.3853517025709152,MODERATE,0.004618528764694929,0.019886422902345657,0.63023442029953,0.001282519195228815,0.09690948575735092,0.2448827177286148,0.002185903722420335
ISIC_0032725,bkl,bkl,True,0.784358024597168,0.784358024597168,0.8231611833094641,0.784358024597168,0.06846954673528671,0.7158884778618813,HIGH,0.06846954673528671,0.056479863822460175,0.784358024597168,0.0012119242455810308,0.05117383971810341,0.038053255528211594,0.0002535374369472265
ISIC_0026042,bkl,bkl,True,0.82740318775177,0.82740318775177,0.6834283102960438,0.82740318775177,0.056553471833467484,0.7708497159183025,HIGH,0.008961176499724388,0.052654147148132324,0.82740318775177,0.0012610742123797536,0.05273294448852539,0.056553471833467484,0.00043411654769442976
ISIC_0025086,bkl,mel,False,0.6809048056602478,0.06989927589893341,0.804527042059637,0.6809048056602478,0.24757257103919983,0.433332234621048,MODERATE,0.0014268278609961271,3.6282446671975777e-05,0.06989927589893341,9.785839210962877e-05,0.6809048056602478,0.24757257103919983,6.244603719096631e-05
ISIC_0030095,bkl,bkl,True,0.5260620713233948,0.5260620713233948,1.2348530176307189,0.5260620713233948,0.17793793976306915,0.3481241315603256,MODERATE,0.1686328649520874,0.005107211880385876,0.5260620713233948,0.0004480098432395607,0.17793793976306915,0.12140239775180817,0.0004095141193829477
ISIC_0031394,bkl,mel,False,0.46114715933799744,0.37490999698638916,1.1589896239150077,0.46114715933799744,0.37490999698638916,0.08623716235160828,LOW,0.06281840056180954,0.002244587754830718,0.37490999698638916,0.00335638877004385,0.46114715933799744,0.09500060230493546,0.0005228245281614363
ISIC_0025777,bkl,mel,False,0.5867917537689209,0.04132012277841568,0.8614353804866137,0.5867917537689209,0.3622186481952667,0.22457310557365417,MODERATE,0.008585378527641296,0.00012151083501521498,0.04132012277841568,0.000757543952204287,0.5867917537689209,0.3622186481952667,0.00020508836314547807
ISIC_0032359,bkl,bkl,True,0.9755603075027466,0.9755603075027466,0.1355472347107602,0.9755603075027466,0.01887698844075203,0.9566833190619946,VERY_HIGH,0.00038712049718014896,0.0016652331687510014,0.9755603075027466,0.0004490676219575107,0.0006572292768396437,0.01887698844075203,0.0024040446151047945
ISIC_0027991,bkl,akiec,False,0.6388890743255615,0.17330332100391388,1.0887407279135646,0.6388890743255615,0.17330332100391388,0.46558575332164764,MODERATE,0.6388890743255615,0.10262870043516159,0.17330332100391388,0.0004925113171339035,0.024281416088342667,0.0601704902946949,0.00023447052808478475
ISIC_0031289,bkl,akiec,False,0.7490889430046082,0.21714742481708527,0.6973145297693008,0.7490889430046082,0.21714742481708527,0.5319415181875229,MODERATE,0.7490889430046082,0.010498994961380959,0.21714742481708527,0.00048532368964515626,0.0041762120090425014,0.018480373546481133,0.00012270905426703393
ISIC_0030172,bkl,akiec,False,0.5862136483192444,0.32755401730537415,0.9823192101955889,0.5862136483192444,0.32755401730537415,0.25865963101387024,MODERATE,0.5862136483192444,0.04879365488886833,0.32755401730537415,0.0013050774578005075,0.017132366076111794,0.018407290801405907,0.0005940172704868019
ISIC_0029880,bkl,bkl,True,0.9887885451316833,0.9887885451316833,0.07608345072993153,0.9887885451316833,0.004689876455813646,0.9840986686758697,VERY_HIGH,0.00025832944083958864,0.004689876455813646,0.9887885451316833,9.466359915677458e-05,0.003928116988390684,0.0015948711661621928,0.0006456460105255246
ISIC_0026827,bkl,bkl,True,0.8527730107307434,0.8527730107307434,0.5585761796305786,0.8527730107307434,0.09997685998678207,0.7527961507439613,HIGH,0.015764659270644188,0.001225773012265563,0.8527730107307434,0.0021597181912511587,0.026800228282809258,0.09997685998678207,0.0012997413286939263
ISIC_0029396,bkl,nv,False,0.7786353826522827,0.1836821734905243,0.6646294170230712,0.7786353826522827,0.1836821734905243,0.5949532091617584,HIGH,0.0010805441997945309,0.02652660757303238,0.1836821734905243,0.0004927804693579674,0.0043155737221241,0.7786353826522827,0.005266937892884016
ISIC_0025984,bkl,nv,False,0.8259719014167786,0.028208058327436447,0.6504802470522064,0.8259719014167786,0.10158111155033112,0.7243907898664474,HIGH,0.001984388567507267,0.038858238607645035,0.028208058327436447,0.0007103247917257249,0.10158111155033112,0.8259719014167786,0.0026859785430133343
ISIC_0025805,bkl,bkl,True,0.5392764210700989,0.5392764210700989,0.7987086908122155,0.5392764210700989,0.4410051107406616,0.09827131032943726,MODERATE,0.007142119575291872,0.000548593990970403,0.5392764210700989,0.0033605454955250025,0.006446069572120905,0.4410051107406616,0.002221185015514493
ISIC_0029166,bkl,nv,False,0.5908393263816833,0.3301386833190918,0.91293737735492,0.5908393263816833,0.3301386833190918,0.26070064306259155,MODERATE,0.007636285852640867,0.0005791520816273987,0.3301386833190918,0.0008796585607342422,0.06953955441713333,0.5908393263816833,0.0003873084206134081
ISIC_0032740,bkl,bkl,True,0.6112173199653625,0.6112173199653625,1.1539105244210175,0.6112173199653625,0.2218010276556015,0.38941629230976105,MODERATE,0.2218010276556015,0.04622039943933487,0.6112173199653625,0.018349332734942436,0.0762697085738182,0.021663065999746323,0.004479166120290756
ISIC_0028842,bkl,akiec,False,0.6815989017486572,0.304829865694046,0.6952168874542072,0.6815989017486572,0.304829865694046,0.3767690360546112,MODERATE,0.6815989017486572,0.0017044295091181993,0.304829865694046,0.00037186272675171494,0.008584254421293736,0.0028795800171792507,3.1065654184203595e-05
ISIC_0031593,bkl,akiec,False,0.7497844099998474,0.1442212015390396,0.8687108858002298,0.7497844099998474,0.1442212015390396,0.6055632084608078,MODERATE,0.7497844099998474,0.03912821412086487,0.1442212015390396,0.0051115588285028934,0.038729045540094376,0.020939989015460014,0.0020855239126831293
ISIC_0032200,bkl,bkl,True,0.7684152126312256,0.7684152126312256,0.8039498139694576,0.7684152126312256,0.11709465086460114,0.6513205617666245,HIGH,0.11709465086460114,0.005708672106266022,0.7684152126312256,0.001434945734217763,0.0682840347290039,0.03880271688103676,0.00025979633210226893
ISIC_0024336,bkl,nv,False,0.607068657875061,0.27685269713401794,1.0004026689089864,0.607068657875061,0.27685269713401794,0.3302159607410431,MODERATE,0.024167506024241447,0.002294504316523671,0.27685269713401794,0.0013488695258274674,0.08475542813539505,0.607068657875061,0.003512395080178976
ISIC_0031761,bkl,bkl,True,0.7194205522537231,0.7194205522537231,0.6667500607536727,0.7194205522537231,0.2672572731971741,0.4521632790565491,MODERATE,0.0019470915431156754,0.0005589416832663119,0.7194205522537231,0.003602295182645321,0.003694930812343955,0.2672572731971741,0.003518847981467843
ISIC_0031088,bkl,bkl,True,0.8472416400909424,0.8472416400909424,0.5626070709803607,0.8472416400909424,0.10640781372785568,0.7408338263630867,HIGH,0.0019159030634909868,0.03428090736269951,0.8472416400909424,0.0009484407491981983,0.004741905722767115,0.10640781372785568,0.00446331687271595
ISIC_0030731,bkl,bkl,True,0.5926139950752258,0.5926139950752258,1.0285878612368,0.5926139950752258,0.26477470993995667,0.32783928513526917,MODERATE,0.26477470993995667,0.003586301114410162,0.5926139950752258,0.0016291507054120302,0.11533311009407043,0.021459853276610374,0.0006028530769981444
ISIC_0031522,bkl,bkl,True,0.48836320638656616,0.48836320638656616,0.9767072121220736,0.48836320638656616,0.4318215548992157,0.056541651487350464,LOW,0.046843916177749634,0.0017682063626125455,0.48836320638656616,9.687525016488507e-05,0.4318215548992157,0.031011581420898438,9.463114110985771e-05
ISIC_0034197,bkl,akiec,False,0.8497593998908997,0.13236698508262634,0.4845404182308311,0.8497593998908997,0.13236698508262634,0.7173924148082733,HIGH,0.8497593998908997,0.00047367476508952677,0.13236698508262634,0.0007963607204146683,0.01639064960181713,0.000204123294679448,8.846768650982995e-06
ISIC_0034057,bkl,bkl,True,0.6027649641036987,0.6027649641036987,0.9388048397680537,0.6027649641036987,0.28306257724761963,0.3197023868560791,MODERATE,0.28306257724761963,0.0025119478814303875,0.6027649641036987,0.0003837178519461304,0.10828108340501785,0.0029482590034604073,4.746838749269955e-05
ISIC_0025016,bkl,df,False,0.4824197590351105,0.12933531403541565,1.388621815220638,0.4824197590351105,0.23260051012039185,0.24981924891471863,LOW,0.09772279858589172,0.23260051012039185,0.12933531403541565,0.4824197590351105,0.006527866702526808,0.04434925317764282,0.007044535130262375
ISIC_0029147,bkl,bkl,True,0.4767903685569763,0.4767903685569763,1.3238534256038395,0.4767903685569763,0.22129547595977783,0.2554948925971985,LOW,0.1822105497121811,0.09550387412309647,0.4767903685569763,0.22129547595977783,0.0007266929605975747,0.020413530990481377,0.0030594917479902506
ISIC_0027747,bkl,bkl,True,0.95947265625,0.95947265625,0.1896699918761853,0.95947265625,0.03460915386676788,0.9248635023832321,VERY_HIGH,0.00017397380725014955,0.0002078130783047527,0.95947265625,5.3999934607418254e-05,0.005161804147064686,0.03460915386676788,0.0003206123656127602
ISIC_0032159,bkl,bkl,True,0.7533221244812012,0.7533221244812012,0.685985068780314,0.7533221244812012,0.21041931211948395,0.5429028123617172,HIGH,0.025377625599503517,0.0003634091990534216,0.7533221244812012,7.226175512187183e-05,0.21041931211948395,0.01042004395276308,2.5267368982895277e-05
ISIC_0024382,bkl,bkl,True,0.7432687282562256,0.7432687282562256,0.6711001631326564,0.7432687282562256,0.2289087027311325,0.5143600255250931,MODERATE,0.023112058639526367,0.00012784828140866011,0.7432687282562256,2.0547087842714973e-05,0.2289087027311325,0.004557705484330654,4.306903065298684e-06
ISIC_0028952,bkl,mel,False,0.5078016519546509,0.22799181938171387,1.253350338843384,0.5078016519546509,0.22799181938171387,0.279809832572937,MODERATE,0.03607353940606117,0.025480246171355247,0.22799181938171387,0.0013743508607149124,0.5078016519546509,0.19524991512298584,0.006028493866324425
ISIC_0028496,bkl,bkl,True,0.815186083316803,0.815186083316803,0.6517551381991036,0.815186083316803,0.11987196654081345,0.6953141167759895,HIGH,0.031169243156909943,0.0001391274417983368,0.815186083316803,0.0011224634945392609,0.03202180191874504,0.11987196654081345,0.0004894111771136522
ISIC_0033952,bkl,bkl,True,0.8256743550300598,0.8256743550300598,0.6223701339384001,0.8256743550300598,0.09200698882341385,0.733667366206646,HIGH,0.06958629935979843,0.00021154219575691968,0.8256743550300598,0.0005266487714834511,0.09200698882341385,0.011928086169064045,6.604669761145487e-05
ISIC_0027960,bkl,bkl,True,0.4213886260986328,0.4213886260986328,1.3885618193050058,0.4213886260986328,0.2904656231403351,0.13092300295829773,LOW,0.12689407169818878,0.021540237590670586,0.4213886260986328,0.01008585188537836,0.2904656231403351,0.12782783806324005,0.0017977291718125343
ISIC_0026955,bkl,bcc,False,0.5511474609375,0.16279959678649902,1.2626707270491537,0.5511474609375,0.19451290369033813,0.35663455724716187,MODERATE,0.052557338029146194,0.5511474609375,0.16279959678649902,0.010517262853682041,0.021080123260617256,0.19451290369033813,0.00738538010045886
ISIC_0025286,bkl,mel,False,0.5217185020446777,0.004387711640447378,0.7783591244359136,0.5217185020446777,0.4640260636806488,0.05769243836402893,MODERATE,0.0024976027198135853,0.0015060222940519452,0.004387711640447378,0.003581145778298378,0.5217185020446777,0.4640260636806488,0.0022829934023320675
ISIC_0027953,bkl,bkl,True,0.8778108358383179,0.8778108358383179,0.4608362321628189,0.8778108358383179,0.09545750170946121,0.7823533341288567,HIGH,0.013055103830993176,0.0006246175616979599,0.8778108358383179,0.01194499060511589,0.00020517398661468178,0.09545750170946121,0.0009017406846396625
ISIC_0034186,bkl,bkl,True,0.6322067379951477,0.6322067379951477,1.0630984469231215,0.6322067379951477,0.2254202663898468,0.4067864716053009,MODERATE,0.010646509006619453,0.2254202663898468,0.6322067379951477,0.002681364305317402,0.08242286741733551,0.036423441022634506,0.01019873097538948
ISIC_0032688,bkl,bkl,True,0.6202335357666016,0.6202335357666016,1.061452607156172,0.6202335357666016,0.22397655248641968,0.3962569832801819,MODERATE,0.009039288386702538,0.0019817936699837446,0.6202335357666016,0.018011916428804398,0.01259892713278532,0.22397655248641968,0.11415800452232361
ISIC_0033252,bkl,bkl,True,0.5234736800193787,0.5234736800193787,0.9270857977774999,0.5234736800193787,0.42433610558509827,0.0991375744342804,MODERATE,0.00443267123773694,0.001692339195869863,0.5234736800193787,0.008313732221722603,0.01855321228504181,0.42433610558509827,0.01919831894338131
ISIC_0032570,bkl,bkl,True,0.6676096320152283,0.6676096320152283,1.04070095653179,0.6676096320152283,0.17124716937541962,0.49636246263980865,MODERATE,0.008453351445496082,0.0029965261928737164,0.6676096320152283,0.17124716937541962,0.006912912707775831,0.07576816529035568,0.067012257874012
ISIC_0030173,bkl,bkl,True,0.9427478313446045,0.9427478313446045,0.258193817940234,0.9427478313446045,0.04050145298242569,0.9022463783621788,VERY_HIGH,0.00025561274378560483,0.0002521417918615043,0.9427478313446045,2.7850939659401774e-05,0.04050145298242569,0.01593434065580368,0.00028073566500097513
ISIC_0029012,bkl,bkl,True,0.5765551924705505,0.5765551924705505,0.9800291068068006,0.5765551924705505,0.22534169256687164,0.3512134999036789,MODERATE,0.0004208052414469421,0.0002305822417838499,0.5765551924705505,5.6949793361127377e-05,0.22534169256687164,0.1973157823085785,7.906695827841759e-05
ISIC_0029227,bkl,nv,False,0.5978579521179199,0.36332812905311584,0.8514802987574488,0.5978579521179199,0.36332812905311584,0.23452982306480408,MODERATE,0.002987763611599803,0.0030886319000273943,0.36332812905311584,0.021314099431037903,0.0066675967536866665,0.5978579521179199,0.004755818750709295
ISIC_0034070,bkl,nv,False,0.49522438645362854,0.42649340629577637,0.9872249855595626,0.49522438645362854,0.42649340629577637,0.06873098015785217,LOW,0.008405103348195553,0.04800334572792053,0.42649340629577637,0.0002464841236360371,0.02034078724682331,0.49522438645362854,0.0012864492600783706
ISIC_0033709,bkl,bkl,True,0.9693018794059753,0.9693018794059753,0.16603174204703286,0.9693018794059753,0.022197168320417404,0.9471047110855579,VERY_HIGH,0.0021411471534520388,0.0038394383154809475,0.9693018794059753,0.00014150005881674588,0.0019343652529641986,0.022197168320417404,0.00044444724335335195
ISIC_0027218,bkl,nv,False,0.5224721431732178,0.2076222151517868,1.2402587859185463,0.5224721431732178,0.2076222151517868,0.31484992802143097,MODERATE,0.00223769573494792,0.003034765599295497,0.2076222151517868,0.001917744637466967,0.14683134853839874,0.5224721431732178,0.11588406562805176
ISIC_0032348,bkl,mel,False,0.3671644926071167,0.2696746587753296,1.2600267637712668,0.3671644926071167,0.3067774176597595,0.06038707494735718,LOW,0.05339784175157547,0.0021057615522295237,0.2696746587753296,0.00040901859756559134,0.3671644926071167,0.3067774176597595,0.0004707775078713894
ISIC_0027606,bkl,bkl,True,0.8311955332756042,0.8311955332756042,0.6390420679543947,0.8311955332756042,0.10103259235620499,0.7301629409193993,HIGH,0.02160581946372986,0.0014327329117804766,0.8311955332756042,0.0034706757869571447,0.10103259235620499,0.038424380123615265,0.0028382213786244392
ISIC_0030812,bkl,bkl,True,0.45618122816085815,0.45618122816085815,1.1660959683112038,0.45618122816085815,0.33277297019958496,0.1234082579612732,LOW,0.33277297019958496,0.1830582171678543,0.45618122816085815,0.0022225859574973583,0.010993500240147114,0.012877831235527992,0.0018936669221147895
ISIC_0029802,bkl,bcc,False,0.7637042999267578,0.09900911152362823,0.7474111505986271,0.7637042999267578,0.12888026237487793,0.6348240375518799,HIGH,0.12888026237487793,0.7637042999267578,0.09900911152362823,0.0010474763112142682,0.0055179414339363575,0.0004666340828407556,0.001374195097014308
ISIC_0031691,bkl,nv,False,0.7515531778335571,0.019148416817188263,0.8915428190803089,0.7515531778335571,0.09727614372968674,0.6542770341038704,HIGH,0.08191739022731781,0.09727614372968674,0.019148416817188263,0.0024824633728712797,0.0451783761382103,0.7515531778335571,0.0024439762346446514
ISIC_0025419,bkl,bcc,False,0.333164244890213,0.17150349915027618,1.5394435075301005,0.333164244890213,0.2733851671218872,0.059779077768325806,LOW,0.007858261466026306,0.333164244890213,0.17150349915027618,0.006025137845426798,0.1524406373500824,0.2733851671218872,0.05562298744916916
ISIC_0033581,bkl,bkl,True,0.8934955596923828,0.8934955596923828,0.3948758369234669,0.8934955596923828,0.09298572689294815,0.8005098327994347,HIGH,0.005338924005627632,0.0001249478809768334,0.8934955596923828,0.0007404022035188973,0.006260147783905268,0.09298572689294815,0.0010543810203671455
ISIC_0033913,bkl,bkl,True,0.7346916198730469,0.7346916198730469,0.6341719063043788,0.7346916198730469,0.25439900159835815,0.4802926182746887,MODERATE,0.0005510874907486141,3.283782643848099e-05,0.7346916198730469,0.0026086317375302315,0.0005176988197490573,0.25439900159835815,0.007199147250503302
ISIC_0032460,bkl,bkl,True,0.9105634093284607,0.9105634093284607,0.44167443836062137,0.9105634093284607,0.030154937878251076,0.8804084714502096,VERY_HIGH,0.014105758629739285,0.006511916872113943,0.9105634093284607,0.030154937878251076,0.0021748379804193974,0.023513374850153923,0.012975811958312988
ISIC_0030524,nv,nv,True,0.9257892370223999,0.9257892370223999,0.28926028333066206,0.9257892370223999,0.06926038861274719,0.8565288484096527,VERY_HIGH,0.0010692684445530176,0.0002615242265164852,0.06926038861274719,0.001444489462301135,0.00021596593433059752,0.9257892370223999,0.0019590184092521667
ISIC_0027400,nv,nv,True,0.9833981990814209,0.9833981990814209,0.09795091083026754,0.9833981990814209,0.012528136372566223,0.9708700627088547,VERY_HIGH,6.495985144283623e-05,7.990197627805173e-05,0.00043618492782115936,0.0010141603415831923,0.012528136372566223,0.9833981990814209,0.002478406298905611
ISIC_0033292,nv,nv,True,0.7703281044960022,0.7703281044960022,0.8019724375576066,0.7703281044960022,0.11888589709997177,0.6514422073960304,HIGH,0.03442924842238426,0.06659132242202759,0.007837546989321709,0.0009563898202031851,0.11888589709997177,0.7703281044960022,0.0009714507614262402
ISIC_0033610,nv,nv,True,0.6575947403907776,0.6575947403907776,0.7363406113422818,0.6575947403907776,0.32236945629119873,0.33522528409957886,MODERATE,0.0033576630521565676,0.014649257063865662,0.0008572812657803297,0.0005039696116000414,0.32236945629119873,0.6575947403907776,0.0006676513003185391
ISIC_0033100,nv,nv,True,0.2696725130081177,0.2696725130081177,1.552053607942163,0.2696725130081177,0.24904121458530426,0.020631298422813416,LOW,0.24904121458530426,0.24758626520633698,0.07462983578443527,0.002157787326723337,0.15523843467235565,0.2696725130081177,0.0016739348648115993
ISIC_0030638,nv,nv,True,0.9954019784927368,0.9954019784927368,0.03489086709551843,0.9954019784927368,0.0025172478053718805,0.9928847306873649,VERY_HIGH,0.000422114651883021,0.00028228951850906014,0.0025172478053718805,6.999347533565015e-05,0.0012238171184435487,0.9954019784927368,8.247246296377853e-05
ISIC_0029463,nv,nv,True,0.9929381012916565,0.9929381012916565,0.05124258627387729,0.9929381012916565,0.0028495260048657656,0.9900885752867907,VERY_HIGH,5.566552863456309e-05,0.0001639299443922937,0.0021300320513546467,0.0016204429557546973,0.0028495260048657656,0.9929381012916565,0.00024227275571320206
ISIC_0024791,nv,nv,True,0.7709851861000061,0.7709851861000061,0.7643186517696481,0.7709851861000061,0.1150452271103859,0.6559399589896202,HIGH,0.00037265714490786195,0.001371133723296225,0.1150452271103859,0.012007840909063816,0.004842139780521393,0.7709851861000061,0.09537585079669952
ISIC_0025919,nv,nv,True,0.5506742596626282,0.5506742596626282,0.7699261076854642,0.5506742596626282,0.43561920523643494,0.11505505442619324,MODERATE,0.002560108434408903,0.00471336068585515,0.0025105916429311037,0.0030342719983309507,0.43561920523643494,0.5506742596626282,0.0008882126421667635
ISIC_0025551,nv,nv,True,0.9844091534614563,0.9844091534614563,0.09890891636244348,0.9844091534614563,0.009517436847090721,0.9748917166143656,VERY_HIGH,0.00022696523228660226,0.0021408055908977985,0.0005318488692864776,0.000815738458186388,0.009517436847090721,0.9844091534614563,0.0023581136483699083
ISIC_0032324,nv,nv,True,0.9957190155982971,0.9957190155982971,0.03375240557457906,0.9957190155982971,0.001604482182301581,0.9941145334159955,VERY_HIGH,8.885462011676282e-05,0.00047567556612193584,0.0014481139369308949,0.0005073439097031951,0.001604482182301581,0.9957190155982971,0.00015655506285838783
ISIC_0029901,nv,nv,True,0.940823495388031,0.940823495388031,0.2701195810320117,0.940823495388031,0.04184459522366524,0.8989789001643658,VERY_HIGH,0.0003859402786474675,0.0005306178354658186,0.04184459522366524,0.0010760726872831583,0.01504451222717762,0.940823495388031,0.0002947570465039462
ISIC_0031660,nv,nv,True,0.7352561354637146,0.7352561354637146,0.7122376372291849,0.7352561354637146,0.22978244721889496,0.5054736882448196,MODERATE,0.0011629968648776412,0.0025903198402374983,0.026405146345496178,0.0026259776204824448,0.22978244721889496,0.7352561354637146,0.0021770119201391935
ISIC_0030836,nv,nv,True,0.628359317779541,0.628359317779541,0.9566882907804801,0.628359317779541,0.24558889865875244,0.3827704191207886,MODERATE,0.0010809904197230935,0.0013907328248023987,0.1118365004658699,0.24558889865875244,0.0025679608806967735,0.628359317779541,0.0091756172478199
ISIC_0032252,nv,nv,True,0.9889481067657471,0.9889481067657471,0.07059933460486287,0.9889481067657471,0.008044070564210415,0.9809040362015367,VERY_HIGH,2.7553123800316826e-05,3.621789437602274e-05,0.0015400241827592254,0.0006019053980708122,0.008044070564210415,0.9889481067657471,0.0008020810782909393
ISIC_0027979,nv,nv,True,0.9599930047988892,0.9599930047988892,0.20529770954824564,0.9599930047988892,0.028300464153289795,0.9316925406455994,VERY_HIGH,0.0007801193278282881,0.006686757784336805,0.028300464153289795,0.0004843870992772281,0.003252506721764803,0.9599930047988892,0.0005027001607231796
ISIC_0028092,nv,nv,True,0.6750592589378357,0.6750592589378357,0.6391662046264802,0.6750592589378357,0.32389697432518005,0.35116228461265564,MODERATE,0.00016828869411256164,0.0001245739549631253,0.0002919148246292025,0.0003294932539574802,0.32389697432518005,0.6750592589378357,0.0001295364199904725
ISIC_0029293,nv,nv,True,0.9572767019271851,0.9572767019271851,0.19229885161175603,0.9572767019271851,0.03848333656787872,0.9187933653593063,VERY_HIGH,2.9637345505761914e-05,3.2171035854844376e-05,0.0037696536164730787,0.00016084505477920175,0.03848333656787872,0.9572767019271851,0.0002476662630215287
ISIC_0028015,nv,nv,True,0.6207122206687927,0.6207122206687927,0.8015736720966883,0.6207122206687927,0.34750860929489136,0.27320361137390137,MODERATE,0.0015905353939160705,0.0020542896818369627,0.023833734914660454,0.0027589548844844103,0.34750860929489136,0.6207122206687927,0.001541599747724831
ISIC_0026781,nv,nv,True,0.9701785445213318,0.9701785445213318,0.15830964731145764,0.9701785445213318,0.019506385549902916,0.9506721589714289,VERY_HIGH,0.0001230485795531422,2.4901373762986623e-05,0.019506385549902916,0.0009946818463504314,0.008999344892799854,0.9701785445213318,0.00017318769823759794
ISIC_0026724,nv,nv,True,0.9797124862670898,0.9797124862670898,0.1230645618159688,0.9797124862670898,0.012566794641315937,0.9671456916257739,VERY_HIGH,0.00044746941421180964,0.0007945905672386289,0.012566794641315937,0.001056781387887895,0.0037723148707300425,0.9797124862670898,0.0016496125608682632
ISIC_0024661,nv,nv,True,0.860174298286438,0.860174298286438,0.5437963157737019,0.860174298286438,0.07221125811338425,0.7879630401730537,HIGH,0.003771404502913356,0.0006618033512495458,0.07221125811338425,0.0031266040168702602,0.057151712477207184,0.860174298286438,0.0029029538854956627
ISIC_0027322,nv,nv,True,0.913927435874939,0.913927435874939,0.4071055730430623,0.913927435874939,0.039455484598875046,0.8744719512760639,VERY_HIGH,0.00035773887066170573,0.0024638755712658167,0.009445000439882278,0.039455484598875046,0.009074301458895206,0.913927435874939,0.02527613192796707
ISIC_0029954,nv,nv,True,0.963683009147644,0.963683009147644,0.17376034777797444,0.963683009147644,0.03251177445054054,0.9311712346971035,VERY_HIGH,0.0007342358003370464,0.0015819416148588061,0.0007739943685010076,0.0003516027645673603,0.03251177445054054,0.963683009147644,0.0003634730528574437
ISIC_0026097,nv,mel,False,0.34617000818252563,0.08061257749795914,1.465307887834487,0.34617000818252563,0.3106079697608948,0.03556203842163086,LOW,0.3106079697608948,0.05659354105591774,0.006822133902460337,0.19656869769096375,0.34617000818252563,0.08061257749795914,0.0026250346563756466
ISIC_0028767,nv,akiec,False,0.6103008985519409,0.012878429144620895,1.0481427747190282,0.6103008985519409,0.2764306366443634,0.3338702619075775,MODERATE,0.6103008985519409,0.2764306366443634,0.014522090554237366,0.06430953741073608,0.012567820958793163,0.012878429144620895,0.008990592323243618
ISIC_0029144,nv,nv,True,0.9230260252952576,0.9230260252952576,0.30147482272794895,0.9230260252952576,0.07055329531431198,0.8524727299809456,VERY_HIGH,0.0005650844541378319,0.0031858275178819895,0.00018309809092897922,0.0018170034745708108,0.07055329531431198,0.9230260252952576,0.0006697450298815966
ISIC_0029673,nv,nv,True,0.8430148363113403,0.8430148363113403,0.473721554145875,0.8430148363113403,0.14952930808067322,0.6934855282306671,HIGH,0.0008247270015999675,0.001079856650903821,0.004436715506017208,0.0004992461181245744,0.14952930808067322,0.8430148363113403,0.0006152838468551636
ISIC_0034043,nv,nv,True,0.8441840410232544,0.8441840410232544,0.4877967622348463,0.8441840410232544,0.14315907657146454,0.7010249644517899,HIGH,0.0008004613919183612,0.00021670731075573713,0.009442365728318691,0.0010750368237495422,0.14315907657146454,0.8441840410232544,0.0011222366010770202
ISIC_0030556,nv,nv,True,0.96859210729599,0.96859210729599,0.18218427751491817,0.96859210729599,0.012790403328835964,0.955801703967154,VERY_HIGH,0.005468945484608412,0.010152684524655342,0.00137872074265033,0.0011632691603153944,0.012790403328835964,0.96859210729599,0.00045376672642305493
ISIC_0031206,nv,nv,True,0.9177037477493286,0.9177037477493286,0.2880898758379444,0.9177037477493286,0.08176963031291962,0.835934117436409,VERY_HIGH,5.465086360345595e-06,3.481130988802761e-05,2.1869624106329866e-05,0.00019227502343710512,0.08176963031291962,0.9177037477493286,0.00027221249183639884
ISIC_0026088,nv,nv,True,0.9387297034263611,0.9387297034263611,0.29954433411266923,0.9387297034263611,0.03732084482908249,0.9014088585972786,VERY_HIGH,0.0004626859736163169,0.003904406214132905,0.002752463798969984,0.014198287390172482,0.002631553914397955,0.9387297034263611,0.03732084482908249
ISIC_0025161,nv,nv,True,0.9804331064224243,0.9804331064224243,0.11275798590619408,0.9804331064224243,0.011464599519968033,0.9689685069024563,VERY_HIGH,4.784018983627902e-06,1.1656989954644814e-05,0.011464599519968033,0.00020183860033284873,0.007306715939193964,0.9804331064224243,0.0005772351287305355
ISIC_0032001,nv,nv,True,0.9648892283439636,0.9648892283439636,0.1585472919477653,0.9648892283439636,0.03386574238538742,0.9310234859585762,VERY_HIGH,6.1887758420198224e-06,2.6673613319871947e-05,0.00017224349721800536,0.00014618117711506784,0.03386574238538742,0.9648892283439636,0.0008937209495343268
ISIC_0024804,nv,nv,True,0.9611408710479736,0.9611408710479736,0.180821936740556,0.9611408710479736,0.034805022180080414,0.9263358488678932,VERY_HIGH,3.805975939030759e-05,3.465380723355338e-05,0.0028044485952705145,0.0008544736192561686,0.034805022180080414,0.9611408710479736,0.00032242684392258525
ISIC_0027280,nv,nv,True,0.9994261264801025,0.9994261264801025,0.005330683886596157,0.9994261264801025,0.0004234074440319091,0.9990027190360706,VERY_HIGH,5.02093087106914e-07,0.00010365917842136696,1.2649184100155253e-05,9.66065636021085e-06,0.0004234074440319091,0.9994261264801025,2.4050863430602476e-05
ISIC_0026030,nv,nv,True,0.5925299525260925,0.5925299525260925,0.8026619519096738,0.5925299525260925,0.38181963562965393,0.2107103168964386,MODERATE,0.0009409069898538291,0.0042832582257688046,0.01483369804918766,0.0018639217596501112,0.38181963562965393,0.5925299525260925,0.0037286344449967146
ISIC_0024478,nv,nv,True,0.7950319051742554,0.7950319051742554,0.6650495772676479,0.7950319051742554,0.1623111218214035,0.6327207833528519,HIGH,0.011838429607450962,0.022009367123246193,0.0037178583443164825,0.0019175310153514147,0.1623111218214035,0.7950319051742554,0.0031738481484353542
ISIC_0033572,nv,mel,False,0.7518153786659241,0.24217930436134338,0.5974405216653991,0.7518153786659241,0.24217930436134338,0.5096360743045807,HIGH,0.0004758067079819739,0.0012269385624676943,0.001198516576550901,0.0023742420598864555,0.7518153786659241,0.24217930436134338,0.0007297820993699133
ISIC_0033596,nv,nv,True,0.535976231098175,0.535976231098175,0.8369529424467466,0.535976231098175,0.43235456943511963,0.10362166166305542,MODERATE,0.0014142364962026477,0.0006190420244820416,0.022014623507857323,0.00302923028357327,0.43235456943511963,0.535976231098175,0.004592039156705141
ISIC_0027457,nv,nv,True,0.9279859662055969,0.9279859662055969,0.35351754677900066,0.9279859662055969,0.03043697588145733,0.8975489903241396,VERY_HIGH,0.016905611380934715,0.03043697588145733,0.0014822533121332526,0.0019294506637379527,0.019803300499916077,0.9279859662055969,0.0014564258744940162
ISIC_0025003,nv,nv,True,0.9187083840370178,0.9187083840370178,0.30054353698123415,0.9187083840370178,0.07788203656673431,0.8408263474702835,VERY_HIGH,8.82985841599293e-05,0.0005440730019472539,0.07788203656673431,0.0017089162720367312,0.0005591553053818643,0.9187083840370178,0.0005091166822239757
ISIC_0030793,nv,mel,False,0.5455979108810425,0.4514339864253998,0.709932093142381,0.5455979108810425,0.4514339864253998,0.0941639244556427,MODERATE,0.0001830277033150196,0.0004197736852802336,0.0020321793854236603,0.0001866376114776358,0.5455979108810425,0.4514339864253998,0.00014649353397544473
ISIC_0031221,nv,mel,False,0.45232564210891724,0.4054620862007141,1.0727846808893424,0.45232564210891724,0.4054620862007141,0.046863555908203125,LOW,0.004674567840993404,0.012412440031766891,0.12377975881099701,0.0004339541483204812,0.45232564210891724,0.4054620862007141,0.000911531678866595
ISIC_0027557,nv,nv,True,0.9911768436431885,0.9911768436431885,0.05757891888879313,0.9911768436431885,0.006947929039597511,0.984228914603591,VERY_HIGH,4.517548222793266e-05,0.0002564369060564786,0.00044221870484761894,0.00025543716037645936,0.006947929039597511,0.9911768436431885,0.0008760282071307302
ISIC_0026238,nv,nv,True,0.9824883341789246,0.9824883341789246,0.09009289364494528,0.9824883341789246,0.017204422503709793,0.9652839116752148,VERY_HIGH,1.578059709572699e-05,9.188152762362733e-05,0.017204422503709793,0.00015477686247322708,1.25060194022808e-06,0.9824883341789246,4.357162833912298e-05
ISIC_0031894,nv,nv,True,0.6981600522994995,0.6981600522994995,0.6271202555093452,0.6981600522994995,0.29968899488449097,0.39847105741500854,MODERATE,6.157562165753916e-05,8.615979459136724e-05,0.0001700157590676099,0.0015958294970914721,0.29968899488449097,0.6981600522994995,0.00023743062047287822
ISIC_0033555,nv,nv,True,0.8137060403823853,0.8137060403823853,0.5219224310162679,0.8137060403823853,0.17770321667194366,0.6360028237104416,HIGH,0.0015314402990043163,0.00019168219296261668,0.006577982567250729,0.00018290444859303534,0.17770321667194366,0.8137060403823853,0.00010668722097761929
ISIC_0033963,nv,nv,True,0.6524688601493835,0.6524688601493835,0.8414245053089332,0.6524688601493835,0.2768128216266632,0.37565603852272034,MODERATE,0.004474262706935406,0.00017690769163891673,0.06578091531991959,0.00015013960364740342,0.2768128216266632,0.6524688601493835,0.00013617071090266109
ISIC_0033793,nv,nv,True,0.5248059630393982,0.5248059630393982,0.7234969314492337,0.5248059630393982,0.47043299674987793,0.054372966289520264,MODERATE,0.0002392297756159678,0.0005508204340003431,0.0032799667678773403,0.00040694355266168714,0.47043299674987793,0.5248059630393982,0.00028409238439053297
ISIC_0028806,nv,nv,True,0.9950810670852661,0.9950810670852661,0.03529300849277254,0.9950810670852661,0.0038118967786431313,0.991269170306623,VERY_HIGH,6.676669727312401e-05,0.00020286336075514555,0.0001340844901278615,0.0003437368432059884,0.0038118967786431313,0.9950810670852661,0.0003595302114263177
ISIC_0026965,nv,nv,True,0.9935368895530701,0.9935368895530701,0.04907011628931098,0.9935368895530701,0.002086015185341239,0.9914508743677288,VERY_HIGH,8.593212260166183e-05,0.0008919423562474549,0.0006745896534994245,0.002086015185341239,0.0019011941039934754,0.9935368895530701,0.0008233022526837885
ISIC_0024766,nv,nv,True,0.935549259185791,0.935549259185791,0.2700249343936981,0.935549259185791,0.057967573404312134,0.8775816857814789,VERY_HIGH,0.0016063207294791937,0.0016412048134952784,0.001179808983579278,0.0016063207294791937,0.057967573404312134,0.935549259185791,0.00044955764315091074
ISIC_0032822,nv,mel,False,0.4903527796268463,0.4743388593196869,0.8421162779963436,0.4903527796268463,0.4743388593196869,0.016013920307159424,LOW,0.0017547255847603083,0.0005630390951409936,0.030282778665423393,0.0019121916266158223,0.4903527796268463,0.4743388593196869,0.0007955647888593376
ISIC_0033283,nv,mel,False,0.5190466642379761,0.4707548916339874,0.748559956616009,0.5190466642379761,0.4707548916339874,0.04829177260398865,MODERATE,0.0002733958826866001,0.0006494691479019821,0.008530051447451115,0.0004578520020004362,0.5190466642379761,0.4707548916339874,0.0002876378421206027
ISIC_0033359,nv,mel,False,0.606653094291687,0.38410884141921997,0.7190873724440203,0.606653094291687,0.38410884141921997,0.22254425287246704,MODERATE,0.00038318769657053053,5.381941809901036e-05,0.007983610033988953,0.0006317696534097195,0.606653094291687,0.38410884141921997,0.00018565972277428955
ISIC_0026761,nv,nv,True,0.8402099013328552,0.8402099013328552,0.442422663382949,0.8402099013328552,0.15942001342773438,0.6807898879051208,HIGH,1.5114064808585681e-05,3.0057906769798137e-05,7.324066973524168e-05,6.720941019011661e-05,0.15942001342773438,0.8402099013328552,0.00018448698392603546
ISIC_0032322,nv,nv,True,0.9080016016960144,0.9080016016960144,0.3364639878438981,0.9080016016960144,0.08429250866174698,0.8237090930342674,VERY_HIGH,4.269823693903163e-05,4.011128476122394e-05,0.007031543180346489,8.829823491396382e-05,0.08429250866174698,0.9080016016960144,0.0005031833425164223
ISIC_0030662,nv,nv,True,0.9932435154914856,0.9932435154914856,0.04536077470268066,0.9932435154914856,0.005510751157999039,0.9877327643334866,VERY_HIGH,5.000372766517103e-06,0.0002549717901274562,0.005510751157999039,0.0005558230332098901,0.00019096506002824754,0.9932435154914856,0.00023905650596134365
ISIC_0027933,nv,nv,True,0.8425493240356445,0.8425493240356445,0.5292951150794459,0.8425493240356445,0.12173687666654587,0.7208124473690987,HIGH,0.0011026985011994839,4.445947706699371e-05,0.03374738246202469,0.0001871813874458894,0.12173687666654587,0.8425493240356445,0.0006319909007288516
ISIC_0028513,nv,nv,True,0.8262685537338257,0.8262685537338257,0.5416123192391052,0.8262685537338257,0.1498880535364151,0.6763805001974106,HIGH,0.0013537212507799268,3.931279934477061e-05,0.021367916837334633,0.0002253475395264104,0.1498880535364151,0.8262685537338257,0.000857122999150306
ISIC_0031532,nv,nv,True,0.9547128081321716,0.9547128081321716,0.21473693772579455,0.9547128081321716,0.03378787264227867,0.920924935489893,VERY_HIGH,0.00030620169127359986,0.0003227823763154447,0.010495143011212349,6.481321906903759e-05,0.03378787264227867,0.9547128081321716,0.0003104167990386486
ISIC_0028313,nv,nv,True,0.7414864897727966,0.7414864897727966,0.6116829297608537,0.7414864897727966,0.25080418586730957,0.49068230390548706,MODERATE,4.076478217029944e-05,0.0012931673554703593,4.7287976485677063e-05,0.00040374649688601494,0.25080418586730957,0.7414864897727966,0.005924327298998833
ISIC_0030897,nv,nv,True,0.9201855063438416,0.9201855063438416,0.288966612763653,0.9201855063438416,0.07808347046375275,0.8421020358800888,VERY_HIGH,2.0761739506269805e-05,0.0003601884818635881,0.0002432401670375839,0.0003337711386848241,0.07808347046375275,0.9201855063438416,0.0007730157230980694
ISIC_0026580,nv,nv,True,0.6518627405166626,0.6518627405166626,0.8993802343564757,0.6518627405166626,0.283390611410141,0.3684721291065216,MODERATE,0.034295354038476944,0.283390611410141,0.005165197420865297,0.009136303327977657,0.010063707828521729,0.6518627405166626,0.006086090113967657
ISIC_0030919,nv,nv,True,0.4379461109638214,0.4379461109638214,1.4733644321853316,0.4379461109638214,0.2442302703857422,0.19371584057807922,LOW,0.2442302703857422,0.12022574990987778,0.13441243767738342,0.02485242299735546,0.021761508658528328,0.4379461109638214,0.01657145656645298
ISIC_0027424,nv,nv,True,0.852533221244812,0.852533221244812,0.47272492612419326,0.852533221244812,0.1355505883693695,0.7169826328754425,HIGH,0.001089918427169323,0.007729832082986832,0.0007881112978793681,0.0004615004872903228,0.1355505883693695,0.852533221244812,0.00184678565710783
ISIC_0029629,nv,nv,True,0.9876447319984436,0.9876447319984436,0.07812954209296052,0.9876447319984436,0.007870879024267197,0.9797738529741764,VERY_HIGH,0.00011859740334330127,0.00011906158033525571,0.0035498489160090685,0.00036817084765061736,0.007870879024267197,0.9876447319984436,0.00032873955206014216
ISIC_0032202,nv,nv,True,0.8441209197044373,0.8441209197044373,0.5414293232251643,0.8441209197044373,0.12651319801807404,0.7176077216863632,HIGH,0.0004498623893596232,0.0036152852699160576,0.01776033639907837,0.0022491703275591135,0.12651319801807404,0.8441209197044373,0.0052911206148564816
ISIC_0030441,nv,nv,True,0.836595356464386,0.836595356464386,0.5220960782430225,0.836595356464386,0.1460900604724884,0.6905052959918976,HIGH,0.0012025192845612764,0.0035000527277588844,0.0006512494292110205,0.009384939447045326,0.1460900604724884,0.836595356464386,0.0025757416151463985
ISIC_0028089,nv,nv,True,0.9386071562767029,0.9386071562767029,0.23905446577579842,0.9386071562767029,0.06006176769733429,0.8785453885793686,VERY_HIGH,0.00011448383156675845,0.00022371107479557395,0.00010671064956113696,0.0002709032269194722,0.06006176769733429,0.9386071562767029,0.0006152780260890722
ISIC_0029203,nv,nv,True,0.9253143072128296,0.9253143072128296,0.3934533640883342,0.9253143072128296,0.019411694258451462,0.9059026129543781,VERY_HIGH,0.011400408111512661,0.018200017511844635,0.019411694258451462,0.005260424222797155,0.009992283768951893,0.9253143072128296,0.010420816950500011
ISIC_0028166,nv,nv,True,0.811630129814148,0.811630129814148,0.8037605754224885,0.811630129814148,0.05574691295623779,0.7558832168579102,HIGH,0.013775240629911423,0.024176299571990967,0.05574691295623779,0.022337598726153374,0.04092495143413544,0.811630129814148,0.03140890970826149
ISIC_0026406,nv,nv,True,0.9225162267684937,0.9225162267684937,0.28506028446466,0.9225162267684937,0.07513544708490372,0.8473807796835899,VERY_HIGH,1.583470293553546e-05,1.3178810149838682e-05,0.07513544708490372,0.0010048510739579797,4.4236388930585235e-05,0.9225162267684937,0.0012702508829534054
ISIC_0027422,nv,nv,True,0.9504602551460266,0.9504602551460266,0.22458888002413147,0.9504602551460266,0.04317015781998634,0.9072900973260403,VERY_HIGH,0.00010230748739559203,0.0012809108011424541,0.0005236352444626391,0.0019228747114539146,0.04317015781998634,0.9504602551460266,0.002539943205192685
ISIC_0026061,nv,nv,True,0.9151550531387329,0.9151550531387329,0.3494749756744073,0.9151550531387329,0.07008842378854752,0.8450666293501854,VERY_HIGH,0.00032807921525090933,0.0010528654092922807,0.003385440679267049,0.005192516837269068,0.07008842378854752,0.9151550531387329,0.00479760579764843
ISIC_0024541,nv,nv,True,0.9470826983451843,0.9470826983451843,0.22699568787655974,0.9470826983451843,0.04742956906557083,0.8996531292796135,VERY_HIGH,0.00026236468693241477,0.00011328329128446057,0.004967407789081335,9.803851571632549e-05,0.04742956906557083,0.9470826983451843,4.66733290522825e-05
ISIC_0030292,nv,nv,True,0.9607484340667725,0.9607484340667725,0.21039068745591505,0.9607484340667725,0.016876187175512314,0.9438722468912601,VERY_HIGH,2.8382719392539002e-05,0.0001375387073494494,0.005477892234921455,0.0012922495370730758,0.015439271926879883,0.9607484340667725,0.016876187175512314
ISIC_0025090,nv,nv,True,0.9027660489082336,0.9027660489082336,0.355698996266368,0.9027660489082336,0.08782843500375748,0.8149376139044762,VERY_HIGH,0.00014817218470852822,3.910865052603185e-05,0.007837199606001377,0.0008443857077509165,0.08782843500375748,0.9027660489082336,0.0005367242265492678
ISIC_0025437,nv,nv,True,0.9728465676307678,0.9728465676307678,0.16167462621898415,0.9728465676307678,0.01212732121348381,0.960719246417284,VERY_HIGH,0.0007383278571069241,0.0011960859410464764,0.008511829189956188,0.01212732121348381,0.003232303773984313,0.9728465676307678,0.0013474245788529515
ISIC_0024509,nv,nv,True,0.9940846562385559,0.9940846562385559,0.04163468254462464,0.9940846562385559,0.004041327629238367,0.9900433286093175,VERY_HIGH,2.472995220159646e-05,0.004041327629238367,0.00014682848996017128,9.554311691317707e-05,0.0013634598581120372,0.9940846562385559,0.00024350183957722038
ISIC_0028501,nv,nv,True,0.9901108145713806,0.9901108145713806,0.0636814638729699,0.9901108145713806,0.007134595420211554,0.9829762191511691,VERY_HIGH,0.00014854451001156121,0.002082885941490531,4.2227518861182034e-05,0.00016219110693782568,0.007134595420211554,0.9901108145713806,0.00031879765447229147
ISIC_0031767,nv,nv,True,0.9726253747940063,0.9726253747940063,0.16192897666831235,0.9726253747940063,0.015274586156010628,0.9573507886379957,VERY_HIGH,0.0025216685608029366,0.0014824125682935119,0.004865393042564392,0.002364266198128462,0.015274586156010628,0.9726253747940063,0.0008663740591146052
ISIC_0030259,nv,nv,True,0.9053184390068054,0.9053184390068054,0.3226093137064402,0.9053184390068054,0.09302758425474167,0.8122908547520638,VERY_HIGH,2.552043406467419e-05,5.035848153056577e-05,2.7272688384982757e-05,0.001377135282382369,0.09302758425474167,0.9053184390068054,0.00017372060392517596
ISIC_0026387,nv,nv,True,0.9874870777130127,0.9874870777130127,0.08325354026971821,0.9874870777130127,0.004997964017093182,0.9824891136959195,VERY_HIGH,3.154314254061319e-05,5.801671795779839e-05,0.004997964017093182,0.0009717422653920949,0.0022243403363972902,0.9874870777130127,0.004229308106005192
ISIC_0030012,nv,nv,True,0.9395662546157837,0.9395662546157837,0.2773472309927315,0.9395662546157837,0.046210695058107376,0.8933555595576763,VERY_HIGH,0.006615157704800367,0.0011240100720897317,0.005592323839664459,0.00036993593676015735,0.046210695058107376,0.9395662546157837,0.0005216932622715831
ISIC_0033798,nv,nv,True,0.9721528887748718,0.9721528887748718,0.1617123934371726,0.9721528887748718,0.01671004295349121,0.9554428458213806,VERY_HIGH,0.0005366334225982428,0.0009547859081067145,0.003161344677209854,0.003961344249546528,0.01671004295349121,0.9721528887748718,0.0025229062885046005
ISIC_0033014,nv,nv,True,0.5160021781921387,0.5160021781921387,0.9351851460167722,0.5160021781921387,0.4042244255542755,0.11177775263786316,MODERATE,0.0014607112389057875,0.0027773622423410416,0.4042244255542755,0.0005913345376029611,0.07440979033708572,0.5160021781921387,0.0005342262447811663
ISIC_0032516,nv,nv,True,0.8814312815666199,0.8814312815666199,0.5183972494214384,0.8814312815666199,0.0610831193625927,0.8203481622040272,HIGH,0.008302095346152782,0.023731445893645287,0.0610831193625927,0.002594573190435767,0.021169112995266914,0.8814312815666199,0.0016883210046216846
ISIC_0027932,nv,mel,False,0.5680662393569946,0.39734947681427,0.8185161844618234,0.5680662393569946,0.39734947681427,0.1707167625427246,MODERATE,0.00027672943542711437,0.0010505031095817685,0.03142727538943291,0.00028329185442999005,0.5680662393569946,0.39734947681427,0.001546490122564137
ISIC_0029749,nv,nv,True,0.6637385487556458,0.6637385487556458,0.8103595403846883,0.6637385487556458,0.29110080003738403,0.3726377487182617,MODERATE,0.009458481334149837,0.0019575946498662233,0.29110080003738403,0.0013639546232298017,0.03184954449534416,0.6637385487556458,0.000531011784914881
ISIC_0031974,nv,nv,True,0.9529185891151428,0.9529185891151428,0.23975429005395218,0.9529185891151428,0.03267082944512367,0.9202477596700191,VERY_HIGH,0.00046149545232765377,0.002441792981699109,0.03267082944512367,0.004818294662982225,0.00295112282037735,0.9529185891151428,0.003737862454727292
ISIC_0025502,nv,nv,True,0.9576888084411621,0.9576888084411621,0.21580621645668555,0.9576888084411621,0.030455930158495903,0.9272328782826662,VERY_HIGH,0.0009953930275514722,0.0006108529632911086,0.006008852738887072,0.0027163485065102577,0.030455930158495903,0.9576888084411621,0.0015237333718687296
ISIC_0028169,nv,nv,True,0.9944469928741455,0.9944469928741455,0.04171087574151057,0.9944469928741455,0.0026316645089536905,0.9918153283651918,VERY_HIGH,4.621847620001063e-05,9.336388757219538e-05,0.0026316645089536905,0.000997892115265131,0.0004695332027040422,0.9944469928741455,0.0013142690295353532
ISIC_0025206,nv,bkl,False,0.5427783131599426,0.4456060826778412,0.754263273397799,0.5427783131599426,0.4456060826778412,0.09717223048210144,MODERATE,0.00045864860294386744,0.0005341240321286023,0.5427783131599426,0.0026600409764796495,0.00011394389730412513,0.4456060826778412,0.007848895154893398
ISIC_0027441,nv,nv,True,0.9770772457122803,0.9770772457122803,0.1359575791431225,0.9770772457122803,0.009766664355993271,0.967310581356287,VERY_HIGH,2.690523979254067e-05,0.00026543860440142453,0.009766664355993271,0.0024007391184568405,0.0010601325193420053,0.9770772457122803,0.009402832947671413
ISIC_0029957,nv,nv,True,0.9536192417144775,0.9536192417144775,0.2465997851861721,0.9536192417144775,0.01904747262597084,0.9345717690885067,VERY_HIGH,0.002560858614742756,0.010635215789079666,0.01904747262597084,0.00013678499090019614,0.013742845505475998,0.9536192417144775,0.00025755231035873294
ISIC_0030733,nv,nv,True,0.6892116665840149,0.6892116665840149,0.7108186851607821,0.6892116665840149,0.29069283604621887,0.398518830537796,MODERATE,0.0010281242430210114,0.0010161461541429162,0.015679361298680305,0.0009020155994221568,0.29069283604621887,0.6892116665840149,0.0014698462327942252
ISIC_0028402,nv,nv,True,0.9609587788581848,0.9609587788581848,0.1871916028455767,0.9609587788581848,0.03372779116034508,0.9272309876978397,VERY_HIGH,0.0003561301273293793,0.0013572105672210455,0.00027358828810974956,0.0027123470790684223,0.03372779116034508,0.9609587788581848,0.0006141369813121855
ISIC_0029169,nv,nv,True,0.917542576789856,0.917542576789856,0.39296522054678973,0.917542576789856,0.03938012942671776,0.8781624473631382,VERY_HIGH,0.0038537345826625824,0.001952977618202567,0.02537611313164234,0.008533201180398464,0.03938012942671776,0.917542576789856,0.00336128706112504
ISIC_0025673,nv,nv,True,0.9640061259269714,0.9640061259269714,0.1859097515200769,0.9640061259269714,0.026844017207622528,0.9371621087193489,VERY_HIGH,0.001512957620434463,0.026844017207622528,0.0006393765797838569,0.0006077188882045448,0.005721005145460367,0.9640061259269714,0.0006687535205855966
ISIC_0024645,nv,nv,True,0.9682281613349915,0.9682281613349915,0.14824191289987837,0.9682281613349915,0.030313726514577866,0.9379144348204136,VERY_HIGH,1.79697872226825e-05,3.104900679318234e-05,0.00033576993155293167,0.00016236772353295237,0.030313726514577866,0.9682281613349915,0.0009109364473260939
ISIC_0028177,nv,nv,True,0.9914860129356384,0.9914860129356384,0.06137193104117608,0.9914860129356384,0.004032239783555269,0.9874537731520832,VERY_HIGH,0.0002704071521293372,0.00047643683501519263,0.0008935848600231111,0.001806854736059904,0.004032239783555269,0.9914860129356384,0.0010345539776608348
ISIC_0031613,nv,nv,True,0.7688738703727722,0.7688738703727722,0.6943408555873175,0.7688738703727722,0.18805301189422607,0.5808208584785461,HIGH,0.0036879959516227245,0.0035745282657444477,0.18805301189422607,0.004536312539130449,0.03028935007750988,0.7688738703727722,0.000984886079095304
ISIC_0028536,nv,nv,True,0.9898057579994202,0.9898057579994202,0.07279529132080245,0.9898057579994202,0.003733815858140588,0.9860719421412796,VERY_HIGH,0.00025859521701931953,0.0006501083262264729,0.001502716331742704,0.002156750066205859,0.003733815858140588,0.9898057579994202,0.001892205560579896
ISIC_0029024,nv,nv,True,0.9611980319023132,0.9611980319023132,0.2160922133789136,0.9611980319023132,0.017096668481826782,0.9441013634204865,VERY_HIGH,0.0002694137510843575,0.01249598152935505,0.002965158550068736,0.0018054984975606203,0.004169310908764601,0.9611980319023132,0.017096668481826782
ISIC_0024451,nv,nv,True,0.9952933192253113,0.9952933192253113,0.03279860366115795,0.9952933192253113,0.004035882651805878,0.9912574365735054,VERY_HIGH,1.695095306786243e-05,8.18217231426388e-05,0.00019628011796157807,0.0001894995366455987,0.004035882651805878,0.9952933192253113,0.00018619760521687567
ISIC_0024842,nv,nv,True,0.645928680896759,0.645928680896759,0.9450741186046978,0.645928680896759,0.27699774503707886,0.3689309358596802,MODERATE,0.0024413815699517727,0.016880478709936142,0.27699774503707886,0.029568355530500412,0.011070488020777702,0.645928680896759,0.0171128511428833
ISIC_0028803,nv,nv,True,0.8248734474182129,0.8248734474182129,0.5445846164569187,0.8248734474182129,0.154535710811615,0.6703377366065979,HIGH,0.00031233581830747426,0.0006346434820443392,0.015580056235194206,0.0018399918917566538,0.154535710811615,0.8248734474182129,0.0022237931843847036
ISIC_0031828,nv,nv,True,0.9550176858901978,0.9550176858901978,0.19278910826070017,0.9550176858901978,0.043208047747612,0.9118096381425858,VERY_HIGH,2.6711926693678834e-05,9.35986900003627e-05,0.00012351470650173724,0.00042525469325482845,0.043208047747612,0.9550176858901978,0.0011051831534132361
ISIC_0025191,nv,nv,True,0.9534674882888794,0.9534674882888794,0.24648542332781465,0.9534674882888794,0.022626880556344986,0.9308406077325344,VERY_HIGH,0.002672868547961116,0.0077040474861860275,0.012658488936722279,0.00030223955400288105,0.022626880556344986,0.9534674882888794,0.0005679760943166912
ISIC_0031859,nv,nv,True,0.9491340517997742,0.9491340517997742,0.2626253687034105,0.9491340517997742,0.024521350860595703,0.9246127009391785,VERY_HIGH,0.0023298044688999653,0.010772907175123692,0.012868325226008892,0.000229782541282475,0.024521350860595703,0.9491340517997742,0.00014379425556398928
ISIC_0029975,nv,nv,True,0.7215008735656738,0.7215008735656738,0.6757299105107052,0.7215008735656738,0.2618211805820465,0.4596796929836273,MODERATE,0.0017132032662630081,0.000676161958836019,0.008871963247656822,0.0037787018809467554,0.2618211805820465,0.7215008735656738,0.0016379457665607333
ISIC_0031042,nv,nv,True,0.7583754658699036,0.7583754658699036,0.5787701872765925,0.7583754658699036,0.2377030998468399,0.5206723660230637,HIGH,0.0004990777815692127,0.0004553039325401187,0.0016047620447352529,0.0008690924732945859,0.2377030998468399,0.7583754658699036,0.0004932633601129055
ISIC_0026181,nv,nv,True,0.9958603978157043,0.9958603978157043,0.03207162413041362,0.9958603978157043,0.0017667370848357677,0.9940936607308686,VERY_HIGH,2.7364867491996847e-06,1.1431381608417723e-05,0.0002908158930949867,0.0009498310973867774,0.0017667370848357677,0.9958603978157043,0.0011180822039023042
ISIC_0032262,nv,nv,True,0.9762949347496033,0.9762949347496033,0.12782769529441085,0.9762949347496033,0.018154192715883255,0.95814074203372,VERY_HIGH,0.00015652859292458743,5.8949211961589754e-05,0.0049124485813081264,0.0002575684629846364,0.018154192715883255,0.9762949347496033,0.00016532714653294533
ISIC_0028428,nv,nv,True,0.9709793329238892,0.9709793329238892,0.15151319072265762,0.9709793329238892,0.02373330667614937,0.9472460262477398,VERY_HIGH,6.854337698314339e-05,9.666164987720549e-05,0.02373330667614937,0.0016606539720669389,0.0014148947084322572,0.9709793329238892,0.0020466328132897615
ISIC_0027119,nv,nv,True,0.9932519793510437,0.9932519793510437,0.04891023911813097,0.9932519793510437,0.00369774317368865,0.989554236177355,VERY_HIGH,0.0002838890068233013,7.01156459399499e-05,0.0015787738375365734,0.0007494103047065437,0.00369774317368865,0.9932519793510437,0.00036809794255532324
ISIC_0027519,nv,nv,True,0.9849382638931274,0.9849382638931274,0.08990643400121028,0.9849382638931274,0.011720091104507446,0.97321817278862,VERY_HIGH,0.0001146335489465855,0.00038403162034228444,0.0021128710359334946,0.00030918134143576026,0.011720091104507446,0.9849382638931274,0.00042095326352864504
ISIC_0024753,nv,nv,True,0.9790000319480896,0.9790000319480896,0.11776754021158005,0.9790000319480896,0.01659562438726425,0.9624044075608253,VERY_HIGH,0.00011305570660624653,0.00040396093390882015,0.0026187668554484844,0.0003599927294999361,0.01659562438726425,0.9790000319480896,0.0009085638448596001
ISIC_0029284,nv,nv,True,0.9917348623275757,0.9917348623275757,0.05874282333031841,0.9917348623275757,0.003867393359541893,0.9878674689680338,VERY_HIGH,4.700151475844905e-05,6.680261867586523e-05,0.0016359590226784348,0.0017312954878434539,0.003867393359541893,0.9917348623275757,0.0009167941170744598
ISIC_0027497,nv,nv,True,0.8244708180427551,0.8244708180427551,0.5756591323358218,0.8244708180427551,0.14854301512241364,0.6759278029203415,HIGH,0.003780952887609601,0.0047146715223789215,0.01407540962100029,0.0026395306922495365,0.14854301512241364,0.8244708180427551,0.001775561599060893
ISIC_0028255,nv,nv,True,0.8828389048576355,0.8828389048576355,0.48184033505175533,0.8828389048576355,0.0781271830201149,0.8047117218375206,HIGH,0.005720637273043394,0.0022358624264597893,0.023932384327054024,0.0029104247223585844,0.0781271830201149,0.8828389048576355,0.004234642721712589
ISIC_0030102,nv,nv,True,0.8425906300544739,0.8425906300544739,0.46462064534522207,0.8425906300544739,0.15225301682949066,0.6903376132249832,HIGH,0.00022535433527082205,0.0010688243201002479,0.0005777147598564625,0.0005229421658441424,0.15225301682949066,0.8425906300544739,0.002761511132121086
ISIC_0024785,nv,nv,True,0.9719327688217163,0.9719327688217163,0.16616115271505802,0.9719327688217163,0.015165275894105434,0.9567674929276109,VERY_HIGH,0.0019058188190683722,0.003895240370184183,0.001153681892901659,0.004634755663573742,0.015165275894105434,0.9719327688217163,0.0013124095275998116
ISIC_0031733,nv,nv,True,0.8171993494033813,0.8171993494033813,0.5131975568112557,0.8171993494033813,0.17621475458145142,0.6409845948219299,HIGH,0.0004954345640726388,0.0003813495859503746,0.17621475458145142,0.0011792368022724986,0.0022074116859585047,0.8171993494033813,0.0023224016185849905
ISIC_0027240,nv,mel,False,0.6331458687782288,0.33364444971084595,0.8019386815139044,0.6331458687782288,0.33364444971084595,0.2995014190673828,MODERATE,0.00021239677153062075,0.0072995321825146675,0.002781433518975973,0.0015663495287299156,0.6331458687782288,0.33364444971084595,0.021350013092160225
ISIC_0028485,nv,nv,True,0.9226005673408508,0.9226005673408508,0.2853789001555089,0.9226005673408508,0.07528921961784363,0.8473113477230072,VERY_HIGH,0.00028235206264071167,0.00048595861881040037,0.00031621934613212943,0.0004529632569756359,0.07528921961784363,0.9226005673408508,0.0005725991795770824
ISIC_0027662,nv,nv,True,0.8868874311447144,0.8868874311447144,0.4943396806607582,0.8868874311447144,0.05518098548054695,0.8317064456641674,HIGH,0.00023125481675378978,0.00634879432618618,0.02323426865041256,0.00159584847278893,0.026521412655711174,0.8868874311447144,0.05518098548054695
ISIC_0025480,nv,nv,True,0.9664844870567322,0.9664844870567322,0.17114501697324178,0.9664844870567322,0.027203693985939026,0.9392807930707932,VERY_HIGH,0.00262600090354681,0.00036240005283616483,0.002290438860654831,0.0007095448090694845,0.027203693985939026,0.9664844870567322,0.00032358677708543837
ISIC_0030291,nv,nv,True,0.8834623694419861,0.8834623694419861,0.4979073463532838,0.8834623694419861,0.06493423879146576,0.8185281306505203,HIGH,0.0031124530360102654,0.004467099439352751,0.03332343325018883,0.0036175677087157965,0.06493423879146576,0.8834623694419861,0.007082853466272354
ISIC_0025902,nv,nv,True,0.7037842869758606,0.7037842869758606,0.6204559628924662,0.7037842869758606,0.2945291996002197,0.40925508737564087,MODERATE,0.00016289947961922735,8.822162635624409e-05,0.00039384045521728694,0.0004741353332065046,0.2945291996002197,0.7037842869758606,0.000567465671338141
ISIC_0030704,nv,nv,True,0.8682979345321655,0.8682979345321655,0.40313098806941755,0.8682979345321655,0.12931327521800995,0.7389846593141556,HIGH,2.9524713681894355e-05,9.75670845946297e-05,0.00196735723875463,5.141423753229901e-05,0.12931327521800995,0.8682979345321655,0.00024289992870762944
ISIC_0034319,nv,nv,True,0.6968584060668945,0.6968584060668945,0.6289133324325552,0.6968584060668945,0.3008881211280823,0.39597028493881226,MODERATE,2.305612179043237e-05,9.859851707005873e-05,0.0015881946310400963,0.00026386333047412336,0.3008881211280823,0.6968584060668945,0.0002797860070131719
ISIC_0033748,nv,nv,True,0.9290763139724731,0.9290763139724731,0.28373811211972894,0.9290763139724731,0.06472376734018326,0.8643525466322899,VERY_HIGH,5.810540824313648e-05,0.00023343034263234586,0.00044644722947850823,0.002642924664542079,0.06472376734018326,0.9290763139724731,0.0028188792057335377
ISIC_0034044,nv,nv,True,0.5721963047981262,0.5721963047981262,0.728000171188721,0.5721963047981262,0.42026621103286743,0.1519300937652588,MODERATE,0.00016038063040468842,0.0006621674983762205,0.005311076994985342,0.0008160723373293877,0.42026621103286743,0.5721963047981262,0.0005877948133274913
ISIC_0027749,nv,nv,True,0.9984397292137146,0.9984397292137146,0.01333725401352291,0.9984397292137146,0.000980603159405291,0.9974591260543093,VERY_HIGH,7.648449127373169e-07,2.7067238988820463e-05,0.00015215299208648503,0.00030082452576607466,0.000980603159405291,0.9984397292137146,9.900784061755985e-05
ISIC_0027207,nv,nv,True,0.9704707860946655,0.9704707860946655,0.14378690904695998,0.9704707860946655,0.02742280811071396,0.9430479779839516,VERY_HIGH,0.00018333550542593002,0.0006436642725020647,0.00017839034262578934,0.00041315294220112264,0.02742280811071396,0.9704707860946655,0.0006878587300889194
ISIC_0024649,nv,nv,True,0.9635004997253418,0.9635004997253418,0.1992419161910649,0.9635004997253418,0.0210295170545578,0.942470982670784,VERY_HIGH,0.00021998572628945112,0.0210295170545578,0.0009444417082704604,0.0010913002770394087,0.0066265263594686985,0.9635004997253418,0.006587813142687082
ISIC_0030718,nv,nv,True,0.9893497824668884,0.9893497824668884,0.07074351004080182,0.9893497824668884,0.006402597296983004,0.9829471851699054,VERY_HIGH,2.5692765120766126e-05,0.00019358964345883578,0.0006104388739913702,0.0025314348749816418,0.0008864504052326083,0.9893497824668884,0.006402597296983004
ISIC_0026896,nv,nv,True,0.9585391879081726,0.9585391879081726,0.20626968009364363,0.9585391879081726,0.02879735454916954,0.9297418333590031,VERY_HIGH,0.0011970540508627892,0.00025586504489183426,0.02879735454916954,0.0004088711575604975,0.010534633882343769,0.9585391879081726,0.0002670988324098289
ISIC_0024671,nv,nv,True,0.9937465190887451,0.9937465190887451,0.04580783097777224,0.9937465190887451,0.0037596793845295906,0.9899868397042155,VERY_HIGH,0.00014850872685201466,0.0007483203080482781,0.00048789335414767265,0.00027421844424679875,0.0037596793845295906,0.9937465190887451,0.0008348117698915303
ISIC_0025653,nv,nv,True,0.7732998132705688,0.7732998132705688,0.7133813163138667,0.7732998132705688,0.16368313133716583,0.609616681933403,HIGH,0.006377749610692263,0.002799870213493705,0.05119803175330162,0.0015342021360993385,0.16368313133716583,0.7732998132705688,0.0011072049383074045
ISIC_0027265,nv,nv,True,0.7419776320457458,0.7419776320457458,0.7469600149161086,0.7419776320457458,0.18325555324554443,0.5587220788002014,MODERATE,0.0013429464306682348,0.0005511441268026829,0.18325555324554443,0.0015010939678177238,0.07078944146633148,0.7419776320457458,0.0005821242230013013
ISIC_0030656,nv,nv,True,0.990934431552887,0.990934431552887,0.062490984482092955,0.990934431552887,0.0038192521315068007,0.9871151794213802,VERY_HIGH,7.895701855886728e-05,0.0004088853602297604,0.0038192521315068007,0.00017689286323729903,0.0038192521315068007,0.990934431552887,0.00076240801718086
ISIC_0029775,nv,nv,True,0.5286505818367004,0.5286505818367004,0.7070336891376855,0.5286505818367004,0.4692741334438324,0.05937644839286804,MODERATE,0.0005335994064807892,4.59922848676797e-05,0.0012190380366519094,2.9006967452005483e-05,0.4692741334438324,0.5286505818367004,0.00024766259593889117
ISIC_0030386,nv,nv,True,0.8862274289131165,0.8862274289131165,0.4237385863526376,0.8862274289131165,0.09779486805200577,0.7884325608611107,HIGH,0.006251816637814045,0.003766085486859083,0.0026394417509436607,0.0023938696831464767,0.09779486805200577,0.8862274289131165,0.0009265311527997255
ISIC_0026900,nv,nv,True,0.9901790618896484,0.9901790618896484,0.060799402726729394,0.9901790618896484,0.008583475835621357,0.9815955860540271,VERY_HIGH,0.00018201308557763696,0.00038607502938248217,0.0002269618125865236,0.00012607677490450442,0.008583475835621357,0.9901790618896484,0.00031633852631784976
ISIC_0031744,nv,nv,True,0.9295612573623657,0.9295612573623657,0.3213745832258635,0.9295612573623657,0.04907287657260895,0.8804883807897568,VERY_HIGH,0.0007321487064473331,0.013807889074087143,0.0016370827797800303,0.0017701084725558758,0.04907287657260895,0.9295612573623657,0.0034186439588665962
ISIC_0024703,nv,nv,True,0.9599080085754395,0.9599080085754395,0.17133638348663602,0.9599080085754395,0.039620134979486465,0.920287873595953,VERY_HIGH,7.7526146924356e-06,9.762016816239338e-06,0.00025374034885317087,0.00012009277998004109,0.039620134979486465,0.9599080085754395,8.062647248152643e-05
ISIC_0030530,nv,nv,True,0.8937808871269226,0.8937808871269226,0.35207603145419464,0.8937808871269226,0.10407064110040665,0.789710246026516,HIGH,0.00015554980200249702,0.0004261444555595517,0.0002272094425279647,0.0009678634232841432,0.10407064110040665,0.8937808871269226,0.00037168979179114103
ISIC_0027676,nv,nv,True,0.9775610566139221,0.9775610566139221,0.13665300515039766,0.9775610566139221,0.011204448528587818,0.9663566080853343,VERY_HIGH,0.001174040837213397,0.001131271244958043,0.011204448528587818,0.0023531713522970676,0.006260621827095747,0.9775610566139221,0.0003153722209390253
ISIC_0029410,nv,nv,True,0.8570956587791443,0.8570956587791443,0.5190314664220003,0.8570956587791443,0.08440937846899033,0.772686280310154,HIGH,0.0003801636048592627,0.0004532224265858531,0.08440937846899033,0.0005382148665376008,0.05633869767189026,0.8570956587791443,0.0007846290827728808
ISIC_0029910,nv,nv,True,0.9552847146987915,0.9552847146987915,0.22839927358766082,0.9552847146987915,0.030124668031930923,0.9251600466668606,VERY_HIGH,9.472847887082025e-05,0.0005791500443592668,0.004515505861490965,0.006589298136532307,0.002811967395246029,0.9552847146987915,0.030124668031930923
ISIC_0028462,nv,nv,True,0.9485541582107544,0.9485541582107544,0.22738276345100678,0.9485541582107544,0.04497517645359039,0.903578981757164,VERY_HIGH,3.5011020372621715e-05,0.000177800640813075,0.04497517645359039,0.0010132287861779332,0.00038233143277466297,0.9485541582107544,0.0048622507601976395
ISIC_0032153,nv,nv,True,0.8105595707893372,0.8105595707893372,0.6919419512010347,0.8105595707893372,0.09847617894411087,0.7120833918452263,HIGH,0.0001396954176016152,0.001309952000156045,0.0013228071620687842,0.09847617894411087,0.048996828496456146,0.8105595707893372,0.03919503092765808
ISIC_0027078,nv,nv,True,0.9931038022041321,0.9931038022041321,0.042317746763560454,0.9931038022041321,0.006704563274979591,0.9863992389291525,VERY_HIGH,1.1311025446048006e-05,2.489932012395002e-05,8.423331019002944e-05,8.504724064550828e-06,0.006704563274979591,0.9931038022041321,6.271926395129412e-05
ISIC_0024456,nv,nv,True,0.9914743900299072,0.9914743900299072,0.054961790453761275,0.9914743900299072,0.0069993967190384865,0.9844749933108687,VERY_HIGH,2.7195246730116196e-05,3.130153345409781e-05,0.000685127277392894,0.00038058668724261224,0.0069993967190384865,0.9914743900299072,0.0004019796324428171
ISIC_0027782,nv,nv,True,0.913701057434082,0.913701057434082,0.33754046937444193,0.913701057434082,0.0756632462143898,0.8380378112196922,VERY_HIGH,0.0013236512895673513,0.0008348164265044034,0.007037777919322252,0.000320595660014078,0.0756632462143898,0.913701057434082,0.0011189887300133705
ISIC_0034193,nv,nv,True,0.8154941201210022,0.8154941201210022,0.4949245920520727,0.8154941201210022,0.18196134269237518,0.633532777428627,HIGH,9.792538185138255e-05,0.00010024762013927102,0.0010569174773991108,0.0006837313994765282,0.18196134269237518,0.8154941201210022,0.0006057524587959051
ISIC_0030814,nv,nv,True,0.9499177932739258,0.9499177932739258,0.2598601232036412,0.9499177932739258,0.023658033460378647,0.9262597598135471,VERY_HIGH,0.00014112945063970983,0.000179102600668557,0.023658033460378647,0.009222164750099182,0.014096495695412159,0.9499177932739258,0.002785268472507596
ISIC_0030985,nv,nv,True,0.962982177734375,0.962982177734375,0.17562387834481247,0.962982177734375,0.032156702131032944,0.9308254756033421,VERY_HIGH,8.710323527338915e-06,8.72865566634573e-05,3.51294620486442e-05,0.0008137216209433973,0.003916318528354168,0.962982177734375,0.032156702131032944
ISIC_0027868,nv,nv,True,0.8902105689048767,0.8902105689048767,0.3933444317768616,0.8902105689048767,0.09910159558057785,0.7911089733242989,HIGH,0.0010301858419552445,0.003471486736088991,0.09910159558057785,0.00035394274163991213,0.0055365958251059055,0.8902105689048767,0.0002957302494905889
ISIC_0033896,nv,nv,True,0.7938731908798218,0.7938731908798218,0.5661247104940701,0.7938731908798218,0.19303300976753235,0.6008401811122894,HIGH,0.00031257214141078293,0.00012097894796170294,0.010792247951030731,0.0013237112434580922,0.19303300976753235,0.7938731908798218,0.0005443121190182865
ISIC_0030152,nv,nv,True,0.9874305725097656,0.9874305725097656,0.0827207661002588,0.9874305725097656,0.007117019034922123,0.9803135534748435,VERY_HIGH,0.0005440032691694796,0.0023746087681502104,0.007117019034922123,0.00019096311007160693,0.002103786915540695,0.9874305725097656,0.00023905403213575482
ISIC_0030823,nv,nv,True,0.982461154460907,0.982461154460907,0.08978037110600467,0.982461154460907,0.017321955412626266,0.9651391990482807,VERY_HIGH,1.0719181773310993e-05,5.551016147364862e-05,8.284378418466076e-05,2.7695046810549684e-05,0.017321955412626266,0.982461154460907,4.013895522803068e-05
ISIC_0025910,nv,nv,True,0.8232084512710571,0.8232084512710571,0.709645707700304,0.8232084512710571,0.07949427515268326,0.7437141761183739,HIGH,0.001254680915735662,0.004500665236264467,0.04324667900800705,0.07949427515268326,0.026077192276716232,0.8232084512710571,0.022218046709895134
ISIC_0028054,nv,nv,True,0.9196202754974365,0.9196202754974365,0.3850220700074944,0.9196202754974365,0.0361197330057621,0.8835005424916744,VERY_HIGH,0.00027492045774124563,0.002760376548394561,0.0361197330057621,0.020809022709727287,0.003572192508727312,0.9196202754974365,0.016843434423208237
ISIC_0024674,nv,nv,True,0.9385787844657898,0.9385787844657898,0.2939768845636162,0.9385787844657898,0.041795745491981506,0.8967830389738083,VERY_HIGH,0.0008442513062618673,0.0016954708844423294,0.0013230155454948545,0.00885764416307211,0.041795745491981506,0.9385787844657898,0.006905080284923315
ISIC_0031466,nv,nv,True,0.9238807559013367,0.9238807559013367,0.3369421740971001,0.9238807559013367,0.05624711886048317,0.8676336370408535,VERY_HIGH,0.000737691530957818,0.004142736084759235,0.0004211457271594554,0.004466261714696884,0.05624711886048317,0.9238807559013367,0.010104267857968807
ISIC_0031048,nv,nv,True,0.8785659074783325,0.8785659074783325,0.3713773684546763,0.8785659074783325,0.12124607712030411,0.7573198303580284,HIGH,3.745902574792126e-07,1.444605368305929e-05,8.678119775140658e-05,8.009092198335566e-06,0.12124607712030411,0.8785659074783325,7.840027683414519e-05
ISIC_0026579,nv,nv,True,0.9875161647796631,0.9875161647796631,0.08228740689614801,0.9875161647796631,0.006632746662944555,0.9808834181167185,VERY_HIGH,5.180462176213041e-05,0.00010881693015107885,0.0020855581387877464,0.0008393566822633147,0.006632746662944555,0.9875161647796631,0.002765615237876773
ISIC_0025486,nv,nv,True,0.868022620677948,0.868022620677948,0.4970524075035359,0.868022620677948,0.10356932133436203,0.764453299343586,HIGH,0.0015772311016917229,0.0027627258095890284,0.013374718837440014,0.0033717656042426825,0.10356932133436203,0.868022620677948,0.007321587298065424
ISIC_0024608,nv,nv,True,0.6390984058380127,0.6390984058380127,0.6752896294518123,0.6390984058380127,0.3578021824359894,0.2812962234020233,MODERATE,7.674359949305654e-05,2.736377064138651e-05,0.000953368260525167,0.0004975074552930892,0.3578021824359894,0.6390984058380127,0.00154444994404912
ISIC_0030841,nv,mel,False,0.5198544263839722,0.4779778718948364,0.7087241585356752,0.5198544263839722,0.4779778718948364,0.04187655448913574,MODERATE,7.032314169919118e-05,1.0371259122621268e-05,0.001017369912005961,0.00034817674895748496,0.5198544263839722,0.4779778718948364,0.0007214232464320958
ISIC_0029285,nv,nv,True,0.9121617674827576,0.9121617674827576,0.34029086652432206,0.9121617674827576,0.07285517454147339,0.8393065929412842,VERY_HIGH,5.749498086515814e-05,2.2780761355534196e-05,0.00019989482825621963,0.014504514634609222,0.07285517454147339,0.9121617674827576,0.00019833924307022244
ISIC_0027227,nv,nv,True,0.98641437292099,0.98641437292099,0.08576640050878458,0.98641437292099,0.009084145538508892,0.9773302273824811,VERY_HIGH,2.7590094759943895e-05,7.072951848385856e-05,0.009084145538508892,0.0019627567380666733,0.0013011092087253928,0.98641437292099,0.0011392892338335514
ISIC_0024888,nv,vasc,False,0.4124700129032135,0.40686914324760437,1.2751181572632744,0.4124700129032135,0.40686914324760437,0.005600869655609131,LOW,0.022161031141877174,0.03230714797973633,0.0972018763422966,0.017616627737879753,0.011374149471521378,0.40686914324760437,0.4124700129032135
ISIC_0031737,nv,nv,True,0.8957048058509827,0.8957048058509827,0.3570741533867595,0.8957048058509827,0.10039720684289932,0.7953075990080833,HIGH,0.0012237351620569825,0.10039720684289932,0.0004501870134845376,0.0006864531897008419,0.0009794653160497546,0.8957048058509827,0.0005580825381912291
ISIC_0028013,nv,nv,True,0.974760890007019,0.974760890007019,0.15526155251927892,0.974760890007019,0.009936896152794361,0.9648239938542247,VERY_HIGH,0.005471621640026569,0.0012535032583400607,0.002042599953711033,0.005881669465452433,0.009936896152794361,0.974760890007019,0.0006528540980070829
ISIC_0025863,nv,nv,True,0.973517119884491,0.973517119884491,0.1251676253489066,0.973517119884491,0.025943351909518242,0.9475737679749727,VERY_HIGH,4.3932836888416205e-06,4.515069576882524e-06,0.0004845409421250224,3.134079815936275e-05,0.025943351909518242,0.973517119884491,1.4804343663854524e-05
ISIC_0024387,nv,nv,True,0.6950239539146423,0.6950239539146423,0.7409139159179717,0.6950239539146423,0.27058517932891846,0.4244387745857239,MODERATE,0.0008330878335982561,0.0013897203607484698,0.030194347724318504,0.0011725497897714376,0.27058517932891846,0.6950239539146423,0.0008011727477423847
ISIC_0024309,nv,nv,True,0.907558023929596,0.907558023929596,0.43248859749880847,0.907558023929596,0.04348151758313179,0.8640765063464642,VERY_HIGH,0.0016587595455348492,0.018927961587905884,0.0008099952829070389,0.009360875934362411,0.04348151758313179,0.907558023929596,0.018202845007181168
ISIC_0028683,nv,nv,True,0.9861581325531006,0.9861581325531006,0.09140566040211694,0.9861581325531006,0.005600849632173777,0.9805572829209268,VERY_HIGH,0.0002721244527492672,0.0001952397433342412,0.0048994808457791805,0.0019000184256583452,0.005600849632173777,0.9861581325531006,0.0009742325637489557
ISIC_0027587,nv,nv,True,0.9869379997253418,0.9869379997253418,0.08735498154919616,0.9869379997253418,0.005608016159385443,0.9813299835659564,VERY_HIGH,0.0008842894458211958,0.0007743097376078367,0.004637872334569693,0.0005218815640546381,0.005608016159385443,0.9869379997253418,0.0006356870289891958
ISIC_0032075,nv,nv,True,0.9325131177902222,0.9325131177902222,0.32168302575870644,0.9325131177902222,0.04020874202251434,0.8923043757677078,VERY_HIGH,0.0014019766822457314,0.0007160597015172243,0.008886762894690037,0.001060336478985846,0.01521315611898899,0.9325131177902222,0.04020874202251434
ISIC_0024584,nv,nv,True,0.8271302580833435,0.8271302580833435,0.5655152299773929,0.8271302580833435,0.13125497102737427,0.6958752870559692,HIGH,0.00026270453236065805,0.0004005765949841589,0.03984525054693222,0.0005978235276415944,0.13125497102737427,0.8271302580833435,0.0005083581199869514
ISIC_0027406,nv,mel,False,0.3923034071922302,0.22994859516620636,1.1262338395731428,0.3923034071922302,0.36781588196754456,0.02448752522468567,LOW,0.0075007593259215355,0.0017234035767614841,0.36781588196754456,0.00044782395707443357,0.3923034071922302,0.22994859516620636,0.00026019502547569573
ISIC_0030273,nv,mel,False,0.7369310259819031,0.20483829081058502,0.7415751394001976,0.7369310259819031,0.20483829081058502,0.532092735171318,MODERATE,0.004628263879567385,0.001756690675392747,0.05148865282535553,0.0001959437649929896,0.7369310259819031,0.20483829081058502,0.00016117894847411662
ISIC_0030447,nv,nv,True,0.6981486082077026,0.6981486082077026,0.6358657448559696,0.6981486082077026,0.2979332506656647,0.40021535754203796,MODERATE,0.0002966388419736177,0.00016159504593815655,0.0032839830964803696,7.633210043422878e-05,0.2979332506656647,0.6981486082077026,9.955582208931446e-05
ISIC_0026179,nv,nv,True,0.6627935171127319,0.6627935171127319,0.6564451066449186,0.6627935171127319,0.33457791805267334,0.3282155990600586,MODERATE,0.00017451858730055392,6.969040259718895e-05,0.0021448403131216764,0.00012231046275701374,0.33457791805267334,0.6627935171127319,0.00011716623703250661
ISIC_0030679,nv,nv,True,0.9657158851623535,0.9657158851623535,0.17694914209887705,0.9657158851623535,0.020323660224676132,0.9453922249376774,VERY_HIGH,0.00018822841229848564,7.908068801043555e-05,0.020323660224676132,0.0003794899384956807,0.013067193329334259,0.9657158851623535,0.000246456969762221
ISIC_0030449,nv,nv,True,0.990793764591217,0.990793764591217,0.06149786512025864,0.990793764591217,0.0066742864437401295,0.9841194781474769,VERY_HIGH,0.00024269575078506023,0.00031223674886859953,0.0009942261967808008,0.0005157977575436234,0.0066742864437401295,0.990793764591217,0.0004668955225497484
ISIC_0030477,nv,nv,True,0.9236565232276917,0.9236565232276917,0.29693655883704967,0.9236565232276917,0.07053257524967194,0.8531239479780197,VERY_HIGH,3.5588873288361356e-05,6.006759940646589e-05,0.0022125830873847008,0.0012375155929476023,0.07053257524967194,0.9236565232276917,0.0022650526370853186
ISIC_0029942,nv,nv,True,0.9560461640357971,0.9560461640357971,0.20054605127049924,0.9560461640357971,0.03942222148180008,0.916623942553997,VERY_HIGH,0.0002995262620970607,0.0007255774107761681,0.0025951035786420107,0.00032960838871076703,0.03942222148180008,0.9560461640357971,0.000581880216486752
ISIC_0024356,nv,nv,True,0.7186188697814941,0.7186188697814941,0.8174733191298147,0.7186188697814941,0.19896948337554932,0.5196493864059448,MODERATE,0.01767680048942566,0.0011912311892956495,0.06285356730222702,0.00036047774483449757,0.19896948337554932,0.7186188697814941,0.0003295033238828182
ISIC_0028307,nv,nv,True,0.6475770473480225,0.6475770473480225,0.6931908230161491,0.6475770473480225,0.3439255654811859,0.30365148186683655,MODERATE,0.0002872319018933922,0.00029984291177242994,0.007561294827610254,0.0001461317588109523,0.3439255654811859,0.6475770473480225,0.0002028838498517871
ISIC_0034179,nv,nv,True,0.9877223968505859,0.9877223968505859,0.08077160165962972,0.9877223968505859,0.007444401271641254,0.9802779955789447,VERY_HIGH,0.0005388758145272732,0.0013130528386682272,0.007444401271641254,0.00021226689568720758,0.002324822824448347,0.9877223968505859,0.000444133736891672
ISIC_0034206,nv,nv,True,0.9421172142028809,0.9421172142028809,0.2673287043321114,0.9421172142028809,0.045130372047424316,0.8969868421554565,VERY_HIGH,0.00023032208264339715,0.001985797192901373,0.006917588412761688,0.0011997510446235538,0.045130372047424316,0.9421172142028809,0.002418834948912263
ISIC_0032980,nv,nv,True,0.8177739381790161,0.8177739381790161,0.6012127995521191,0.8177739381790161,0.1508304327726364,0.6669435054063797,HIGH,0.001385036506690085,0.007414672989398241,0.1508304327726364,0.0015694521134719253,0.010405433364212513,0.8177739381790161,0.010621028952300549
ISIC_0032575,nv,nv,True,0.9224150776863098,0.9224150776863098,0.30449770585813635,0.9224150776863098,0.06747525930404663,0.8549398183822632,VERY_HIGH,0.00013308666530065238,1.8152588381781243e-05,0.00982451718300581,7.207586895674467e-05,0.06747525930404663,0.9224150776863098,6.189104897202924e-05
ISIC_0032793,nv,nv,True,0.8270844221115112,0.8270844221115112,0.5769582870620635,0.8270844221115112,0.1168481782078743,0.7102362439036369,HIGH,0.001145539223216474,6.035666956449859e-05,0.1168481782078743,8.31448269309476e-05,0.054658785462379456,0.8270844221115112,0.00011956560774706304
ISIC_0024369,nv,nv,True,0.9138460755348206,0.9138460755348206,0.3307333963077243,0.9138460755348206,0.07815372943878174,0.8356923460960388,VERY_HIGH,0.000423958757892251,0.001150190713815391,0.0012077460996806622,0.00101108243688941,0.07815372943878174,0.9138460755348206,0.00420722272247076
ISIC_0032742,nv,nv,True,0.7937083840370178,0.7937083840370178,0.5531804479511419,0.7937083840370178,0.19756965339183807,0.5961387306451797,HIGH,0.0001243067963514477,0.0012144534848630428,0.0062585133127868176,0.00043133855797350407,0.19756965339183807,0.7937083840370178,0.0006933276890777051
ISIC_0032961,nv,nv,True,0.7857658267021179,0.7857658267021179,0.5279474094873912,0.7857658267021179,0.2131447046995163,0.5726211220026016,HIGH,7.701077265664935e-05,0.0003595887392293662,0.0003478453145362437,0.0001804597704904154,0.2131447046995163,0.7857658267021179,0.00012451349175535142
ISIC_0034112,nv,nv,True,0.7636042237281799,0.7636042237281799,0.561499322701465,0.7636042237281799,0.23425471782684326,0.5293495059013367,HIGH,6.156069866847247e-05,0.0007226422894746065,0.0011236309073865414,0.00011546066525625065,0.23425471782684326,0.7636042237281799,0.00011773792357416824
ISIC_0026906,nv,nv,True,0.9804830551147461,0.9804830551147461,0.11625006381664767,0.9804830551147461,0.013374737463891506,0.9671083176508546,VERY_HIGH,5.024416168453172e-05,0.0005921093397773802,0.0012007751502096653,0.002729876432567835,0.013374737463891506,0.9804830551147461,0.0015691678272560239
ISIC_0029873,nv,nv,True,0.940065324306488,0.940065324306488,0.3050382513265725,0.940065324306488,0.025015221908688545,0.9150501023977995,VERY_HIGH,0.010432988405227661,0.002490181475877762,0.025015221908688545,0.001071013743057847,0.01996336132287979,0.940065324306488,0.0009619273478165269
ISIC_0026547,nv,nv,True,0.990227222442627,0.990227222442627,0.059526192242454076,0.990227222442627,0.00882615614682436,0.9814010662958026,VERY_HIGH,0.00018025303143076599,0.00010032592399511486,0.00026587690808810294,0.0002643236075527966,0.00882615614682436,0.990227222442627,0.0001357966393698007
ISIC_0028534,nv,nv,True,0.9305555820465088,0.9305555820465088,0.32878472654914925,0.9305555820465088,0.046022433787584305,0.8845331482589245,VERY_HIGH,0.00040239866939373314,0.0045426758006215096,0.007438582368195057,0.008217694237828255,0.046022433787584305,0.9305555820465088,0.0028206114657223225
ISIC_0030139,nv,nv,True,0.889432966709137,0.889432966709137,0.4400429921102779,0.889432966709137,0.07135268300771713,0.8180802837014198,HIGH,5.1748025725828484e-05,0.00044355588033795357,0.03336893022060394,0.0006964498315937817,0.07135268300771713,0.889432966709137,0.0046536619774997234
ISIC_0032297,nv,nv,True,0.9901009798049927,0.9901009798049927,0.06274079100189335,0.9901009798049927,0.00814390555024147,0.9819570742547512,VERY_HIGH,0.00020825544197577983,0.0007573163020424545,0.000280786189250648,0.00025366918998770416,0.00814390555024147,0.9901009798049927,0.0002551599172875285
ISIC_0025558,nv,nv,True,0.9386854767799377,0.9386854767799377,0.2765727054575711,0.9386854767799377,0.04869109392166138,0.8899943828582764,VERY_HIGH,0.000191740327863954,0.0008643704350106418,0.006825409363955259,0.003352528437972069,0.04869109392166138,0.9386854767799377,0.0013893770519644022
ISIC_0029916,nv,nv,True,0.9784958958625793,0.9784958958625793,0.13266753263875292,0.9784958958625793,0.010743467137217522,0.9677524287253618,VERY_HIGH,0.0035118176601827145,0.0048282938078045845,0.0008464384591206908,0.0011191607918590307,0.010743467137217522,0.9784958958625793,0.0004548391152638942
ISIC_0029019,nv,nv,True,0.9341570734977722,0.9341570734977722,0.2510643555135836,0.9341570734977722,0.06457126885652542,0.8695858046412468,VERY_HIGH,0.00025278926477767527,0.00028421857859939337,0.00021412083879113197,0.0003013696114066988,0.06457126885652542,0.9341570734977722,0.00021919856953900307
ISIC_0026250,nv,nv,True,0.9788601994514465,0.9788601994514465,0.11271534309759006,0.9788601994514465,0.018880821764469147,0.9599793776869774,VERY_HIGH,0.00013635173672810197,7.500701758544892e-05,0.0006555996369570494,0.0007102582021616399,0.018880821764469147,0.9788601994514465,0.0006817159010097384
ISIC_0030790,nv,nv,True,0.5807583332061768,0.5807583332061768,0.8051086799168247,0.5807583332061768,0.3952699899673462,0.18548834323883057,MODERATE,0.004889015574008226,0.002203651936724782,0.3952699899673462,0.003314540721476078,0.011445274576544762,0.5807583332061768,0.002119231503456831
ISIC_0030856,nv,nv,True,0.7461977005004883,0.7461977005004883,0.6048127326040256,0.7461977005004883,0.24751591682434082,0.49868178367614746,MODERATE,0.0010621583787724376,0.0009246233385056257,0.24751591682434082,0.0029643867164850235,0.000688465079292655,0.7461977005004883,0.0006467530620284379
ISIC_0024689,nv,nv,True,0.9910146594047546,0.9910146594047546,0.054271095704489146,0.9910146594047546,0.008318282663822174,0.9826963767409325,VERY_HIGH,3.2212381029239623e-06,1.524807794339722e-05,0.00011624538456089795,7.217840175144374e-05,0.008318282663822174,0.9910146594047546,0.0004602086264640093
ISIC_0025200,nv,nv,True,0.9574615359306335,0.9574615359306335,0.2232012087906474,0.9574615359306335,0.019823024049401283,0.9376385118812323,VERY_HIGH,0.0013870459515601397,0.0008578787674196064,0.017983093857765198,0.0007167845615185797,0.019823024049401283,0.9574615359306335,0.0017705969512462616
ISIC_0029437,nv,nv,True,0.9705902934074402,0.9705902934074402,0.17560775737282713,0.9705902934074402,0.011940729804337025,0.9586495636031032,VERY_HIGH,0.0008249702514149249,0.0011101186973974109,0.006326209753751755,0.006920894607901573,0.011940729804337025,0.9705902934074402,0.0022867307998239994
ISIC_0027898,nv,nv,True,0.9344956874847412,0.9344956874847412,0.33395181511730543,0.9344956874847412,0.023155981674790382,0.9113397058099508,VERY_HIGH,0.0004360864113550633,0.023155981674790382,0.017090830951929092,0.0008275466389022768,0.00783622357994318,0.9344956874847412,0.016157587990164757
ISIC_0026726,nv,nv,True,0.8662344813346863,0.8662344813346863,0.4573884904113916,0.8662344813346863,0.11896199733018875,0.7472724840044975,HIGH,6.99711381457746e-05,0.0012162791099399328,0.008016793057322502,0.0019742159638553858,0.003526301123201847,0.8662344813346863,0.11896199733018875
ISIC_0030632,nv,nv,True,0.9943286776542664,0.9943286776542664,0.03732879089690858,0.9943286776542664,0.0051929764449596405,0.9891357012093067,VERY_HIGH,6.242974632186815e-05,8.063245331868529e-05,0.00010153158655157313,3.771792762563564e-05,0.0051929764449596405,0.9943286776542664,0.00019608988077379763
ISIC_0025227,nv,nv,True,0.8657938241958618,0.8657938241958618,0.4823534687576312,0.8657938241958618,0.11412332206964493,0.7516705021262169,HIGH,0.005332408472895622,0.004556599538773298,0.002129387343302369,0.004817429464310408,0.11412332206964493,0.8657938241958618,0.0032469278667122126
ISIC_0030268,nv,nv,True,0.8864700198173523,0.8864700198173523,0.44093326070866107,0.8864700198173523,0.09243493527173996,0.7940350845456123,HIGH,0.006695964839309454,0.0047342595644295216,0.0022363062016665936,0.004268702119588852,0.09243493527173996,0.8864700198173523,0.0031598624773323536
ISIC_0032912,nv,nv,True,0.9477676153182983,0.9477676153182983,0.21637643388910197,0.9477676153182983,0.050034016370773315,0.897733598947525,VERY_HIGH,3.377352186362259e-05,0.0006770357140339911,7.262449071276933e-05,0.00012138581223553047,0.050034016370773315,0.9477676153182983,0.001293600769713521
ISIC_0030680,nv,nv,True,0.4993109703063965,0.4993109703063965,1.0527329650637822,0.4993109703063965,0.3946019411087036,0.10470902919769287,LOW,0.012536680325865746,0.002278644358739257,0.07565201818943024,0.010352753102779388,0.3946019411087036,0.4993109703063965,0.005267054308205843
ISIC_0025880,nv,nv,True,0.930566668510437,0.930566668510437,0.2645905103907344,0.930566668510437,0.06714721769094467,0.8634194508194923,VERY_HIGH,6.219457281986251e-05,3.3551455999258906e-05,0.0011666694190353155,0.0008910291362553835,0.06714721769094467,0.930566668510437,0.00013269858027342707
ISIC_0027087,nv,mel,False,0.5073425769805908,0.4719725251197815,0.8080481289556207,0.5073425769805908,0.4719725251197815,0.035370051860809326,MODERATE,0.003064276184886694,0.007180535700172186,0.006525194738060236,0.0006081242463551462,0.5073425769805908,0.4719725251197815,0.003306807717308402
ISIC_0031654,nv,nv,True,0.9254961013793945,0.9254961013793945,0.3226114920813923,0.9254961013793945,0.044312529265880585,0.881183572113514,VERY_HIGH,4.798544614459388e-05,0.00017012316675391048,0.00011922995327040553,0.02866625227034092,0.044312529265880585,0.9254961013793945,0.00118782848585397
ISIC_0031446,nv,nv,True,0.9606105089187622,0.9606105089187622,0.18970646760903856,0.9606105089187622,0.03299893066287041,0.9276115782558918,VERY_HIGH,0.0003396985703147948,0.0005927064339630306,0.03299893066287041,0.004349705297499895,5.59984655410517e-05,0.9606105089187622,0.0010524941608309746
ISIC_0029226,nv,nv,True,0.9336369037628174,0.9336369037628174,0.2954467030316195,0.9336369037628174,0.047399841248989105,0.8862370625138283,VERY_HIGH,0.0013212005142122507,0.0012830549385398626,0.015941044315695763,0.00015626140520907938,0.047399841248989105,0.9336369037628174,0.00026168866315856576
ISIC_0027072,nv,nv,True,0.9704961776733398,0.9704961776733398,0.15965726878237319,0.9704961776733398,0.021810628473758698,0.9486855491995811,VERY_HIGH,0.0001525893312646076,0.0023939020466059446,0.0028847784269601107,0.00022028842067811638,0.021810628473758698,0.9704961776733398,0.0020416227634996176
ISIC_0030378,nv,nv,True,0.9016701579093933,0.9016701579093933,0.4462828003278632,0.9016701579093933,0.05191638693213463,0.8497537709772587,VERY_HIGH,0.0012057011481374502,0.022838952019810677,0.05191638693213463,0.0023978231474757195,0.01381200086325407,0.9016701579093933,0.006159038282930851
ISIC_0028305,nv,nv,True,0.6802605390548706,0.6802605390548706,0.743801414413612,0.6802605390548706,0.2925764322280884,0.3876841068267822,MODERATE,0.006149810738861561,0.0012121526524424553,0.018671849742531776,0.00033268111292272806,0.2925764322280884,0.6802605390548706,0.0007965032127685845
ISIC_0028358,nv,nv,True,0.803373396396637,0.803373396396637,0.5199472246303274,0.803373396396637,0.19269050657749176,0.6106828898191452,HIGH,0.0005266292719170451,0.00017332502466160804,0.0021032991353422403,0.0002829875738825649,0.19269050657749176,0.803373396396637,0.0008498096722178161
ISIC_0028151,nv,nv,True,0.8399390578269958,0.8399390578269958,0.5448968030235084,0.8399390578269958,0.11924508959054947,0.7206939682364464,HIGH,0.001709265518002212,3.783642023336142e-05,0.03766899183392525,0.0010206489823758602,0.11924508959054947,0.8399390578269958,0.0003791605122387409
ISIC_0028268,nv,nv,True,0.9478639364242554,0.9478639364242554,0.22354996021299783,0.9478639364242554,0.048310477286577225,0.8995534591376781,VERY_HIGH,0.00015618305769748986,0.00036313646705821157,0.00043974060099571943,0.0013731421204283834,0.048310477286577225,0.9478639364242554,0.001493445597589016
ISIC_0028708,nv,nv,True,0.9546319842338562,0.9546319842338562,0.1935975441613144,0.9546319842338562,0.043699711561203,0.9109322726726532,VERY_HIGH,0.00040800063288770616,9.356089140055701e-05,0.0010117854690179229,3.9001981349429116e-05,0.043699711561203,0.9546319842338562,0.0001159844541689381
ISIC_0033381,nv,nv,True,0.8643315434455872,0.8643315434455872,0.5393875618636399,0.8643315434455872,0.08138275891542435,0.7829487845301628,HIGH,0.0007729238132014871,0.0023484446574002504,0.08138275891542435,0.0006546920049004257,0.019875653088092804,0.8643315434455872,0.030634064227342606
ISIC_0029186,nv,nv,True,0.9681835174560547,0.9681835174560547,0.1488655318416012,0.9681835174560547,0.030341943725943565,0.9378415737301111,VERY_HIGH,0.00019853976846206933,9.341791883343831e-05,0.0007670499617233872,0.000329904054524377,0.030341943725943565,0.9681835174560547,8.572509977966547e-05
ISIC_0033558,nv,nv,True,0.9983288645744324,0.9983288645744324,0.013573292800102848,0.9983288645744324,0.0012025004252791405,0.9971263641491532,VERY_HIGH,3.157484115945408e-06,1.7002650565700606e-05,0.0004163854755461216,9.50043886405183e-06,0.0012025004252791405,0.9983288645744324,2.252485319331754e-05
ISIC_0033590,nv,nv,True,0.6195177435874939,0.6195177435874939,0.8629153823008336,0.6195177435874939,0.3345312774181366,0.2849864661693573,MODERATE,0.0010410912800580263,0.01845378428697586,0.3345312774181366,0.002507222816348076,0.016622833907604218,0.6195177435874939,0.007326085120439529
ISIC_0033303,nv,nv,True,0.9959341287612915,0.9959341287612915,0.02942072856650061,0.9959341287612915,0.002273138612508774,0.9936609901487827,VERY_HIGH,1.0739584467955865e-05,1.3898054930905346e-05,0.0017620755825191736,2.0982924979762174e-06,0.002273138612508774,0.9959341287612915,3.844304046651814e-06
ISIC_0024751,nv,nv,True,0.9690593481063843,0.9690593481063843,0.14732171047931983,0.9690593481063843,0.029120519757270813,0.9399388283491135,VERY_HIGH,0.0001634621003177017,0.0001263137091882527,0.0009406593744643033,0.00037563295336440206,0.029120519757270813,0.9690593481063843,0.00021402919082902372
ISIC_0028605,nv,nv,True,0.9905126690864563,0.9905126690864563,0.06368063249832322,0.9905126690864563,0.0064340331591665745,0.9840786359272897,VERY_HIGH,0.00012710841838270426,0.00037359242560341954,0.0010076265316456556,0.0012663177913054824,0.0064340331591665745,0.9905126690864563,0.0002787169360090047
ISIC_0032634,nv,nv,True,0.5722402930259705,0.5722402930259705,1.0371037267903402,0.5722402930259705,0.24420219659805298,0.3280380964279175,MODERATE,0.010973216965794563,0.00047234277008101344,0.16898880898952484,0.002284441376104951,0.24420219659805298,0.5722402930259705,0.0008387592388316989
ISIC_0025375,nv,nv,True,0.9737242460250854,0.9737242460250854,0.14156848391904253,0.9737242460250854,0.018617404624819756,0.9551068414002657,VERY_HIGH,3.7518002500291914e-05,0.00019353258539922535,0.006647971458733082,0.00044822244672104716,0.018617404624819756,0.9737242460250854,0.0003311446344014257
ISIC_0029748,nv,nv,True,0.9718219637870789,0.9718219637870789,0.15216397800745765,0.9718219637870789,0.021765900775790215,0.9500560630112886,VERY_HIGH,0.0008260171161964536,0.0033184082712978125,0.0008844578405842185,0.0006102574989199638,0.021765900775790215,0.9718219637870789,0.000772946048527956
ISIC_0032969,nv,nv,True,0.5794554352760315,0.5794554352760315,0.7958632170662155,0.5794554352760315,0.3990320861339569,0.18042334914207458,MODERATE,0.005388970486819744,0.006953445263206959,0.006343560758978128,0.0020176481921225786,0.3990320861339569,0.5794554352760315,0.0008088595350272954
ISIC_0033894,nv,nv,True,0.7179865837097168,0.7179865837097168,0.8304576597220349,0.7179865837097168,0.15346647799015045,0.5645201057195663,MODERATE,0.004465462174266577,0.004544650670140982,0.15346647799015045,0.00016618678637314588,0.11922837793827057,0.7179865837097168,0.0001421471097273752
ISIC_0026658,nv,nv,True,0.8386206030845642,0.8386206030845642,0.4972521278146274,0.8386206030845642,0.15006302297115326,0.688557580113411,HIGH,0.0014914177590981126,0.00046382794971577823,0.15006302297115326,0.0028524112422019243,0.005778934806585312,0.8386206030845642,0.0007297038100659847
ISIC_0031782,nv,nv,True,0.9909651279449463,0.9909651279449463,0.06493323602819062,0.9909651279449463,0.0036196401342749596,0.9873454878106713,VERY_HIGH,0.000691495428327471,0.0020846829283982515,0.0018668738193809986,0.0005857194191776216,0.0036196401342749596,0.9909651279449463,0.00018647732213139534
ISIC_0030405,nv,nv,True,0.9154781699180603,0.9154781699180603,0.4090375754253352,0.9154781699180603,0.04363534227013588,0.8718428276479244,VERY_HIGH,0.005327926483005285,0.00654067425057292,0.005638413596898317,0.016965219751000404,0.04363534227013588,0.9154781699180603,0.006414166186004877
ISIC_0030402,nv,nv,True,0.9175468683242798,0.9175468683242798,0.3713793020542737,0.9175468683242798,0.05416927486658096,0.8633775934576988,VERY_HIGH,0.00018523891048971564,0.0013137367786839604,0.00462587084621191,0.008812717162072659,0.05416927486658096,0.9175468683242798,0.013346242718398571
ISIC_0025240,nv,nv,True,0.9409911036491394,0.9409911036491394,0.3029984723164624,0.9409911036491394,0.03456762433052063,0.9064234793186188,VERY_HIGH,0.005114552099257708,0.006205582059919834,0.0051045725122094154,0.005015627946704626,0.03456762433052063,0.9409911036491394,0.0030008237808942795
ISIC_0026933,nv,nv,True,0.9740384221076965,0.9740384221076965,0.16110909620801117,0.9740384221076965,0.008365586400032043,0.9656728357076645,VERY_HIGH,0.0013204006245359778,0.0010630458127707243,0.0051513733342289925,0.007179965265095234,0.008365586400032043,0.9740384221076965,0.002881204942241311
ISIC_0027839,nv,nv,True,0.6462368369102478,0.6462368369102478,0.7410102405161224,0.6462368369102478,0.3352632522583008,0.310973584651947,MODERATE,0.001230590627528727,0.0021980537567287683,0.012936247512698174,0.0007991981692612171,0.3352632522583008,0.6462368369102478,0.0013357935240492225
ISIC_0027640,nv,mel,False,0.5572440028190613,0.42808911204338074,0.7740975678151314,0.5572440028190613,0.42808911204338074,0.12915489077568054,MODERATE,0.002424204023554921,0.002272885525599122,0.0023773156572133303,0.004304762464016676,0.5572440028190613,0.42808911204338074,0.003287708153948188
ISIC_0025721,nv,nv,True,0.9670090079307556,0.9670090079307556,0.1599507641425994,0.9670090079307556,0.029922837391495705,0.9370861705392599,VERY_HIGH,0.0003199904749635607,0.00064262212254107,0.0008348696865141392,0.0004373751289676875,0.029922837391495705,0.9670090079307556,0.000833240570500493
ISIC_0029846,nv,nv,True,0.8810902237892151,0.8810902237892151,0.40584170796479846,0.8810902237892151,0.1098514273762703,0.7712387964129448,HIGH,9.613170732336584e-06,0.00019083615916315466,0.0013220809632912278,0.0019750113133341074,0.005560735240578651,0.8810902237892151,0.1098514273762703
ISIC_0029194,nv,nv,True,0.5080615878105164,0.5080615878105164,0.7608131934326994,0.5080615878105164,0.479147732257843,0.02891385555267334,MODERATE,6.088042937335558e-06,0.0005544881569221616,0.00023069405870046467,0.0017656049458310008,0.010233795270323753,0.5080615878105164,0.479147732257843
ISIC_0033852,nv,nv,True,0.7062375545501709,0.7062375545501709,0.7182528459973876,0.7062375545501709,0.2691067159175873,0.4371308386325836,MODERATE,0.0006181254284456372,0.0032135415822267532,0.015368424355983734,0.002512503881007433,0.2691067159175873,0.7062375545501709,0.0029431572183966637
ISIC_0033775,nv,nv,True,0.8107882142066956,0.8107882142066956,0.5946694927261216,0.8107882142066956,0.14311261475086212,0.6676755994558334,HIGH,0.00021684866806026548,0.00012307493307162076,0.0454077422618866,0.0001630478072911501,0.14311261475086212,0.8107882142066956,0.00018840137636289
ISIC_0033561,nv,nv,True,0.6275040507316589,0.6275040507316589,0.9270773581118165,0.6275040507316589,0.20332324504852295,0.424180805683136,MODERATE,0.0005354455788619816,0.0002534210216253996,0.20332324504852295,0.0003804300504270941,0.1677398532629013,0.6275040507316589,0.0002635162090882659
ISIC_0027363,nv,nv,True,0.929375171661377,0.929375171661377,0.2902765993740331,0.929375171661377,0.062325090169906616,0.8670500814914703,VERY_HIGH,0.00017488747835159302,0.0023331232368946075,0.0003864921163767576,0.0008327135583385825,0.062325090169906616,0.929375171661377,0.004572496749460697
ISIC_0031684,nv,nv,True,0.9700665473937988,0.9700665473937988,0.18062742720722785,0.9700665473937988,0.010624945163726807,0.959441602230072,VERY_HIGH,0.0005700173787772655,0.004078319296240807,0.0035122993867844343,0.002714094938710332,0.010624945163726807,0.9700665473937988,0.00843380019068718
ISIC_0033671,nv,nv,True,0.9443221092224121,0.9443221092224121,0.268031696390804,0.9443221092224121,0.03789772838354111,0.906424380838871,VERY_HIGH,0.0012383112916722894,0.0031009772792458534,0.011887261644005775,0.0004839834582526237,0.03789772838354111,0.9443221092224121,0.0010695781093090773
ISIC_0033711,nv,nv,True,0.865533173084259,0.865533173084259,0.44519050187633835,0.865533173084259,0.12109177559614182,0.7444413974881172,HIGH,0.000320139602990821,0.00023744335339870304,0.011829792521893978,0.00039997955900616944,0.12109177559614182,0.865533173084259,0.000587677932344377
ISIC_0028893,nv,nv,True,0.9629727602005005,0.9629727602005005,0.1847975645488151,0.9629727602005005,0.030549293383955956,0.9324234668165445,VERY_HIGH,0.0010186341824010015,0.000998932053335011,0.0011014060582965612,0.0004600320244207978,0.030549293383955956,0.9629727602005005,0.002898986218497157
ISIC_0034257,nv,nv,True,0.9318767189979553,0.9318767189979553,0.3201249997454938,0.9318767189979553,0.04066487029194832,0.891211848706007,VERY_HIGH,0.0031510868575423956,0.04066487029194832,0.0024684902746230364,0.0004391318070702255,0.01986691914498806,0.9318767189979553,0.001532720634713769
ISIC_0024919,nv,nv,True,0.9757166504859924,0.9757166504859924,0.12637930631287433,0.9757166504859924,0.021725459024310112,0.9539911914616823,VERY_HIGH,0.00025491431006230414,0.00033182220067828894,0.0007318789139389992,0.0005688756355084479,0.021725459024310112,0.9757166504859924,0.0006702993996441364
ISIC_0030186,nv,nv,True,0.9873670339584351,0.9873670339584351,0.08191704127159556,0.9873670339584351,0.008004295639693737,0.9793627383187413,VERY_HIGH,0.0003377575776539743,0.008004295639693737,6.396051321644336e-05,0.0007641274714842439,0.0013177176006138325,0.9873670339584351,0.0021451422944664955
ISIC_0027284,nv,nv,True,0.9407290816307068,0.9407290816307068,0.2685529811000743,0.9407290816307068,0.03936302661895752,0.9013660550117493,VERY_HIGH,6.640794890699908e-05,5.8834179071709514e-05,0.01862558349967003,0.00018697461928240955,0.03936302661895752,0.9407290816307068,0.0009701563976705074
ISIC_0024697,nv,nv,True,0.5218696594238281,0.5218696594238281,0.8311835774578165,0.5218696594238281,0.4386008083820343,0.08326885104179382,MODERATE,7.12885448592715e-05,9.858847624855116e-05,0.039156798273324966,5.886986764380708e-05,0.4386008083820343,0.5218696594238281,0.00014400681538973004
ISIC_0029150,nv,nv,True,0.7155137658119202,0.7155137658119202,0.6048511103319172,0.7155137658119202,0.28350210189819336,0.4320116639137268,MODERATE,0.0001264859311049804,0.0005613617249764502,0.28350210189819336,0.0002053069183602929,1.3383698387769982e-05,0.7155137658119202,7.76219239924103e-05
ISIC_0030330,nv,nv,True,0.935884952545166,0.935884952545166,0.3203624574269295,0.935884952545166,0.029105044901371002,0.906779907643795,VERY_HIGH,0.0016353930113837123,0.0014043006813153625,0.005999570246785879,0.029105044901371002,0.02251535654067993,0.935884952545166,0.0034553715959191322
ISIC_0031398,nv,nv,True,0.9818449020385742,0.9818449020385742,0.1015608013106921,0.9818449020385742,0.014756438322365284,0.9670884637162089,VERY_HIGH,3.2996693335007876e-05,5.4615276894764975e-05,0.002870460506528616,0.00030224898364394903,0.014756438322365284,0.9818449020385742,0.00013837967708241194
ISIC_0026873,nv,nv,True,0.9979878664016724,0.9979878664016724,0.016382429047974396,0.9979878664016724,0.001504081767052412,0.99648378463462,VERY_HIGH,3.00643514492549e-05,0.00013059360207989812,7.587759318994358e-05,8.252537372754887e-05,0.001504081767052412,0.9979878664016724,0.00018890244245994836
ISIC_0024938,nv,nv,True,0.8457397222518921,0.8457397222518921,0.5632577413742937,0.8457397222518921,0.09742460399866104,0.748315118253231,HIGH,0.003350004320964217,0.04842926189303398,0.004446710925549269,0.00018789016758091748,0.09742460399866104,0.8457397222518921,0.0004217662790324539
ISIC_0030065,nv,nv,True,0.7684545516967773,0.7684545516967773,0.8408113729335487,0.7684545516967773,0.08039364218711853,0.6880609095096588,HIGH,0.015011770650744438,0.08039364218711853,0.062279049307107925,0.0008585643954575062,0.07255870848894119,0.7684545516967773,0.00044368079397827387
ISIC_0025231,nv,nv,True,0.8753038048744202,0.8753038048744202,0.45359635293548256,0.8753038048744202,0.10392938554286957,0.7713744193315506,HIGH,0.002913901349529624,0.01340811513364315,0.0035632208455353975,0.00039358422509394586,0.10392938554286957,0.8753038048744202,0.00048791381414048374
ISIC_0025143,nv,nv,True,0.9960648417472839,0.9960648417472839,0.03049992295796653,0.9960648417472839,0.001710224780254066,0.9943546169670299,VERY_HIGH,4.93683228341979e-06,1.8058182831737213e-05,0.000866699789185077,0.001184638123959303,0.001710224780254066,0.9960648417472839,0.00015060983423609287
ISIC_0024587,nv,nv,True,0.7198347449302673,0.7198347449302673,0.7253095954540236,0.7198347449302673,0.2470734566450119,0.47276128828525543,MODERATE,0.0013574177864938974,0.0001910245482577011,0.023388953879475594,0.00454301992431283,0.2470734566450119,0.7198347449302673,0.0036114153917878866
ISIC_0029666,nv,nv,True,0.7682074308395386,0.7682074308395386,0.5785035480255097,0.7682074308395386,0.22531451284885406,0.5428929179906845,HIGH,0.00013580093218479306,3.4605152904987335e-05,0.0029666079208254814,0.0014068110613152385,0.22531451284885406,0.7682074308395386,0.0019341828301548958
ISIC_0027698,nv,nv,True,0.7660439014434814,0.7660439014434814,0.5863165324809171,0.7660439014434814,0.2264421433210373,0.5396017581224442,HIGH,0.00013835931895300746,6.903002940816805e-05,0.0025427129585295916,0.0021224424708634615,0.2264421433210373,0.7660439014434814,0.002641422441229224
ISIC_0030185,nv,nv,True,0.9066947102546692,0.9066947102546692,0.35583941330716956,0.9066947102546692,0.08327184617519379,0.8234228640794754,VERY_HIGH,0.0008108068141154945,0.001145656337030232,0.004785857163369656,0.0011591609800234437,0.08327184617519379,0.9066947102546692,0.0021320234518498182
ISIC_0026678,nv,nv,True,0.9187513589859009,0.9187513589859009,0.2911823455719245,0.9187513589859009,0.07981058210134506,0.8389407768845558,VERY_HIGH,0.00021983563783578575,0.00018260645447298884,0.00015865123714320362,0.00031675054924562573,0.07981058210134506,0.9187513589859009,0.0005602746387012303
ISIC_0025333,nv,nv,True,0.9412155151367188,0.9412155151367188,0.2889623099467819,0.9412155151367188,0.03880121186375618,0.9024143032729626,VERY_HIGH,0.0012009460479021072,0.002274548402056098,0.009281577542424202,0.004282744601368904,0.03880121186375618,0.9412155151367188,0.0029434843454509974
ISIC_0030603,nv,bkl,False,0.583387553691864,0.047173719853162766,0.923453362309733,0.583387553691864,0.34903764724731445,0.23434990644454956,MODERATE,0.34903764724731445,0.00546275544911623,0.583387553691864,0.0017105594743043184,0.013027908280491829,0.047173719853162766,0.00019995481125079095
ISIC_0030599,nv,nv,True,0.8780985474586487,0.8780985474586487,0.5163783496181302,0.8780985474586487,0.051846690475940704,0.826251856982708,HIGH,0.001094457576982677,0.003865061793476343,0.0077924043871462345,0.05177711322903633,0.005525642074644566,0.8780985474586487,0.051846690475940704
ISIC_0027579,nv,nv,True,0.7365691661834717,0.7365691661834717,0.6791491776906855,0.7365691661834717,0.2417116016149521,0.4948575645685196,MODERATE,0.0018080293666571379,0.0027301234658807516,0.0034109922125935555,0.0015225134557113051,0.2417116016149521,0.7365691661834717,0.012247520498931408
ISIC_0033767,nv,nv,True,0.5150091648101807,0.5150091648101807,0.8333417861107658,0.5150091648101807,0.4500771760940552,0.06493198871612549,MODERATE,0.0008537139510735869,0.0010378521401435137,0.03168535605072975,0.0005363314994610846,0.4500771760940552,0.5150091648101807,0.0008004251285456121
ISIC_0033755,nv,nv,True,0.6458892226219177,0.6458892226219177,0.6696425492193565,0.6458892226219177,0.3511638939380646,0.29472532868385315,MODERATE,7.605891732964665e-05,6.159439362818375e-05,0.0021480778232216835,0.00031959518673829734,0.3511638939380646,0.6458892226219177,0.00034153886372223496
ISIC_0033625,nv,mel,False,0.590614914894104,0.40671688318252563,0.6940596734180825,0.590614914894104,0.40671688318252563,0.18389803171157837,MODERATE,0.00014326567179523408,3.993915015598759e-05,0.002362404251471162,5.995576429995708e-05,0.590614914894104,0.40671688318252563,6.258813664317131e-05
ISIC_0026431,nv,nv,True,0.9468718767166138,0.9468718767166138,0.2140544893576584,0.9468718767166138,0.052130475640296936,0.8947414010763168,VERY_HIGH,0.00011063445708714426,6.428091728594154e-05,0.00031640176894143224,0.00023148446052800864,0.052130475640296936,0.9468718767166138,0.0002748946426436305
ISIC_0027586,nv,nv,True,0.9849114418029785,0.9849114418029785,0.10119357869601178,0.9849114418029785,0.005833664909005165,0.9790777768939734,VERY_HIGH,0.0002573165111243725,0.005833664909005165,0.0028209760785102844,0.0017043380066752434,0.003399425419047475,0.9849114418029785,0.001072815153747797
ISIC_0027357,nv,nv,True,0.9725544452667236,0.9725544452667236,0.14725018012144317,0.9725544452667236,0.021985327824950218,0.9505691174417734,VERY_HIGH,0.00031010163365863264,0.0007280835416167974,0.0007098297937773168,0.001899602822959423,0.021985327824950218,0.9725544452667236,0.0018126136856153607
ISIC_0025662,nv,nv,True,0.9755809307098389,0.9755809307098389,0.13002264834263028,0.9755809307098389,0.020829152315855026,0.9547517783939838,VERY_HIGH,0.00045259931357577443,0.000822759116999805,0.0015192084247246385,0.00016201088146772236,0.020829152315855026,0.9755809307098389,0.0006333002238534391
ISIC_0027510,nv,nv,True,0.9566941261291504,0.9566941261291504,0.18873377641226521,0.9566941261291504,0.04142295941710472,0.9152711667120457,VERY_HIGH,0.00011398681090213358,0.0004932057927362621,0.00036224935320205986,0.00017011478485073894,0.04142295941710472,0.9566941261291504,0.0007432873826473951
ISIC_0024355,nv,nv,True,0.9158715009689331,0.9158715009689331,0.30977110770286376,0.9158715009689331,0.08002795279026031,0.8358435481786728,VERY_HIGH,0.0002797457855194807,0.002507999539375305,0.0007938147173263133,0.00012365248403511941,0.08002795279026031,0.9158715009689331,0.00039527605986222625
ISIC_0032122,nv,nv,True,0.8340843915939331,0.8340843915939331,0.533912387214878,0.8340843915939331,0.14451812207698822,0.6895662695169449,HIGH,0.01250513456761837,0.001017501694150269,0.007083583623170853,0.0004910715506412089,0.14451812207698822,0.8340843915939331,0.0003001860168296844
ISIC_0030087,nv,nv,True,0.9938821792602539,0.9938821792602539,0.045245680821818755,0.9938821792602539,0.0025492478162050247,0.9913329314440489,VERY_HIGH,5.3375009883893654e-05,0.00019715364032890648,0.0021508787758648396,0.0009045348851941526,0.0025492478162050247,0.9938821792602539,0.00026272100512869656
ISIC_0026137,nv,nv,True,0.867018461227417,0.867018461227417,0.44690641129659814,0.867018461227417,0.11745283007621765,0.7495656311511993,HIGH,0.0004366209905128926,0.00013033149298280478,0.013996950350701809,0.0005979568813927472,0.11745283007621765,0.867018461227417,0.00036695433664135635
ISIC_0031426,nv,nv,True,0.9877514839172363,0.9877514839172363,0.08501464405739519,0.9877514839172363,0.003507158486172557,0.9842443254310638,VERY_HIGH,0.0002790277940221131,0.003281825687736273,0.0004028236726298928,0.0021251230500638485,0.003507158486172557,0.9877514839172363,0.0026525177527219057
ISIC_0032999,nv,nv,True,0.9094366431236267,0.9094366431236267,0.3200568461047388,0.9094366431236267,0.08778886497020721,0.8216477781534195,VERY_HIGH,1.7414433386875317e-05,0.0005149234202690423,0.0007897785399109125,0.0004884727532044053,0.08778886497020721,0.9094366431236267,0.0009638842893764377
ISIC_0032669,nv,nv,True,0.868070662021637,0.868070662021637,0.4029436032085066,0.868070662021637,0.129785418510437,0.7382852435112,HIGH,3.5465473047224805e-05,9.985468204831704e-05,0.0015498345019295812,0.0003148679679725319,0.129785418510437,0.868070662021637,0.0001438757753930986
ISIC_0033236,nv,nv,True,0.917011022567749,0.917011022567749,0.29644413322523444,0.917011022567749,0.08075597882270813,0.8362550437450409,VERY_HIGH,5.29294493389898e-06,1.685131564954645e-06,0.0022095728199929,1.1470888239273336e-05,0.08075597882270813,0.917011022567749,5.030873126088409e-06
ISIC_0024519,nv,nv,True,0.5880436301231384,0.5880436301231384,0.778584673641176,0.5880436301231384,0.39172154664993286,0.19632208347320557,MODERATE,0.0023021248634904623,0.0014378217747434974,0.01424061506986618,0.0011919961543753743,0.39172154664993286,0.5880436301231384,0.0010622559348121285
ISIC_0026676,nv,nv,True,0.6740896105766296,0.6740896105766296,0.7476916627165783,0.6740896105766296,0.29912546277046204,0.3749641478061676,MODERATE,0.004016119986772537,0.0016514345770701766,0.019490087404847145,0.0012441357830539346,0.29912546277046204,0.6740896105766296,0.0003831636277027428
ISIC_0024667,nv,nv,True,0.9485242366790771,0.9485242366790771,0.28321482166180534,0.9485242366790771,0.01667468622326851,0.9318495504558086,VERY_HIGH,0.00027376553043723106,0.01667468622326851,0.007582218386232853,0.0050854915753006935,0.011404510587453842,0.9485242366790771,0.010455151088535786
ISIC_0032605,nv,nv,True,0.6920551657676697,0.6920551657676697,0.7275848983235428,0.6920551657676697,0.28513047099113464,0.40692469477653503,MODERATE,0.0028616099152714014,0.001646496937610209,0.00247651687823236,0.0027199217583984137,0.28513047099113464,0.6920551657676697,0.013109760358929634
ISIC_0032779,nv,nv,True,0.8572672009468079,0.8572672009468079,0.4935850832692562,0.8572672009468079,0.11911826580762863,0.7381489351391792,HIGH,0.0004000474000349641,0.0009429421043023467,0.0019461613846942782,0.0022575869224965572,0.11911826580762863,0.8572672009468079,0.01806778460741043
ISIC_0033950,nv,nv,True,0.7321877479553223,0.7321877479553223,0.661449126595748,0.7321877479553223,0.25205081701278687,0.4801369309425354,MODERATE,0.0007261644932441413,0.0012208563275635242,0.003956397529691458,0.0020128521136939526,0.25205081701278687,0.7321877479553223,0.007845218293368816
ISIC_0029084,nv,nv,True,0.9752116799354553,0.9752116799354553,0.15052695107615344,0.9752116799354553,0.010107913985848427,0.9651037659496069,VERY_HIGH,0.0002483947610016912,0.010107913985848427,0.00018970835662912577,0.0051676612347364426,0.0055984980426728725,0.9752116799354553,0.0034761864226311445
ISIC_0029619,nv,nv,True,0.9493269324302673,0.9493269324302673,0.2323790757995578,0.9493269324302673,0.042992543429136276,0.9063343890011311,VERY_HIGH,0.0003311499021947384,0.0003470420779194683,0.0017487098230049014,0.00245646177791059,0.042992543429136276,0.9493269324302673,0.002797160530462861
ISIC_0032465,nv,nv,True,0.988129198551178,0.988129198551178,0.08424075192329941,0.988129198551178,0.0030661504715681076,0.9850630480796099,VERY_HIGH,0.0003785625158343464,0.0016094485763460398,0.0017710891552269459,0.002184868324548006,0.002860758686438203,0.988129198551178,0.0030661504715681076
ISIC_0029430,nv,nv,True,0.7528051137924194,0.7528051137924194,0.8303011549272518,0.7528051137924194,0.1110779419541359,0.6417271718382835,HIGH,0.023684527724981308,0.1110779419541359,0.10419532656669617,0.0020939260721206665,0.00402041245251894,0.7528051137924194,0.002122750272974372
ISIC_0027312,nv,nv,True,0.48152363300323486,0.48152363300323486,1.4012154829602788,0.48152363300323486,0.19209884107112885,0.289424791932106,LOW,0.09198597818613052,0.031176062300801277,0.18116647005081177,0.017522377893328667,0.19209884107112885,0.48152363300323486,0.004526563920080662
ISIC_0024936,nv,nv,True,0.9015796184539795,0.9015796184539795,0.38467615379555803,0.9015796184539795,0.0729299932718277,0.8286496251821518,VERY_HIGH,1.2146728295192588e-05,0.00017919347737915814,7.557948265457526e-05,0.0012908750213682652,0.0729299932718277,0.9015796184539795,0.02393261343240738
ISIC_0032115,nv,nv,True,0.9865619540214539,0.9865619540214539,0.08455649348770448,0.9865619540214539,0.0072042448446154594,0.9793577091768384,VERY_HIGH,3.380914859008044e-05,0.00011260165774729103,0.00035298813600093126,0.0051467567682266235,0.0072042448446154594,0.9865619540214539,0.0005876902723684907
ISIC_0033688,nv,nv,True,0.808997631072998,0.808997631072998,0.6103964917946374,0.808997631072998,0.1597684621810913,0.6492291688919067,HIGH,0.0022812013048678637,0.0009754005004651845,0.013583853840827942,0.012380325235426426,0.1597684621810913,0.808997631072998,0.002013153163716197
ISIC_0033557,nv,nv,True,0.8851063847541809,0.8851063847541809,0.45389809823609495,0.8851063847541809,0.0880233645439148,0.7970830202102661,HIGH,0.0023491820320487022,0.003192191943526268,0.014167380519211292,0.005629894323647022,0.0880233645439148,0.8851063847541809,0.0015316305216401815
ISIC_0027733,nv,nv,True,0.9938740134239197,0.9938740134239197,0.044309723906835144,0.9938740134239197,0.00320057081989944,0.9906734426040202,VERY_HIGH,2.5311042918474413e-05,8.938559767557308e-05,0.0001456549798604101,0.0018614153377711773,0.00320057081989944,0.9938740134239197,0.0008037181105464697
ISIC_0026696,nv,nv,True,0.9894102811813354,0.9894102811813354,0.07102209228627367,0.9894102811813354,0.00612957077100873,0.9832807104103267,VERY_HIGH,0.00016853271517902613,0.0004773001710418612,0.0001688621996436268,0.002567692194133997,0.00612957077100873,0.9894102811813354,0.0010777154238894582
ISIC_0026381,nv,nv,True,0.8340446352958679,0.8340446352958679,0.5811454532347362,0.8340446352958679,0.13042758405208588,0.703617051243782,HIGH,0.005248422268778086,0.13042758405208588,0.019367406144738197,0.001542366691865027,0.005217759404331446,0.8340446352958679,0.0041518439538776875
ISIC_0032160,nv,nv,True,0.9819750189781189,0.9819750189781189,0.1178119564543389,0.9819750189781189,0.005400226451456547,0.9765747925266623,VERY_HIGH,0.00040360880666412413,0.005400226451456547,0.0004954786272719502,0.004775000270456076,0.003079962683841586,0.9819750189781189,0.0038706909399479628
ISIC_0027741,nv,nv,True,0.973841667175293,0.973841667175293,0.133289754054616,0.973841667175293,0.0224157627671957,0.9514259044080973,VERY_HIGH,2.5688292225822806e-05,5.32182639290113e-06,0.0224157627671957,0.0001639482652535662,0.00013173611660022289,0.973841667175293,0.0034158171620219946
ISIC_0026269,nv,nv,True,0.9554401636123657,0.9554401636123657,0.22637439204626145,0.9554401636123657,0.030291834846138954,0.9251483287662268,VERY_HIGH,0.0005736151360906661,0.0010028010001406074,0.008946601301431656,0.0016468936810269952,0.030291834846138954,0.9554401636123657,0.0020981968846172094
ISIC_0027444,nv,nv,True,0.8125908970832825,0.8125908970832825,0.5188259234881474,0.8125908970832825,0.17990253865718842,0.632688358426094,HIGH,0.00047192079364322126,0.00012238866474945098,0.006283474154770374,0.0004347538051661104,0.17990253865718842,0.8125908970832825,0.00019405453349463642
ISIC_0025702,nv,nv,True,0.8347641825675964,0.8347641825675964,0.49752072742566844,0.8347641825675964,0.15411455929279327,0.6806496232748032,HIGH,0.00032547811861149967,0.00038425668026320636,0.008887704461812973,0.0007612064364366233,0.15411455929279327,0.8347641825675964,0.000762694631703198
ISIC_0031701,nv,nv,True,0.9703078269958496,0.9703078269958496,0.15141279842255895,0.9703078269958496,0.024303045123815536,0.9460047818720341,VERY_HIGH,0.00018116916180588305,7.976769848028198e-05,0.024303045123815536,0.00018259008356835693,0.004415121395140886,0.9703078269958496,0.000530409743078053
ISIC_0027827,nv,nv,True,0.9320420622825623,0.9320420622825623,0.3026304682866039,0.9320420622825623,0.05315010994672775,0.8788919523358345,VERY_HIGH,0.0003823380102403462,0.005791105795651674,0.005963276606053114,0.001415019971318543,0.05315010994672775,0.9320420622825623,0.0012560891918838024
ISIC_0025491,nv,nv,True,0.7977351546287537,0.7977351546287537,0.6426654615922173,0.7977351546287537,0.1622280776500702,0.6355070769786835,HIGH,0.0018794805509969592,0.011558275669813156,0.024890631437301636,0.0009340518154203892,0.1622280776500702,0.7977351546287537,0.0007743561291135848
ISIC_0028049,nv,nv,True,0.9769127368927002,0.9769127368927002,0.12178171027449063,0.9769127368927002,0.019766859710216522,0.9571458771824837,VERY_HIGH,1.38472969410941e-05,8.253697160398588e-05,9.611929999664426e-05,0.0006098703597672284,0.019766859710216522,0.9769127368927002,0.0025179872754961252
ISIC_0026183,nv,nv,True,0.9789454340934753,0.9789454340934753,0.12594371002559976,0.9789454340934753,0.0131523497402668,0.9657930843532085,VERY_HIGH,0.002503590425476432,0.0014978847466409206,0.003418662352487445,0.00030971033265814185,0.0131523497402668,0.9789454340934753,0.00017237976135220379
ISIC_0033296,nv,nv,True,0.8096763491630554,0.8096763491630554,0.5731275431405742,0.8096763491630554,0.16433516144752502,0.6453411877155304,HIGH,0.0009224619716405869,0.00020988870528526604,0.023698579519987106,0.0008350041462108493,0.16433516144752502,0.8096763491630554,0.0003225521359127015
ISIC_0033838,nv,nv,True,0.97555011510849,0.97555011510849,0.13487612245151745,0.97555011510849,0.012286361306905746,0.9632637538015842,VERY_HIGH,4.587466537486762e-05,9.303207480115816e-05,0.01157018169760704,0.000335021351929754,0.012286361306905746,0.97555011510849,0.00011945555888814852
ISIC_0033409,nv,nv,True,0.8340166807174683,0.8340166807174683,0.47394751047444733,0.8340166807174683,0.16168150305747986,0.6723351776599884,HIGH,3.3415122743463144e-05,0.00030133643303997815,0.0027441091369837523,0.000793915765825659,0.16168150305747986,0.8340166807174683,0.00042912279604934156
ISIC_0024359,nv,nv,True,0.9890567660331726,0.9890567660331726,0.07734495587397201,0.9890567660331726,0.0036803276743739843,0.9853764383587986,VERY_HIGH,0.0005578211275860667,0.0007565175765193999,0.0034912764094769955,0.0011878469958901405,0.0036803276743739843,0.9890567660331726,0.0012694054748862982
ISIC_0027685,nv,nv,True,0.8829074501991272,0.8829074501991272,0.5353023896611829,0.8829074501991272,0.03778276965022087,0.8451246805489063,HIGH,0.014495603740215302,0.03778276965022087,0.03126189485192299,0.002588786417618394,0.028394876047968864,0.8829074501991272,0.002568640047684312
ISIC_0028275,nv,nv,True,0.9848893880844116,0.9848893880844116,0.0964036543589141,0.9848893880844116,0.008691144175827503,0.9761982439085841,VERY_HIGH,0.00020039382798131555,0.0006661110674031079,0.0019463712815195322,0.0003503309562802315,0.008691144175827503,0.9848893880844116,0.003256377065554261
ISIC_0032091,nv,nv,True,0.9921061992645264,0.9921061992645264,0.0551413919765683,0.9921061992645264,0.0036220389883965254,0.9884841602761298,VERY_HIGH,2.1193174688960426e-05,5.369751306716353e-05,0.0026344587095081806,0.00011959941184613854,0.001442859647795558,0.9921061992645264,0.0036220389883965254
ISIC_0032435,nv,nv,True,0.9733524322509766,0.9733524322509766,0.14634264045361522,0.9733524322509766,0.017843084409832954,0.9555093478411436,VERY_HIGH,0.00014603027375414968,0.00028591344016604125,0.006893306504935026,0.001246812054887414,0.017843084409832954,0.9733524322509766,0.00023244594922289252
ISIC_0031341,nv,nv,True,0.9880083799362183,0.9880083799362183,0.07740191051278704,0.9880083799362183,0.008527103811502457,0.9794812761247158,VERY_HIGH,0.0008563380688428879,0.0003822307917289436,0.0012218654155731201,0.00039206011570058763,0.008527103811502457,0.9880083799362183,0.0006119972094893456
ISIC_0025901,nv,nv,True,0.9885460734367371,0.9885460734367371,0.08072676233718287,0.9885460734367371,0.0038851932622492313,0.9846608801744878,VERY_HIGH,0.00031274769571609795,0.0015214636223390698,0.003100572619587183,0.0038851932622492313,0.0012912494130432606,0.9885460734367371,0.0013426868245005608
ISIC_0025273,nv,nv,True,0.6969704627990723,0.6969704627990723,0.8253808298620365,0.6969704627990723,0.2429928481578827,0.4539776146411896,MODERATE,0.04010569304227829,0.004892770200967789,0.2429928481578827,0.001591555424965918,0.01071814727038145,0.6969704627990723,0.0027285609394311905
ISIC_0031720,nv,nv,True,0.9651737809181213,0.9651737809181213,0.16498888617823648,0.9651737809181213,0.03036600910127163,0.9348077718168497,VERY_HIGH,2.8513451979961246e-05,2.85649321085657e-06,0.004373195115476847,4.5033524656901136e-05,0.03036600910127163,0.9651737809181213,1.0696399840526283e-05
ISIC_0026382,nv,nv,True,0.9850398302078247,0.9850398302078247,0.09337654193321991,0.9850398302078247,0.0067779733799397945,0.9782618568278849,VERY_HIGH,3.5101711546303704e-05,0.00024845977895893157,0.0067779733799397945,0.0007549180299974978,0.006748252548277378,0.9850398302078247,0.0003954897401854396
ISIC_0027456,nv,nv,True,0.9133070111274719,0.9133070111274719,0.3603262500134409,0.9133070111274719,0.06094920262694359,0.8523578085005283,VERY_HIGH,0.0002349099813727662,0.00021139607997611165,0.06094920262694359,0.0005345728131942451,0.022476769983768463,0.9133070111274719,0.002286077942699194
ISIC_0032543,nv,nv,True,0.9764946103096008,0.9764946103096008,0.1422531806387042,0.9764946103096008,0.009728721342980862,0.96676588896662,VERY_HIGH,0.0008766427054069936,0.0002053935022559017,0.008358065038919449,0.0011017059441655874,0.009728721342980862,0.9764946103096008,0.003234933130443096
ISIC_0032301,nv,nv,True,0.9613026976585388,0.9613026976585388,0.21410939214467437,0.9613026976585388,0.01742725633084774,0.9438754413276911,VERY_HIGH,0.0024729177821427584,0.0024062148295342922,0.01742725633084774,0.0016028846148401499,0.013806303963065147,0.9613026976585388,0.000981739372946322
ISIC_0031919,nv,bkl,False,0.5584123134613037,0.12472037225961685,1.1277859416515956,0.5584123134613037,0.2559095621109009,0.30250275135040283,MODERATE,0.05555415153503418,0.0031375964172184467,0.5584123134613037,0.0012901842128485441,0.2559095621109009,0.12472037225961685,0.0009757861844263971
ISIC_0027247,nv,nv,True,0.9580285549163818,0.9580285549163818,0.19468853113119888,0.9580285549163818,0.03747472167015076,0.9205538332462311,VERY_HIGH,0.0009632269502617419,0.000896074459888041,0.0003182595537509769,0.001999710686504841,0.03747472167015076,0.9580285549163818,0.00031950516859069467
ISIC_0025895,nv,nv,True,0.9773014187812805,0.9773014187812805,0.12952429191395895,0.9773014187812805,0.015325555577874184,0.9619758632034063,VERY_HIGH,0.00029967742739245296,0.0005447695148177445,0.005358801688998938,0.0002503898576833308,0.015325555577874184,0.9773014187812805,0.0009194728336296976
ISIC_0026110,nv,nv,True,0.9203759431838989,0.9203759431838989,0.31098184015527386,0.9203759431838989,0.0728679895401001,0.8475079536437988,VERY_HIGH,0.0005870533059351146,0.0014586575562134385,0.0006009748321957886,0.001902448246255517,0.0728679895401001,0.9203759431838989,0.0022068785037845373
ISIC_0033703,nv,nv,True,0.7540145516395569,0.7540145516395569,0.6316845934973653,0.7540145516395569,0.22817188501358032,0.5258426666259766,HIGH,6.508831575047225e-05,0.014961643144488335,0.0021512233652174473,8.100371633190662e-05,0.22817188501358032,0.7540145516395569,0.0005546421743929386
ISIC_0034245,nv,nv,True,0.843879759311676,0.843879759311676,0.4773145333638472,0.843879759311676,0.14650118350982666,0.6973785758018494,HIGH,8.97769132279791e-05,0.004774099215865135,0.004568843171000481,5.2571365813491866e-05,0.14650118350982666,0.843879759311676,0.00013372230750974268
ISIC_0031676,nv,nv,True,0.9071617126464844,0.9071617126464844,0.427686846387221,0.9071617126464844,0.052051179111003876,0.8551105335354805,VERY_HIGH,0.0006751609616912901,0.004641001112759113,0.0067526171915233135,0.013882558792829514,0.014835745096206665,0.9071617126464844,0.052051179111003876
ISIC_0032151,nv,mel,False,0.6060184240341187,0.3608115613460541,0.8291872971315576,0.6060184240341187,0.3608115613460541,0.24520686268806458,MODERATE,0.005526998080313206,0.0058490862138569355,0.01610260084271431,0.004312845412641764,0.6060184240341187,0.3608115613460541,0.0013784682378172874
ISIC_0025875,nv,nv,True,0.9782758951187134,0.9782758951187134,0.13486831689841783,0.9782758951187134,0.010746297426521778,0.9675295976921916,VERY_HIGH,0.0005442487308755517,0.0011123721487820148,0.010746297426521778,0.004831924568861723,0.0016928554978221655,0.9782758951187134,0.00279650348238647
ISIC_0025056,nv,nv,True,0.9698052406311035,0.9698052406311035,0.16229342528129562,0.9698052406311035,0.022230396047234535,0.947574844583869,VERY_HIGH,6.953858974156901e-05,0.00040488396189175546,0.0013379756128415465,0.004061324987560511,0.022230396047234535,0.9698052406311035,0.002090591238811612
ISIC_0027308,nv,nv,True,0.9386252164840698,0.9386252164840698,0.2357131438967549,0.9386252164840698,0.060593150556087494,0.8780320659279823,VERY_HIGH,5.021099786972627e-05,2.0287076040403917e-05,0.0005232105613686144,4.431105116964318e-05,0.060593150556087494,0.9386252164840698,0.00014359764463733882
ISIC_0026160,nv,nv,True,0.9245160222053528,0.9245160222053528,0.3652602379085617,0.9245160222053528,0.036403004080057144,0.8881130181252956,VERY_HIGH,0.008196312934160233,0.009610575623810291,0.036403004080057144,0.0003943583578802645,0.019816143438220024,0.9245160222053528,0.0010636348742991686
ISIC_0029888,nv,nv,True,0.9777514934539795,0.9777514934539795,0.10878086334564081,0.9777514934539795,0.021898703649640083,0.9558527898043394,VERY_HIGH,2.7720116122509353e-06,1.190078637591796e-05,3.8266440242296085e-05,0.0002509948972146958,0.021898703649640083,0.9777514934539795,4.597818406182341e-05
ISIC_0028857,nv,nv,True,0.7058345675468445,0.7058345675468445,0.9465797531324656,0.7058345675468445,0.16789616644382477,0.5379384011030197,MODERATE,0.03972335904836655,0.002317828591912985,0.06686197221279144,0.01459201704710722,0.16789616644382477,0.7058345675468445,0.0027740777004510164
ISIC_0030544,nv,nv,True,0.9649133086204529,0.9649133086204529,0.16667529645910634,0.9649133086204529,0.031628843396902084,0.9332844652235508,VERY_HIGH,0.0002041502157226205,0.0024034881498664618,0.031628843396902084,5.367345511331223e-05,0.00031619402579963207,0.9649133086204529,0.00048025863361544907
ISIC_0030962,nv,nv,True,0.9750627279281616,0.9750627279281616,0.14375498192791702,0.9750627279281616,0.01634722389280796,0.9587155040353537,VERY_HIGH,0.00029092616750858724,0.01634722389280796,0.0023725065402686596,0.000278690189588815,0.0036674404982477427,0.9750627279281616,0.001980368746444583
ISIC_0024399,nv,nv,True,0.9812920093536377,0.9812920093536377,0.11964798285721673,0.9812920093536377,0.007226373068988323,0.9740656362846494,VERY_HIGH,0.0005545238382183015,0.005307619459927082,0.007226373068988323,0.003826670115813613,0.00035454813041724265,0.9812920093536377,0.0014383253874257207
ISIC_0025747,nv,nv,True,0.9631446003913879,0.9631446003913879,0.16741874868621434,0.9631446003913879,0.03504829481244087,0.9280963055789471,VERY_HIGH,4.05988612328656e-05,0.000271545781288296,0.03504829481244087,0.0002873702032957226,0.0008799912757240236,0.9631446003913879,0.00032754670246504247
ISIC_0025636,nv,nv,True,0.9839823842048645,0.9839823842048645,0.0995106878491417,0.9839823842048645,0.008001238107681274,0.9759811460971832,VERY_HIGH,0.0001902962540043518,0.000155923145939596,0.00623441394418478,0.0009185540839098394,0.008001238107681274,0.9839823842048645,0.0005172788514755666
ISIC_0030982,nv,nv,True,0.9815147519111633,0.9815147519111633,0.11513378148293771,0.9815147519111633,0.00948945339769125,0.9720252985134721,VERY_HIGH,0.00011878569785039872,0.0008950256160460413,0.001090201665647328,0.0014358446933329105,0.0054559907875955105,0.9815147519111633,0.00948945339769125
ISIC_0026111,nv,nv,True,0.9576565623283386,0.9576565623283386,0.18241235000275055,0.9576565623283386,0.04106167331337929,0.9165948890149593,VERY_HIGH,0.0007016919553279877,0.00043314503272995353,0.04106167331337929,3.2690622902009636e-05,2.255585241073277e-05,0.9576565623283386,9.168311953544617e-05
ISIC_0034080,nv,nv,True,0.6028212308883667,0.6028212308883667,0.6950774597296423,0.6028212308883667,0.3937985897064209,0.2090226411819458,MODERATE,0.000247770018177107,0.000282962282653898,0.002232200466096401,0.00034131764550693333,0.3937985897064209,0.6028212308883667,0.00027586810756474733
ISIC_0029120,nv,nv,True,0.9530041217803955,0.9530041217803955,0.1960969952460911,0.9530041217803955,0.04585295170545578,0.9071511700749397,VERY_HIGH,3.729790114448406e-05,1.7143056538770907e-05,0.0007594609051011503,0.0001548977306811139,0.04585295170545578,0.9530041217803955,0.0001741562009556219
ISIC_0031730,nv,nv,True,0.8862559795379639,0.8862559795379639,0.5143324337674046,0.8862559795379639,0.04153178259730339,0.8447241969406605,HIGH,0.029093125835061073,0.005228860303759575,0.031487904489040375,0.04153178259730339,0.004817051813006401,0.8862559795379639,0.0015853956574574113
ISIC_0031081,nv,nv,True,0.4860237240791321,0.4860237240791321,1.0377466073546655,0.4860237240791321,0.4214407801628113,0.0645829439163208,LOW,0.026758264750242233,0.0005166330956853926,0.04726126044988632,0.016325082629919052,0.4214407801628113,0.4860237240791321,0.0016742394072934985
ISIC_0027005,nv,mel,False,0.4981342554092407,0.37018194794654846,1.0760206826087915,0.4981342554092407,0.37018194794654846,0.12795230746269226,LOW,0.08626738935709,0.0003523830382619053,0.04361191391944885,0.0011644815094769,0.4981342554092407,0.37018194794654846,0.00028760661371052265
ISIC_0024534,nv,nv,True,0.9448792934417725,0.9448792934417725,0.22568246398536704,0.9448792934417725,0.0528399832546711,0.8920393101871014,VERY_HIGH,1.5904863175819628e-05,0.00012907259224448353,0.0528399832546711,0.0009859228739514947,0.0005541337886825204,0.9448792934417725,0.0005956611130386591
ISIC_0032068,nv,nv,True,0.9559340476989746,0.9559340476989746,0.19512756058098507,0.9559340476989746,0.04102785885334015,0.9149061888456345,VERY_HIGH,0.00011125784658361226,0.0002127862098859623,0.0004757894785143435,0.0019207736477255821,0.04102785885334015,0.9559340476989746,0.0003175637684762478
ISIC_0034308,nv,nv,True,0.8964639902114868,0.8964639902114868,0.4331470725072573,0.8964639902114868,0.05588587373495102,0.8405781164765358,HIGH,0.0025626355782151222,0.0014459558296948671,0.04077732190489769,0.001545236329548061,0.05588587373495102,0.8964639902114868,0.001319131813943386
ISIC_0032957,nv,nv,True,0.9246721267700195,0.9246721267700195,0.2995931144865503,0.9246721267700195,0.06704846769571304,0.8576236590743065,VERY_HIGH,0.00035912799648940563,0.0004357367579359561,0.0066257440485060215,0.00019949481065850705,0.06704846769571304,0.9246721267700195,0.0006592486170120537
ISIC_0033334,nv,nv,True,0.6585496664047241,0.6585496664047241,0.7827768264514502,0.6585496664047241,0.30506008863449097,0.35348957777023315,MODERATE,0.0011530190240591764,0.0018425192683935165,0.03021979331970215,0.0019922382198274136,0.30506008863449097,0.6585496664047241,0.001182669773697853
ISIC_0027248,nv,nv,True,0.8476688265800476,0.8476688265800476,0.5886525486671901,0.8476688265800476,0.0880444273352623,0.7596243992447853,HIGH,0.033300820738077164,0.027826426550745964,0.001058595604263246,0.0010022581554949284,0.0880444273352623,0.8476688265800476,0.001098617329262197
ISIC_0027567,nv,nv,True,0.7751128673553467,0.7751128673553467,0.759307751314167,0.7751128673553467,0.14764422178268433,0.6274686455726624,HIGH,0.03706694021821022,0.031008418649435043,0.0069054123014211655,0.0007450850098393857,0.14764422178268433,0.7751128673553467,0.0015169179532676935
ISIC_0032542,nv,mel,False,0.737164318561554,0.25826409459114075,0.6048079539193364,0.737164318561554,0.25826409459114075,0.4789002239704132,MODERATE,0.000693545036483556,0.0018379857065156102,0.0016833394765853882,0.0002863029367290437,0.737164318561554,0.25826409459114075,7.043615187285468e-05
ISIC_0034224,nv,nv,True,0.6951808929443359,0.6951808929443359,0.656187505175191,0.6951808929443359,0.29782792925834656,0.3973529636859894,MODERATE,0.0005955154774710536,0.004033998120576143,0.0017674939008429646,0.00029537786031141877,0.29782792925834656,0.6951808929443359,0.0002988596970681101
ISIC_0029325,nv,nv,True,0.9800215363502502,0.9800215363502502,0.10551825709340938,0.9800215363502502,0.018285879865288734,0.9617356564849615,VERY_HIGH,6.575624865945429e-05,8.377564518013969e-05,0.001113269361667335,0.00031926867086440325,0.018285879865288734,0.9800215363502502,0.00011055200593546033
ISIC_0025483,nv,nv,True,0.9960143566131592,0.9960143566131592,0.03151561661301897,0.9960143566131592,0.001488698530010879,0.9945256580831483,VERY_HIGH,1.3057065189059358e-05,3.913376713171601e-05,0.001488698530010879,0.0007829582900740206,0.0010934178717434406,0.9960143566131592,0.0005683667259290814
ISIC_0031307,nv,nv,True,0.9283611178398132,0.9283611178398132,0.2759906435793746,0.9283611178398132,0.0682426169514656,0.8601185008883476,VERY_HIGH,0.0016190804308280349,0.00040618187631480396,0.0009352234192192554,0.00023785109806340188,0.0682426169514656,0.9283611178398132,0.0001979572552954778
ISIC_0030194,nv,nv,True,0.4938456416130066,0.4938456416130066,0.7590529091621013,0.4938456416130066,0.4919203519821167,0.0019252896308898926,LOW,0.00012167877139290795,8.34528782434063e-06,0.014057287946343422,2.2862761397846043e-05,0.4919203519821167,0.4938456416130066,2.3866559786256403e-05
ISIC_0027103,nv,nv,True,0.7998743653297424,0.7998743653297424,0.6203145405721673,0.7998743653297424,0.14453434944152832,0.6553400158882141,HIGH,0.00012237054761499166,2.515413871151395e-05,0.055397409945726395,1.5679688658565283e-05,0.14453434944152832,0.7998743653297424,3.069934246013872e-05
ISIC_0029798,nv,nv,True,0.9183014035224915,0.9183014035224915,0.4174719916842909,0.9183014035224915,0.024305185303092003,0.8939962182193995,VERY_HIGH,0.009055615402758121,0.014944772236049175,0.024305185303092003,0.00338383624330163,0.02018909901380539,0.9183014035224915,0.009820183739066124
ISIC_0028950,nv,nv,True,0.9860751032829285,0.9860751032829285,0.08196306686485869,0.9860751032829285,0.011796810664236546,0.9742782926186919,VERY_HIGH,0.00014736228331457824,0.0003320860560052097,0.0011704688658937812,9.74005160969682e-05,0.011796810664236546,0.9860751032829285,0.000380738521926105
ISIC_0026616,nv,nv,True,0.985691487789154,0.985691487789154,0.09293672960779287,0.985691487789154,0.006799036171287298,0.9788924516178668,VERY_HIGH,0.0008136166725307703,0.004573581274598837,0.006799036171287298,6.310806929832324e-05,0.0016532093286514282,0.985691487789154,0.0004059283819515258
ISIC_0026987,nv,nv,True,0.8712751865386963,0.8712751865386963,0.4247423793370736,0.8712751865386963,0.12082846462726593,0.7504467219114304,HIGH,0.0005722569767385721,0.0005524881416931748,0.0032674844842404127,0.001993475714698434,0.12082846462726593,0.8712751865386963,0.0015106440987437963
ISIC_0026674,nv,nv,True,0.6061141490936279,0.6061141490936279,0.720214384759919,0.6061141490936279,0.38602280616760254,0.2200913429260254,MODERATE,0.0012775689829140902,0.000751044019125402,0.0036465702578425407,0.001042721327394247,0.38602280616760254,0.6061141490936279,0.0011452054604887962
ISIC_0025533,nv,nv,True,0.8402390480041504,0.8402390480041504,0.48566884261090987,0.8402390480041504,0.1512361764907837,0.6890028715133667,HIGH,0.0014711290132254362,0.0010847426019608974,0.0020990795455873013,0.001088988035917282,0.1512361764907837,0.8402390480041504,0.0027808286249637604
ISIC_0029178,nv,nv,True,0.9844388365745544,0.9844388365745544,0.1032060458639713,0.9844388365745544,0.006098771933466196,0.9783400646410882,VERY_HIGH,0.0014829373685643077,0.004929299000650644,0.006098771933466196,0.001524045947007835,0.0008907061419449747,0.9844388365745544,0.0006353168864734471
ISIC_0030385,nv,nv,True,0.9738274216651917,0.9738274216651917,0.14522331020928506,0.9738274216651917,0.01907372660934925,0.9547536950558424,VERY_HIGH,0.0035328096710145473,0.0010858966270461679,0.01907372660934925,0.001947196084074676,0.000341692561050877,0.9738274216651917,0.00019129813881590962
ISIC_0030120,nv,nv,True,0.959013044834137,0.959013044834137,0.22025291235871608,0.959013044834137,0.020388120785355568,0.9386249240487814,VERY_HIGH,0.0011054800124838948,0.012190664187073708,0.0062568578869104385,0.0007962473900988698,0.020388120785355568,0.959013044834137,0.00024957358255051076
ISIC_0030000,nv,nv,True,0.9768012762069702,0.9768012762069702,0.13559917208912298,0.9768012762069702,0.013894257135689259,0.962907019071281,VERY_HIGH,0.0005205725319683552,0.0004909465787932277,0.013894257135689259,0.0018348073353990912,0.006075140088796616,0.9768012762069702,0.0003830970963463187
ISIC_0025639,nv,nv,True,0.9412644505500793,0.9412644505500793,0.26675541943129605,0.9412644505500793,0.04790389537811279,0.8933605551719666,VERY_HIGH,0.0021875256206840277,0.0046355160884559155,0.0019418291049078107,0.00039605057099834085,0.04790389537811279,0.9412644505500793,0.0016706950264051557
ISIC_0026627,nv,nv,True,0.9891601204872131,0.9891601204872131,0.0664260125218107,0.9891601204872131,0.009183540940284729,0.9799765795469284,VERY_HIGH,3.003212987096049e-05,0.00011602784798014909,0.00016458706522826105,0.0008657497819513083,0.009183540940284729,0.9891601204872131,0.0004799836897291243
ISIC_0027695,nv,nv,True,0.9699848294258118,0.9699848294258118,0.1725202112113507,0.9699848294258118,0.018178319558501244,0.9518065098673105,VERY_HIGH,0.0014301069313660264,0.004871174693107605,0.0015645415987819433,0.0021094370167702436,0.018178319558501244,0.9699848294258118,0.001861571567133069
ISIC_0029852,nv,nv,True,0.8902183771133423,0.8902183771133423,0.4751736013932878,0.8902183771133423,0.043340928852558136,0.8468774482607841,HIGH,0.0011470230529084802,0.00038345492794178426,0.037840720266103745,0.0006943472544662654,0.026375191286206245,0.8902183771133423,0.043340928852558136
ISIC_0032291,nv,nv,True,0.5972490906715393,0.5972490906715393,1.0342885886553665,0.5972490906715393,0.2177930325269699,0.3794560581445694,MODERATE,0.014100925996899605,0.16472020745277405,0.0008288269746117294,0.0023290470708161592,0.2177930325269699,0.5972490906715393,0.0029788967221975327
ISIC_0031898,nv,nv,True,0.9818823933601379,0.9818823933601379,0.11124669125815881,0.9818823933601379,0.009600220248103142,0.9722821731120348,VERY_HIGH,5.314415102475323e-05,0.00015317817451432347,0.0006705942214466631,0.002308821538463235,0.009600220248103142,0.9818823933601379,0.005331599153578281
ISIC_0025625,nv,nv,True,0.983731746673584,0.983731746673584,0.10728582765774926,0.983731746673584,0.007644078694283962,0.9760876679793,VERY_HIGH,0.001050804858095944,0.0031741028651595116,0.007644078694283962,0.0010799341835081577,0.002224553842097521,0.983731746673584,0.0010948003036901355
ISIC_0024939,nv,nv,True,0.9743745923042297,0.9743745923042297,0.15088883188179697,0.9743745923042297,0.01120069157332182,0.9631739007309079,VERY_HIGH,0.0006000259891152382,0.0034799925051629543,0.0004878176550846547,0.00046638891217298806,0.009390569292008877,0.9743745923042297,0.01120069157332182
ISIC_0032251,nv,bcc,False,0.8267565965652466,0.020466305315494537,0.7475599344293281,0.8267565965652466,0.04387001320719719,0.7828865833580494,HIGH,0.03953661397099495,0.8267565965652466,0.02279282547533512,0.041146714240312576,0.005430980119854212,0.020466305315494537,0.04387001320719719
ISIC_0032253,nv,bcc,False,0.7746288180351257,0.04772802069783211,0.8398778490730053,0.7746288180351257,0.10975848138332367,0.6648703366518021,HIGH,0.10975848138332367,0.7746288180351257,0.03758009523153305,0.019726714119315147,0.0022536253090947866,0.04772802069783211,0.008324314840137959
ISIC_0026182,nv,nv,True,0.9587168097496033,0.9587168097496033,0.23251103821121352,0.9587168097496033,0.018510350957512856,0.9402064587920904,VERY_HIGH,0.000979098491370678,0.003417389467358589,0.009556268341839314,0.003417389467358589,0.018510350957512856,0.9587168097496033,0.005402624141424894
ISIC_0025061,nv,nv,True,0.7721981406211853,0.7721981406211853,0.571772494121556,0.7721981406211853,0.22210438549518585,0.5500937551259995,HIGH,0.0006692885071970522,0.0007222614367492497,0.002177434740588069,0.0013258499093353748,0.22210438549518585,0.7721981406211853,0.0008025995921343565
ISIC_0031524,nv,nv,True,0.6051331758499146,0.6051331758499146,0.7425829807647796,0.6051331758499146,0.38239890336990356,0.222734272480011,MODERATE,0.0015235964674502611,0.0012459543067961931,0.0016831769607961178,0.006821620278060436,0.38239890336990356,0.6051331758499146,0.0011935511138290167
ISIC_0029478,nv,nv,True,0.9941437840461731,0.9941437840461731,0.04553327395910544,0.9941437840461731,0.001851042383350432,0.9922927416628227,VERY_HIGH,0.00032513696351088583,0.0005991875077597797,0.001851042383350432,0.0007115527405403554,0.0007922456134110689,0.9941437840461731,0.0015771080506965518
ISIC_0030787,nv,nv,True,0.9519932866096497,0.9519932866096497,0.23125965849597002,0.9519932866096497,0.032039083540439606,0.91995420306921,VERY_HIGH,6.960774044273421e-05,0.00044251978397369385,0.00014116184320300817,0.013840525411069393,0.032039083540439606,0.9519932866096497,0.0014738158788532019
ISIC_0030980,nv,nv,True,0.9155622124671936,0.9155622124671936,0.33869557544331186,0.9155622124671936,0.06816165149211884,0.8474005609750748,VERY_HIGH,9.950334060704336e-06,5.033496199757792e-05,0.013768657110631466,0.000135230555315502,0.002311954041942954,0.9155622124671936,0.06816165149211884
ISIC_0024597,nv,nv,True,0.9012312293052673,0.9012312293052673,0.415163112825476,0.9012312293052673,0.053128164261579514,0.8481030650436878,VERY_HIGH,0.0006475758855231106,0.0008990700589492917,0.053128164261579514,0.0012169405817985535,0.0031441976316273212,0.9012312293052673,0.0397329144179821
ISIC_0026680,nv,nv,True,0.9605504274368286,0.9605504274368286,0.22292915742964337,0.9605504274368286,0.014989504590630531,0.9455609228461981,VERY_HIGH,0.0016949662240222096,0.0018945680931210518,0.013286450877785683,0.005762062966823578,0.014989504590630531,0.9605504274368286,0.0018219882622361183
ISIC_0031607,nv,nv,True,0.9841518402099609,0.9841518402099609,0.08946100422143316,0.9841518402099609,0.014024470001459122,0.9701273702085018,VERY_HIGH,5.3475469030672684e-05,0.00011188864300493151,0.000779700989369303,0.0005306723178364336,0.014024470001459122,0.9841518402099609,0.0003480234299786389
ISIC_0031992,nv,nv,True,0.9888140559196472,0.9888140559196472,0.07380678901756633,0.9888140559196472,0.0071986885741353035,0.9816153673455119,VERY_HIGH,0.0004481118230614811,0.0021842485293745995,0.00021458689298015088,0.0005901834811083972,0.0071986885741353035,0.9888140559196472,0.000550111464690417
ISIC_0026169,nv,nv,True,0.9693110585212708,0.9693110585212708,0.15259537222336375,0.9693110585212708,0.026729431003332138,0.9425816275179386,VERY_HIGH,4.629907925846055e-05,0.0002674756105989218,0.0006243335083127022,0.00021241875947453082,0.026729431003332138,0.9693110585212708,0.0028090199921280146
ISIC_0028697,nv,nv,True,0.9151890277862549,0.9151890277862549,0.3467190435028764,0.9151890277862549,0.06167415529489517,0.8535148724913597,VERY_HIGH,0.0002525409508962184,0.0003850789798889309,0.02184811793267727,0.0004954178584739566,0.06167415529489517,0.9151890277862549,0.0001555859635118395
ISIC_0024869,nv,mel,False,0.6167556047439575,0.37997210025787354,0.6885947801412475,0.6167556047439575,0.37997210025787354,0.23678350448608398,MODERATE,0.0001617633388377726,0.0006917740684002638,0.001766506815329194,0.00043205643305554986,0.6167556047439575,0.37997210025787354,0.00022024224745109677
ISIC_0024723,nv,nv,True,0.5233004689216614,0.5233004689216614,0.7016546126169962,0.5233004689216614,0.47554081678390503,0.04775965213775635,MODERATE,9.107297955779359e-05,0.0006560719339177012,0.00013671671331394464,0.00019092780712526292,0.47554081678390503,0.5233004689216614,8.39003550936468e-05
ISIC_0025684,nv,nv,True,0.5460732579231262,0.5460732579231262,1.0597744584461086,0.5460732579231262,0.28973427414894104,0.2563389837741852,MODERATE,0.010299032554030418,0.0030503403395414352,0.14704538881778717,0.0019656047224998474,0.28973427414894104,0.5460732579231262,0.0018321452662348747
ISIC_0032616,nv,nv,True,0.9813629388809204,0.9813629388809204,0.1077829323962183,0.9813629388809204,0.011979306116700172,0.9693836327642202,VERY_HIGH,1.3964820027467795e-05,7.432269921991974e-05,0.00042937154648825526,0.0001920268259709701,0.005948129575699568,0.9813629388809204,0.011979306116700172
ISIC_0024892,nv,nv,True,0.9763932228088379,0.9763932228088379,0.1407071507286134,0.9763932228088379,0.014341568574309349,0.9620516542345285,VERY_HIGH,0.0005884889396838844,0.002264738315716386,0.003867527237161994,0.0008973384974524379,0.014341568574309349,0.9763932228088379,0.0016472376883029938
ISIC_0026425,nv,nv,True,0.9443492293357849,0.9443492293357849,0.24588140453069862,0.9443492293357849,0.04706231504678726,0.8972869142889977,VERY_HIGH,1.7120602933573537e-05,9.147482342086732e-05,0.005782250314950943,0.0004287979390937835,0.04706231504678726,0.9443492293357849,0.0022687886375933886
ISIC_0030614,nv,nv,True,0.9854722619056702,0.9854722619056702,0.0868737513021002,0.9854722619056702,0.011090186424553394,0.9743820754811168,VERY_HIGH,1.5281721061910503e-05,0.000600962492171675,0.00021427978936117142,0.00015224417438730597,0.002454698085784912,0.9854722619056702,0.011090186424553394
ISIC_0032073,nv,nv,True,0.5717523694038391,0.5717523694038391,0.8654569855396769,0.5717523694038391,0.3853587508201599,0.1863936185836792,MODERATE,0.00015291752060875297,0.002862888155505061,0.00900102686136961,0.003288734471425414,0.02758333645761013,0.5717523694038391,0.3853587508201599
ISIC_0027658,nv,nv,True,0.8726869225502014,0.8726869225502014,0.5695777174486522,0.8726869225502014,0.060410723090171814,0.8122761994600296,HIGH,0.01628316007554531,0.01694835163652897,0.060410723090171814,0.0034365481697022915,0.01935562677681446,0.8726869225502014,0.010878750123083591
ISIC_0028678,nv,nv,True,0.9432927370071411,0.9432927370071411,0.2901495152824398,0.9432927370071411,0.03314009681344032,0.9101526401937008,VERY_HIGH,0.003537566866725683,0.0030317569617182016,0.03314009681344032,0.0012515423586592078,0.008257281966507435,0.9432927370071411,0.007489028386771679
ISIC_0025430,nv,nv,True,0.9879450798034668,0.9879450798034668,0.08067884741302733,0.9879450798034668,0.006448766216635704,0.9814963135868311,VERY_HIGH,0.00018446226022206247,0.0020521115511655807,0.0005839343648403883,0.002385145053267479,0.0004005487426184118,0.9879450798034668,0.006448766216635704
ISIC_0032483,nv,nv,True,0.7533895969390869,0.7533895969390869,0.5698585979863158,0.7533895969390869,0.24506795406341553,0.5083216428756714,HIGH,0.00019415677525103092,0.00011041132529499009,7.045639358693734e-05,0.0008566597825847566,0.24506795406341553,0.7533895969390869,0.0003108681703452021
ISIC_0028902,nv,nv,True,0.9725921154022217,0.9725921154022217,0.13955760696115932,0.9725921154022217,0.02378433756530285,0.9488077778369188,VERY_HIGH,4.2464038415346295e-05,0.00013761209265794605,0.0024897726252675056,0.00013815068814437836,0.02378433756530285,0.9725921154022217,0.0008154464885592461
ISIC_0027597,nv,nv,True,0.9325962066650391,0.9325962066650391,0.3236245887462201,0.9325962066650391,0.04473977908492088,0.8878564275801182,VERY_HIGH,0.003947682213038206,0.008488851599395275,0.0047063366509974,0.003963132854551077,0.04473977908492088,0.9325962066650391,0.001558059360831976
ISIC_0030667,nv,nv,True,0.9597968459129333,0.9597968459129333,0.19841294658635247,0.9597968459129333,0.03163056820631027,0.9281662777066231,VERY_HIGH,0.0023467931896448135,0.00026125385193154216,0.005051329266279936,0.0008110300404950976,0.03163056820631027,0.9597968459129333,0.00010230847692582756
ISIC_0030799,nv,nv,True,0.9359594583511353,0.9359594583511353,0.24367408117760597,0.9359594583511353,0.06319718062877655,0.8727622777223587,VERY_HIGH,0.00016067852266132832,9.650935680838302e-05,0.00033292631269432604,7.256507524289191e-05,0.06319718062877655,0.9359594583511353,0.00018065572658088058
ISIC_0026371,nv,bkl,False,0.5380261540412903,0.30387547612190247,1.1068057977917496,0.5380261540412903,0.30387547612190247,0.23415067791938782,MODERATE,0.06010017171502113,0.0014058492379263043,0.5380261540412903,0.000958705903030932,0.09533894062042236,0.30387547612190247,0.00029468198772519827
ISIC_0024857,nv,nv,True,0.6040881276130676,0.6040881276130676,0.7384835372473771,0.6040881276130676,0.3809935748577118,0.22309455275535583,MODERATE,0.0009117643930949271,3.7916848327768093e-07,0.3809935748577118,1.729708310449496e-05,0.013983120210468769,0.6040881276130676,5.726296876673587e-06
ISIC_0027518,nv,nv,True,0.9886807203292847,0.9886807203292847,0.06587726369857173,0.9886807203292847,0.010449632070958614,0.978231088258326,VERY_HIGH,4.324441761127673e-06,0.00044848918332718313,8.907905794330873e-06,5.488821261678822e-05,0.010449632070958614,0.9886807203292847,0.00035305600613355637
ISIC_0026710,nv,nv,True,0.9561506509780884,0.9561506509780884,0.2219234806184244,0.9561506509780884,0.02160923182964325,0.9345414191484451,VERY_HIGH,0.00023743393830955029,0.00012414522643666714,0.02160923182964325,0.0012081465683877468,0.019394345581531525,0.9561506509780884,0.001276056980714202
ISIC_0027922,nv,nv,True,0.7775745987892151,0.7775745987892151,0.5684463857297459,0.7775745987892151,0.21424433588981628,0.5633302628993988,HIGH,0.00044894643360748887,0.00011351143621141091,0.007390339858829975,2.582737033662852e-05,0.21424433588981628,0.7775745987892151,0.000202356037334539
ISIC_0025184,nv,nv,True,0.6095184087753296,0.6095184087753296,0.752790546664036,0.6095184087753296,0.37259113788604736,0.23692727088928223,MODERATE,0.002340042730793357,9.545984357828274e-05,0.014654741622507572,0.0002940370177384466,0.37259113788604736,0.6095184087753296,0.0005060696857981384
ISIC_0025613,nv,nv,True,0.9822743535041809,0.9822743535041809,0.10412237804764549,0.9822743535041809,0.012812139466404915,0.969462214037776,VERY_HIGH,0.00018996592552866787,8.663365588290617e-05,0.0005317330360412598,0.0034979439806193113,0.012812139466404915,0.9822743535041809,0.0006072581745684147
ISIC_0030940,nv,nv,True,0.5246301889419556,0.5246301889419556,1.1093775205871903,0.5246301889419556,0.33185091614723206,0.1927792727947235,MODERATE,0.05481844022870064,0.007966088131070137,0.33185091614723206,0.0004028538824059069,0.08011164516210556,0.5246301889419556,0.00021988508524373174
ISIC_0025410,nv,nv,True,0.9446353912353516,0.9446353912353516,0.24319860957348693,0.9446353912353516,0.048145927488803864,0.8964894637465477,VERY_HIGH,0.00015204542432911694,0.0001265434257220477,0.048145927488803864,0.0021507961209863424,0.0007513229502364993,0.9446353912353516,0.004037884529680014
ISIC_0024912,nv,nv,True,0.9625601768493652,0.9625601768493652,0.17249749404196343,0.9625601768493652,0.03489047288894653,0.9276697039604187,VERY_HIGH,0.0011950527550652623,0.0004413560382090509,0.0005601099692285061,0.00014957839448470622,0.03489047288894653,0.9625601768493652,0.00020325498189777136
ISIC_0031731,nv,nv,True,0.9844306111335754,0.9844306111335754,0.1022501192873664,0.9844306111335754,0.007713271304965019,0.9767173398286104,VERY_HIGH,0.0005898668896406889,0.0030937008559703827,0.0006015009712427855,0.001512173330411315,0.007713271304965019,0.9844306111335754,0.0020588375627994537
ISIC_0026414,nv,mel,False,0.6559270620346069,0.2614198625087738,0.8416167280707291,0.6559270620346069,0.2614198625087738,0.39450719952583313,MODERATE,0.0011328328400850296,3.078439840464853e-05,0.08122169971466064,0.0001900563365779817,0.6559270620346069,0.2614198625087738,7.76948727434501e-05
ISIC_0025468,nv,nv,True,0.9843295216560364,0.9843295216560364,0.09571107191346102,0.9843295216560364,0.011175795458257198,0.9731537261977792,VERY_HIGH,0.000303013832308352,0.00024973967811092734,0.011175795458257198,0.0018327689031139016,0.0018061174778267741,0.9843295216560364,0.000303013832308352
ISIC_0028910,nv,nv,True,0.9138738512992859,0.9138738512992859,0.3569524689940647,0.9138738512992859,0.07012712955474854,0.8437467217445374,VERY_HIGH,0.0007707182667218149,0.0021955720148980618,0.004670776426792145,0.0017233241815119982,0.07012712955474854,0.9138738512992859,0.006638512015342712
ISIC_0027186,nv,nv,True,0.8763023018836975,0.8763023018836975,0.4511595468440276,0.8763023018836975,0.10333910584449768,0.7729631960391998,HIGH,0.0004942283849231899,0.0013278003316372633,0.10333910584449768,0.012783714570105076,0.0011902324622496963,0.8763023018836975,0.004562627524137497
ISIC_0029834,nv,nv,True,0.8135517239570618,0.8135517239570618,0.6268627935094423,0.8135517239570618,0.14262211322784424,0.6709296107292175,HIGH,0.014900719746947289,0.002044352935627103,0.02479005791246891,0.0013968531275168061,0.14262211322784424,0.8135517239570618,0.000694198883138597
ISIC_0033026,nv,nv,True,0.7751486301422119,0.7751486301422119,0.721832867064285,0.7751486301422119,0.1564081311225891,0.6187404990196228,HIGH,0.0033004882279783487,0.00046446596388705075,0.1564081311225891,0.005111895967274904,0.05471707880496979,0.7751486301422119,0.004849307704716921
ISIC_0033774,nv,nv,True,0.6042690277099609,0.6042690277099609,0.750970548886525,0.6042690277099609,0.3818528354167938,0.22241619229316711,MODERATE,0.00534670427441597,0.0006582002388313413,0.004119526594877243,0.0016742204315960407,0.3818528354167938,0.6042690277099609,0.002079535275697708
ISIC_0029949,nv,nv,True,0.9913210272789001,0.9913210272789001,0.05398336074953954,0.9913210272789001,0.007786245085299015,0.9835347821936011,VERY_HIGH,9.509159281151369e-05,0.0003827640612144023,0.00011182665184605867,0.00022589604486711323,0.007786245085299015,0.9913210272789001,7.71580744185485e-05
ISIC_0031965,nv,df,False,0.9007636904716492,0.0715244859457016,0.4148827133236984,0.9007636904716492,0.0715244859457016,0.8292392045259476,VERY_HIGH,0.002362885745242238,0.0019704126752913,0.007324547041207552,0.9007636904716492,0.0007976751076057553,0.0715244859457016,0.015256351791322231
ISIC_0025148,nv,nv,True,0.9363881349563599,0.9363881349563599,0.3425582178912523,0.9363881349563599,0.022565994411706924,0.9138221405446529,VERY_HIGH,0.006421220488846302,0.0072761960327625275,0.022565994411706924,0.007617945317178965,0.0066574797965586185,0.9363881349563599,0.013072957284748554
ISIC_0032956,nv,nv,True,0.663215696811676,0.663215696811676,0.9426837065518368,0.663215696811676,0.1898290067911148,0.4733866900205612,MODERATE,0.022331248968839645,0.0005474363570101559,0.1898290067911148,0.0007252352661453187,0.1229824498295784,0.663215696811676,0.00036896983510814607
ISIC_0030833,nv,bkl,False,0.5321873426437378,0.4343586564064026,0.8522369102013794,0.5321873426437378,0.4343586564064026,0.0978286862373352,MODERATE,0.014747271314263344,0.0011217457940801978,0.5321873426437378,0.004184103570878506,0.012285759672522545,0.4343586564064026,0.0011151921935379505
ISIC_0031880,nv,nv,True,0.7691534757614136,0.7691534757614136,0.6278325003748253,0.7691534757614136,0.20965971052646637,0.5594937652349472,HIGH,0.0026110270991921425,0.0005388159188441932,0.20965971052646637,0.0009512086398899555,0.01646195910871029,0.7691534757614136,0.0006238178466446698
ISIC_0029677,nv,nv,True,0.9058013558387756,0.9058013558387756,0.43790309089435864,0.9058013558387756,0.03531087562441826,0.8704904802143574,VERY_HIGH,0.01522414293140173,0.034615226089954376,0.0061211478896439075,0.0009107163641601801,0.03531087562441826,0.9058013558387756,0.002016570186242461
ISIC_0031405,nv,nv,True,0.5013619065284729,0.5013619065284729,0.7602497443175124,0.5013619065284729,0.4868866205215454,0.01447528600692749,MODERATE,0.00017729548562783748,0.00021893071243539453,0.0026309057138860226,0.007627661339938641,0.4868866205215454,0.5013619065284729,0.0010967246489599347
ISIC_0027309,nv,nv,True,0.9465979337692261,0.9465979337692261,0.26211931320852383,0.9465979337692261,0.031632743775844574,0.9149651899933815,VERY_HIGH,0.001035117544233799,0.002026661764830351,0.017018819227814674,0.0010150965536013246,0.031632743775844574,0.9465979337692261,0.0006735639180988073
ISIC_0030895,nv,nv,True,0.9795928001403809,0.9795928001403809,0.1296316305615815,0.9795928001403809,0.009538163430988789,0.9700546367093921,VERY_HIGH,0.0013916587922722101,0.0017523630522191525,0.003914454951882362,0.0030815054196864367,0.009538163430988789,0.9795928001403809,0.0007290682406164706
ISIC_0025634,nv,nv,True,0.9791396856307983,0.9791396856307983,0.10338264800677331,0.9791396856307983,0.02054087072610855,0.9585988149046898,VERY_HIGH,7.604989605169976e-06,1.5302610336220823e-05,0.02054087072610855,0.00013639066310133785,0.0001396250881953165,0.9791396856307983,2.043166387011297e-05
ISIC_0024390,nv,nv,True,0.9459392428398132,0.9459392428398132,0.2825511319471044,0.9459392428398132,0.025586655363440514,0.9203525874763727,VERY_HIGH,0.008369877003133297,0.00296404049731791,0.025586655363440514,0.0010343972826376557,0.014468914829194546,0.9459392428398132,0.0016368986107409
ISIC_0025742,nv,nv,True,0.934289276599884,0.934289276599884,0.29788104363564233,0.934289276599884,0.04423397779464722,0.8900552988052368,VERY_HIGH,0.001122071873396635,0.0012493189424276352,0.018016710877418518,0.0003455708210822195,0.04423397779464722,0.934289276599884,0.0007430941332131624
ISIC_0032141,nv,nv,True,0.948512852191925,0.948512852191925,0.26715857766619816,0.948512852191925,0.02790406346321106,0.920608788728714,VERY_HIGH,0.01239747740328312,0.004786659963428974,0.02790406346321106,0.0006503394688479602,0.00470325443893671,0.948512852191925,0.0010453464929014444
ISIC_0029440,nv,nv,True,0.7636885046958923,0.7636885046958923,0.8743926306209759,0.7636885046958923,0.09314487874507904,0.6705436259508133,HIGH,0.06460626423358917,0.0539739653468132,0.09314487874507904,0.008368613198399544,0.014249397441744804,0.7636885046958923,0.0019684028811752796
ISIC_0024308,nv,nv,True,0.9070603847503662,0.9070603847503662,0.32403451144512974,0.9070603847503662,0.08981114625930786,0.8172492384910583,VERY_HIGH,2.56696166616166e-05,4.265397728886455e-05,0.00291246036067605,5.20570065418724e-05,0.08981114625930786,0.9070603847503662,9.574748401064426e-05
ISIC_0026936,nv,nv,True,0.9227473139762878,0.9227473139762878,0.3424322054756892,0.9227473139762878,0.057933107018470764,0.8648142069578171,VERY_HIGH,0.000983739155344665,0.002269462216645479,0.057933107018470764,0.007595460396260023,0.00246829423122108,0.9227473139762878,0.00600263848900795
ISIC_0029140,nv,nv,True,0.9376199245452881,0.9376199245452881,0.23724566283051696,0.9376199245452881,0.06172207370400429,0.8758978508412838,VERY_HIGH,4.683607585320715e-06,4.0691888898436446e-06,0.0006353810895234346,8.382112355320714e-06,0.06172207370400429,0.9376199245452881,5.518638772628037e-06
ISIC_0030557,nv,nv,True,0.9355778694152832,0.9355778694152832,0.25306743713750546,0.9355778694152832,0.06158764660358429,0.8739902228116989,VERY_HIGH,4.189214905636618e-06,2.5363082386320457e-05,0.0017033052863553166,0.00014063743583392352,0.06158764660358429,0.9355778694152832,0.0009610824636183679
ISIC_0027963,nv,nv,True,0.9419156908988953,0.9419156908988953,0.25762738881207436,0.9419156908988953,0.048242293298244476,0.8936733976006508,VERY_HIGH,0.0007261105929501355,0.0003608576371334493,0.0070113143883645535,0.0012327457079663873,0.048242293298244476,0.9419156908988953,0.0005108826444484293
ISIC_0026225,nv,nv,True,0.9829490184783936,0.9829490184783936,0.09890442038326842,0.9829490184783936,0.013284556567668915,0.9696644619107246,VERY_HIGH,5.7854363149090204e-06,3.3163090847665444e-05,0.002300071297213435,0.00041358996531926095,0.013284556567668915,0.9829490184783936,0.001013697125017643
ISIC_0032651,nv,nv,True,0.9444566369056702,0.9444566369056702,0.22046303227766453,0.9444566369056702,0.054546158760786057,0.8899104781448841,VERY_HIGH,2.3587308533024043e-05,8.661647734697908e-05,5.86076348554343e-05,0.00010821784962899983,0.054546158760786057,0.9444566369056702,0.0007202901761047542
ISIC_0033699,nv,nv,True,0.9551461338996887,0.9551461338996887,0.18662497898752334,0.9551461338996887,0.04432513192296028,0.9108210019767284,VERY_HIGH,4.353328768047504e-05,6.04399865551386e-05,0.0002767557161860168,2.66113638645038e-05,0.04432513192296028,0.9551461338996887,0.00012137882731622085
ISIC_0033915,nv,nv,True,0.5939316153526306,0.5939316153526306,0.7401688595612668,0.5939316153526306,0.3925648331642151,0.20136678218841553,MODERATE,0.00035449396818876266,0.0004826467775274068,0.012317631393671036,0.00013041103375144303,0.3925648331642151,0.5939316153526306,0.0002183973992941901
ISIC_0030136,nv,nv,True,0.9254920482635498,0.9254920482635498,0.29130744259393065,0.9254920482635498,0.0679653063416481,0.8575267419219017,VERY_HIGH,0.00011738094326574355,0.0004227049939800054,0.00557076558470726,0.00021338131045922637,0.0679653063416481,0.9254920482635498,0.00021844152070116252
ISIC_0030400,nv,nv,True,0.9911338686943054,0.9911338686943054,0.058442853265534694,0.9911338686943054,0.00631200335919857,0.9848218653351068,VERY_HIGH,2.5340048523503356e-05,9.866804612101987e-05,0.00631200335919857,0.0016301848227158189,0.0007025044760666788,0.9911338686943054,9.751852485351264e-05
ISIC_0029999,nv,nv,True,0.9437179565429688,0.9437179565429688,0.23697063631708706,0.9437179565429688,0.05160287395119667,0.8921150825917721,VERY_HIGH,0.00011969255865551531,0.00010940785432467237,0.0032924246042966843,0.0008965895976871252,0.05160287395119667,0.9437179565429688,0.00026092244661413133
ISIC_0029354,nv,mel,False,0.5620850324630737,0.38480889797210693,0.856222061167787,0.5620850324630737,0.38480889797210693,0.1772761344909668,MODERATE,0.0006491972017101943,0.0006158491596579552,0.05152178555727005,0.000176099463715218,0.5620850324630737,0.38480889797210693,0.000143167853821069
ISIC_0031748,nv,nv,True,0.5753369927406311,0.5753369927406311,0.8521989321325806,0.5753369927406311,0.36857470870018005,0.20676228404045105,MODERATE,0.00025518995244055986,0.00028579914942383766,0.05537541210651398,5.225160566624254e-05,0.36857470870018005,0.5753369927406311,0.00011960510892095044
ISIC_0031491,nv,nv,True,0.947588324546814,0.947588324546814,0.28904441769977174,0.947588324546814,0.015316338278353214,0.9322719862684608,VERY_HIGH,0.011118469759821892,0.008222298696637154,0.013359148055315018,0.002432881621643901,0.015316338278353214,0.947588324546814,0.0019625267013907433
ISIC_0029118,nv,nv,True,0.7821505069732666,0.7821505069732666,0.7498798324536783,0.7821505069732666,0.1357184201478958,0.6464320868253708,HIGH,0.0015639325138181448,0.002588580595329404,0.05562398582696915,0.1357184201478958,0.011853154748678207,0.7821505069732666,0.010501313023269176
ISIC_0031954,nv,nv,True,0.9747536182403564,0.9747536182403564,0.139438248001493,0.9747536182403564,0.016673577949404716,0.9580800402909517,VERY_HIGH,7.557278877357021e-05,0.000613295123912394,0.000288007635390386,0.0004053633310832083,0.016673577949404716,0.9747536182403564,0.007190501783043146
ISIC_0032037,nv,nv,True,0.9816259145736694,0.9816259145736694,0.12121814667111976,0.9816259145736694,0.0052990661934018135,0.9763268483802676,VERY_HIGH,0.00099275226239115,0.0052990661934018135,0.004414583556354046,0.0036993445828557014,0.0006587373791262507,0.9816259145736694,0.0033096005208790302
ISIC_0031456,nv,nv,True,0.7735635042190552,0.7735635042190552,0.5992768861636627,0.7735635042190552,0.21439170837402344,0.5591717958450317,HIGH,0.0012188195250928402,0.0010104369139298797,0.005196982063353062,0.00242865108884871,0.21439170837402344,0.7735635042190552,0.002189822029322386
ISIC_0030303,nv,bkl,False,0.506393313407898,0.4841485619544983,0.7529088966304783,0.506393313407898,0.4841485619544983,0.022244751453399658,MODERATE,0.004471936263144016,0.0011142406146973372,0.506393313407898,0.0006299345404841006,0.0019941229838877916,0.4841485619544983,0.0012478901771828532
ISIC_0030930,nv,nv,True,0.745005190372467,0.745005190372467,0.615259008252715,0.745005190372467,0.245676651597023,0.49932853877544403,MODERATE,0.00041044430690817535,0.00028822015156038105,0.0073144808411598206,0.0006054137484170496,0.245676651597023,0.745005190372467,0.0006995542207732797
ISIC_0028488,nv,nv,True,0.8655142188072205,0.8655142188072205,0.49086975014457707,0.8655142188072205,0.10028843581676483,0.7652257829904556,HIGH,0.0013478086329996586,0.002712033689022064,0.02921411395072937,0.00037354262894950807,0.10028843581676483,0.8655142188072205,0.0005499079707078636
ISIC_0029981,nv,nv,True,0.9586238861083984,0.9586238861083984,0.20464066508322387,0.9586238861083984,0.03322950750589371,0.9253943786025047,VERY_HIGH,0.0010836581932380795,0.0008690448012202978,0.03322950750589371,0.0016235894290730357,0.003546245163306594,0.9586238861083984,0.0010239850962534547
ISIC_0024790,nv,nv,True,0.7840714454650879,0.7840714454650879,0.5993103375589248,0.7840714454650879,0.20018978416919708,0.5838816612958908,HIGH,0.007399512454867363,0.001458474202081561,0.004034849349409342,0.000965877145063132,0.20018978416919708,0.7840714454650879,0.0018800474936142564
ISIC_0031371,nv,nv,True,0.9017798900604248,0.9017798900604248,0.3318821637730802,0.9017798900604248,0.09654366970062256,0.8052362203598022,VERY_HIGH,5.8874429669231176e-05,0.00012033154052915052,0.00037795756361447275,0.0007472670404240489,0.09654366970062256,0.9017798900604248,0.0003720978565979749
ISIC_0026731,nv,nv,True,0.9783498048782349,0.9783498048782349,0.11554793963533136,0.9783498048782349,0.01866934448480606,0.9596804603934288,VERY_HIGH,4.407135565998033e-05,0.00030058540869504213,0.00020739767933264375,0.00014620779256802052,0.01866934448480606,0.9783498048782349,0.0022826120257377625
ISIC_0031202,nv,nv,True,0.9699512720108032,0.9699512720108032,0.13770200604473287,0.9699512720108032,0.029635250568389893,0.9403160214424133,VERY_HIGH,1.0707437468226999e-05,0.00010604965063976124,0.00010278684203512967,9.177831816487014e-05,0.029635250568389893,0.9699512720108032,0.00010218633542535827
ISIC_0030892,nv,nv,True,0.8547356128692627,0.8547356128692627,0.5657513077820031,0.8547356128692627,0.07293805480003357,0.7817975580692291,HIGH,0.006312861572951078,0.006886088289320469,0.057818617671728134,0.0005061873234808445,0.07293805480003357,0.8547356128692627,0.0008025902789086103
ISIC_0034053,nv,nv,True,0.8601173162460327,0.8601173162460327,0.4843570418297453,0.8601173162460327,0.12163369357585907,0.7384836226701736,HIGH,0.0009992565028369427,0.0012906109914183617,0.007004283834248781,0.003594948910176754,0.12163369357585907,0.8601173162460327,0.005359891802072525
ISIC_0029536,nv,nv,True,0.9988588094711304,0.9988588094711304,0.010650922619046202,0.9988588094711304,0.00034774799132719636,0.9985110614798032,VERY_HIGH,1.6682641216902994e-05,8.707000961294398e-05,0.0002465902653057128,0.00034774799132719636,0.00030808764859102666,0.9988588094711304,0.00013512029545381665
ISIC_0030648,nv,nv,True,0.9619921445846558,0.9619921445846558,0.1892410205569421,0.9619921445846558,0.030847784131765366,0.9311443604528904,VERY_HIGH,0.00019120077195111662,0.00033819969394244254,0.001931059523485601,0.0030350172892212868,0.030847784131765366,0.9619921445846558,0.0016646774020045996
ISIC_0027020,nv,nv,True,0.7682753205299377,0.7682753205299377,0.5493865651937194,0.7682753205299377,0.23067808151245117,0.5375972390174866,HIGH,7.588713924633339e-05,4.918818740407005e-05,0.0005115525564178824,0.00011041513062082231,0.23067808151245117,0.7682753205299377,0.0002995538234245032
ISIC_0028390,nv,nv,True,0.7715380787849426,0.7715380787849426,0.5441341476402792,0.7715380787849426,0.2276211977005005,0.5439168810844421,HIGH,3.2395397283835337e-05,5.9351950767450035e-05,0.0002659970195963979,0.0002450479369144887,0.2276211977005005,0.7715380787849426,0.00023797292669769377
ISIC_0029199,nv,nv,True,0.9584988951683044,0.9584988951683044,0.17788148698468453,0.9584988951683044,0.040658675134181976,0.9178402200341225,VERY_HIGH,2.8987760742893443e-05,0.00014606639160774648,0.0004309932701289654,6.160727207316086e-05,0.040658675134181976,0.9584988951683044,0.00017481856048107147
ISIC_0027276,nv,nv,True,0.9309152960777283,0.9309152960777283,0.2979699133380889,0.9309152960777283,0.05784968286752701,0.8730656132102013,VERY_HIGH,0.001242378493770957,0.003191168187186122,0.004539995454251766,0.0009544269414618611,0.05784968286752701,0.9309152960777283,0.0013070973800495267
ISIC_0028805,nv,nv,True,0.8025978207588196,0.8025978207588196,0.7385558642861043,0.8025978207588196,0.09957784414291382,0.7030199766159058,HIGH,0.0008556480170227587,0.008015750907361507,0.02713017910718918,0.05669274553656578,0.005130070261657238,0.8025978207588196,0.09957784414291382
ISIC_0030071,nv,nv,True,0.6175939440727234,0.6175939440727234,0.7604350526886599,0.6175939440727234,0.3637745678424835,0.25381937623023987,MODERATE,0.00040484665078110993,0.00164237548597157,0.0006648770067840815,0.3637745678424835,0.010050948709249496,0.6175939440727234,0.005868394859135151
ISIC_0024559,nv,nv,True,0.976805567741394,0.976805567741394,0.12002586376672635,0.976805567741394,0.02088586986064911,0.9559196978807449,VERY_HIGH,0.00033284196979366243,0.00011148810881422833,0.0016019181348383427,6.554047286044806e-05,0.02088586986064911,0.976805567741394,0.00019681757839862257
ISIC_0025993,nv,nv,True,0.8700112104415894,0.8700112104415894,0.44113085114247735,0.8700112104415894,0.1151280626654625,0.7548831477761269,HIGH,0.0013495296007022262,0.0005243706982582808,0.012627034448087215,6.732048495905474e-05,0.1151280626654625,0.8700112104415894,0.00029242681921459734
ISIC_0031926,nv,nv,True,0.9218127131462097,0.9218127131462097,0.3583248662167843,0.9218127131462097,0.04307035729289055,0.8787423558533192,VERY_HIGH,0.0061148302629590034,0.0007835108553990722,0.04307035729289055,0.0013804862974211574,0.02565029263496399,0.9218127131462097,0.0011877315118908882
ISIC_0028638,nv,nv,True,0.9542878270149231,0.9542878270149231,0.2293954396773804,0.9542878270149231,0.0331924632191658,0.9210953637957573,VERY_HIGH,0.0014947829768061638,0.0037799670826643705,0.005309825763106346,0.0015272449236363173,0.0331924632191658,0.9542878270149231,0.0004078535712324083
ISIC_0031423,nv,nv,True,0.970580518245697,0.970580518245697,0.14658500761139295,0.970580518245697,0.025563757866621017,0.945016760379076,VERY_HIGH,2.3402366423397325e-05,0.00010529263090575114,0.00012214158778078854,0.000409984088037163,0.025563757866621017,0.970580518245697,0.003194995690137148
ISIC_0029952,nv,nv,True,0.9826282262802124,0.9826282262802124,0.1014917312432032,0.9826282262802124,0.013713493943214417,0.968914732336998,VERY_HIGH,0.00027975765988230705,0.001082944800145924,0.00016902007337193936,0.0005477388622239232,0.013713493943214417,0.9826282262802124,0.001578755909577012
ISIC_0031878,nv,nv,True,0.9885916113853455,0.9885916113853455,0.07178293195265964,0.9885916113853455,0.00881157722324133,0.9797800341621041,VERY_HIGH,5.5638774938415736e-05,8.450823952443898e-05,0.0006147552048787475,0.0008144183084368706,0.00881157722324133,0.9885916113853455,0.001027512364089489
ISIC_0032438,nv,nv,True,0.9958957433700562,0.9958957433700562,0.02810530643658064,0.9958957433700562,0.0037982892245054245,0.9920974541455507,VERY_HIGH,7.735134204267524e-06,3.493836265988648e-05,0.000171302177477628,2.1863867004867643e-05,0.0037982892245054245,0.9958957433700562,7.01651006238535e-05
ISIC_0028248,nv,nv,True,0.9895337224006653,0.9895337224006653,0.064563261030453,0.9895337224006653,0.008958869613707066,0.9805748527869582,VERY_HIGH,0.00014165954780764878,9.326620784122497e-05,0.00038884946843609214,0.0006373589276336133,0.008958869613707066,0.9895337224006653,0.00024620414478704333
ISIC_0027384,nv,nv,True,0.9326249361038208,0.9326249361038208,0.27740953342069385,0.9326249361038208,0.06002968177199364,0.8725952543318272,VERY_HIGH,0.0024393070489168167,0.0003050171071663499,0.004210631363093853,0.00024365623539779335,0.06002968177199364,0.9326249361038208,0.00014663490583188832
ISIC_0027524,nv,nv,True,0.9474882483482361,0.9474882483482361,0.2632327173598054,0.9474882483482361,0.035339318215847015,0.9121489301323891,VERY_HIGH,0.0016719169216230512,0.0051048025488853455,0.005144840106368065,0.0005159163847565651,0.035339318215847015,0.9474882483482361,0.004735022317618132
ISIC_0030742,nv,nv,True,0.5274296402931213,0.5274296402931213,0.7779808519750382,0.5274296402931213,0.458238810300827,0.06919082999229431,MODERATE,0.0025200166273862123,0.001966427778825164,0.0019022083142772317,0.00484324898570776,0.458238810300827,0.5274296402931213,0.0030996734276413918
ISIC_0028441,nv,mel,False,0.6270344257354736,0.34224700927734375,0.8071708818798119,0.6270344257354736,0.34224700927734375,0.2847874164581299,MODERATE,0.015728188678622246,0.0017715604044497013,0.005372190847992897,0.0053774393163621426,0.6270344257354736,0.34224700927734375,0.002469194820150733
ISIC_0031374,nv,nv,True,0.6179836392402649,0.6179836392402649,1.1345802201469737,0.6179836392402649,0.19032394886016846,0.42765969038009644,MODERATE,0.02865055948495865,0.0023702261969447136,0.19032394886016846,0.02884708158671856,0.1216287910938263,0.6179836392402649,0.010195737704634666
ISIC_0034209,nv,bkl,False,0.9213780164718628,0.06418746709823608,0.3288041168284362,0.9213780164718628,0.06418746709823608,0.8571905493736267,VERY_HIGH,0.0028983792290091515,0.0014292079722508788,0.9213780164718628,0.0003361676644999534,0.008918922394514084,0.06418746709823608,0.0008517538662999868
ISIC_0034297,nv,nv,True,0.8479549288749695,0.8479549288749695,0.5366430928166925,0.8479549288749695,0.09523086249828339,0.7527240663766861,HIGH,0.0007993396720848978,0.00037610926665365696,0.05506160110235214,9.038682037498802e-05,0.09523086249828339,0.8479549288749695,0.00048672151751816273
ISIC_0025983,nv,nv,True,0.5895383358001709,0.5895383358001709,1.0227863924782412,0.5895383358001709,0.2984718382358551,0.2910664975643158,MODERATE,0.007377835921943188,0.0020810142159461975,0.08009516447782516,0.015436912886798382,0.2984718382358551,0.5895383358001709,0.006998851429671049
ISIC_0025666,nv,nv,True,0.9337544441223145,0.9337544441223145,0.284182144091463,0.9337544441223145,0.05577592924237251,0.8779785148799419,VERY_HIGH,0.0009170733974315226,0.0005806547123938799,0.0069641531445086,0.000931515300180763,0.05577592924237251,0.9337544441223145,0.0010763637255877256
ISIC_0027643,nv,nv,True,0.8708480000495911,0.8708480000495911,0.4037754232444627,0.8708480000495911,0.12496843934059143,0.7458795607089996,HIGH,3.1032504921313375e-05,9.879916433419567e-06,0.004094834439456463,3.6565226764651015e-05,0.12496843934059143,0.8708480000495911,1.1283217645541299e-05
ISIC_0026155,nv,nv,True,0.7211430072784424,0.7211430072784424,0.9813338415901036,0.7211430072784424,0.14144785702228546,0.5796951502561569,MODERATE,0.05631904676556587,0.026838082820177078,0.032152362167835236,0.012751911766827106,0.14144785702228546,0.7211430072784424,0.009347737766802311
ISIC_0025343,nv,nv,True,0.9247158765792847,0.9247158765792847,0.2858767830717261,0.9247158765792847,0.07179554551839828,0.8529203310608864,VERY_HIGH,0.0001243598380824551,0.00024396076332777739,0.0005806771223433316,0.0014093918725848198,0.07179554551839828,0.9247158765792847,0.0011302685597911477
ISIC_0026007,nv,nv,True,0.878506600856781,0.878506600856781,0.5478575528305523,0.878506600856781,0.042631298303604126,0.8358753025531769,HIGH,0.003385933581739664,0.042631298303604126,0.032822493463754654,0.002086013089865446,0.012765906751155853,0.878506600856781,0.02780173160135746
ISIC_0028425,nv,nv,True,0.8459612131118774,0.8459612131118774,0.4382937626878607,0.8459612131118774,0.15256379544734955,0.6933974176645279,HIGH,5.38374933967134e-06,3.271304649388185e-07,0.001409186515957117,1.0790839041874278e-05,0.15256379544734955,0.8459612131118774,4.9315021897200495e-05
ISIC_0029004,nv,nv,True,0.9258355498313904,0.9258355498313904,0.337929649601909,0.9258355498313904,0.052410900592803955,0.8734246492385864,VERY_HIGH,0.0028063044883310795,0.0023401803337037563,0.011723038740456104,0.002981466706842184,0.052410900592803955,0.9258355498313904,0.0019025529036298394
ISIC_0031717,nv,nv,True,0.900233805179596,0.900233805179596,0.3941569389569854,0.900233805179596,0.08223558217287064,0.8179982230067253,VERY_HIGH,0.005474579520523548,0.007615560665726662,0.0023568877950310707,0.0006926244241185486,0.08223558217287064,0.900233805179596,0.0013909656554460526
ISIC_0031391,nv,nv,True,0.9746831059455872,0.9746831059455872,0.14114621304912633,0.9746831059455872,0.018722383305430412,0.9559607226401567,VERY_HIGH,0.0010762885212898254,0.00041901826625689864,0.003225780325010419,0.00027967203641310334,0.018722383305430412,0.9746831059455872,0.001593761146068573
ISIC_0027110,nv,nv,True,0.950713038444519,0.950713038444519,0.21215836953171704,0.950713038444519,0.04587692394852638,0.9048361144959927,VERY_HIGH,0.00023516325745731592,0.00020431338634807616,0.002438521711155772,0.00018101163732353598,0.04587692394852638,0.950713038444519,0.00035095945349894464
ISIC_0029868,nv,nv,True,0.9153813719749451,0.9153813719749451,0.3402987546134705,0.9153813719749451,0.07247255742549896,0.8429088145494461,VERY_HIGH,0.0028515320736914873,0.0007719896384514868,0.0063325813971459866,0.001368180033750832,0.07247255742549896,0.9153813719749451,0.0008217786671593785
ISIC_0028405,nv,nv,True,0.9275906682014465,0.9275906682014465,0.2966190919175619,0.9275906682014465,0.06368058174848557,0.863910086452961,VERY_HIGH,0.0003746126894839108,0.0005366079276427627,0.06368058174848557,0.0010044756345450878,0.005299177020788193,0.9275906682014465,0.0015137981390580535
ISIC_0029151,nv,nv,True,0.9536809325218201,0.9536809325218201,0.2034034201784644,0.9536809325218201,0.04285362362861633,0.9108273088932037,VERY_HIGH,0.00010427072993479669,0.00043899615411646664,0.00011362780060153455,0.0004926135879941285,0.04285362362861633,0.9536809325218201,0.002315953141078353
ISIC_0027743,nv,nv,True,0.9198193550109863,0.9198193550109863,0.28898057361188856,0.9198193550109863,0.07866457104682922,0.8411547839641571,VERY_HIGH,0.00016008142847567797,0.0001737667334964499,0.0002654806594364345,0.00031960595515556633,0.07866457104682922,0.9198193550109863,0.0005971025093458593
ISIC_0028755,nv,nv,True,0.7478331327438354,0.7478331327438354,0.6447013327914842,0.7478331327438354,0.2303144335746765,0.5175186991691589,MODERATE,0.0005147519404999912,0.00013297611440066248,0.2303144335746765,0.0003140475891996175,0.02075967565178871,0.7478331327438354,0.0001309145154664293
ISIC_0027062,nv,nv,True,0.6721913814544678,0.6721913814544678,0.7733804254601313,0.6721913814544678,0.28741690516471863,0.38477447628974915,MODERATE,0.0036966174375265837,0.0008728938992135227,0.28741690516471863,0.0001790794776752591,0.0355265848338604,0.6721913814544678,0.00011652922694338486
ISIC_0026521,nv,nv,True,0.9876796007156372,0.9876796007156372,0.08557752212054627,0.9876796007156372,0.004072053357958794,0.9836075473576784,VERY_HIGH,0.0004467243852559477,0.0014561954885721207,0.0036359347868710756,0.0020296399015933275,0.004072053357958794,0.9876796007156372,0.0006798442336730659
ISIC_0025460,nv,nv,True,0.9747314453125,0.9747314453125,0.14818033076190776,0.9747314453125,0.013140796683728695,0.9615906486287713,VERY_HIGH,0.000690878601744771,0.008094188757240772,0.00038079492514953017,0.0015387802850455046,0.013140796683728695,0.9747314453125,0.0014231392415240407
ISIC_0030588,nv,nv,True,0.8057089447975159,0.8057089447975159,0.6247993639620606,0.8057089447975159,0.15362215042114258,0.6520867943763733,HIGH,0.00012398752733133733,0.027510590851306915,0.0005938265239819884,0.0012304100673645735,0.15362215042114258,0.8057089447975159,0.011210157535970211
ISIC_0025511,nv,nv,True,0.666256308555603,0.666256308555603,0.7726449756948431,0.666256308555603,0.30148062109947205,0.364775687456131,MODERATE,9.745118586579338e-05,0.01520902942866087,0.000632984098047018,0.0011665120255202055,0.30148062109947205,0.666256308555603,0.015157134272158146
ISIC_0030257,nv,nv,True,0.9304020404815674,0.9304020404815674,0.36300560307656654,0.9304020404815674,0.02344048023223877,0.9069615602493286,VERY_HIGH,0.01596941612660885,0.01459010224789381,0.008644349873065948,0.0044453865848481655,0.02344048023223877,0.9304020404815674,0.0025082898791879416
ISIC_0030691,nv,nv,True,0.913470983505249,0.913470983505249,0.30925529407919067,0.913470983505249,0.08397615700960159,0.8294948264956474,VERY_HIGH,0.0002993368252646178,0.0002646802749950439,0.0014141780557110906,0.00021560423192568123,0.08397615700960159,0.913470983505249,0.0003589596599340439
ISIC_0031053,nv,nv,True,0.6986947059631348,0.6986947059631348,0.6717188837987083,0.6986947059631348,0.2878659963607788,0.41082870960235596,MODERATE,0.00046070149983279407,0.00011180258297827095,0.012430599890649319,0.0001312220556428656,0.2878659963607788,0.6986947059631348,0.0003051004314329475
ISIC_0026611,nv,nv,True,0.7765868902206421,0.7765868902206421,0.5458269787773768,0.7765868902206421,0.2211959958076477,0.5553908944129944,HIGH,3.0274935852503404e-05,7.581444515381008e-05,0.0014124675653874874,0.00015556115249637514,0.2211959958076477,0.7765868902206421,0.0005429617594927549
ISIC_0029269,nv,nv,True,0.9048656821250916,0.9048656821250916,0.33825846607514193,0.9048656821250916,0.09064994007349014,0.8142157420516014,VERY_HIGH,0.00015933526447042823,0.00208453182131052,0.0003125731891486794,0.0009423288283869624,0.09064994007349014,0.9048656821250916,0.0009856251999735832
ISIC_0029976,nv,nv,True,0.7897564172744751,0.7897564172744751,0.5188674908814163,0.7897564172744751,0.20967374742031097,0.5800826698541641,HIGH,9.316840987594333e-06,2.3059403247316368e-05,0.00032019586069509387,0.00013321706501301378,0.20967374742031097,0.7897564172744751,8.401895320275798e-05
ISIC_0031001,nv,nv,True,0.7636051177978516,0.7636051177978516,0.6160652214608685,0.7636051177978516,0.22006219625473022,0.5435429215431213,HIGH,0.00021278008352965117,0.00201486237347126,0.013555614277720451,9.00967643246986e-05,0.22006219625473022,0.7636051177978516,0.00045933990622870624
ISIC_0031441,nv,nv,True,0.930033802986145,0.930033802986145,0.3602050777494761,0.930033802986145,0.029025649651885033,0.90100815333426,VERY_HIGH,0.004730215761810541,0.005318325012922287,0.01807972602546215,0.029025649651885033,0.004758013878017664,0.930033802986145,0.008054230362176895
ISIC_0028859,nv,mel,False,0.6338292360305786,0.36540210247039795,0.6633501389853943,0.6338292360305786,0.36540210247039795,0.26842713356018066,MODERATE,7.348159124376252e-05,1.626836456125602e-05,9.830259659793228e-05,0.00040428212378174067,0.6338292360305786,0.36540210247039795,0.0001762731553753838
ISIC_0031772,nv,nv,True,0.9965255856513977,0.9965255856513977,0.02794267543316785,0.9965255856513977,0.0014778715558350086,0.9950477140955627,VERY_HIGH,0.00020515150390565395,0.00032719154842197895,0.0014778715558350086,0.00012491770030464977,0.0011782619403675199,0.9965255856513977,0.00016102528024930507
ISIC_0025586,nv,nv,True,0.9735316634178162,0.9735316634178162,0.14350335687347132,0.9735316634178162,0.020770180970430374,0.9527614824473858,VERY_HIGH,0.00044551570317707956,0.0012494797119870782,0.0008098821272142231,0.0003079975722357631,0.020770180970430374,0.9735316634178162,0.002885335823521018
ISIC_0030430,nv,nv,True,0.9936878085136414,0.9936878085136414,0.04567898405320727,0.9936878085136414,0.003031151369214058,0.9906566571444273,VERY_HIGH,4.238007386447862e-05,0.00011165663454448804,0.0021358078811317682,0.0008646314381621778,0.003031151369214058,0.9936878085136414,0.0001265235332539305
ISIC_0024532,nv,nv,True,0.9633013010025024,0.9633013010025024,0.19537691530018086,0.9633013010025024,0.025156155228614807,0.9381451457738876,VERY_HIGH,0.00031198817305266857,0.003983198199421167,0.0008398301433771849,0.0018852080684155226,0.004522379022091627,0.9633013010025024,0.025156155228614807
ISIC_0027386,nv,nv,True,0.9752316474914551,0.9752316474914551,0.1403005232958419,0.9752316474914551,0.017404742538928986,0.9578269049525261,VERY_HIGH,0.00034757383400574327,0.00044629364856518805,0.0013666501035913825,0.004052267409861088,0.017404742538928986,0.9752316474914551,0.0011508347233757377
ISIC_0024465,nv,nv,True,0.991557240486145,0.991557240486145,0.05711075478801729,0.991557240486145,0.005364124663174152,0.9861931158229709,VERY_HIGH,2.77339404419763e-05,1.688732299953699e-05,0.0019254042999818921,0.0008510620682500303,0.005364124663174152,0.991557240486145,0.0002575393591541797
ISIC_0025053,nv,nv,True,0.9738351106643677,0.9738351106643677,0.15066706943766933,0.9738351106643677,0.013738397508859634,0.960096713155508,VERY_HIGH,3.050539453397505e-05,0.00010730938811320812,0.008210083469748497,0.0017184080788865685,0.002360282000154257,0.9738351106643677,0.013738397508859634
ISIC_0027368,nv,nv,True,0.9594904184341431,0.9594904184341431,0.179562145762492,0.9594904184341431,0.03876113146543503,0.920729286968708,VERY_HIGH,0.00027370426687411964,0.00039359775837510824,0.00038977275835350156,0.00031136145116761327,0.03876113146543503,0.9594904184341431,0.0003800007689278573
ISIC_0030085,nv,mel,False,0.5041335821151733,0.38202938437461853,0.969405618035585,0.5041335821151733,0.38202938437461853,0.12210419774055481,MODERATE,0.0002985555329360068,0.0009789258474484086,0.11237762123346329,3.469557850621641e-05,0.5041335821151733,0.38202938437461853,0.0001472194999223575
ISIC_0029348,nv,bkl,False,0.49788108468055725,0.3031620383262634,1.0515549912194422,0.49788108468055725,0.3031620383262634,0.19471904635429382,LOW,0.0023011479061096907,0.0010072625009343028,0.49788108468055725,0.00010678857506718487,0.19535420835018158,0.3031620383262634,0.00018741977692116052
ISIC_0033622,nv,nv,True,0.7180328369140625,0.7180328369140625,0.628759438086093,0.7180328369140625,0.27574706077575684,0.44228577613830566,MODERATE,0.00010041088535217568,0.00017417347407899797,0.005160164088010788,0.00021091561939101666,0.27574706077575684,0.7180328369140625,0.0005744489608332515
ISIC_0028098,nv,bkl,False,0.8461537957191467,0.11131686717271805,0.5559791403094675,0.8461537957191467,0.11131686717271805,0.7348369285464287,HIGH,0.025297334417700768,0.00046708129229955375,0.8461537957191467,0.0010923785157501698,0.015475161373615265,0.11131686717271805,0.0001973887556232512
ISIC_0028161,nv,nv,True,0.7909442186355591,0.7909442186355591,0.5540552101027834,0.7909442186355591,0.2007647007703781,0.590179517865181,HIGH,0.0003440367290750146,0.0012365063885226846,0.006359726190567017,0.0002309753035660833,0.2007647007703781,0.7909442186355591,0.00011982842261204496
ISIC_0025386,nv,nv,True,0.6138203144073486,0.6138203144073486,0.8175634265616379,0.6138203144073486,0.3389837443828583,0.27483657002449036,MODERATE,0.0008805815014056861,6.951342948013917e-05,0.04589886590838432,0.00011283143248874694,0.3389837443828583,0.6138203144073486,0.00023424408573191613
ISIC_0024870,nv,nv,True,0.5614000558853149,0.5614000558853149,0.8058707003267559,0.5614000558853149,0.4067375361919403,0.15466251969337463,MODERATE,0.0008440308156423271,4.951380469719879e-05,0.03068259358406067,7.698863191762939e-05,0.4067375361919403,0.5614000558853149,0.00020927679724991322
ISIC_0025261,nv,nv,True,0.8808996081352234,0.8808996081352234,0.46845593939358077,0.8808996081352234,0.07849029451608658,0.8024093136191368,HIGH,0.0011506404262036085,0.0003031081287190318,0.03296416997909546,0.005156812723726034,0.0010354643454775214,0.8808996081352234,0.07849029451608658
ISIC_0027654,nv,bkl,False,0.36407947540283203,0.2925460636615753,1.3277622629105659,0.36407947540283203,0.2925460636615753,0.07153341174125671,LOW,0.02620694786310196,0.006419152952730656,0.36407947540283203,0.029221689328551292,0.0021044451277703047,0.2925460636615753,0.27942216396331787
ISIC_0031576,nv,nv,True,0.957579493522644,0.957579493522644,0.21749826204059197,0.957579493522644,0.02576630190014839,0.9318131916224957,VERY_HIGH,0.0010867143282666802,0.0013340733712539077,0.013027277775108814,0.0005043830024078488,0.02576630190014839,0.957579493522644,0.0007016354938969016
ISIC_0030703,nv,nv,True,0.9735473990440369,0.9735473990440369,0.14612876683264764,0.9735473990440369,0.01683690957725048,0.9567104894667864,VERY_HIGH,0.00018901507428381592,8.552921644877642e-05,0.01683690957725048,0.00010479258344275877,0.007395114284008741,0.9735473990440369,0.001841238932684064
ISIC_0024523,nv,nv,True,0.8817902207374573,0.8817902207374573,0.4114320592316987,0.8817902207374573,0.10645223408937454,0.7753379866480827,HIGH,0.000563541310839355,0.0005613442626781762,0.10645223408937454,0.001240541459992528,0.009046376682817936,0.8817902207374573,0.00034583418164402246
ISIC_0026564,nv,nv,True,0.9869187474250793,0.9869187474250793,0.07967641621477047,0.9869187474250793,0.0068341451697051525,0.9800846022553742,VERY_HIGH,1.3244640285847709e-05,1.2837145732191857e-05,0.0068341451697051525,7.41618059691973e-05,0.00609290087595582,0.9869187474250793,5.4046402510721236e-05
ISIC_0033512,nv,mel,False,0.3079538941383362,0.2195480763912201,1.5017428690099512,0.3079538941383362,0.28536760807037354,0.022586286067962646,LOW,0.012735625728964806,0.28536760807037354,0.0018819223623722792,0.028784379363059998,0.3079538941383362,0.2195480763912201,0.14372850954532623
ISIC_0032788,nv,bcc,False,0.4177868962287903,0.3701387047767639,1.2789148100225156,0.4177868962287903,0.3701387047767639,0.04764819145202637,LOW,0.010822759009897709,0.4177868962287903,0.0029300241731107235,0.008867849595844746,0.06727574020624161,0.3701387047767639,0.12217804044485092
ISIC_0024872,nv,nv,True,0.9667184948921204,0.9667184948921204,0.17061673889378287,0.9667184948921204,0.02540615200996399,0.9413123428821564,VERY_HIGH,0.00021185062360018492,0.0007584463455714285,0.02540615200996399,0.0005473564378917217,0.006101151928305626,0.9667184948921204,0.0002565407776273787
ISIC_0028999,nv,mel,False,0.711796224117279,0.2875916659832001,0.6056011951129591,0.711796224117279,0.2875916659832001,0.424204558134079,MODERATE,5.671546023222618e-05,0.000116600094770547,0.00038082647370174527,3.023924546141643e-05,0.711796224117279,0.2875916659832001,2.7857700843014754e-05
ISIC_0028244,nv,nv,True,0.8275358080863953,0.8275358080863953,0.47133563100449904,0.8275358080863953,0.17077165842056274,0.6567641496658325,HIGH,9.631401917431504e-05,2.8693664717138745e-05,0.0002058977261185646,0.0007785690831951797,0.17077165842056274,0.8275358080863953,0.0005831212620250881
ISIC_0024363,nv,nv,True,0.7620195150375366,0.7620195150375366,0.6456063240192361,0.7620195150375366,0.21704675257205963,0.544972762465477,HIGH,0.0019641011022031307,0.0016865598736330867,0.004725457169115543,0.0010657795937731862,0.21704675257205963,0.7620195150375366,0.011491828598082066
ISIC_0030210,nv,nv,True,0.9583269953727722,0.9583269953727722,0.21460072644889228,0.9583269953727722,0.02932301163673401,0.9290039837360382,VERY_HIGH,0.00012107156362617388,0.0010665272129699588,0.005358401220291853,0.0029940721578896046,0.002809925237670541,0.9583269953727722,0.02932301163673401
ISIC_0025537,nv,nv,True,0.9203475713729858,0.9203475713729858,0.3560897002744792,0.9203475713729858,0.04826725274324417,0.8720803186297417,VERY_HIGH,0.0006743549602106214,0.0027625595685094595,0.04826725274324417,0.0007012182613834739,0.024484550580382347,0.9203475713729858,0.0027625595685094595
ISIC_0025864,nv,nv,True,0.9123317003250122,0.9123317003250122,0.36003570111339805,0.9123317003250122,0.05331191420555115,0.8590197861194611,VERY_HIGH,0.0002310210547875613,5.551913272938691e-05,0.03367269039154053,0.0002468831662554294,0.05331191420555115,0.9123317003250122,0.0001503282692283392
ISIC_0026196,nv,nv,True,0.9717361927032471,0.9717361927032471,0.14061391049481267,0.9717361927032471,0.02560669556260109,0.946129497140646,VERY_HIGH,8.842477109283209e-05,6.648629641858861e-05,0.0014271035324782133,0.0005732332938350737,0.02560669556260109,0.9717361927032471,0.0005019398522563279
ISIC_0024385,nv,nv,True,0.9411298036575317,0.9411298036575317,0.3049637587798656,0.9411298036575317,0.02894483134150505,0.9121849723160267,VERY_HIGH,0.005498651415109634,0.015353729948401451,0.0026331343688070774,0.0032010769937187433,0.02894483134150505,0.9411298036575317,0.0032388102263212204
ISIC_0031669,nv,nv,True,0.9570658206939697,0.9570658206939697,0.24200565386569367,0.9570658206939697,0.01919581927359104,0.9378700014203787,VERY_HIGH,0.008918171748518944,0.01919581927359104,0.0026362063363194466,0.0026934563647955656,0.0060049439780414104,0.9570658206939697,0.003485591383650899
ISIC_0033511,nv,nv,True,0.681836724281311,0.681836724281311,0.6538651848515903,0.681836724281311,0.31400206685066223,0.3678346574306488,MODERATE,0.0003741784894373268,0.0004037940234411508,0.001392959849908948,0.0010785002959892154,0.31400206685066223,0.681836724281311,0.0009117428562603891
ISIC_0032641,nv,nv,True,0.593902587890625,0.593902587890625,0.8635573170806353,0.593902587890625,0.36022013425827026,0.23368245363235474,MODERATE,0.002624368527904153,0.0038709971122443676,0.03301241621375084,0.003337008412927389,0.36022013425827026,0.593902587890625,0.0030324524268507957
ISIC_0033345,nv,nv,True,0.7062407732009888,0.7062407732009888,0.6141055710974674,0.7062407732009888,0.29268497228622437,0.4135558009147644,MODERATE,0.00012006387987639755,9.460806904826313e-05,0.000495710875838995,0.0001760620652930811,0.29268497228622437,0.7062407732009888,0.00018778350204229355
ISIC_0026946,nv,nv,True,0.9746128916740417,0.9746128916740417,0.12855529935081428,0.9746128916740417,0.023055393248796463,0.9515574984252453,VERY_HIGH,8.834078471409157e-05,0.00028350151842460036,0.001546124229207635,8.298848115373403e-05,0.023055393248796463,0.9746128916740417,0.0003308001032564789
ISIC_0029011,nv,nv,True,0.9831878542900085,0.9831878542900085,0.10738336907043543,0.9831878542900085,0.009023950435221195,0.9741639038547873,VERY_HIGH,0.0003253441827837378,0.0038679097779095173,0.009023950435221195,0.0014552463544532657,0.0011854199692606926,0.9831878542900085,0.0009543737978674471
ISIC_0033633,nv,nv,True,0.7290564179420471,0.7290564179420471,0.6425365148727678,0.7290564179420471,0.259953111410141,0.46910330653190613,MODERATE,0.001506984350271523,0.003104233182966709,0.005902316886931658,0.00012036418775096536,0.259953111410141,0.7290564179420471,0.0003565447113942355
ISIC_0034199,nv,nv,True,0.8038763999938965,0.8038763999938965,0.6073732284807001,0.8038763999938965,0.15507948398590088,0.6487969160079956,HIGH,0.0005720085464417934,0.0016878069145604968,0.03851760923862457,7.69606776884757e-05,0.15507948398590088,0.8038763999938965,0.00018973690748680383
ISIC_0032998,nv,nv,True,0.8770918250083923,0.8770918250083923,0.49904163349804137,0.8770918250083923,0.07168038189411163,0.8054114431142807,HIGH,0.0013238153187558055,0.010659542866051197,0.03654378652572632,0.0003360229602549225,0.07168038189411163,0.8770918250083923,0.0023645698092877865
ISIC_0025501,nv,nv,True,0.9088094830513,0.9088094830513,0.3498548816997225,0.9088094830513,0.08097712695598602,0.827832356095314,VERY_HIGH,0.00016803757171146572,0.00020588394545484334,0.003858280135318637,0.08097712695598602,0.0028840797021985054,0.9088094830513,0.003097189124673605
ISIC_0027233,nv,nv,True,0.9793341159820557,0.9793341159820557,0.1341169048603449,0.9793341159820557,0.0070242807269096375,0.972309835255146,VERY_HIGH,0.002329974202439189,0.004137434996664524,0.004378545563668013,0.0018467649351805449,0.0070242807269096375,0.9793341159820557,0.0009487781790085137
ISIC_0031732,nv,nv,True,0.9589124321937561,0.9589124321937561,0.20938463547472974,0.9589124321937561,0.029970800504088402,0.9289416316896677,VERY_HIGH,0.00020527206652332097,0.0015197321772575378,0.005002513062208891,0.0008071236661635339,0.029970800504088402,0.9589124321937561,0.0035821241326630116
ISIC_0032186,nv,bkl,False,0.40686094760894775,0.3436164855957031,1.3335294782455869,0.40686094760894775,0.3436164855957031,0.06324446201324463,LOW,0.06399865448474884,0.0044021992944180965,0.40686094760894775,0.02806837111711502,0.1504451334476471,0.3436164855957031,0.0026082168333232403
ISIC_0031913,nv,nv,True,0.40220847725868225,0.40220847725868225,1.162539444793376,0.40220847725868225,0.3712562024593353,0.030952274799346924,LOW,0.02047964558005333,0.0026784860529005527,0.3712562024593353,0.0007408889941871166,0.2020457237958908,0.40220847725868225,0.0005906882579438388
ISIC_0026901,nv,nv,True,0.7736510038375854,0.7736510038375854,0.7603916758295025,0.7736510038375854,0.14144374430179596,0.6322072595357895,HIGH,0.008936852216720581,0.002102059777826071,0.14144374430179596,0.00919356383383274,0.062390975654125214,0.7736510038375854,0.0022817642893642187
ISIC_0031560,nv,nv,True,0.838299572467804,0.838299572467804,0.46626976040924234,0.838299572467804,0.15781976282596588,0.6804798096418381,HIGH,0.0007195196812972426,0.0017566467868164182,0.0006011812365613878,0.0005614580004476011,0.15781976282596588,0.838299572467804,0.00024195219157263637
ISIC_0025809,nv,nv,True,0.5593403577804565,0.5593403577804565,1.0125166575104987,0.5593403577804565,0.24435770511627197,0.31498265266418457,MODERATE,0.002335538389161229,0.00073922862065956,0.24435770511627197,0.000593986886087805,0.19236129522323608,0.5593403577804565,0.0002719470066949725
ISIC_0029042,nv,nv,True,0.996423065662384,0.996423065662384,0.027037775747910362,0.996423065662384,0.0026810355484485626,0.9937420301139355,VERY_HIGH,8.064462599577382e-05,0.0002067392779281363,0.00020714345737360418,6.711841706419364e-05,0.0026810355484485626,0.996423065662384,0.00033426270238123834
ISIC_0032205,nv,nv,True,0.9748073220252991,0.9748073220252991,0.1450936911904141,0.9748073220252991,0.010683388449251652,0.9641239335760474,VERY_HIGH,3.0062436053412966e-05,6.096547076595016e-05,0.010036114603281021,0.010683388449251652,0.00021113443654030561,0.9748073220252991,0.004170926753431559
ISIC_0028624,nv,nv,True,0.9967725872993469,0.9967725872993469,0.023534973902549192,0.9967725872993469,0.0028237553779035807,0.9939488319214433,VERY_HIGH,5.7205666962545365e-05,2.196876630478073e-05,0.00013696150563191622,5.925257210037671e-05,0.0028237553779035807,0.9967725872993469,0.0001281618169741705
ISIC_0029381,nv,nv,True,0.9152207970619202,0.9152207970619202,0.3187614866758517,0.9152207970619202,0.07857763767242432,0.8366431593894958,VERY_HIGH,0.00014616454427596182,0.00042542663868516684,0.0006719095399603248,0.004271554294973612,0.07857763767242432,0.9152207970619202,0.0006865013274364173
ISIC_0028634,nv,nv,True,0.9648735523223877,0.9648735523223877,0.1608541535232776,0.9648735523223877,0.03360165283083916,0.9312718994915485,VERY_HIGH,0.000251098710577935,0.00029241963056847453,0.0003167991526424885,0.00034522812347859144,0.03360165283083916,0.9648735523223877,0.0003192838339600712
ISIC_0026479,nv,nv,True,0.9232445359230042,0.9232445359230042,0.3232986517639103,0.9232445359230042,0.05864758789539337,0.8645969480276108,VERY_HIGH,0.0002881219261325896,0.0001524238323327154,0.015321566723287106,0.001761517021805048,0.05864758789539337,0.9232445359230042,0.0005843002581968904
ISIC_0029228,nv,nv,True,0.9913066029548645,0.9913066029548645,0.052751417761997585,0.9913066029548645,0.00807261187583208,0.9832339910790324,VERY_HIGH,1.2894220162706915e-05,2.9110037758073304e-06,0.000260509317740798,3.5050125006819144e-05,0.00807261187583208,0.9913066029548645,0.00030936242546886206
ISIC_0030973,nv,nv,True,0.6740314364433289,0.6740314364433289,0.7086379588653173,0.6740314364433289,0.30859407782554626,0.3654373586177826,MODERATE,0.0014572599902749062,7.470971468137577e-05,0.014944103546440601,0.0005899373791180551,0.30859407782554626,0.6740314364433289,0.0003084558993577957
ISIC_0030444,nv,nv,True,0.8294868469238281,0.8294868469238281,0.5025755649468311,0.8294868469238281,0.16111774742603302,0.6683690994977951,HIGH,0.0010040184715762734,8.11371355666779e-05,0.006354893557727337,0.0008130789501592517,0.16111774742603302,0.8294868469238281,0.0011421547969803214
ISIC_0031472,nv,nv,True,0.9952620267868042,0.9952620267868042,0.03450297789118899,0.9952620267868042,0.0034858405124396086,0.9917761862743646,VERY_HIGH,7.277145778061822e-05,9.678384230937809e-05,0.0002515289525035769,0.0006081191240809858,0.0034858405124396086,0.9952620267868042,0.00022284232545644045
ISIC_0031646,nv,nv,True,0.5954267978668213,0.5954267978668213,1.0389985592356716,0.5954267978668213,0.23940235376358032,0.35602444410324097,MODERATE,0.010105770081281662,0.009023437276482582,0.23940235376358032,0.002259310567751527,0.1426747441291809,0.5954267978668213,0.0011075707152485847
ISIC_0031385,nv,nv,True,0.8434697985649109,0.8434697985649109,0.6234631219885068,0.8434697985649109,0.06596895307302475,0.7775008454918861,HIGH,0.0048516602255403996,0.03403260558843613,0.05045066028833389,0.00035145305446349084,0.06596895307302475,0.8434697985649109,0.0008749665576033294
ISIC_0029953,nv,nv,True,0.5776073932647705,0.5776073932647705,0.9309978077570863,0.5776073932647705,0.31588515639305115,0.26172223687171936,MODERATE,0.002124264370650053,2.617216705402825e-05,0.10426964610815048,5.6279001000802964e-05,0.31588515639305115,0.5776073932647705,3.108021701336838e-05
ISIC_0024682,nv,mel,False,0.547518789768219,0.4001823365688324,0.9037194394283086,0.547518789768219,0.4001823365688324,0.1473364531993866,MODERATE,0.0039117722772061825,0.009700657799839973,0.034140847623348236,0.00024096133711282164,0.547518789768219,0.4001823365688324,0.004304641392081976
ISIC_0026166,nv,nv,True,0.5421554446220398,0.5421554446220398,0.7458875046962256,0.5421554446220398,0.4485856592655182,0.0935697853565216,MODERATE,0.002610691823065281,0.0014673284022137523,0.4485856592655182,0.0003797967219725251,0.0046586086973547935,0.5421554446220398,0.00014247513900045305
ISIC_0024764,nv,nv,True,0.9822613000869751,0.9822613000869751,0.11136302564215272,0.9822613000869751,0.008502376265823841,0.9737589238211513,VERY_HIGH,0.00010531835869187489,0.000944208528380841,0.008502376265823841,0.0004141086246818304,0.005462807137519121,0.9822613000869751,0.0023097125813364983
ISIC_0033072,nv,nv,True,0.5617780685424805,0.5617780685424805,1.171068374187862,0.5617780685424805,0.21978069841861725,0.3419973701238632,MODERATE,0.0074546742253005505,0.014624077826738358,0.010574554093182087,0.016203194856643677,0.21978069841861725,0.5617780685424805,0.16958476603031158
ISIC_0034122,nv,nv,True,0.9858696460723877,0.9858696460723877,0.09520746378567034,0.9858696460723877,0.005048595368862152,0.9808210507035255,VERY_HIGH,5.592075831373222e-05,0.0014967405004426837,0.0031903341878205538,0.0009293473558500409,0.005048595368862152,0.9858696460723877,0.0034093852154910564
ISIC_0033281,nv,nv,True,0.9921758770942688,0.9921758770942688,0.05559011039445285,0.9921758770942688,0.003124137409031391,0.9890517396852374,VERY_HIGH,1.568913103255909e-05,0.00020626051991712302,0.003124137409031391,0.0003619984781835228,0.00303097628057003,0.9921758770942688,0.0010849576210603118
ISIC_0033285,nv,nv,True,0.9161731004714966,0.9161731004714966,0.3080235613390066,0.9161731004714966,0.07935378700494766,0.8368193134665489,VERY_HIGH,3.31617848132737e-05,0.00016515208699274808,0.0038517420180141926,0.00013270344061311334,0.07935378700494766,0.9161731004714966,0.0002904176071751863
ISIC_0026972,nv,nv,True,0.9782190322875977,0.9782190322875977,0.11361389866300586,0.9782190322875977,0.019090868532657623,0.95912816375494,VERY_HIGH,1.272398640139727e-05,5.646234512823867e-06,0.002581146312877536,5.192180833546445e-05,0.019090868532657623,0.9782190322875977,3.873603054671548e-05
ISIC_0029955,nv,nv,True,0.9736701250076294,0.9736701250076294,0.14600255078429764,0.9736701250076294,0.019462214782834053,0.9542079102247953,VERY_HIGH,0.0001230099587701261,0.002336948411539197,0.0005049072206020355,0.00152216712012887,0.019462214782834053,0.9736701250076294,0.0023807145189493895
ISIC_0025236,nv,nv,True,0.9734117984771729,0.9734117984771729,0.15201526324498296,0.9734117984771729,0.015738539397716522,0.9576732590794563,VERY_HIGH,0.00039465641020797193,0.0002961618884000927,0.015738539397716522,0.002854155609384179,0.006613466888666153,0.9734117984771729,0.0006912921089679003
ISIC_0030858,nv,nv,True,0.8212835192680359,0.8212835192680359,0.489984228682731,0.8212835192680359,0.17554575204849243,0.6457377672195435,HIGH,0.00027658825274556875,0.0009247849229723215,0.0011828179704025388,0.0004402636259328574,0.17554575204849243,0.8212835192680359,0.0003462424792815
ISIC_0030609,nv,nv,True,0.8117107152938843,0.8117107152938843,0.5048605850376997,0.8117107152938843,0.18432898819446564,0.6273817270994186,HIGH,0.0003152555727865547,6.69908185955137e-05,0.003488378133624792,4.0002039895625785e-05,0.18432898819446564,0.8117107152938843,4.978334982297383e-05
ISIC_0033474,nv,nv,True,0.6475294828414917,0.6475294828414917,0.7309839316098362,0.6475294828414917,0.332020103931427,0.3155093789100647,MODERATE,0.0006472396198660135,6.433621456380934e-05,0.019644610583782196,2.249608951387927e-05,0.332020103931427,0.6475294828414917,7.17722432455048e-05
ISIC_0026161,nv,nv,True,0.9600787162780762,0.9600787162780762,0.1933466070526696,0.9600787162780762,0.032342761754989624,0.9277359545230865,VERY_HIGH,0.0001968777651200071,0.0001737440179567784,0.0058015696704387665,0.0005935364752076566,0.032342761754989624,0.9600787162780762,0.0008128542685881257
ISIC_0026932,nv,nv,True,0.908109188079834,0.908109188079834,0.43990776644931123,0.908109188079834,0.03001498244702816,0.8780942056328058,VERY_HIGH,0.00133888004347682,0.015917504206299782,0.01419885829091072,0.03001498244702816,0.0014141390565782785,0.908109188079834,0.029006417840719223
ISIC_0032263,nv,nv,True,0.9561615586280823,0.9561615586280823,0.1854383487908056,0.9561615586280823,0.04296509176492691,0.9131964668631554,VERY_HIGH,4.567099313135259e-05,0.00014150326023809612,0.0003801644779741764,7.269751222338527e-05,0.04296509176492691,0.9561615586280823,0.00023329943360295147
ISIC_0025001,nv,nv,True,0.8941994309425354,0.8941994309425354,0.4030083445754756,0.8941994309425354,0.08914504200220108,0.8050543889403343,HIGH,0.00029244992765598,0.0011957113165408373,0.009451033547520638,0.0017262109322473407,0.08914504200220108,0.8941994309425354,0.003990112338215113
ISIC_0028800,nv,nv,True,0.7812216281890869,0.7812216281890869,0.5770629516216969,0.7812216281890869,0.20659922063350677,0.5746224075555801,HIGH,0.00012307020369917154,3.148381438222714e-05,0.01107031386345625,0.0007793482509441674,0.20659922063350677,0.7812216281890869,0.0001749179937178269
ISIC_0028327,nv,nv,True,0.9912418127059937,0.9912418127059937,0.058882689201415386,0.9912418127059937,0.00558863952755928,0.9856531731784344,VERY_HIGH,3.153963916702196e-05,0.0001167271111626178,0.00558863952755928,0.0010860554175451398,0.0018692197045311332,0.9912418127059937,6.599152402486652e-05
ISIC_0031100,nv,nv,True,0.9627686142921448,0.9627686142921448,0.2101590171076592,0.9627686142921448,0.015230937860906124,0.9475376764312387,VERY_HIGH,0.00021896162070333958,0.00033649528631940484,0.009540590457618237,0.005592216271907091,0.015230937860906124,0.9627686142921448,0.006312105804681778
ISIC_0031886,nv,nv,True,0.9978499412536621,0.9978499412536621,0.01745721355674129,0.9978499412536621,0.0015433002263307571,0.9963066410273314,VERY_HIGH,5.214264820097014e-05,3.874912727042101e-05,0.0015433002263307571,0.00019147637067362666,6.721452518831939e-05,0.9978499412536621,0.0002571568766143173
ISIC_0034114,nv,nv,True,0.9288953542709351,0.9288953542709351,0.28210620338736025,0.9288953542709351,0.06560195237398148,0.8632934018969536,VERY_HIGH,0.00011241755419177935,0.002707716077566147,0.00020356189634185284,0.000501856324262917,0.06560195237398148,0.9288953542709351,0.001977141946554184
ISIC_0032705,nv,nv,True,0.7793505191802979,0.7793505191802979,0.6300800867805189,0.7793505191802979,0.18439030647277832,0.5949602127075195,HIGH,6.546073564095423e-05,2.175596819142811e-05,0.03558894991874695,3.165474481647834e-05,0.18439030647277832,0.7793505191802979,0.0005513170617632568
ISIC_0034198,nv,nv,True,0.7972211241722107,0.7972211241722107,0.6712669239760517,0.7972211241722107,0.10017447173595428,0.6970466524362564,HIGH,9.480081644142047e-05,0.0001134617195930332,0.09596125781536102,0.00017919897800311446,0.10017447173595428,0.7972211241722107,0.006255593150854111
ISIC_0033658,nv,nv,True,0.7429153323173523,0.7429153323173523,0.7069252120683306,0.7429153323173523,0.2130567878484726,0.5298585444688797,MODERATE,0.00030416069785133004,0.0003187576658092439,0.2130567878484726,0.00019485266238916665,0.03878394886851311,0.7429153323173523,0.004426172468811274
ISIC_0033046,nv,nv,True,0.5987061858177185,0.5987061858177185,0.8069701462301129,0.5987061858177185,0.3645549416542053,0.23415124416351318,MODERATE,0.00017280013707932085,7.345456106122583e-05,0.034308597445487976,0.000214214829611592,0.3645549416542053,0.5987061858177185,0.0019698829855769873
ISIC_0032689,nv,nv,True,0.6442474126815796,0.6442474126815796,0.8495753381647643,0.6442474126815796,0.2776291072368622,0.3666183054447174,MODERATE,0.0007782814209349453,0.0003065704077016562,0.07619662582874298,0.0001334085682174191,0.2776291072368622,0.6442474126815796,0.0007086332770995796
ISIC_0030862,nv,nv,True,0.9144682884216309,0.9144682884216309,0.30289413893169376,0.9144682884216309,0.08374008536338806,0.8307282030582428,VERY_HIGH,2.3288812371902168e-05,0.00010643179120961577,0.000932087074033916,0.0005018421215936542,0.08374008536338806,0.9144682884216309,0.00022797207930125296
ISIC_0030724,nv,nv,True,0.9292258024215698,0.9292258024215698,0.3167751790742557,0.9292258024215698,0.05483198165893555,0.8743938207626343,VERY_HIGH,0.0032355389557778835,0.003093408653512597,0.005574155133217573,0.0006284640985541046,0.05483198165893555,0.9292258024215698,0.003410742152482271
ISIC_0030301,nv,nv,True,0.9923566579818726,0.9923566579818726,0.055245060817243244,0.9923566579818726,0.003932679072022438,0.9884239789098501,VERY_HIGH,0.0007088877609930933,0.00045059650437906384,0.003932679072022438,0.0003066805365961045,0.0018351271282881498,0.9923566579818726,0.00040947220986709
ISIC_0028429,nv,nv,True,0.7399227023124695,0.7399227023124695,0.5761614685901945,0.7399227023124695,0.2597373127937317,0.4801853895187378,MODERATE,9.291915375797544e-06,3.385590753168799e-05,4.279788117855787e-05,7.280164572875947e-05,0.2597373127937317,0.7399227023124695,0.00018124467169400305
ISIC_0032375,nv,nv,True,0.5317473411560059,0.5317473411560059,0.6981634085835458,0.5317473411560059,0.4674358665943146,0.06431147456169128,MODERATE,1.6462929124827497e-05,4.763706965604797e-05,0.00035544720594771206,0.00012575232540257275,0.4674358665943146,0.5317473411560059,0.00027146836509928107
ISIC_0027551,nv,nv,True,0.9460889101028442,0.9460889101028442,0.2253903698033693,0.9460889101028442,0.050831105560064316,0.8952578045427799,VERY_HIGH,0.00027466731262393296,0.00026935478672385216,0.0018479101127013564,0.00019938708283007145,0.050831105560064316,0.9460889101028442,0.0004886920214630663
ISIC_0027576,nv,nv,True,0.9099698662757874,0.9099698662757874,0.3580315240574743,0.9099698662757874,0.07535426318645477,0.8346156030893326,VERY_HIGH,0.00032813739380799234,0.0014821438817307353,0.0006960249156691134,0.00954286940395832,0.07535426318645477,0.9099698662757874,0.00262677064165473
ISIC_0029459,nv,nv,True,0.6927743554115295,0.6927743554115295,0.770633860992014,0.6927743554115295,0.2744922637939453,0.41828209161758423,MODERATE,0.006653855554759502,0.0022705025039613247,0.01062245387583971,0.007718608248978853,0.2744922637939453,0.6927743554115295,0.005467970389872789
ISIC_0032454,nv,nv,True,0.6872541308403015,0.6872541308403015,0.6424602491711255,0.6872541308403015,0.30976971983909607,0.37748441100120544,MODERATE,0.00017676735296845436,0.0002995191025547683,0.0007814588607288897,0.0008189618238247931,0.30976971983909607,0.6872541308403015,0.0008994537056423724
ISIC_0027271,nv,nv,True,0.5239366292953491,0.5239366292953491,1.04211128577739,0.5239366292953491,0.36791616678237915,0.15602046251296997,MODERATE,0.059753526002168655,0.0019802949391305447,0.04362082853913307,0.001017379341647029,0.36791616678237915,0.5239366292953491,0.0017751248087733984
ISIC_0024497,nv,nv,True,0.5332955718040466,0.5332955718040466,1.0290904776735663,0.5332955718040466,0.35664185881614685,0.17665371298789978,MODERATE,0.026890447363257408,0.0026186779141426086,0.07859286665916443,0.0005752471624873579,0.35664185881614685,0.5332955718040466,0.001385347219184041
ISIC_0028040,nv,nv,True,0.891701877117157,0.891701877117157,0.3604213277481756,0.891701877117157,0.10525785386562347,0.7864440232515335,HIGH,9.449466597288847e-05,0.00021461719006765634,0.0002593838726170361,0.0008227117941714823,0.10525785386562347,0.891701877117157,0.0016489902045577765
ISIC_0032467,nv,nv,True,0.9929157495498657,0.9929157495498657,0.04869287969971396,0.9929157495498657,0.005054355598986149,0.9878613939508796,VERY_HIGH,7.880644261604175e-05,0.0012327403528615832,0.00013249251060187817,0.00018251613073516637,0.005054355598986149,0.9929157495498657,0.00040335109224542975
ISIC_0028521,nv,nv,True,0.9544272422790527,0.9544272422790527,0.2376445438997773,0.9544272422790527,0.023943254724144936,0.9304839875549078,VERY_HIGH,0.0003846986801363528,0.0012369811302050948,0.0010375815909355879,0.004271357785910368,0.023943254724144936,0.9544272422790527,0.014698883518576622
ISIC_0027266,nv,nv,True,0.9432024955749512,0.9432024955749512,0.29204508873374796,0.9432024955749512,0.022214515134692192,0.920987980440259,VERY_HIGH,0.0007428929093293846,0.0008467548759654164,0.020696096122264862,0.022214515134692192,0.009466113522648811,0.9432024955749512,0.002831161953508854
ISIC_0025271,nv,nv,True,0.7492485046386719,0.7492485046386719,0.746356011355513,0.7492485046386719,0.19891923666000366,0.5503292679786682,MODERATE,0.0036291289143264294,0.006610121112316847,0.0339895524084568,0.006456997711211443,0.19891923666000366,0.7492485046386719,0.0011464253766462207
ISIC_0027867,nv,nv,True,0.9176469445228577,0.9176469445228577,0.29782592940747066,0.9176469445228577,0.08018309623003006,0.8374638482928276,VERY_HIGH,0.00022259393881540745,0.000493846251629293,0.08018309623003006,0.0005796244950033724,0.0002435185160720721,0.9176469445228577,0.0006304065464064479
ISIC_0027469,nv,nv,True,0.8181213140487671,0.8181213140487671,0.5330671695530611,0.8181213140487671,0.169158935546875,0.6489623785018921,HIGH,0.0005798751371912658,0.00039236314478330314,0.002665650798007846,0.0006558025488629937,0.169158935546875,0.8181213140487671,0.008426041342318058
ISIC_0031582,nv,nv,True,0.7632986307144165,0.7632986307144165,0.6344850179650773,0.7632986307144165,0.21237477660179138,0.5509238541126251,HIGH,0.00020454649347811937,0.0003230563015677035,0.21237477660179138,0.0007555424235761166,0.0005538473487831652,0.7632986307144165,0.022489583119750023
ISIC_0027205,nv,nv,True,0.8993068933486938,0.8993068933486938,0.3910872401384746,0.8993068933486938,0.08414013683795929,0.8151667565107346,HIGH,0.0015261040534824133,0.0006374185904860497,0.010088438168168068,0.002106407191604376,0.08414013683795929,0.8993068933486938,0.0021945990156382322
ISIC_0030162,nv,nv,True,0.8762874603271484,0.8762874603271484,0.4743927457409215,0.8762874603271484,0.08425915986299515,0.7920283004641533,HIGH,0.0002121466095559299,0.0012184374500066042,0.000919724756386131,0.003505067666992545,0.08425915986299515,0.8762874603271484,0.033597905188798904
ISIC_0032256,nv,nv,True,0.9972687363624573,0.9972687363624573,0.020084297136352583,0.9972687363624573,0.0024029568303376436,0.9948657795321196,VERY_HIGH,3.4641354886844056e-06,5.302849785948638e-06,5.1505150622688234e-05,1.026151585392654e-05,0.0024029568303376436,0.9972687363624573,0.00025776113034226
ISIC_0029577,nv,nv,True,0.8706701993942261,0.8706701993942261,0.42839498542128146,0.8706701993942261,0.120156429708004,0.7505137696862221,HIGH,0.001984325237572193,0.0002426139690214768,0.005559745244681835,0.000968973501585424,0.120156429708004,0.8706701993942261,0.00041756508289836347
ISIC_0024560,nv,nv,True,0.6720492839813232,0.6720492839813232,0.726756109903438,0.6720492839813232,0.3094947338104248,0.36255455017089844,MODERATE,0.00376872974447906,0.0010084138484671712,0.010294613428413868,0.0015618618344888091,0.3094947338104248,0.6720492839813232,0.001822438556700945
ISIC_0029863,nv,nv,True,0.9451208114624023,0.9451208114624023,0.22705138589863869,0.9451208114624023,0.05193254351615906,0.8931882679462433,VERY_HIGH,3.163868314004503e-05,0.00016772896924521774,0.00023607422190252692,0.0005403792602010071,0.05193254351615906,0.9451208114624023,0.0019708427134901285
ISIC_0027411,nv,nv,True,0.9674103856086731,0.9674103856086731,0.17943927660535294,0.9674103856086731,0.018273383378982544,0.9491370022296906,VERY_HIGH,0.00010453955474076793,5.094851439935155e-05,0.009152053855359554,0.001856630784459412,0.018273383378982544,0.9674103856086731,0.0031520728953182697
ISIC_0026921,nv,mel,False,0.6391602158546448,0.3019179403781891,0.8330068944448414,0.6391602158546448,0.3019179403781891,0.3372422754764557,MODERATE,0.004268942400813103,0.00023594850790686905,0.05418378487229347,0.00011957289098063484,0.6391602158546448,0.3019179403781891,0.00011365242244210094
ISIC_0031714,nv,bkl,False,0.3972613215446472,0.19465239346027374,1.4331329412503828,0.3972613215446472,0.2514074146747589,0.1458539068698883,LOW,0.10904856771230698,0.2514074146747589,0.3972613215446472,0.002490114187821746,0.04426783695816994,0.19465239346027374,0.000872406701091677
ISIC_0026193,nv,nv,True,0.9902215003967285,0.9902215003967285,0.057642978875061375,0.9902215003967285,0.009290415793657303,0.9809310846030712,VERY_HIGH,2.7804981073131785e-05,0.00011105003068223596,0.00016412130207754672,0.00011752151476684958,0.009290415793657303,0.9902215003967285,6.74869297654368e-05
ISIC_0031343,nv,nv,True,0.9554791450500488,0.9554791450500488,0.23587775466981953,0.9554791450500488,0.023667262867093086,0.9318118821829557,VERY_HIGH,0.004641624633222818,0.0012927143834531307,0.023667262867093086,0.0012927143834531307,0.01280968077480793,0.9554791450500488,0.0008168987114913762
ISIC_0032247,df,bcc,False,0.44373777508735657,0.014774313196539879,1.3362155134210398,0.44373777508735657,0.3046785593032837,0.13905921578407288,LOW,0.1447303593158722,0.44373777508735657,0.07677195221185684,0.014774313196539879,0.006731225643306971,0.3046785593032837,0.00857580453157425
ISIC_0031429,df,nv,False,0.6529642343521118,0.05680519714951515,1.1933147410118343,0.6529642343521118,0.10643745213747025,0.5465267822146416,MODERATE,0.10643745213747025,0.06477861106395721,0.09148640185594559,0.05680519714951515,0.016171982511878014,0.6529642343521118,0.011356208473443985
ISIC_0025302,df,df,True,0.38681119680404663,0.38681119680404663,1.3920013564654203,0.38681119680404663,0.3771134316921234,0.009697765111923218,LOW,0.01950424164533615,0.024679765105247498,0.013210125267505646,0.38681119680404663,0.09120526164770126,0.3771134316921234,0.08747600018978119
ISIC_0025771,df,df,True,0.9947250485420227,0.9947250485420227,0.03897457818953178,0.9947250485420227,0.002750661224126816,0.9919743873178959,VERY_HIGH,6.570805999217555e-05,4.883009023615159e-05,0.0007317053386941552,0.9947250485420227,0.001580343465320766,0.002750661224126816,9.768090239958838e-05
ISIC_0025980,df,nv,False,0.5508714318275452,0.4306982457637787,0.7755972170521979,0.5508714318275452,0.4306982457637787,0.12017318606376648,MODERATE,8.0260077083949e-05,0.0003611085703596473,0.0006839265115559101,0.4306982457637787,0.015615577809512615,0.5508714318275452,0.0016894313739612699
ISIC_0033422,df,df,True,0.9997813105583191,0.9997813105583191,0.002268200094681248,0.9997813105583191,0.0001533276226837188,0.9996279829356354,VERY_HIGH,4.774736225954257e-06,3.751954864128493e-05,1.4820360547673772e-06,0.9997813105583191,0.0001533276226837188,1.8054894098895602e-05,3.583103762139217e-06
ISIC_0027488,df,df,True,0.9992675185203552,0.9992675185203552,0.006429239909154474,0.9992675185203552,0.0006386196473613381,0.9986288988729939,VERY_HIGH,3.051729072467424e-05,2.703682184801437e-05,4.91416358272545e-06,0.9992675185203552,0.0006386196473613381,2.7302146918373182e-05,4.073984655406093e-06
ISIC_0031123,df,nv,False,0.34803569316864014,0.2913632094860077,1.465841488120415,0.34803569316864014,0.2913632094860077,0.056672483682632446,LOW,0.020357264205813408,0.19532568752765656,0.0041764164343476295,0.2913632094860077,0.1282854825258255,0.34803569316864014,0.012456304393708706
ISIC_0024845,df,df,True,0.9929722547531128,0.9929722547531128,0.048285070337222874,0.9929722547531128,0.004611865617334843,0.988360389135778,VERY_HIGH,3.594160807551816e-05,0.0001629778416827321,1.886605423351284e-05,0.9929722547531128,0.0018082383321598172,0.004611865617334843,0.0003898198192473501
ISIC_0028926,df,bcc,False,0.3693866729736328,0.02702087163925171,1.3094696882985883,0.3693866729736328,0.3545425534248352,0.014844119548797607,LOW,0.0139772342517972,0.3693866729736328,0.008105218410491943,0.02702087163925171,0.2169392704963684,0.3545425534248352,0.010028176009654999
ISIC_0030870,df,df,True,0.9988545179367065,0.9988545179367065,0.009854332313888764,0.9988545179367065,0.0008471304317936301,0.9980073875049129,VERY_HIGH,1.6843767980390112e-06,6.431703241105424e-06,1.8179634935222566e-05,0.9988545179367065,0.00015643579536117613,0.0008471304317936301,0.00011568694753805175
ISIC_0028220,mel,mel,True,0.7737982869148254,0.7737982869148254,0.7726281498713164,0.7737982869148254,0.10179804265499115,0.6720002442598343,HIGH,0.09742137789726257,0.005496137775480747,0.10179804265499115,0.0004802471667062491,0.7737982869148254,0.020762473344802856,0.00024337742070201784
ISIC_0033901,mel,mel,True,0.8873001933097839,0.8873001933097839,0.4168005416160357,0.8873001933097839,0.0980089083313942,0.7892912849783897,HIGH,0.0009132707491517067,0.003053560620173812,0.00609649857506156,0.0029770052060484886,0.8873001933097839,0.0980089083313942,0.0016504930099472404
ISIC_0032917,mel,mel,True,0.9282402396202087,0.9282402396202087,0.3236158993490068,0.9282402396202087,0.043626874685287476,0.8846133649349213,VERY_HIGH,0.000559466308914125,0.00043913014815188944,0.043626874685287476,0.003315222915261984,0.9282402396202087,0.023346085101366043,0.0004729617794509977
ISIC_0032925,mel,mel,True,0.9527665376663208,0.9527665376663208,0.2285150076542809,0.9527665376663208,0.02646634168922901,0.9263001959770918,VERY_HIGH,0.0004420150362420827,0.0001407257077516988,0.019586652517318726,0.0005522496649064124,0.9527665376663208,0.02646634168922901,4.5508830226026475e-05
ISIC_0032915,mel,akiec,False,0.6004889011383057,0.1438877284526825,1.2008701330131837,0.6004889011383057,0.1452997624874115,0.45518913865089417,MODERATE,0.6004889011383057,0.1452997624874115,0.053485430777072906,0.05326390266418457,0.1438877284526825,0.0021031734067946672,0.0014711221447214484
ISIC_0033336,mel,nv,False,0.9035890102386475,0.0026676005218178034,0.35620342019889883,0.9035890102386475,0.08799439668655396,0.8155946135520935,VERY_HIGH,4.070363502250984e-05,0.0005911671323701739,0.0035896485205739737,0.0015273926546797156,0.0026676005218178034,0.9035890102386475,0.08799439668655396
ISIC_0033405,mel,vasc,False,0.5089931488037109,0.045607902109622955,0.8940619045375019,0.5089931488037109,0.4370688796043396,0.07192426919937134,MODERATE,5.047306331107393e-05,0.0037300398107618093,0.0006519927992485464,0.0038976126816123724,0.045607902109622955,0.4370688796043396,0.5089931488037109
ISIC_0034188,mel,nv,False,0.5350654125213623,0.02945827879011631,1.2007898012291045,0.5350654125213623,0.216080442070961,0.3189849704504013,MODERATE,0.0007353161927312613,0.18948371708393097,0.216080442070961,0.0021443956065922976,0.02945827879011631,0.5350654125213623,0.027032436802983284
ISIC_0029092,mel,mel,True,0.6987257599830627,0.6987257599830627,0.6262206458520208,0.6987257599830627,0.2993466258049011,0.3993791341781616,MODERATE,0.0008590625366196036,0.0004465470847208053,0.000359512196155265,6.50895235594362e-05,0.6987257599830627,0.2993466258049011,0.00019738155242521316
ISIC_0025531,mel,akiec,False,0.6535152196884155,0.03994262218475342,0.8023609162692371,0.6535152196884155,0.30095934867858887,0.35255587100982666,MODERATE,0.6535152196884155,0.0010276634711772203,0.30095934867858887,0.0008721666526980698,0.03994262218475342,0.003572914283722639,0.00011002064275089651
ISIC_0028285,mel,bkl,False,0.7690880298614502,0.12865309417247772,0.7284036990082632,0.7690880298614502,0.12865309417247772,0.6404349356889725,HIGH,0.09551353007555008,0.0005558724515140057,0.7690880298614502,0.0007524039247073233,0.12865309417247772,0.005357023794203997,8.008101576706395e-05
ISIC_0027260,mel,mel,True,0.789516031742096,0.789516031742096,0.5342378909311809,0.789516031742096,0.2067636400461197,0.5827523916959763,HIGH,4.0616545447846875e-05,4.3575189920375124e-05,0.0035471580922603607,4.785798228112981e-05,0.789516031742096,0.2067636400461197,4.1095314372796565e-05
ISIC_0027604,mel,mel,True,0.5435415506362915,0.5435415506362915,0.7358861862228515,0.5435415506362915,0.4471050798892975,0.09643647074699402,MODERATE,8.782908116700128e-05,1.526240521343425e-05,0.009207156486809254,2.1862386347493157e-05,0.5435415506362915,0.4471050798892975,2.1272686353768222e-05
ISIC_0029434,mel,nv,False,0.8220945000648499,0.14971452951431274,0.5477226298886123,0.8220945000648499,0.14971452951431274,0.6723799705505371,HIGH,0.00011451483442215249,7.00015079928562e-05,0.027938885614275932,3.478889266261831e-05,0.14971452951431274,0.8220945000648499,3.280905002611689e-05
ISIC_0033333,mel,nv,False,0.6387273669242859,0.3548116385936737,0.6940078772184975,0.6387273669242859,0.3548116385936737,0.2839157283306122,MODERATE,0.0016207924345508218,0.003659652778878808,0.0004319910367485136,0.00013699814735446125,0.3548116385936737,0.6387273669242859,0.0006115893484093249
ISIC_0033717,mel,nv,False,0.6520193219184875,0.30056384205818176,0.8372976318825881,0.6520193219184875,0.30056384205818176,0.3514554798603058,MODERATE,0.0035439091734588146,0.02615419775247574,0.014334817416965961,0.0007088264683261514,0.30056384205818176,0.6520193219184875,0.002675083000212908
ISIC_0034120,mel,nv,False,0.48769909143447876,0.48579779267311096,0.8237738570686852,0.48769909143447876,0.48579779267311096,0.0019012987613677979,LOW,0.001504482002928853,0.015769189223647118,0.007890623062849045,0.00020321219926699996,0.48579779267311096,0.48769909143447876,0.0011356425238773227
ISIC_0032870,mel,mel,True,0.6049734354019165,0.6049734354019165,0.9726970934431455,0.6049734354019165,0.2780610918998718,0.3269123435020447,MODERATE,0.021853996440768242,0.0007380086462944746,0.2780610918998718,9.456316183786839e-05,0.6049734354019165,0.09423669427633286,4.2126383050344884e-05
ISIC_0025248,mel,mel,True,0.7072279453277588,0.7072279453277588,0.8759866951820059,0.7072279453277588,0.175014466047287,0.5322134792804718,MODERATE,0.01799270324409008,0.002414918504655361,0.09492169320583344,0.0020817897748202085,0.7072279453277588,0.175014466047287,0.0003465456538833678
ISIC_0032400,mel,mel,True,0.8241809010505676,0.8241809010505676,0.5303585619106456,0.8241809010505676,0.1596187949180603,0.6645621061325073,HIGH,0.0002764818782452494,0.001219895319081843,0.013256755657494068,0.000419940915890038,0.8241809010505676,0.1596187949180603,0.0010272548533976078
ISIC_0024545,mel,mel,True,0.6796776056289673,0.6796776056289673,0.8690257807833044,0.6796776056289673,0.1820416897535324,0.4976359158754349,MODERATE,0.0016265519661828876,0.0010750851361081004,0.13436026871204376,0.0004490383144002408,0.6796776056289673,0.1820416897535324,0.0007698307745158672
ISIC_0028127,mel,mel,True,0.8701309561729431,0.8701309561729431,0.44844896381790683,0.8701309561729431,0.10680314898490906,0.7633278071880341,HIGH,0.00010780296724988148,0.00010407887020846829,0.022828703746199608,1.7257969375350513e-05,0.8701309561729431,0.10680314898490906,8.088647518889047e-06
ISIC_0030165,mel,mel,True,0.9508635997772217,0.9508635997772217,0.231180509474097,0.9508635997772217,0.030209360644221306,0.9206542391330004,VERY_HIGH,0.000201965041924268,0.00017478618246968836,0.030209360644221306,3.750600080820732e-05,0.9508635997772217,0.01850271411240101,1.0016046871896833e-05
ISIC_0032888,mel,nv,False,0.6526964902877808,0.31377947330474854,0.7588714130704326,0.6526964902877808,0.31377947330474854,0.3389170169830322,MODERATE,9.678202331997454e-05,1.8688904674490914e-05,0.03307211026549339,7.449578697560355e-05,0.31377947330474854,0.6526964902877808,0.00026205513859167695
ISIC_0033968,mel,mel,True,0.7326552867889404,0.7326552867889404,0.6316303896707308,0.7326552867889404,0.2566843628883362,0.47597092390060425,MODERATE,0.0004296729457564652,0.00011700808681780472,0.009137602522969246,0.0002839965163730085,0.7326552867889404,0.2566843628883362,0.000692000612616539
ISIC_0031908,mel,nv,False,0.6660641431808472,0.3303702771663666,0.6605938672147823,0.6660641431808472,0.3303702771663666,0.3356938660144806,MODERATE,0.00014370103599503636,0.00019337089906912297,0.0004166256985627115,0.0005174873513169587,0.3303702771663666,0.6660641431808472,0.002294437261298299
ISIC_0026897,mel,mel,True,0.7293581962585449,0.7293581962585449,0.6089242290767922,0.7293581962585449,0.266748309135437,0.4626098871231079,MODERATE,0.0006408598856069148,6.508547812700272e-05,0.0022433835547417402,0.0005079530528746545,0.7293581962585449,0.266748309135437,0.00043617573101073503
ISIC_0033081,mel,mel,True,0.32532963156700134,0.32532963156700134,1.3719519707913144,0.32532963156700134,0.31363123655319214,0.011698395013809204,LOW,0.02163667231798172,0.023601345717906952,0.289354145526886,0.008631725795567036,0.32532963156700134,0.31363123655319214,0.017815230414271355
ISIC_0034205,mel,nv,False,0.5974576473236084,0.3637946844100952,0.8278747751016928,0.5974576473236084,0.3637946844100952,0.23366296291351318,MODERATE,0.0015919331926852465,0.0014608398778364062,0.03230734169483185,0.001519033103249967,0.3637946844100952,0.5974576473236084,0.0018684427486732602
ISIC_0033612,mel,nv,False,0.5718768239021301,0.3352055251598358,1.0007320996833715,0.5718768239021301,0.3352055251598358,0.2366712987422943,MODERATE,0.011834203265607357,0.014177524484694004,0.06182539835572243,0.0014037650544196367,0.3352055251598358,0.5718768239021301,0.003676821244880557
ISIC_0029281,mel,nv,False,0.5284401774406433,0.46543681621551514,0.7329064258378484,0.5284401774406433,0.46543681621551514,0.06300336122512817,MODERATE,0.0003902343160007149,0.0006612229626625776,0.001800904399715364,0.0023998308461159468,0.46543681621551514,0.5284401774406433,0.0008708604145795107
ISIC_0024367,mel,mel,True,0.7804486155509949,0.7804486155509949,0.5923539659329662,0.7804486155509949,0.20478859543800354,0.5756600201129913,HIGH,0.0003861770674120635,0.0014460753882303834,0.0009102487820200622,0.011502722278237343,0.7804486155509949,0.20478859543800354,0.0005176321137696505
ISIC_0024700,mel,nv,False,0.9283385276794434,0.06864198297262192,0.2749412540343718,0.9283385276794434,0.06864198297262192,0.8596965447068214,VERY_HIGH,0.0008993736701086164,0.0004383197519928217,0.00041824759682640433,0.0010013660648837686,0.06864198297262192,0.9283385276794434,0.00026224437169730663
ISIC_0031957,mel,mel,True,0.6400017142295837,0.6400017142295837,0.7929472769490573,0.6400017142295837,0.32816025614738464,0.3118414580821991,MODERATE,0.0058426340110599995,0.0027625614311546087,0.021215511485934258,0.001555721741169691,0.6400017142295837,0.32816025614738464,0.0004616703372448683
ISIC_0026475,mel,nv,False,0.9168534874916077,0.07533344626426697,0.32073608123084757,0.9168534874916077,0.07533344626426697,0.8415200412273407,VERY_HIGH,0.0004708239284809679,0.0006665668333880603,0.0050618345849215984,0.0013412527041509748,0.07533344626426697,0.9168534874916077,0.00027249197592027485
ISIC_0033299,mel,mel,True,0.9085882306098938,0.9085882306098938,0.36906464358606733,0.9085882306098938,0.07019977271556854,0.8383884578943253,VERY_HIGH,0.0012292733881622553,0.00038006805698387325,0.017797013744711876,0.0012054970720782876,0.9085882306098938,0.07019977271556854,0.0006002712761983275
ISIC_0033344,mel,mel,True,0.5299357175827026,0.5299357175827026,1.0125230361576734,0.5299357175827026,0.37651538848876953,0.1534203290939331,MODERATE,0.03813154622912407,0.004730380605906248,0.04932931810617447,0.0007211891934275627,0.5299357175827026,0.37651538848876953,0.0006364473374560475
ISIC_0032988,mel,mel,True,0.7921322584152222,0.7921322584152222,0.6896885230167012,0.7921322584152222,0.13446325063705444,0.6576690077781677,HIGH,0.016114329919219017,0.0005781466024927795,0.05646466836333275,0.00019139870710205287,0.7921322584152222,0.13446325063705444,5.591820445260964e-05
ISIC_0030417,mel,mel,True,0.7982150316238403,0.7982150316238403,0.563502107668504,0.7982150316238403,0.1877502053976059,0.6104648262262344,HIGH,0.009599623270332813,0.00015927018830552697,0.1877502053976059,3.235770054743625e-05,0.7982150316238403,0.004235954023897648,7.65566437621601e-06
ISIC_0032698,mel,mel,True,0.8926289081573486,0.8926289081573486,0.44413880215936746,0.8926289081573486,0.07359414547681808,0.8190347626805305,HIGH,0.010944136418402195,0.0033606677316129208,0.07359414547681808,0.001439770101569593,0.8926289081573486,0.01798226125538349,5.0042057409882545e-05
ISIC_0028969,mel,bkl,False,0.6197712421417236,0.04871044307947159,1.0200083964872897,0.6197712421417236,0.2771788239479065,0.34259241819381714,MODERATE,0.0157754048705101,0.01965198665857315,0.6197712421417236,0.0006837110267952085,0.04871044307947159,0.2771788239479065,0.018228445202112198
ISIC_0032441,mel,bkl,False,0.8870007991790771,0.01688903011381626,0.46964800021046177,0.8870007991790771,0.060449644923210144,0.826551154255867,HIGH,0.03458642214536667,0.0006225864053703845,0.8870007991790771,0.00020772729476448148,0.01688903011381626,0.060449644923210144,0.00024380833201576024
ISIC_0025814,mel,mel,True,0.8964555859565735,0.8964555859565735,0.39357252809646653,0.8964555859565735,0.08678968995809555,0.8096658959984779,HIGH,0.004270663019269705,0.00016770721413195133,0.011015229858458042,0.0011893996270373464,0.8964555859565735,0.08678968995809555,0.00011171708320034668
ISIC_0026853,mel,mel,True,0.9552168250083923,0.9552168250083923,0.2246375406741963,0.9552168250083923,0.02220282517373562,0.9330139998346567,VERY_HIGH,0.0027146339416503906,9.472174861002713e-05,0.02220282517373562,0.0003229527792427689,0.9552168250083923,0.019422467797994614,2.549401506257709e-05
ISIC_0029575,mel,mel,True,0.923053503036499,0.923053503036499,0.33172401574627924,0.923053503036499,0.05866409093141556,0.8643894121050835,VERY_HIGH,0.0024594871792942286,0.05866409093141556,0.0054726204834878445,5.55171791347675e-05,0.923053503036499,0.010204250924289227,9.046597551787272e-05
ISIC_0028361,mel,mel,True,0.9354787468910217,0.9354787468910217,0.31435730819808444,0.9354787468910217,0.036157507449388504,0.8993212394416332,VERY_HIGH,0.0042235152795910835,0.036157507449388504,0.007952451705932617,0.00046018388820812106,0.9354787468910217,0.01541130617260933,0.00031627947464585304
ISIC_0030238,mel,nv,False,0.6045383214950562,0.390319287776947,0.7012090961259548,0.6045383214950562,0.390319287776947,0.21421903371810913,MODERATE,0.00022623976110480726,1.0255820598104037e-05,0.004497789777815342,0.00030206970404833555,0.390319287776947,0.6045383214950562,0.0001060364447766915
ISIC_0031233,mel,nv,False,0.47457948327064514,0.46449217200279236,0.9125513902110257,0.47457948327064514,0.46449217200279236,0.010087311267852783,LOW,0.005944975186139345,0.0002589182695373893,0.05230577662587166,0.0019816174171864986,0.46449217200279236,0.47457948327064514,0.00043700734386220574
ISIC_0025751,mel,nv,False,0.7059108018875122,0.28410181403160095,0.6544792174493945,0.7059108018875122,0.28410181403160095,0.42180898785591125,MODERATE,0.00015960674500092864,0.00015052349772304296,0.0087526123970747,0.0007409026147797704,0.28410181403160095,0.7059108018875122,0.00018370624457020313
ISIC_0028109,mel,mel,True,0.5001440048217773,0.5001440048217773,0.7475220507060187,0.5001440048217773,0.49047034978866577,0.009673655033111572,MODERATE,0.00024941936135292053,0.0005008974112570286,0.007274880073964596,0.0008178146090358496,0.5001440048217773,0.49047034978866577,0.0005426580901257694
ISIC_0025964,mel,nv,False,0.41208523511886597,0.2020145207643509,1.3517554148435325,0.41208523511886597,0.29364249110221863,0.11844274401664734,LOW,0.0010725707979872823,0.03395840898156166,0.05195767432451248,0.0052690766751766205,0.2020145207643509,0.41208523511886597,0.29364249110221863
ISIC_0030623,mel,mel,True,0.5312567353248596,0.5312567353248596,0.869642331311099,0.5312567353248596,0.42938536405563354,0.10187137126922607,MODERATE,0.0007741383742541075,0.009570102207362652,0.0051980954594910145,0.0010255668312311172,0.5312567353248596,0.42938536405563354,0.02278994955122471
ISIC_0026506,mel,vasc,False,0.7876397967338562,0.10976456105709076,0.7153859674007765,0.7876397967338562,0.10976456105709076,0.6778752356767654,HIGH,0.0004084391694050282,0.006376597564667463,0.0016028372338041663,0.004005990456789732,0.10976456105709076,0.090201735496521,0.7876397967338562
ISIC_0032134,mel,mel,True,0.5659879446029663,0.5659879446029663,0.9957496418901464,0.5659879446029663,0.3419506847858429,0.2240372598171234,MODERATE,0.003558135824277997,0.024268001317977905,0.0594511404633522,0.0015125063946470618,0.5659879446029663,0.3419506847858429,0.0032715124543756247
ISIC_0028114,mel,mel,True,0.38083386421203613,0.38083386421203613,1.3246853867147683,0.38083386421203613,0.34455910325050354,0.03627476096153259,LOW,0.013926166109740734,0.06588882207870483,0.34455910325050354,0.0036613503471016884,0.38083386421203613,0.1883884072303772,0.002742224605754018
ISIC_0027673,mel,mel,True,0.5347278714179993,0.5347278714179993,1.1418157874350296,0.5347278714179993,0.2967502176761627,0.23797765374183655,MODERATE,0.008064099587500095,0.03585953637957573,0.11841430515050888,0.0027760129887610674,0.5347278714179993,0.2967502176761627,0.0034078918397426605
ISIC_0027328,mel,akiec,False,0.6208989024162292,0.20635658502578735,0.9680173260275512,0.6208989024162292,0.20635658502578735,0.4145423173904419,MODERATE,0.6208989024162292,0.0018384128343313932,0.16308218240737915,0.0002128117484971881,0.20635658502578735,0.007582893129438162,2.8243875931366347e-05
ISIC_0028017,mel,nv,False,0.8698866963386536,0.037221018224954605,0.49533272435022835,0.8698866963386536,0.08650977909564972,0.7833769172430038,HIGH,0.0012651110300794244,0.0010145617416128516,0.08650977909564972,0.0034055085852742195,0.037221018224954605,0.8698866963386536,0.0006972974515520036
ISIC_0027797,mel,nv,False,0.8640111088752747,0.09018111228942871,0.5196218222410843,0.8640111088752747,0.09018111228942871,0.773829996585846,HIGH,0.0016229442553594708,0.0007547391578555107,0.035814687609672546,0.005850157234817743,0.09018111228942871,0.8640111088752747,0.0017651334637776017
ISIC_0027069,mel,bcc,False,0.5865820050239563,0.019934991374611855,1.113184856311262,0.5865820050239563,0.21516017615795135,0.37142182886600494,MODERATE,0.21516017615795135,0.5865820050239563,0.017353679984807968,0.0030422385316342115,0.019934991374611855,0.15558062493801117,0.002346272813156247
ISIC_0034034,mel,mel,True,0.6396501660346985,0.6396501660346985,0.9092108389149792,0.6396501660346985,0.22718511521816254,0.41246505081653595,MODERATE,0.0031655526254326105,0.00026393632288090885,0.22718511521816254,9.157095337286592e-05,0.6396501660346985,0.12957264482975006,7.103750249370933e-05
ISIC_0033217,mel,mel,True,0.5029926896095276,0.5029926896095276,1.029360260316333,0.5029926896095276,0.3559792637825012,0.14701342582702637,MODERATE,0.009514359757304192,0.00039079171256162226,0.3559792637825012,0.0001224886509589851,0.5029926896095276,0.13082963228225708,0.00017072423361241817
ISIC_0030951,mel,mel,True,0.5746006965637207,0.5746006965637207,0.9410420131772831,0.5746006965637207,0.3160875141620636,0.2585131824016571,MODERATE,0.002100860932841897,0.00019275705562904477,0.10629044473171234,0.00040489109233021736,0.5746006965637207,0.3160875141620636,0.0003228073474019766
ISIC_0028465,mel,mel,True,0.7984017133712769,0.7984017133712769,0.5812515863502719,0.7984017133712769,0.17779991030693054,0.6206018030643463,HIGH,0.0004476622852962464,3.8284866604954004e-05,0.022748665884137154,0.00012310325109865516,0.7984017133712769,0.17779991030693054,0.0004407218948472291
ISIC_0026770,mel,mel,True,0.9157097339630127,0.9157097339630127,0.3147861901625697,0.9157097339630127,0.07808400690555573,0.837625727057457,VERY_HIGH,0.00014738964091520756,9.00974846445024e-05,0.005365829449146986,0.00019525956304278225,0.9157097339630127,0.07808400690555573,0.0004077514458913356
ISIC_0032718,mel,nv,False,0.3992300033569336,0.3127477765083313,1.4003302635992532,0.3992300033569336,0.3127477765083313,0.0864822268486023,LOW,0.04958062618970871,0.05329623818397522,0.17299002408981323,0.007852459326386452,0.3127477765083313,0.3992300033569336,0.004302792716771364
ISIC_0032736,mel,mel,True,0.2560105621814728,0.2560105621814728,1.7662200264721446,0.2560105621814728,0.24886196851730347,0.0071485936641693115,LOW,0.1203124076128006,0.24886196851730347,0.09592141211032867,0.09648510813713074,0.2560105621814728,0.16579677164554596,0.016611767932772636
ISIC_0025573,mel,mel,True,0.8848382234573364,0.8848382234573364,0.3778643768496034,0.8848382234573364,0.11161912232637405,0.7732191011309624,HIGH,0.000698286050464958,0.00043104265932925045,0.0008724324288778007,0.001458198414184153,0.8848382234573364,0.11161912232637405,8.274937135865912e-05
ISIC_0029705,mel,nv,False,0.5281519889831543,0.4579710066318512,0.7566661342467963,0.5281519889831543,0.4579710066318512,0.0701809823513031,MODERATE,0.0002892737975344062,2.411897003185004e-05,0.013415496796369553,5.6739318097243086e-05,0.4579710066318512,0.5281519889831543,9.138030145550147e-05
ISIC_0026045,mel,mel,True,0.9492224454879761,0.9492224454879761,0.24020804975403712,0.9492224454879761,0.025870520621538162,0.9233519248664379,VERY_HIGH,0.0007850459078326821,1.7479953385191038e-05,0.025870520621538162,7.504485256504267e-05,0.9492224454879761,0.024019965901970863,9.503686669631861e-06
ISIC_0034005,mel,nv,False,0.4446120858192444,0.2553192377090454,1.2607348373241962,0.4446120858192444,0.2553192377090454,0.18929284811019897,LOW,0.023311806842684746,0.020896567031741142,0.24940475821495056,0.00284188543446362,0.2553192377090454,0.4446120858192444,0.003613591892644763
ISIC_0034062,mel,mel,True,0.6620244383811951,0.6620244383811951,0.9876715602746234,0.6620244383811951,0.16350850462913513,0.49851593375205994,MODERATE,0.04539358243346214,0.0008835228509269655,0.16350850462913513,0.0012755142524838448,0.6620244383811951,0.12672027945518494,0.00019408421940170228
ISIC_0034170,mel,mel,True,0.6240905523300171,0.6240905523300171,1.04966310132413,0.6240905523300171,0.16536754369735718,0.4587230086326599,MODERATE,0.16536754369735718,0.0025555018801242113,0.047423429787158966,0.0003754161298274994,0.6240905523300171,0.15996696054935455,0.0002206957433372736
ISIC_0030107,mel,nv,False,0.912595808506012,0.050612736493349075,0.3718620561663958,0.912595808506012,0.050612736493349075,0.8619830720126629,VERY_HIGH,0.0010769205400720239,0.00045957326074130833,0.03338770195841789,0.0011111056664958596,0.050612736493349075,0.912595808506012,0.0007562297396361828
ISIC_0029013,mel,nv,False,0.5586799383163452,0.43765726685523987,0.7132283889654721,0.5586799383163452,0.43765726685523987,0.12102267146110535,MODERATE,0.0008854237967170775,0.0007045440142974257,0.000887154892552644,0.0004223490250296891,0.43765726685523987,0.5586799383163452,0.0007632829947397113
ISIC_0031554,mel,nv,False,0.8095019459724426,0.17886897921562195,0.5371289458210099,0.8095019459724426,0.17886897921562195,0.6306329667568207,HIGH,0.00014338060282170773,0.0006400819984264672,0.01011082623153925,0.00025065973750315607,0.17886897921562195,0.8095019459724426,0.0004841038607992232
ISIC_0025472,mel,nv,False,0.8757923245429993,0.10277590155601501,0.4515917435756055,0.8757923245429993,0.10277590155601501,0.7730164229869843,HIGH,0.0012761898105964065,0.002011653734371066,0.01607205718755722,0.0008961596759036183,0.10277590155601501,0.8757923245429993,0.0011756811290979385
ISIC_0033061,mel,vasc,False,0.7131292223930359,0.041569944471120834,1.0244869163526789,0.7131292223930359,0.13676927983760834,0.5763599425554276,MODERATE,0.011834628880023956,0.018169434741139412,0.04360749572515488,0.13676927983760834,0.041569944471120834,0.034920044243335724,0.7131292223930359
ISIC_0033967,mel,mel,True,0.5675712823867798,0.5675712823867798,0.9041853938110198,0.5675712823867798,0.3758751153945923,0.1916961669921875,MODERATE,0.00011914862261619419,0.009191869758069515,0.0014123748987913132,0.0073570809327065945,0.5675712823867798,0.3758751153945923,0.03847312927246094
ISIC_0033051,mel,vasc,False,0.6758803129196167,0.0746150016784668,1.0535952388496836,0.6758803129196167,0.1418798863887787,0.534000426530838,MODERATE,0.0013997989008203149,0.004114237613976002,0.08002091199159622,0.02208983711898327,0.0746150016784668,0.1418798863887787,0.6758803129196167
ISIC_0027359,mel,nv,False,0.664764404296875,0.11141922324895859,0.9735364956204186,0.664764404296875,0.18713954091072083,0.4776248633861542,MODERATE,0.03040088526904583,0.001457009231671691,0.18713954091072083,0.003757114987820387,0.11141922324895859,0.664764404296875,0.0010618148371577263
ISIC_0031844,mel,nv,False,0.8419798016548157,0.028020154684782028,0.5983502456747624,0.8419798016548157,0.10234343260526657,0.7396363690495491,HIGH,0.021610049530863762,0.0027920377906411886,0.10234343260526657,0.0020347347017377615,0.028020154684782028,0.8419798016548157,0.0012197509640827775
ISIC_0032687,mel,mel,True,0.8194456696510315,0.8194456696510315,0.5379801518955191,0.8194456696510315,0.16631798446178436,0.6531276851892471,HIGH,0.0024935470428317785,9.555889846524224e-05,0.005325439386069775,0.006165564525872469,0.8194456696510315,0.16631798446178436,0.00015632392023690045
ISIC_0033055,mel,mel,True,0.5323786735534668,0.5323786735534668,1.2021347731696153,0.5323786735534668,0.22214528918266296,0.31023338437080383,MODERATE,0.13632617890834808,0.0002859490050468594,0.10513915121555328,0.003559224074706435,0.5323786735534668,0.22214528918266296,0.00016549458086956292
ISIC_0032987,mel,mel,True,0.758594274520874,0.758594274520874,0.811702772074817,0.758594274520874,0.10717207938432693,0.6514221951365471,HIGH,0.02088814787566662,0.009300795383751392,0.10717207938432693,0.00030516815604642034,0.758594274520874,0.10362144559621811,0.00011811328295152634
ISIC_0027130,mel,nv,False,0.5902942419052124,0.32219353318214417,0.9310383258119181,0.5902942419052124,0.32219353318214417,0.26810070872306824,MODERATE,0.00958791933953762,0.0004532760940492153,0.07585801184177399,0.001208300469443202,0.32219353318214417,0.5902942419052124,0.00040473000262863934
ISIC_0027179,mel,mel,True,0.47983330488204956,0.47983330488204956,1.0627761316399953,0.47983330488204956,0.41851806640625,0.06131523847579956,LOW,0.00347198941744864,0.41851806640625,0.028914891183376312,0.0019400166347622871,0.47983330488204956,0.056309353560209274,0.011012431234121323
ISIC_0033834,mel,mel,True,0.9229002594947815,0.9229002594947815,0.3537526792539754,0.9229002594947815,0.03988178074359894,0.8830184787511826,VERY_HIGH,0.02511630766093731,0.0012365024304017425,0.01063491404056549,0.00014912840561009943,0.9229002594947815,0.03988178074359894,8.107971370918676e-05
ISIC_0033678,mel,mel,True,0.9733144640922546,0.9733144640922546,0.14756203804212265,0.9733144640922546,0.016042452305555344,0.9572720117866993,VERY_HIGH,0.002370566828176379,0.0001128390576923266,0.008107125759124756,3.7648995203198865e-05,0.9733144640922546,0.016042452305555344,1.4917351109033916e-05
ISIC_0032960,mel,mel,True,0.9120855927467346,0.9120855927467346,0.3641744720108109,0.9120855927467346,0.06491999328136444,0.8471655994653702,VERY_HIGH,0.01585311070084572,0.00025070333504118025,0.06491999328136444,0.00010615447536110878,0.9120855927467346,0.006772712804377079,1.1679838280542754e-05
ISIC_0033708,mel,mel,True,0.9208589792251587,0.9208589792251587,0.3073533283787679,0.9208589792251587,0.07156594097614288,0.8492930382490158,VERY_HIGH,0.004229171201586723,6.759478856110945e-05,0.07156594097614288,2.8287986424402334e-05,0.9208589792251587,0.003247371641919017,2.5502392873022472e-06
ISIC_0032430,mel,bkl,False,0.772185742855072,0.16732338070869446,0.7280352781131658,0.772185742855072,0.16732338070869446,0.6048623621463776,HIGH,0.010592673905193806,0.011046954430639744,0.772185742855072,0.00042210816172882915,0.16732338070869446,0.0378996878862381,0.0005294422735460103
ISIC_0027573,mel,bkl,False,0.8759542107582092,0.05880000814795494,0.5066668224710325,0.8759542107582092,0.05880000814795494,0.8171542026102543,HIGH,0.006065745837986469,0.006839911453425884,0.8759542107582092,0.00031897102599032223,0.05880000814795494,0.051562484353780746,0.0004586932482197881
ISIC_0030754,mel,nv,False,0.7100736498832703,0.28244778513908386,0.6438583627963271,0.7100736498832703,0.28244778513908386,0.4276258647441864,MODERATE,9.56805088208057e-05,0.00010265020682709292,0.0048266747035086155,0.0005725368391722441,0.28244778513908386,0.7100736498832703,0.0018809462198987603
ISIC_0030083,mel,mel,True,0.8804434537887573,0.8804434537887573,0.3745145736518971,0.8804434537887573,0.11822779476642609,0.7622156590223312,HIGH,4.1727056668605655e-05,1.4308262507256586e-05,0.0003340290277265012,0.0008947813767008483,0.8804434537887573,0.11822779476642609,4.390073081594892e-05
ISIC_0030002,mel,mel,True,0.6275128722190857,0.6275128722190857,0.6709904797436211,0.6275128722190857,0.3710636496543884,0.25644922256469727,MODERATE,3.6295983591116965e-05,1.4494049537461251e-05,0.0006067478097975254,0.0007149236625991762,0.6275128722190857,0.3710636496543884,5.098597830510698e-05
ISIC_0033362,mel,nv,False,0.7646484971046448,0.2207937091588974,0.6010960606278193,0.7646484971046448,0.2207937091588974,0.5438547879457474,HIGH,3.9956707041710615e-05,2.822308670147322e-05,0.01444253884255886,1.1719265785359312e-05,0.2207937091588974,0.7646484971046448,3.526166983647272e-05
ISIC_0029909,mel,mel,True,0.7521392703056335,0.7521392703056335,0.6718894694197548,0.7521392703056335,0.21633492410182953,0.535804346203804,HIGH,0.0240362286567688,1.256200539501151e-05,0.21633492410182953,9.335289178125095e-06,0.7521392703056335,0.007464276626706123,3.4075355870299973e-06
ISIC_0027033,mel,mel,True,0.6683837175369263,0.6683837175369263,0.869807310046234,0.6683837175369263,0.19186952710151672,0.47651419043540955,MODERATE,0.001140897860750556,0.00022421775793191046,0.13833345472812653,3.761720290640369e-05,0.6683837175369263,0.19186952710151672,1.0610419849399477e-05
ISIC_0027822,mel,mel,True,0.608083963394165,0.608083963394165,0.8637833421274087,0.608083963394165,0.322320818901062,0.285763144493103,MODERATE,0.0010605106363072991,0.0007133850594982505,0.322320818901062,0.00014692809781990945,0.608083963394165,0.06762812286615372,4.6232977183535695e-05
ISIC_0031543,mel,bkl,False,0.6460511684417725,0.1509978175163269,1.0439994393668606,0.6460511684417725,0.1509978175163269,0.49505335092544556,MODERATE,0.052676256746053696,0.006650598254054785,0.6460511684417725,0.0011027773143723607,0.1509978175163269,0.1421266496181488,0.0003947463701479137
ISIC_0024516,mel,mel,True,0.7894724607467651,0.7894724607467651,0.5683076545592857,0.7894724607467651,0.1996098905801773,0.5898625701665878,HIGH,0.004754351451992989,2.9830354833393358e-05,0.005145701579749584,0.0008786080870777369,0.7894724607467651,0.1996098905801773,0.00010911489516729489
ISIC_0024929,mel,mel,True,0.8703770637512207,0.8703770637512207,0.39449051724012413,0.8703770637512207,0.128363236784935,0.7420138269662857,HIGH,0.0005391334416344762,0.00018235924653708935,0.0003244561958126724,3.8449208659585565e-05,0.8703770637512207,0.128363236784935,0.00017537317762617022
ISIC_0030122,mel,nv,False,0.6282835602760315,0.36719101667404175,0.6905040992653542,0.6282835602760315,0.36719101667404175,0.26109254360198975,MODERATE,0.001697113853879273,0.0003742655389942229,0.0016578002832829952,0.00043841623119078577,0.36719101667404175,0.6282835602760315,0.00035782490158453584
ISIC_0025941,mel,nv,False,0.8924393653869629,0.09369570016860962,0.3956231968169005,0.8924393653869629,0.09369570016860962,0.7987436652183533,HIGH,0.007881090976297855,0.0005213394179008901,0.005073529668152332,0.00025507499231025577,0.09369570016860962,0.8924393653869629,0.0001338910369668156
ISIC_0026247,mel,nv,False,0.6706665754318237,0.2801220118999481,0.7905872820221702,0.6706665754318237,0.2801220118999481,0.3905445635318756,MODERATE,0.0015893899835646152,0.0010241849813610315,0.04548370838165283,0.0005407626740634441,0.2801220118999481,0.6706665754318237,0.0005733947036787868
ISIC_0028467,mel,mel,True,0.723670482635498,0.723670482635498,0.5981301162530166,0.723670482635498,0.2752113342285156,0.4484591484069824,MODERATE,7.092497980920598e-05,0.00016881614283192903,0.0006321474793367088,7.491170981666073e-05,0.723670482635498,0.2752113342285156,0.0001714746031211689
ISIC_0027210,vasc,vasc,True,0.6572041511535645,0.6572041511535645,0.9198681324055575,0.6572041511535645,0.20240290462970734,0.4548012465238571,MODERATE,1.922663977893535e-05,0.0075473603792488575,0.0013664462603628635,0.0014153398806229234,0.20240290462970734,0.1300445944070816,0.6572041511535645
ISIC_0025924,vasc,vasc,True,0.6421531438827515,0.6421531438827515,0.8971226646067504,0.6421531438827515,0.2258576601743698,0.41629548370838165,MODERATE,1.638327375985682e-06,0.0011375641915947199,5.510832852451131e-05,0.0003336464869789779,0.13046132028102875,0.2258576601743698,0.6421531438827515
ISIC_0031648,vasc,vasc,True,0.9626420140266418,0.9626420140266418,0.1925026249202578,0.9626420140266418,0.018155589699745178,0.9444864243268967,VERY_HIGH,3.3048982004402205e-06,0.0007626597071066499,0.0008508083992637694,7.434280269080773e-05,0.018155589699745178,0.017511289566755295,0.9626420140266418
ISIC_0033565,vasc,vasc,True,0.9907684922218323,0.9907684922218323,0.06323756483829308,0.9907684922218323,0.0037511589471250772,0.9870173332747072,VERY_HIGH,2.830946868925821e-06,0.0025952612049877644,0.0001225095911649987,4.788183650816791e-05,0.0037511589471250772,0.0027119184378534555,0.9907684922218323
ISIC_0033123,vasc,vasc,True,0.9533194899559021,0.9533194899559021,0.23773352721265623,0.9533194899559021,0.031617164611816406,0.9217023253440857,VERY_HIGH,0.0002016972575802356,0.005382711999118328,0.0013477366883307695,0.002577614039182663,0.005553577095270157,0.031617164611816406,0.9533194899559021
ISIC_0032057,vasc,vasc,True,0.996060311794281,0.996060311794281,0.03013821475825496,0.996060311794281,0.0023639898281544447,0.9936963219661266,VERY_HIGH,8.397795681958087e-06,0.00027245175442658365,4.323460962041281e-05,0.00038988818414509296,0.0008617375860922039,0.0023639898281544447,0.996060311794281
ISIC_0029486,vasc,nv,False,0.7821462750434875,0.019830815494060516,0.78674932892488,0.7821462750434875,0.10395679622888565,0.6781894788146019,HIGH,0.0027075011748820543,0.00521884486079216,0.10395679622888565,0.008098907768726349,0.07804083824157715,0.7821462750434875,0.019830815494060516
ISIC_0031901,vasc,nv,False,0.5556020140647888,0.0685974508523941,1.3463665715009412,0.5556020140647888,0.15809820592403412,0.3975038081407547,MODERATE,0.007258416153490543,0.15809820592403412,0.02407997101545334,0.13882464170455933,0.047539275139570236,0.5556020140647888,0.0685974508523941
ISIC_0033749,vasc,nv,False,0.47158899903297424,0.32793864607810974,1.1159420844400705,0.47158899903297424,0.32793864607810974,0.1436503529548645,LOW,0.00023517913359683007,0.000555418839212507,0.01897680200636387,0.0008337824256159365,0.17987112700939178,0.47158899903297424,0.32793864607810974
ISIC_0034196,vasc,nv,False,0.6398986577987671,0.14992541074752808,0.9958650230460832,0.6398986577987671,0.17545181512832642,0.4644468426704407,MODERATE,9.789630712475628e-05,0.00019167167192790657,0.03412100672721863,0.0003135539300274104,0.17545181512832642,0.6398986577987671,0.14992541074752808
ISIC_0031955,vasc,vasc,True,0.8984151482582092,0.8984151482582092,0.436929779363883,0.8984151482582092,0.06539952754974365,0.8330156207084656,HIGH,0.000498844136018306,0.005901706404983997,0.01239063311368227,0.06539952754974365,0.0008403161191381514,0.016553767025470734,0.8984151482582092
ISIC_0026490,vasc,vasc,True,0.9965400695800781,0.9965400695800781,0.028146648792500076,0.9965400695800781,0.0014385562390089035,0.9951015133410692,VERY_HIGH,1.8208496840088628e-05,0.0006876197294332087,0.0002124952443409711,0.0005436864448711276,0.0014385562390089035,0.0005593039677478373,0.9965400695800781
ISIC_0026336,vasc,vasc,True,0.9894980192184448,0.9894980192184448,0.0731381119390955,0.9894980192184448,0.003699088469147682,0.9857989307492971,VERY_HIGH,4.953152529196814e-05,0.003699088469147682,0.0007250227499753237,0.001900876173749566,0.0035478381905704737,0.0005797345074824989,0.9894980192184448
ISIC_0032839,vasc,vasc,True,0.9146013259887695,0.9146013259887695,0.36641268333753435,0.9146013259887695,0.0645294040441513,0.8500719219446182,VERY_HIGH,0.000746141595300287,0.004006124101579189,0.009023533202707767,0.0009788708994165063,0.0645294040441513,0.006114577874541283,0.9146013259887695
ISIC_0032932,vasc,vasc,True,0.9581441879272461,0.9581441879272461,0.208445355471039,0.9581441879272461,0.0326261930167675,0.9255179949104786,VERY_HIGH,0.000268033763859421,0.0026469200383871794,0.0028900892939418554,0.0005820192745886743,0.0326261930167675,0.002842504996806383,0.9581441879272461
ISIC_0028163,vasc,vasc,True,0.9798739552497864,0.9798739552497864,0.11833549141463581,0.9798739552497864,0.013854843564331532,0.9660191116854548,VERY_HIGH,3.925893906853162e-05,0.0029162114951759577,0.00016432066331617534,0.0012625419767573476,0.013854843564331532,0.0018888328922912478,0.9798739552497864
ISIC_0024669,vasc,vasc,True,0.9968607425689697,0.9968607425689697,0.025377136607632127,0.9968607425689697,0.0016356060514226556,0.9952251365175471,VERY_HIGH,3.317080881970469e-06,0.0006373926880769432,0.0002048200840363279,0.0003295466594863683,0.000328582595102489,0.0016356060514226556,0.9968607425689697
ISIC_0025197,vasc,vasc,True,0.9616107940673828,0.9616107940673828,0.1839439748633075,0.9616107940673828,0.03145908564329147,0.9301517084240913,VERY_HIGH,3.486928790152888e-06,0.000162840515258722,2.0541738194879144e-05,0.0006266747368499637,0.0061165159568190575,0.03145908564329147,0.9616107940673828
ISIC_0029545,bcc,akiec,False,0.5947283506393433,0.2701675295829773,1.0422166056831987,0.5947283506393433,0.2701675295829773,0.32456082105636597,MODERATE,0.5947283506393433,0.2701675295829773,0.09737158566713333,0.0017921521794050932,0.004721691831946373,0.029022900387644768,0.0021957908757030964
ISIC_0026321,bcc,mel,False,0.605690598487854,0.13664080202579498,1.1149333842826792,0.605690598487854,0.2009093165397644,0.4047812819480896,MODERATE,0.022629626095294952,0.13664080202579498,0.2009093165397644,0.0007331334054470062,0.605690598487854,0.029370831325650215,0.004025694448500872
ISIC_0025467,bcc,mel,False,0.47558456659317017,0.3125057518482208,1.3037568304021512,0.47558456659317017,0.3125057518482208,0.16307881474494934,LOW,0.014249647967517376,0.3125057518482208,0.0989483967423439,0.0017800724599510431,0.47558456659317017,0.06705816090106964,0.029873346909880638
ISIC_0029501,bcc,bcc,True,0.7883397340774536,0.7883397340774536,0.7549127228879844,0.7883397340774536,0.10320589691400528,0.6851338371634483,HIGH,0.07535971701145172,0.7883397340774536,0.10320589691400528,0.009962573647499084,0.00029675851692445576,0.02200467325747013,0.0008306559757329524
ISIC_0028928,bcc,bkl,False,0.44082996249198914,0.1609102487564087,1.3702135760178675,0.44082996249198914,0.1935270130634308,0.24730294942855835,LOW,0.18766440451145172,0.1609102487564087,0.44082996249198914,0.011921074241399765,0.0031897681765258312,0.1935270130634308,0.0019574977923184633
ISIC_0031378,bcc,bkl,False,0.3963974714279175,0.15736836194992065,1.4056820133111458,0.3963974714279175,0.23121662437915802,0.16518084704875946,LOW,0.19699899852275848,0.15736836194992065,0.3963974714279175,0.010512180626392365,0.002322789980098605,0.23121662437915802,0.005183618515729904
ISIC_0031640,bcc,akiec,False,0.49200937151908875,0.10064341127872467,1.2647929071235675,0.49200937151908875,0.2706540822982788,0.22135528922080994,LOW,0.49200937151908875,0.10064341127872467,0.2706540822982788,0.0010762661695480347,0.016655752435326576,0.1186448410153389,0.00031628497526980937
ISIC_0032696,bcc,bcc,True,0.7314947843551636,0.7314947843551636,0.9038698651792141,0.7314947843551636,0.1429189294576645,0.5885758548974991,MODERATE,0.0787348672747612,0.7314947843551636,0.024036241695284843,0.013986027799546719,0.1429189294576645,0.005381572991609573,0.0034475650172680616
ISIC_0032246,bcc,bcc,True,0.7621792554855347,0.7621792554855347,0.6619107584112008,0.7621792554855347,0.20959268510341644,0.5525865703821182,HIGH,0.20959268510341644,0.7621792554855347,0.01912742480635643,0.005998174659907818,0.0007441900670528412,0.0006829071789979935,0.0016754211392253637
ISIC_0026865,bcc,bcc,True,0.9406355023384094,0.9406355023384094,0.2755115486105422,0.9406355023384094,0.04579133167862892,0.8948441706597805,VERY_HIGH,0.04579133167862892,0.9406355023384094,0.005767953582108021,0.0036378030199557543,0.0006287690484896302,0.0026758068706840277,0.0008627892239019275
ISIC_0031057,bcc,bcc,True,0.7909130454063416,0.7909130454063416,0.688478161106131,0.7909130454063416,0.15065385401248932,0.6402591913938522,HIGH,0.15065385401248932,0.7909130454063416,0.04118647426366806,0.007826108485460281,0.0004141614481341094,0.008149794302880764,0.0008564692107029259
ISIC_0025433,bcc,bcc,True,0.7531638741493225,0.7531638741493225,0.8178477752462466,0.7531638741493225,0.12488680332899094,0.6282770708203316,HIGH,0.0935358926653862,0.7531638741493225,0.12488680332899094,0.0016800339799374342,0.002473249100148678,0.02217337302863598,0.0020867562852799892
ISIC_0031762,bcc,bcc,True,0.8482239246368408,0.8482239246368408,0.5992624159552142,0.8482239246368408,0.09493602812290192,0.7532878965139389,HIGH,0.008783123455941677,0.8482239246368408,0.03003382496535778,0.0016599983209744096,0.0076907603070139885,0.09493602812290192,0.008672324009239674
ISIC_0028106,bcc,bcc,True,0.983504056930542,0.983504056930542,0.1000002081946445,0.983504056930542,0.011865573935210705,0.9716384829953313,VERY_HIGH,0.0008000060333870351,0.983504056930542,0.001896756119094789,0.00018616090528666973,0.00026304222410544753,0.011865573935210705,0.001484425738453865
ISIC_0028994,bcc,akiec,False,0.4721243977546692,0.0705874115228653,1.0532115249776708,0.4721243977546692,0.42238378524780273,0.049740612506866455,LOW,0.4721243977546692,0.0705874115228653,0.42238378524780273,0.0024678227491676807,0.022528069093823433,0.009487886913120747,0.000420548691181466
ISIC_0025299,bcc,bcc,True,0.9931362867355347,0.9931362867355347,0.04890950145487046,0.9931362867355347,0.002997832139953971,0.9901384545955807,VERY_HIGH,0.002992713125422597,0.9931362867355347,0.00023949799651745707,0.00019855081336572766,7.669781189179048e-05,0.002997832139953971,0.000358477293048054
ISIC_0028739,bcc,bcc,True,0.9821174740791321,0.9821174740791321,0.10488404640572369,0.9821174740791321,0.01109298039227724,0.9710244936868548,VERY_HIGH,0.005900073330849409,0.9821174740791321,0.0006727228173986077,6.312534969765693e-05,2.683356979105156e-05,0.01109298039227724,0.00012677173072006553
ISIC_0029230,bcc,bcc,True,0.9604421257972717,0.9604421257972717,0.2196846747878766,0.9604421257972717,0.01910429634153843,0.9413378294557333,VERY_HIGH,0.00796580035239458,0.9604421257972717,0.007408645004034042,0.003690899582579732,0.0002548751945141703,0.01910429634153843,0.001133382203988731
ISIC_0031513,bcc,bcc,True,0.9306609034538269,0.9306609034538269,0.3479707965866523,0.9306609034538269,0.035335879772901535,0.8953250236809254,VERY_HIGH,0.013431648723781109,0.9306609034538269,0.006498293019831181,0.009235936217010021,0.002043780405074358,0.035335879772901535,0.002793516730889678
ISIC_0027478,bcc,bcc,True,0.8680601119995117,0.8680601119995117,0.5772441747411577,0.8680601119995117,0.0629742369055748,0.8050858750939369,HIGH,0.03150158002972603,0.8680601119995117,0.00771084800362587,0.010715912096202374,0.015001580119132996,0.0629742369055748,0.0040356493555009365
ISIC_0024564,bcc,bcc,True,0.5970166921615601,0.5970166921615601,1.0109680650731638,0.5970166921615601,0.2820107340812683,0.31500595808029175,MODERATE,0.2820107340812683,0.5970166921615601,0.0911095142364502,0.007234484422951937,0.0001929808349814266,0.021020740270614624,0.0014148495392873883
ISIC_0025322,bcc,bcc,True,0.9053203463554382,0.9053203463554382,0.4363033756769327,0.9053203463554382,0.04156399518251419,0.863756351172924,VERY_HIGH,0.02538275718688965,0.9053203463554382,0.04156399518251419,0.015316692180931568,4.69393671664875e-05,0.01189702283591032,0.0004722225421573967
ISIC_0027915,bcc,bcc,True,0.7944740653038025,0.7944740653038025,0.7033915667946344,0.7944740653038025,0.1381937861442566,0.6562802791595459,HIGH,0.039636705070734024,0.7944740653038025,0.002614004770293832,0.0024508389178663492,0.1381937861442566,0.021924231201410294,0.0007063034572638571
ISIC_0026337,bcc,mel,False,0.6870241761207581,0.032991062849760056,0.8994137901618297,0.6870241761207581,0.233520045876503,0.45350413024425507,MODERATE,0.024195777252316475,0.032991062849760056,0.0019948575645685196,0.01764160580933094,0.6870241761207581,0.233520045876503,0.0026324535720050335
ISIC_0026902,bcc,bcc,True,0.7507349252700806,0.7507349252700806,0.8747444791033883,0.7507349252700806,0.09049820899963379,0.6602367162704468,HIGH,0.05940816178917885,0.7507349252700806,0.007826974615454674,0.00230688089504838,0.08792827278375626,0.09049820899963379,0.0012965728528797626
ISIC_0030452,bcc,bcc,True,0.7326012849807739,0.7326012849807739,0.7410025395172616,0.7326012849807739,0.2157122641801834,0.5168890208005905,MODERATE,0.2157122641801834,0.7326012849807739,0.043018948286771774,0.0010286448523402214,0.00022159276704769582,0.007026079576462507,0.0003911928506568074
ISIC_0030446,bcc,bcc,True,0.9355241060256958,0.9355241060256958,0.294940469797984,0.9355241060256958,0.050263483077287674,0.8852606229484081,VERY_HIGH,0.050263483077287674,0.9355241060256958,0.0037110752891749144,0.003380622947588563,0.0039254226721823215,0.001317422604188323,0.0018779287347570062
ISIC_0031527,bcc,bcc,True,0.8502176403999329,0.8502176403999329,0.5477577013273505,0.8502176403999329,0.11790820956230164,0.7323094308376312,HIGH,0.11790820956230164,0.8502176403999329,0.004900035448372364,0.011034315451979637,0.008735258132219315,0.0037059716414660215,0.0034984792582690716
ISIC_0034155,bcc,bcc,True,0.7903951406478882,0.7903951406478882,0.7210892373715302,0.7903951406478882,0.14635124802589417,0.644043892621994,HIGH,0.14635124802589417,0.7903951406478882,0.010205468162894249,0.0033984321635216475,0.017667941749095917,0.030363937839865685,0.0016178962541744113
ISIC_0033146,bcc,akiec,False,0.6703224778175354,0.2703063189983368,0.8586241571974205,0.6703224778175354,0.2703063189983368,0.4000161588191986,MODERATE,0.6703224778175354,0.2703063189983368,0.008791405707597733,0.0017481186660006642,0.030229581519961357,0.017466731369495392,0.0011353029403835535
ISIC_0029201,bcc,vasc,False,0.9752750396728516,0.0032151557970792055,0.15072559274890673,0.9752750396728516,0.00926256738603115,0.9660124722868204,VERY_HIGH,0.0006076599820517004,0.0032151557970792055,0.0006953261909075081,0.008723711594939232,0.0022205582354217768,0.00926256738603115,0.9752750396728516
ISIC_0026439,bcc,nv,False,0.6989842653274536,0.01149838324636221,0.9306998509011755,0.6989842653274536,0.20371420681476593,0.4952700585126877,MODERATE,0.00330078206025064,0.01149838324636221,0.021735025569796562,0.0138696962967515,0.04689767584204674,0.6989842653274536,0.20371420681476593
ISIC_0029779,bcc,bcc,True,0.3970780074596405,0.3970780074596405,1.5479823242616222,0.3970780074596405,0.21280016005039215,0.18427784740924835,LOW,0.028512531891465187,0.3970780074596405,0.03882007300853729,0.01925489865243435,0.21280016005039215,0.0922870859503746,0.2112472504377365
ISIC_0031407,bcc,bcc,True,0.6725563406944275,0.6725563406944275,0.7645500255265254,0.6725563406944275,0.29844504594802856,0.3741112947463989,MODERATE,0.29844504594802856,0.6725563406944275,0.016743861138820648,0.0015328081790357828,0.004236354026943445,0.005557716824114323,0.0009278811048716307
ISIC_0028652,bcc,bcc,True,0.9553607106208801,0.9553607106208801,0.22819756759284868,0.9553607106208801,0.026577308773994446,0.9287834018468857,VERY_HIGH,0.026577308773994446,0.9553607106208801,0.01162211038172245,0.00037395712570287287,0.00029467110289260745,0.0054338909685611725,0.00033718289341777563
ISIC_0028095,bcc,bcc,True,0.8751592636108398,0.8751592636108398,0.5150446855208373,0.8751592636108398,0.058346424251794815,0.816812839359045,HIGH,0.047667495906353,0.8751592636108398,0.01534556970000267,0.0009348296443931758,0.0016438846942037344,0.058346424251794815,0.0009025355102494359
ISIC_0032414,bcc,nv,False,0.42594441771507263,0.37369856238365173,1.2131888259565782,0.42594441771507263,0.37369856238365173,0.0522458553314209,LOW,0.06421385705471039,0.37369856238365173,0.12939925491809845,0.0015331979375332594,0.0024452628567814827,0.42594441771507263,0.0027654392179101706
ISIC_0028980,bcc,bcc,True,0.8634088039398193,0.8634088039398193,0.5328729428161975,0.8634088039398193,0.09602410346269608,0.7673847004771233,HIGH,0.09602410346269608,0.8634088039398193,0.016482019796967506,0.0014145702589303255,0.003598148701712489,0.016039403155446053,0.00303290574811399
ISIC_0029805,bcc,bcc,True,0.9477818608283997,0.9477818608283997,0.25569191698846483,0.9477818608283997,0.03561883047223091,0.9121630303561687,VERY_HIGH,0.03561883047223091,0.9477818608283997,0.001976391766220331,0.0035770360846072435,0.00015924969920888543,0.010022253729403019,0.0008642651955597103
ISIC_0031384,bcc,bcc,True,0.8609469532966614,0.8609469532966614,0.5336219395359635,0.8609469532966614,0.09154420346021652,0.7694027498364449,HIGH,0.020546309649944305,0.8609469532966614,0.025075720623135567,0.0010730798821896315,0.00021295920305419713,0.09154420346021652,0.000600768718868494
ISIC_0027629,bcc,bcc,True,0.8515236377716064,0.8515236377716064,0.6002307569207026,0.8515236377716064,0.05340927094221115,0.7981143668293953,HIGH,0.05181661248207092,0.8515236377716064,0.03922799229621887,0.0014226138591766357,0.0008972313953563571,0.05340927094221115,0.0017026460263878107
ISIC_0027677,bcc,bcc,True,0.8401393890380859,0.8401393890380859,0.6843698620682571,0.8401393890380859,0.053580619394779205,0.7865587696433067,HIGH,0.03508545458316803,0.8401393890380859,0.03799203038215637,0.00831726472824812,0.02257557585835457,0.053580619394779205,0.0023096210788935423
ISIC_0024833,bcc,bcc,True,0.8070908188819885,0.8070908188819885,0.7397685163566344,0.8070908188819885,0.07485152781009674,0.7322392910718918,HIGH,0.053913529962301254,0.8070908188819885,0.05285784229636192,0.007827898487448692,0.0014103343710303307,0.07485152781009674,0.0020480204839259386
ISIC_0027546,bcc,bcc,True,0.7033935189247131,0.7033935189247131,1.0588764369825294,0.7033935189247131,0.09526371210813522,0.6081298068165779,MODERATE,0.09526371210813522,0.7033935189247131,0.06487900763750076,0.049169424921274185,0.006990754045546055,0.07293430715799332,0.007369300816208124
ISIC_0030767,bcc,bcc,True,0.8254380226135254,0.8254380226135254,0.6825805854421748,0.8254380226135254,0.08915070444345474,0.7362873181700706,HIGH,0.08915070444345474,0.8254380226135254,0.026928486302495003,0.002857360988855362,0.0057439133524894714,0.045234564691782,0.00464702257886529
ISIC_0032061,bcc,bcc,True,0.6952187418937683,0.6952187418937683,0.9118824425904994,0.6952187418937683,0.1720426082611084,0.5231761336326599,MODERATE,0.10893059521913528,0.6952187418937683,0.01106294896453619,0.0010637544328346848,0.00940735824406147,0.1720426082611084,0.0022740678396075964
ISIC_0024403,bcc,bcc,True,0.7738676071166992,0.7738676071166992,0.6603149678025444,0.7738676071166992,0.19758453965187073,0.5762830674648285,HIGH,0.19758453965187073,0.7738676071166992,0.013182510621845722,0.005270593799650669,0.002846050076186657,0.0050835516303777695,0.0021651608403772116
ISIC_0033609,bcc,nv,False,0.8289109468460083,0.021109065040946007,0.6587326937414385,0.8289109468460083,0.09992202371358871,0.7289889231324196,HIGH,0.005125229246914387,0.021109065040946007,0.09992202371358871,0.0025922716595232487,0.03740199655294418,0.8289109468460083,0.004938520956784487
ISIC_0032777,bcc,bcc,True,0.9172847867012024,0.9172847867012024,0.39367340672514484,0.9172847867012024,0.04584766551852226,0.8714371211826801,VERY_HIGH,0.003629850223660469,0.9172847867012024,0.0035875611938536167,0.010964472778141499,0.0032985673751682043,0.015387067571282387,0.04584766551852226
ISIC_0033019,bcc,bcc,True,0.7375255823135376,0.7375255823135376,0.9533624625842527,0.7375255823135376,0.12211471796035767,0.6154108643531799,MODERATE,0.010801316238939762,0.7375255823135376,0.008807172067463398,0.022888727486133575,0.04518749192357063,0.05267498269677162,0.12211471796035767
ISIC_0032959,bcc,nv,False,0.8276687860488892,0.06227605417370796,0.6718835652848341,0.8276687860488892,0.07155363261699677,0.7561151534318924,HIGH,0.0010116491466760635,0.06227605417370796,0.07155363261699677,0.0005351881263777614,0.027651701122522354,0.8276687860488892,0.009302952326834202
ISIC_0028303,bcc,bcc,True,0.9133074283599854,0.9133074283599854,0.39061510564173074,0.9133074283599854,0.056149065494537354,0.857158362865448,VERY_HIGH,0.056149065494537354,0.9133074283599854,0.011692156083881855,0.010493583977222443,0.00014529033796861768,0.004889510106295347,0.003322978736832738
ISIC_0031056,bcc,df,False,0.46625658869743347,0.3075754940509796,1.197280615886312,0.46625658869743347,0.3075754940509796,0.15868109464645386,LOW,0.18152198195457458,0.3075754940509796,0.03605933487415314,0.46625658869743347,0.0011245604837313294,0.004101438447833061,0.003360597649589181
ISIC_0028807,bcc,bcc,True,0.7833008170127869,0.7833008170127869,0.7931973851166421,0.7833008170127869,0.1316719651222229,0.651628851890564,HIGH,0.1316719651222229,0.7833008170127869,0.02457188069820404,0.01882152445614338,0.01892288774251938,0.020123649388551712,0.002587329363450408
ISIC_0024673,bcc,bcc,True,0.8751154541969299,0.8751154541969299,0.5185248911696873,0.8751154541969299,0.08324738591909409,0.7918680682778358,HIGH,0.08324738591909409,0.8751154541969299,0.013050016947090626,0.01110790017992258,0.005566345062106848,0.00906157772988081,0.002851352095603943
ISIC_0029337,bcc,bcc,True,0.6908982992172241,0.6908982992172241,0.7316333379903474,0.6908982992172241,0.2835440933704376,0.4073542058467865,MODERATE,0.2835440933704376,0.6908982992172241,0.01616133376955986,0.006582589354366064,0.000199019763385877,0.001348152058199048,0.0012664716923609376
ISIC_0025601,bcc,bcc,True,0.9721335172653198,0.9721335172653198,0.16168332967409108,0.9721335172653198,0.015644174069166183,0.9564893431961536,VERY_HIGH,0.003930438309907913,0.9721335172653198,0.004660679027438164,0.00041548063745722175,0.00017558228864800185,0.015644174069166183,0.0030401747208088636
ISIC_0032461,bcc,bcc,True,0.6111747026443481,0.6111747026443481,1.0682726980407593,0.6111747026443481,0.1915649026632309,0.41960979998111725,MODERATE,0.16226178407669067,0.6111747026443481,0.021025875583291054,0.0034949544351547956,0.006478622555732727,0.1915649026632309,0.003999166190624237
ISIC_0026468,akiec,nv,False,0.9689148664474487,0.008661530911922455,0.17610515976883762,0.9689148664474487,0.012554855085909367,0.9563600113615394,VERY_HIGH,0.008661530911922455,0.012554855085909367,0.008940842933952808,9.797509119380265e-05,0.0006388777983374894,0.9689148664474487,0.0001910780556499958
ISIC_0026848,akiec,akiec,True,0.7429452538490295,0.7429452538490295,0.7846604415633108,0.7429452538490295,0.19267655909061432,0.5502686947584152,MODERATE,0.7429452538490295,0.023495899513363838,0.19267655909061432,0.0012124627828598022,0.007470881100744009,0.03156127780675888,0.0006376762758009136
ISIC_0026992,akiec,akiec,True,0.9302586913108826,0.9302586913108826,0.3305725306986516,0.9302586913108826,0.03164573386311531,0.8986129574477673,VERY_HIGH,0.9302586913108826,0.03164573386311531,0.029324740171432495,0.0046830931678414345,0.003096847329288721,0.0005413139006122947,0.0004496423061937094
ISIC_0029563,akiec,bkl,False,0.6577110886573792,0.015400057658553123,0.7978780194731344,0.6577110886573792,0.30646204948425293,0.3512490391731262,MODERATE,0.015400057658553123,0.006665659137070179,0.6577110886573792,0.0005160122527740896,0.30646204948425293,0.013050728477537632,0.0001943319948622957
ISIC_0027767,akiec,bkl,False,0.588769793510437,0.02232203632593155,1.0010526281770162,0.588769793510437,0.3145308196544647,0.2742389738559723,MODERATE,0.02232203632593155,0.3145308196544647,0.588769793510437,0.007797603961080313,0.0021526662167161703,0.06122070178389549,0.003206386463716626
ISIC_0025247,akiec,akiec,True,0.9079402685165405,0.9079402685165405,0.40341694663727845,0.9079402685165405,0.055764611810445786,0.8521756567060947,VERY_HIGH,0.9079402685165405,0.004886954091489315,0.055764611810445786,0.003957575652748346,0.0017838194034993649,0.025381745770573616,0.00028501093038357794
ISIC_0029043,akiec,akiec,True,0.5167250037193298,0.5167250037193298,0.9799578848566122,0.5167250037193298,0.39618682861328125,0.12053817510604858,MODERATE,0.5167250037193298,0.006086691282689571,0.071327805519104,0.006366351619362831,0.002748850267380476,0.39618682861328125,0.0005584628088399768
ISIC_0032404,akiec,akiec,True,0.9900534749031067,0.9900534749031067,0.06020523929662319,0.9900534749031067,0.00885482132434845,0.9811986535787582,VERY_HIGH,0.9900534749031067,0.0006239869981072843,0.00885482132434845,4.1896477341651917e-05,0.0003949874662794173,2.7637848688755184e-05,3.243354058213299e-06
ISIC_0033456,akiec,akiec,True,0.9683669805526733,0.9683669805526733,0.15826403877470827,0.9683669805526733,0.027150416746735573,0.9412165638059378,VERY_HIGH,0.9683669805526733,0.0005542113212868571,0.027150416746735573,0.002775960834696889,0.0006816916284151375,0.0004253437800798565,4.53593565907795e-05
ISIC_0033494,akiec,akiec,True,0.7775755524635315,0.7775755524635315,0.7825305113266864,0.7775755524635315,0.10100451111793518,0.6765710413455963,HIGH,0.7775755524635315,0.09268695116043091,0.10100451111793518,0.0070090098306536674,0.013075387105345726,0.00798892229795456,0.0006596242892555892
ISIC_0033413,akiec,akiec,True,0.973747968673706,0.973747968673706,0.14431493128565623,0.973747968673706,0.01930287666618824,0.9544450920075178,VERY_HIGH,0.973747968673706,0.004269169177860022,0.01930287666618824,0.0011148183839395642,0.0005926541052758694,0.0009251199080608785,4.742835517390631e-05
ISIC_0028816,akiec,akiec,True,0.9092803001403809,0.9092803001403809,0.41051436487646764,0.9092803001403809,0.040107350796461105,0.8691729493439198,VERY_HIGH,0.9092803001403809,0.03132728114724159,0.040107350796461105,0.0015043433522805572,0.0006927860085852444,0.016605330631136894,0.00048269887338392437
ISIC_0028232,akiec,bkl,False,0.48294979333877563,0.15107907354831696,1.2291662512851684,0.48294979333877563,0.28613829612731934,0.1968114972114563,LOW,0.15107907354831696,0.28613829612731934,0.48294979333877563,0.002427699277177453,0.003318271366879344,0.07248853147029877,0.0015983553603291512
ISIC_0032422,akiec,akiec,True,0.6985527873039246,0.6985527873039246,0.7056438101163444,0.6985527873039246,0.2816901206970215,0.4168626666069031,MODERATE,0.6985527873039246,0.009150473400950432,0.2816901206970215,0.0001817913871491328,0.00261462340131402,0.007781089283525944,2.9102629923727363e-05
ISIC_0030826,akiec,akiec,True,0.8626078963279724,0.8626078963279724,0.49590508293854896,0.8626078963279724,0.10691878944635391,0.7556891068816185,HIGH,0.8626078963279724,0.02276432514190674,0.10691878944635391,0.00032535046921111643,0.005510952789336443,0.0018217616016045213,5.1077317039016634e-05
ISIC_0029025,akiec,akiec,True,0.8853917717933655,0.8853917717933655,0.45102831712219726,0.8853917717933655,0.07339059561491013,0.8120011761784554,HIGH,0.8853917717933655,0.03608347102999687,0.07339059561491013,0.00033525092294439673,0.0014777525793761015,0.0032277083955705166,9.34601848712191e-05
ISIC_0031012,akiec,akiec,True,0.5547634363174438,0.5547634363174438,1.037731853676538,0.5547634363174438,0.33978307247161865,0.2149803638458252,MODERATE,0.5547634363174438,0.0066897268407046795,0.06285354495048523,0.00493269506841898,0.33978307247161865,0.0304088331758976,0.0005687747616320848
ISIC_0029533,akiec,mel,False,0.5208476185798645,0.29938986897468567,1.2408288867287975,0.5208476185798645,0.29938986897468567,0.22145774960517883,MODERATE,0.29938986897468567,0.03183402493596077,0.08070273697376251,0.018532389774918556,0.5208476185798645,0.04737035557627678,0.001322960015386343
ISIC_0024372,akiec,akiec,True,0.6968997120857239,0.6968997120857239,0.8563163354614455,0.6968997120857239,0.21006621420383453,0.48683349788188934,MODERATE,0.6968997120857239,0.0018032854422926903,0.07796125113964081,0.004502574447542429,0.21006621420383453,0.008628235198557377,0.00013878309982828796
ISIC_0032206,akiec,akiec,True,0.8246495127677917,0.8246495127677917,0.6969204391732823,0.8246495127677917,0.08457297086715698,0.7400765419006348,HIGH,0.8246495127677917,0.046637263149023056,0.08457297086715698,0.018788034096360207,0.004851152189075947,0.018806390464305878,0.0016946198884397745
ISIC_0029811,akiec,akiec,True,0.8572967052459717,0.8572967052459717,0.5271379196810674,0.8572967052459717,0.09196078032255173,0.76533592492342,HIGH,0.8572967052459717,0.09196078032255173,0.04356664791703224,0.006256863474845886,0.0002338098274776712,0.000334917102009058,0.00035030528670176864
ISIC_0031578,akiec,akiec,True,0.45141085982322693,0.45141085982322693,1.0469520031434114,0.45141085982322693,0.40781575441360474,0.04359510540962219,LOW,0.45141085982322693,0.12983757257461548,0.40781575441360474,0.008724096231162548,0.0012433965457603335,0.0004068377602379769,0.0005615383852273226
ISIC_0028872,akiec,akiec,True,0.49825480580329895,0.49825480580329895,1.1090422429691251,0.49825480580329895,0.3688279688358307,0.12942683696746826,LOW,0.49825480580329895,0.015193643979728222,0.08758293837308884,0.001901707611978054,0.027178337797522545,0.3688279688358307,0.0010605290299281478
ISIC_0026083,akiec,nv,False,0.4193118214607239,0.41890254616737366,1.1421729512519487,0.4193118214607239,0.41890254616737366,0.0004092752933502197,LOW,0.41890254616737366,0.01045634038746357,0.12614639103412628,0.002452267799526453,0.021878181025385857,0.4193118214607239,0.00085246138041839
ISIC_0025825,akiec,akiec,True,0.5978347659111023,0.5978347659111023,0.9061788341814414,0.5978347659111023,0.31688809394836426,0.28094667196273804,MODERATE,0.5978347659111023,0.0008443521801382303,0.31688809394836426,0.00026361961499787867,0.0795760303735733,0.004564524162560701,2.8667302103713155e-05
ISIC_0027562,akiec,bkl,False,0.4532258212566376,0.3087714612483978,1.1440407466872504,0.4532258212566376,0.3087714612483978,0.14445436000823975,LOW,0.3087714612483978,0.012412875890731812,0.4532258212566376,0.00043994325096718967,0.006085102912038565,0.2189517617225647,0.00011298678873572499
ISIC_0026709,akiec,bkl,False,0.6385967135429382,0.3040176033973694,0.8645818174671516,0.6385967135429382,0.3040176033973694,0.33457911014556885,MODERATE,0.3040176033973694,0.0027781163807958364,0.6385967135429382,0.0005677253357134759,0.03176282346248627,0.022044479846954346,0.00023253937251865864
ISIC_0028619,akiec,bkl,False,0.8168959617614746,0.009399608708918095,0.6597751411119691,0.8168959617614746,0.12887360155582428,0.6880223602056503,HIGH,0.009399608708918095,0.025650786235928535,0.8168959617614746,0.0019702648278325796,0.012069336138665676,0.12887360155582428,0.0051405103877186775
ISIC_0030877,akiec,akiec,True,0.8328933119773865,0.8328933119773865,0.6143377399862199,0.8328933119773865,0.09841205924749374,0.7344812527298927,HIGH,0.8328933119773865,0.04388384148478508,0.09841205924749374,0.00021173110872041434,0.0007477254257537425,0.023795243352651596,5.610315201920457e-05
ISIC_0027950,akiec,akiec,True,0.9088417887687683,0.9088417887687683,0.4042335921930801,0.9088417887687683,0.04668491333723068,0.8621568754315376,VERY_HIGH,0.9088417887687683,0.029980583116412163,0.04668491333723068,0.0003794323420152068,0.0016708674374967813,0.01227138377726078,0.00017102356650866568
ISIC_0032154,akiec,nv,False,0.5568817853927612,0.11650100350379944,1.2153623635621946,0.5568817853927612,0.21829111874103546,0.33859066665172577,MODERATE,0.11650100350379944,0.025207415223121643,0.21829111874103546,0.0006940946914255619,0.0819086879491806,0.5568817853927612,0.0005158073618076742
ISIC_0026549,akiec,nv,False,0.6729337573051453,0.07330331951379776,1.0078168641873262,0.6729337573051453,0.17451967298984528,0.4984140843153,MODERATE,0.07330331951379776,0.013444378040730953,0.17451967298984528,0.0009710583253763616,0.06431201845407486,0.6729337573051453,0.0005157251725904644
ISIC_0027172,akiec,akiec,True,0.8735292553901672,0.8735292553901672,0.4544960021656142,0.8735292553901672,0.10659386217594147,0.7669353932142258,HIGH,0.8735292553901672,0.002090462716296315,0.10659386217594147,9.329492604592815e-05,0.008447493426501751,0.00918759498745203,5.815485928906128e-05
ISIC_0025953,akiec,akiec,True,0.6908679008483887,0.6908679008483887,0.8387213844432215,0.6908679008483887,0.23689952492713928,0.4539683759212494,MODERATE,0.6908679008483887,0.0003452060336712748,0.23689952492713928,0.00013677813694812357,0.04365115985274315,0.027929870411753654,0.00016955951286945492
ISIC_0029360,akiec,bkl,False,0.42955654859542847,0.10366064310073853,1.4346872669344743,0.42955654859542847,0.23710785806179047,0.192448690533638,LOW,0.10366064310073853,0.17226900160312653,0.42955654859542847,0.0035186095628887415,0.049482572823762894,0.23710785806179047,0.004404713865369558
ISIC_0026152,akiec,akiec,True,0.5438548922538757,0.5438548922538757,0.9826140171018951,0.5438548922538757,0.3833978474140167,0.160457044839859,MODERATE,0.5438548922538757,0.3833978474140167,0.015427976846694946,0.014793536625802517,0.034999020397663116,0.0065071480348706245,0.0010195747017860413
ISIC_0029827,akiec,bkl,False,0.4589787721633911,0.3257826566696167,1.2827440937450312,0.4589787721633911,0.3257826566696167,0.13319611549377441,LOW,0.3257826566696167,0.09882587194442749,0.4589787721633911,0.01325112022459507,0.00376696465536952,0.09311069548130035,0.006283884402364492
ISIC_0028558,akiec,akiec,True,0.9037119150161743,0.9037119150161743,0.35218075561406154,0.9037119150161743,0.08913075178861618,0.8145811632275581,VERY_HIGH,0.9037119150161743,0.001917912159115076,0.08913075178861618,0.001278853276744485,0.0025808329228311777,0.0013310961658135056,4.8722493374953046e-05
ISIC_0029781,akiec,akiec,True,0.9403119087219238,0.9403119087219238,0.258001673367464,0.9403119087219238,0.05052071809768677,0.8897911906242371,VERY_HIGH,0.9403119087219238,0.0012746810680255294,0.05052071809768677,0.0002409129374427721,0.007299553602933884,0.00032672641100361943,2.5491421183687635e-05
ISIC_0026645,akiec,akiec,True,0.9110771417617798,0.9110771417617798,0.3825010964249809,0.9110771417617798,0.0600333996117115,0.8510437421500683,VERY_HIGH,0.9110771417617798,0.0600333996117115,0.02032584510743618,0.004947128240019083,0.0023118893150240183,0.0010522762313485146,0.0002523902803659439
