image_id,true_label,predicted_label,correct,confidence,entropy,probabilities
ISIC_0028223,bkl,bkl,True,0.525634229183197,1.2292453050613403,"[0.1740015596151352,0.00479552336037159,0.525634229183197,0.002338350983336568,0.09526137262582779,0.19762618839740753,0.00034283564309589565]"
ISIC_0029126,bkl,akiec,False,0.666530430316925,1.0998252630233765,"[0.666530430316925,0.08194109797477722,0.08775688707828522,0.1287914514541626,0.013146421872079372,0.01991456188261509,0.0019192395266145468]"
ISIC_0028702,bkl,akiec,False,0.7113564014434814,0.9057300686836243,"[0.7113564014434814,0.02903529815375805,0.1936747133731842,0.041018296033144,0.01228880975395441,0.011998308822512627,0.0006281486130319536]"
ISIC_0025656,bkl,bkl,True,0.4892503321170807,1.213654637336731,"[0.28496983647346497,0.002275958890095353,0.4892503321170807,0.0003080511523876339,0.11363856494426727,0.10950957983732224,4.769514998770319e-05]"
ISIC_0025883,bkl,bkl,True,0.6136032342910767,1.0535897016525269,"[0.09051966667175293,0.0012807543389499187,0.6136032342910767,0.0005028933519497514,0.22301021218299866,0.07085563987493515,0.00022755916870664805]"
ISIC_0028448,bkl,bkl,True,0.7282915711402893,0.6659018993377686,"[0.0012613803846761584,0.002112860092893243,0.7282915711402893,0.0025261470582336187,0.004235909786075354,0.25662633776664734,0.004945790395140648]"
ISIC_0025066,bkl,mel,False,0.6608196496963501,0.9224620461463928,"[0.018519530072808266,0.00024260480131488293,0.10734226554632187,0.0003725679125636816,0.6608196496963501,0.21257580816745758,0.0001275532995350659]"
ISIC_0030583,bkl,nv,False,0.7212167382240295,0.6326839923858643,"[0.0001623530115466565,0.00010367875074734911,0.2703242599964142,0.0001889334525913,0.007857990451157093,0.7212167382240295,0.00014602806186303496]"
ISIC_0026967,bkl,bkl,True,0.7427207827568054,0.8811184167861938,"[0.045079171657562256,0.017595335841178894,0.7427207827568054,0.02489408478140831,0.01434148196130991,0.15411290526390076,0.0012563270283862948]"
ISIC_0033235,bkl,mel,False,0.7434662580490112,0.7710462808609009,"[0.009080295450985432,0.00014689876115880907,0.08567778021097183,0.00016542739467695355,0.7434662580490112,0.1614341139793396,2.9217580959084444e-05]"
ISIC_0026085,bkl,mel,False,0.7998643517494202,0.6950372457504272,"[0.058979786932468414,0.0009524552733637393,0.11593426764011383,0.0005235472344793379,0.7998643517494202,0.0237100999802351,3.543734783306718e-05]"
ISIC_0026941,bkl,bkl,True,0.7235560417175293,0.6527324318885803,"[0.001347731682471931,0.0006995598087087274,0.7235560417175293,0.001177402795292437,0.007734240032732487,0.2644118070602417,0.0010731775546446443]"
ISIC_0029929,bkl,mel,False,0.38555991649627686,1.4095709323883057,"[0.19389976561069489,0.01797780953347683,0.2525394856929779,0.0032218315172940493,0.38555991649627686,0.14616510272026062,0.0006360934348776937]"
ISIC_0026634,bkl,mel,False,0.5513430833816528,1.079628586769104,"[0.02538352832198143,0.0002800332731567323,0.17976824939250946,0.0002479022659827024,0.5513430833816528,0.24279376864433289,0.00018337379151489586]"
ISIC_0032045,bkl,mel,False,0.505222499370575,1.081709623336792,"[0.01110194344073534,9.281231905333698e-05,0.2619294822216034,7.698360423091799e-05,0.505222499370575,0.22153526544570923,4.110862209927291e-05]"
ISIC_0024381,bkl,nv,False,0.37560024857521057,1.200976848602295,"[0.029775116592645645,0.00053902727086097,0.3053131103515625,0.0002769886632449925,0.2883342206478119,0.37560024857521057,0.0001613420172361657]"
ISIC_0025583,bkl,akiec,False,0.6130305528640747,1.0261867046356201,"[0.6130305528640747,0.0012864494929090142,0.17087332904338837,0.000353492156136781,0.18672111630439758,0.0277166236191988,1.847994644776918e-05]"
ISIC_0029308,bkl,bkl,True,0.6630441546440125,0.8788707256317139,"[0.009943855926394463,0.0013184817507863045,0.6630441546440125,0.00019072674331255257,0.24315015971660614,0.08225655555725098,9.604437946109101e-05]"
ISIC_0030276,bkl,akiec,False,0.47348737716674805,1.0626747608184814,"[0.47348737716674805,0.0014761581551283598,0.3742855489253998,0.0009594712755642831,0.13854168355464935,0.011213121935725212,3.662516246549785e-05]"
ISIC_0024626,bkl,bkl,True,0.4156714975833893,1.3418701887130737,"[0.17714260518550873,0.0025937072932720184,0.4156714975833893,0.0010786551283672452,0.2038547694683075,0.19944484531879425,0.00021396964439190924]"
ISIC_0031321,bkl,bkl,True,0.498414546251297,1.018033742904663,"[0.03792575001716614,0.0031233320478349924,0.498414546251297,0.00018113812257070094,0.40484169125556946,0.0554153174161911,9.827256144490093e-05]"
ISIC_0033987,bkl,bkl,True,0.7990518808364868,0.6476553678512573,"[0.02784476801753044,0.00013465757365338504,0.7990518808364868,0.008703982457518578,0.006717941258102655,0.15736138820648193,0.00018547351646702737]"
ISIC_0029260,bkl,akiec,False,0.44024980068206787,1.1621859073638916,"[0.44024980068206787,0.006489140912890434,0.27632221579551697,0.0008338565239682794,0.26356080174446106,0.012436414137482643,0.00010780325101222843]"
ISIC_0031133,bkl,bkl,True,0.734065055847168,0.6103774309158325,"[0.0002442248514853418,5.4272215493256226e-05,0.734065055847168,0.002412487519904971,0.0019428355153650045,0.26079848408699036,0.00048264244105666876]"
ISIC_0030316,bkl,bkl,True,0.7313970923423767,0.6067192554473877,"[0.0012799353571608663,0.00010114775795955211,0.7313970923423767,0.0008336171158589423,0.0014031121972948313,0.2648131251335144,0.000171946594491601]"
ISIC_0027706,bkl,nv,False,0.40003702044487,1.179760217666626,"[0.027021490037441254,0.0018681380897760391,0.35822081565856934,0.0005558041157200933,0.2118816375732422,0.40003702044487,0.0004150451859459281]"
ISIC_0033722,bkl,nv,False,0.6051501035690308,0.8392971158027649,"[0.0035901993978768587,0.00045681584742851555,0.04352785646915436,0.0008073378703556955,0.3461989760398865,0.6051501035690308,0.00026872061425819993]"
ISIC_0032877,bkl,mel,False,0.39306166768074036,1.317122220993042,"[0.15499073266983032,0.00548804085701704,0.3310185372829437,0.0027894156519323587,0.39306166768074036,0.11196005344390869,0.0006915496778674424]"
ISIC_0034175,bkl,nv,False,0.564037024974823,0.9793853163719177,"[0.002597424667328596,0.00011260086466791108,0.28861764073371887,9.663537639426067e-05,0.14444270730018616,0.564037024974823,9.599167242413387e-05]"
ISIC_0033523,bkl,nv,False,0.43094906210899353,1.130743145942688,"[0.02765405736863613,0.0005891136243008077,0.16081607341766357,0.00025547342374920845,0.3796643614768982,0.43094906210899353,7.180945976870134e-05]"
ISIC_0031808,bkl,mel,False,0.37474194169044495,1.2752748727798462,"[0.07325026392936707,0.000606111716479063,0.30138054490089417,0.00038302820757962763,0.37474194169044495,0.2495751827955246,6.294393097050488e-05]"
ISIC_0028749,bkl,mel,False,0.3442605137825012,1.339787244796753,"[0.08717450499534607,0.003396207932382822,0.2730693817138672,0.0046325731091201305,0.3442605137825012,0.2870771884918213,0.00038963399128988385]"
ISIC_0033635,bkl,bkl,True,0.7963831424713135,0.5577986240386963,"[0.00014249992091208696,0.00018005074525717646,0.7963831424713135,0.0016387914074584842,0.0023840623907744884,0.19315850734710693,0.006112970877438784]"
ISIC_0033868,bkl,bkl,True,0.6063919067382812,0.7510920763015747,"[0.0006223413511179388,0.0021080237347632647,0.6063919067382812,0.0028558876365423203,0.0028161732479929924,0.37956419587135315,0.005641452968120575]"
ISIC_0024602,bkl,bkl,True,0.5547717213630676,1.2697117328643799,"[0.16098234057426453,0.014422869309782982,0.5547717213630676,0.009600813500583172,0.13933411240577698,0.11816093325614929,0.002727208659052849]"
ISIC_0028121,bkl,bkl,True,0.46353286504745483,1.0711838006973267,"[0.12374407798051834,0.005156628787517548,0.46353286504745483,0.001012834021821618,0.39413079619407654,0.012320772744715214,0.00010197940719081089]"
ISIC_0031624,bkl,nv,False,0.5481941103935242,0.7547765970230103,"[0.00048129804781638086,0.00016403741028625518,0.43883320689201355,0.0003405731695238501,0.011182308197021484,0.5481941103935242,0.0008043830748647451]"
ISIC_0025510,bkl,bkl,True,0.6741802096366882,0.8230869174003601,"[0.0034492979757487774,0.0020861399825662374,0.6741802096366882,0.0010308307828381658,0.05433913320302963,0.26372766494750977,0.001186719979159534]"
ISIC_0028254,bkl,mel,False,0.43535706400871277,1.0665267705917358,"[0.013378236442804337,0.0004195879155304283,0.4135191738605499,0.0005500815459527075,0.43535706400871277,0.13647855818271637,0.0002972890215460211]"
ISIC_0026679,bkl,mel,False,0.5312866568565369,1.0449680089950562,"[0.00816978607326746,0.00019501887436490506,0.2845591604709625,0.00046003193710930645,0.5312866568565369,0.17512616515159607,0.00020313564164098352]"
ISIC_0024643,bkl,bkl,True,0.7435896396636963,0.671784520149231,"[0.00062089430866763,9.799950203159824e-05,0.7435896396636963,0.0005080465343780816,0.02866627275943756,0.22595153748989105,0.0005656305584125221]"
ISIC_0030365,bkl,mel,False,0.6562289595603943,0.9560298323631287,"[0.029662804678082466,0.0029780222102999687,0.09462278336286545,0.0003751087060663849,0.6562289595603943,0.21604448556900024,8.783204975770786e-05]"
ISIC_0028840,bkl,bkl,True,0.7666651606559753,0.6986892223358154,"[0.01887335255742073,0.00039861875120550394,0.7666651606559753,0.01048755832016468,0.010414342395961285,0.19257214665412903,0.0005887791630811989]"
ISIC_0033321,bkl,mel,False,0.6684863567352295,0.8529258966445923,"[0.008349046111106873,0.0003392568323761225,0.2556072771549225,0.002088322537019849,0.6684863567352295,0.06489123404026031,0.00023848300043027848]"
ISIC_0024696,bkl,mel,False,0.6408262848854065,0.8986421227455139,"[0.014450741931796074,0.001667679171077907,0.06894365698099136,0.00013439411122817546,0.6408262848854065,0.273827463388443,0.00014977499085944146]"
ISIC_0033410,bkl,bkl,True,0.4948435127735138,1.2534273862838745,"[0.08454135060310364,0.012217358686029911,0.4948435127735138,0.0018083280883729458,0.2681192457675934,0.13775116205215454,0.0007190865580923855]"
ISIC_0032725,bkl,akiec,False,0.633029043674469,1.0589525699615479,"[0.633029043674469,0.1977054625749588,0.11792296171188354,0.002617637626826763,0.027598503977060318,0.02099200151860714,0.0001343408366665244]"
ISIC_0026042,bkl,bkl,True,0.32293811440467834,1.4541873931884766,"[0.042721331119537354,0.32153427600860596,0.32293811440467834,0.005011383909732103,0.09187033027410507,0.21361100673675537,0.0023135372903198004]"
ISIC_0025086,bkl,mel,False,0.5237860679626465,0.9722891449928284,"[0.011502372100949287,0.00011094272485934198,0.08180490136146545,0.0011180598521605134,0.5237860679626465,0.3815453052520752,0.00013230490731075406]"
ISIC_0030095,bkl,mel,False,0.302362859249115,1.3485749959945679,"[0.12221161276102066,0.0011810007272288203,0.29425379633903503,0.0006921144668012857,0.302362859249115,0.27920758724212646,9.102424519369379e-05]"
ISIC_0031394,bkl,nv,False,0.38917458057403564,1.2567553520202637,"[0.042069703340530396,0.004984154365956783,0.2260165810585022,0.004016050603240728,0.3330024480819702,0.38917458057403564,0.0007365228375419974]"
ISIC_0025777,bkl,nv,False,0.5171651244163513,1.072684407234192,"[0.01677362434566021,0.0004414113936945796,0.11747830361127853,0.007635001093149185,0.33996132016181946,0.5171651244163513,0.0005451467586681247]"
ISIC_0032359,bkl,bkl,True,0.7882899045944214,0.5661360025405884,"[0.00043571251444518566,0.004310270771384239,0.7882899045944214,8.455453644273803e-05,0.004885688424110413,0.20175085961818695,0.00024303737154696137]"
ISIC_0027991,bkl,nv,False,0.38665661215782166,1.4361108541488647,"[0.13476380705833435,0.059795524924993515,0.29152053594589233,0.0011219590669497848,0.12585154175758362,0.38665661215782166,0.0002900328254327178]"
ISIC_0031289,bkl,akiec,False,0.5988809466362,1.1321574449539185,"[0.5988809466362,0.019448991864919662,0.21970650553703308,0.003951707389205694,0.10613418370485306,0.051527488976716995,0.0003502457984723151]"
ISIC_0030172,bkl,akiec,False,0.4320251941680908,1.2253005504608154,"[0.4320251941680908,0.01497598085552454,0.35674184560775757,0.0024970348458737135,0.1546086072921753,0.038878533989191055,0.00027287245029583573]"
ISIC_0029880,bkl,bkl,True,0.8977582454681396,0.37325572967529297,"[0.0004803014453500509,0.00023771180713083595,0.8977582454681396,6.247251440072432e-05,0.012176881544291973,0.08918330073356628,0.00010112284508068115]"
ISIC_0026827,bkl,nv,False,0.49041101336479187,1.1295368671417236,"[0.004775198642164469,0.001573990797623992,0.3213062286376953,0.004769568797200918,0.1637440025806427,0.49041101336479187,0.013419954106211662]"
ISIC_0029396,bkl,nv,False,0.9722078442573547,0.16368579864501953,"[0.00010687475150916725,0.00917117204517126,0.0077463132329285145,0.00017663167091086507,0.00872253067791462,0.9722078442573547,0.0018685642862692475]"
ISIC_0025984,bkl,nv,False,0.952477753162384,0.24683541059494019,"[0.0002623412001412362,0.010268093086779118,0.003220935584977269,0.00041064611286856234,0.027062401175498962,0.952477753162384,0.006297673098742962]"
ISIC_0025805,bkl,bkl,True,0.5144920945167542,0.8754457235336304,"[0.005118907429277897,0.00048431369941681623,0.5144920945167542,0.004765544086694717,0.03263155743479729,0.44185683131217957,0.0006507902289740741]"
ISIC_0029166,bkl,nv,False,0.488171249628067,0.97777259349823,"[0.005127953831106424,8.889999298844486e-05,0.09841860085725784,0.0005607130588032305,0.4074418842792511,0.488171249628067,0.0001906476099975407]"
ISIC_0032740,bkl,bkl,True,0.4920956492424011,1.1936912536621094,"[0.05434456840157509,0.0014851315645501018,0.4920956492424011,0.0012132538249716163,0.2581883668899536,0.19244375824928284,0.0002292662247782573]"
ISIC_0028842,bkl,akiec,False,0.5726253986358643,1.0636013746261597,"[0.5726253986358643,0.018099477514624596,0.2775042951107025,0.005531222093850374,0.11985297501087189,0.006237231660634279,0.00014939754328224808]"
ISIC_0031593,bkl,akiec,False,0.6553243398666382,1.0909361839294434,"[0.6553243398666382,0.06463862955570221,0.13628199696540833,0.006875669118016958,0.11698509752750397,0.01944778859615326,0.0004465018573682755]"
ISIC_0032200,bkl,mel,False,0.4324166476726532,1.1553175449371338,"[0.03618079051375389,0.002167584141716361,0.37934255599975586,0.0006878303829580545,0.4324166476726532,0.1487920880317688,0.00041252176743000746]"
ISIC_0024336,bkl,nv,False,0.4615917205810547,1.1988095045089722,"[0.03947785124182701,0.0009750145836733282,0.2822280824184418,0.0025603515096008778,0.21226763725280762,0.4615917205810547,0.0008993251831270754]"
ISIC_0031761,bkl,nv,False,0.8822339177131653,0.39681369066238403,"[0.0002538342378102243,9.004544153867755e-06,0.11012408137321472,0.005406850483268499,0.0017905778950080276,0.8822339177131653,0.00018175678269471973]"
ISIC_0031088,bkl,nv,False,0.8869697451591492,0.4611439108848572,"[0.0002531355421524495,0.008115481585264206,0.0781843289732933,0.0005080211558379233,0.018409837037324905,0.8869697451591492,0.007559339981526136]"
ISIC_0030731,bkl,akiec,False,0.4772014021873474,1.1568608283996582,"[0.4772014021873474,0.0025187802966684103,0.2338322252035141,0.0004194568900857121,0.2600213587284088,0.02592795342206955,7.882297359174117e-05]"
ISIC_0031522,bkl,akiec,False,0.6770120859146118,1.0113850831985474,"[0.6770120859146118,0.0810421034693718,0.15164221823215485,0.003548739245161414,0.08008839190006256,0.006066570524126291,0.0005998394335620105]"
ISIC_0034197,bkl,akiec,False,0.4133965075016022,1.134376049041748,"[0.4133965075016022,0.001310062245465815,0.26948991417884827,0.0008657950675114989,0.307017058134079,0.007894356735050678,2.6268959118169732e-05]"
ISIC_0034057,bkl,akiec,False,0.5304015278816223,1.114359736442566,"[0.5304015278816223,0.019074924290180206,0.2601078450679779,0.002836919389665127,0.1830904483795166,0.004390832502394915,9.746629802975804e-05]"
ISIC_0025016,bkl,akiec,False,0.3478567600250244,1.6024484634399414,"[0.3478567600250244,0.19540457427501678,0.2310386598110199,0.12863333523273468,0.048042550683021545,0.04201887547969818,0.007005233783274889]"
ISIC_0029147,bkl,akiec,False,0.3581666052341461,1.539155125617981,"[0.3581666052341461,0.08681788295507431,0.26080411672592163,0.20848776400089264,0.0520266592502594,0.02889837510883808,0.004798572976142168]"
ISIC_0027747,bkl,bkl,True,0.8068588972091675,0.5268625617027283,"[0.0003446146729402244,3.72274371329695e-05,0.8068588972091675,7.355450361501426e-05,0.007552239578217268,0.1850510686635971,8.235231507569551e-05]"
ISIC_0032159,bkl,mel,False,0.41320666670799255,1.1151546239852905,"[0.15695293247699738,0.004182056058198214,0.40900862216949463,0.00046068118535913527,0.41320666670799255,0.01611878164112568,7.030182314338163e-05]"
ISIC_0024382,bkl,akiec,False,0.6657832264900208,0.8984537124633789,"[0.6657832264900208,0.0014367667026817799,0.21519212424755096,0.00033847070881165564,0.10750903934240341,0.009734444320201874,5.9325552683731075e-06]"
ISIC_0028952,bkl,bkl,True,0.48736006021499634,1.3963282108306885,"[0.028243757784366608,0.05043759196996689,0.48736006021499634,0.007278755307197571,0.18565982580184937,0.20407646894454956,0.03694349527359009]"
ISIC_0028496,bkl,mel,False,0.4678165316581726,1.1436504125595093,"[0.03262355923652649,0.00014297569578047842,0.3226722180843353,0.0004350247036200017,0.4678165316581726,0.17618942260742188,0.0001203314823214896]"
ISIC_0033952,bkl,mel,False,0.5002129673957825,1.0834609270095825,"[0.0539582334458828,0.00016620657697785646,0.36139795184135437,0.00020622009469661862,0.5002129673957825,0.08403046429157257,2.794792817439884e-05]"
ISIC_0027960,bkl,bkl,True,0.5470628142356873,1.151006817817688,"[0.053970854729413986,0.003537897951900959,0.5470628142356873,0.0028215970378369093,0.25510159134864807,0.13656653463840485,0.0009387164027430117]"
ISIC_0026955,bkl,bkl,True,0.5674896240234375,1.2116260528564453,"[0.22125862538814545,0.054223958402872086,0.5674896240234375,0.0062186806462705135,0.11908427625894547,0.030888985842466354,0.000835839135106653]"
ISIC_0025286,bkl,nv,False,0.6091316938400269,0.8767146468162537,"[0.010042446665465832,0.002182576572522521,0.03785876929759979,0.003437873674556613,0.3366256654262543,0.6091316938400269,0.000721072661690414]"
ISIC_0027953,bkl,bkl,True,0.6559762358665466,0.9739974737167358,"[0.042183440178632736,0.014577168971300125,0.6559762358665466,0.03151374310255051,0.00770766194909811,0.24637994170188904,0.0016618663212284446]"
ISIC_0034186,bkl,mel,False,0.4985836446285248,1.2343471050262451,"[0.013707316480576992,0.3409160077571869,0.04108712822198868,0.007870364934206009,0.4985836446285248,0.06064457446336746,0.03719088435173035]"
ISIC_0032688,bkl,nv,False,0.5219423174858093,1.1670100688934326,"[0.09275665134191513,0.0010704908054322004,0.31449970602989197,0.04095938056707382,0.028149768710136414,0.5219423174858093,0.0006217336631380022]"
ISIC_0033252,bkl,nv,False,0.6076877117156982,1.0766948461532593,"[0.00977630726993084,0.004304063972085714,0.26325708627700806,0.021057629957795143,0.07241407036781311,0.6076877117156982,0.02150309830904007]"
ISIC_0032570,bkl,akiec,False,0.382589191198349,1.3633085489273071,"[0.382589191198349,0.0015144327189773321,0.35269612073898315,0.05535843223333359,0.06113390251994133,0.14576607942581177,0.0009417586261406541]"
ISIC_0030173,bkl,bkl,True,0.6968767642974854,0.814027726650238,"[0.0014453970361500978,0.0008269485551863909,0.6968767642974854,5.6382825277978554e-05,0.08855460584163666,0.21185234189033508,0.0003876512055285275]"
ISIC_0029012,bkl,bkl,True,0.6336228251457214,0.9324564933776855,"[0.002384838182479143,0.005633403547108173,0.6336228251457214,0.0008340522763319314,0.0997830182313919,0.2551668584346771,0.002575002610683441]"
ISIC_0029227,bkl,nv,False,0.5218934416770935,0.7998741269111633,"[0.0010741722071543336,0.0006903011235408485,0.45779335498809814,0.0048577385023236275,0.011626745574176311,0.5218934416770935,0.00206433585844934]"
ISIC_0034070,bkl,bkl,True,0.6117644906044006,0.8530394434928894,"[0.007064709439873695,0.0026233613025397062,0.6117644906044006,0.0001261208381038159,0.04166414216160774,0.3365466892719269,0.0002104684099322185]"
ISIC_0033709,bkl,bkl,True,0.8836574554443359,0.4082033336162567,"[0.001977347768843174,0.0030545692425221205,0.8836574554443359,0.0003151740529574454,0.004101867321878672,0.10607264935970306,0.0008209799416363239]"
ISIC_0027218,bkl,nv,False,0.47004619240760803,1.1801944971084595,"[0.006159070413559675,0.008832362480461597,0.3060726523399353,0.0013106734259054065,0.19221064448356628,0.47004619240760803,0.015368448570370674]"
ISIC_0032348,bkl,mel,False,0.5495589971542358,1.1841585636138916,"[0.09210830926895142,0.002767462283372879,0.16568785905838013,0.0006472302484326065,0.5495589971542358,0.18902835249900818,0.00020173144002910703]"
ISIC_0027606,bkl,mel,False,0.37514951825141907,1.3288216590881348,"[0.1449442058801651,4.70978811790701e-05,0.20025694370269775,0.00026359883486293256,0.37514951825141907,0.2793266177177429,1.2003609299426898e-05]"
ISIC_0030812,bkl,bcc,False,0.9168429970741272,0.3942793011665344,"[0.024025505408644676,0.9168429970741272,0.03646770119667053,0.0007035053567960858,0.01491273008286953,0.0066257501021027565,0.0004217932000756264]"
ISIC_0029802,bkl,bcc,False,0.5626476407051086,1.1649876832962036,"[0.21495090425014496,0.5626476407051086,0.13696706295013428,0.0013996419729664922,0.07890991121530533,0.004421739839017391,0.000703184399753809]"
ISIC_0031691,bkl,nv,False,0.6647323966026306,0.9085991382598877,"[0.00797837134450674,0.0060453214682638645,0.23851189017295837,0.004670967813581228,0.07780762016773224,0.6647323966026306,0.00025348339113406837]"
ISIC_0025419,bkl,vasc,False,0.7370789051055908,0.7914761900901794,"[4.308314964873716e-05,0.0065119508653879166,0.0018992660334333777,0.000361059996066615,0.10044340044260025,0.15366238355636597,0.7370789051055908]"
ISIC_0033581,bkl,nv,False,0.538540780544281,0.8970456123352051,"[0.000923862389754504,0.00018452217045705765,0.3957520127296448,0.0018515499541535974,0.062126677483320236,0.538540780544281,0.0006205844110809267]"
ISIC_0033913,bkl,nv,False,0.6178100109100342,0.744001030921936,"[0.001096906722523272,6.635336467297748e-05,0.36677858233451843,0.003265854436904192,0.010410381481051445,0.6178100109100342,0.0005719289183616638]"
ISIC_0032460,bkl,bkl,True,0.7846994400024414,0.6263918876647949,"[0.002759299473837018,0.00040747696766629815,0.7846994400024414,0.011034862138330936,0.006804388016462326,0.19148695468902588,0.00280761462636292]"
ISIC_0030524,nv,nv,True,0.9545084834098816,0.1884794980287552,"[0.00011050295870518312,6.536436558235437e-06,0.04497404769062996,0.00019116373732686043,0.0001959807559615001,0.9545084834098816,1.3303845662449021e-05]"
ISIC_0027400,nv,nv,True,0.9755563139915466,0.11718611419200897,"[1.990421196751413e-06,2.933699363438791e-07,0.00021951332746539265,0.00012618376058526337,0.02406162954866886,0.9755563139915466,3.4025146305793896e-05]"
ISIC_0033292,nv,nv,True,0.7665621638298035,0.6070693731307983,"[0.000446633726824075,0.006146475672721863,0.002810635371133685,0.0010026494273915887,0.22123204171657562,0.7665621638298035,0.001799338380806148]"
ISIC_0033610,nv,nv,True,0.6538359522819519,0.753149688243866,"[0.0010660180123522878,0.016432590782642365,0.0038464420940726995,0.0004697693802881986,0.3227025866508484,0.6538359522819519,0.0016467408277094364]"
ISIC_0033100,nv,nv,True,0.5348784327507019,1.2216805219650269,"[0.034720439463853836,0.12050247937440872,0.05014767870306969,0.0012082173489034176,0.25738775730133057,0.5348784327507019,0.00115494173951447]"
ISIC_0030638,nv,nv,True,0.9911414384841919,0.05563830956816673,"[3.13866330543533e-05,3.8103735278127715e-06,0.0019585932604968548,3.7115075883775717e-06,0.006860638502985239,0.9911414384841919,5.140477696841117e-07]"
ISIC_0029463,nv,nv,True,0.9560948610305786,0.23837988078594208,"[0.000457073503639549,0.008907794952392578,0.0023711384274065495,0.0193827785551548,0.011838158592581749,0.9560948610305786,0.0009482992463745177]"
ISIC_0024791,nv,nv,True,0.8729262948036194,0.4646705687046051,"[6.840341666247696e-05,0.000800812616944313,0.10136044770479202,0.0014984309673309326,0.0036889866460114717,0.8729262948036194,0.019656479358673096]"
ISIC_0025919,nv,nv,True,0.9730495810508728,0.12711894512176514,"[2.828976903401781e-05,2.86312115349574e-05,0.000314962089760229,0.00013727722398471087,0.026427006348967552,0.9730495810508728,1.4319476576929446e-05]"
ISIC_0025551,nv,nv,True,0.9834961891174316,0.09895969927310944,"[0.00016322768351528794,0.0016593380132690072,0.0030594428535550833,0.00011871953029185534,0.011438490822911263,0.9834961891174316,6.454976391978562e-05]"
ISIC_0032324,nv,nv,True,0.9647555947303772,0.15768323838710785,"[9.77769450400956e-05,7.438360171363456e-06,0.0007542186649516225,0.00011084292782470584,0.03427158296108246,0.9647555947303772,2.4342559754586546e-06]"
ISIC_0029901,nv,nv,True,0.909885823726654,0.3415149748325348,"[4.309348514652811e-05,6.0887981817359105e-05,0.010883652605116367,0.00017098928219638765,0.07837634533643723,0.909885823726654,0.0005792476003989577]"
ISIC_0031660,nv,nv,True,0.7884984016418457,0.618895411491394,"[0.0013489603297784925,0.004179531708359718,0.017628252506256104,0.0007963884272612631,0.18600457906723022,0.7884984016418457,0.001543804770335555]"
ISIC_0030836,nv,nv,True,0.8425642848014832,0.5435972809791565,"[0.002139223739504814,0.0001982035319088027,0.12468931823968887,0.023438531905412674,0.006286538206040859,0.8425642848014832,0.0006839694106020033]"
ISIC_0032252,nv,nv,True,0.9823082685470581,0.09317838400602341,"[7.75584157963749e-06,1.3855816405339283e-06,0.001034812070429325,2.931653034465853e-05,0.01661594770848751,0.9823082685470581,2.5856736556306714e-06]"
ISIC_0027979,nv,nv,True,0.9563850164413452,0.22696074843406677,"[0.0007798416190780699,0.003410781966522336,0.023177772760391235,0.0011061207624152303,0.014925818890333176,0.9563850164413452,0.00021460314746946096]"
ISIC_0028092,nv,nv,True,0.6684088110923767,0.7135888338088989,"[0.0037095912266522646,0.0003881677403114736,0.004656609613448381,0.005633758846670389,0.31694287061691284,0.6684088110923767,0.00026016050833277404]"
ISIC_0029293,nv,nv,True,0.9364839196205139,0.2569267153739929,"[4.983100006938912e-05,8.217203685489949e-06,0.005950894206762314,9.058599061972927e-06,0.05749118700623512,0.9364839196205139,6.827513516327599e-06]"
ISIC_0028015,nv,nv,True,0.696488082408905,0.7165550589561462,"[0.0016109396237879992,0.0021853544749319553,0.017980515956878662,0.000876460166182369,0.280005544424057,0.696488082408905,0.0008531486382707953]"
ISIC_0026781,nv,nv,True,0.9500224590301514,0.23333536088466644,"[0.00037346401950344443,3.9315658796112984e-05,0.011944235302507877,0.000980933546088636,0.03657880052924156,0.9500224590301514,6.0809135902673006e-05]"
ISIC_0026724,nv,nv,True,0.9810301065444946,0.09467095136642456,"[9.717065267977887e-07,1.4057631005925941e-06,4.756435737363063e-05,2.641038372530602e-05,0.018880128860473633,0.9810301065444946,1.3412945918389596e-05]"
ISIC_0024661,nv,nv,True,0.8142788410186768,0.502324104309082,"[0.00038544059498235583,2.7431959097157232e-05,0.18165674805641174,0.00031423181644640863,0.0032763653434813023,0.8142788410186768,6.094956916058436e-05]"
ISIC_0027322,nv,nv,True,0.9741554260253906,0.15356411039829254,"[0.00040355572127737105,0.001086489181034267,0.00616871751844883,0.013357904739677906,0.0036323154345154762,0.9741554260253906,0.0011956277303397655]"
ISIC_0029954,nv,nv,True,0.913811206817627,0.2949922978878021,"[2.44536749960389e-05,8.759561183069309e-07,0.00012832926586270332,1.4112590179138351e-05,0.08601871877908707,0.913811206817627,2.2781412098993314e-06]"
ISIC_0026097,nv,mel,False,0.6076366305351257,1.2180969715118408,"[0.14811740815639496,0.06162957847118378,0.004857960157096386,0.07277776300907135,0.6076366305351257,0.10354812443256378,0.0014325344236567616]"
ISIC_0028767,nv,akiec,False,0.37580496072769165,1.4250999689102173,"[0.37580496072769165,0.29483962059020996,0.02242114022374153,0.022159311920404434,0.20958581566810608,0.07412885129451752,0.0010602608090266585]"
ISIC_0029144,nv,nv,True,0.9932532906532288,0.0434415377676487,"[1.7184852367790882e-06,2.562060944910627e-05,9.279930964112282e-06,0.00031338102417066693,0.0060055931098759174,0.9932532906532288,0.0003911388630513102]"
ISIC_0029673,nv,nv,True,0.85146564245224,0.4697698652744293,"[0.0008938762475736439,0.0003367236058693379,0.008989380672574043,0.0009697911445982754,0.13704411685466766,0.85146564245224,0.00030050851637497544]"
ISIC_0034043,nv,nv,True,0.7508862614631653,0.664928674697876,"[0.0002489382750354707,3.225095497327857e-05,0.03332727029919624,7.012692367425188e-05,0.2150759994983673,0.7508862614631653,0.00035922107053920627]"
ISIC_0030556,nv,nv,True,0.9875866174697876,0.07733568549156189,"[0.00012139831233071163,0.0005354902241379023,0.001273558707907796,0.000893272168468684,0.009491763077676296,0.9875866174697876,9.799243707675487e-05]"
ISIC_0031206,nv,nv,True,0.895686149597168,0.3516017496585846,"[8.557346882298589e-05,0.0012725150445476174,0.0006522090407088399,0.00027091108495369554,0.10141930729150772,0.895686149597168,0.0006133659626357257]"
ISIC_0026088,nv,nv,True,0.9863633513450623,0.09122665971517563,"[0.0001932250161189586,0.0006010548677295446,0.005517888814210892,0.004246124532073736,0.0021467581391334534,0.9863633513450623,0.0009315377683378756]"
ISIC_0025161,nv,nv,True,0.8340404629707336,0.48793601989746094,"[0.0001464492961531505,9.068813233170658e-05,0.0035230270586907864,0.00046293376362882555,0.15837699174880981,0.8340404629707336,0.0033594442065805197]"
ISIC_0032001,nv,nv,True,0.9764279723167419,0.1127561554312706,"[1.2341048432062962e-06,9.46648924582405e-07,0.00014725282380823046,9.017825504997745e-06,0.023398712277412415,0.9764279723167419,1.4971064047131222e-05]"
ISIC_0024804,nv,nv,True,0.9689894914627075,0.1407662034034729,"[1.1854277545353398e-05,1.7042944818967953e-05,0.00014203545288182795,0.0001380626781610772,0.030632881447672844,0.9689894914627075,6.864863098599017e-05]"
ISIC_0027280,nv,nv,True,0.9909576177597046,0.058953214436769485,"[4.231824277667329e-05,0.0007402959163300693,0.0013085193932056427,9.739812230691314e-05,0.006770661100745201,0.9909576177597046,8.325462113134563e-05]"
ISIC_0026030,nv,nv,True,0.750105619430542,0.5773411393165588,"[0.000195852859178558,0.0002467411395628005,0.0009223741362802684,0.0004178282106295228,0.24779905378818512,0.750105619430542,0.00031252013286575675]"
ISIC_0024478,nv,nv,True,0.7423494458198547,0.638343334197998,"[0.0017190463840961456,0.0012439109850674868,0.0036610751412808895,0.0023714660201221704,0.24548381567001343,0.7423494458198547,0.003171289339661598]"
ISIC_0033572,nv,mel,False,0.5124939680099487,0.7224224805831909,"[0.00029381588683463633,0.000675259914714843,0.0022117686457931995,0.00036228870158083737,0.5124939680099487,0.48332154750823975,0.0006413430674001575]"
ISIC_0033596,nv,nv,True,0.6126809120178223,0.7265325784683228,"[0.0005328140105120838,0.0001459754421375692,0.010807069018483162,0.00012171130219940096,0.37529581785202026,0.6126809120178223,0.00041567522566765547]"
ISIC_0027457,nv,nv,True,0.9597342610359192,0.18218079209327698,"[0.00028458473389036953,0.001067549572326243,0.0004564807750284672,0.0006224865210242569,0.0376603901386261,0.9597342610359192,0.00017430026491638273]"
ISIC_0025003,nv,nv,True,0.9651448726654053,0.19620835781097412,"[9.925922495312989e-05,0.0003873331588692963,0.010477705858647823,0.013388577848672867,0.008803299628198147,0.9651448726654053,0.0016988274874165654]"
ISIC_0030793,nv,mel,False,0.4907664358615875,0.9413415193557739,"[0.01700415275990963,0.019720161333680153,0.015476726926863194,0.002503642812371254,0.4907664358615875,0.45348045229911804,0.0010484365047886968]"
ISIC_0031221,nv,nv,True,0.5170047879219055,1.017792820930481,"[0.0034592642914503813,0.01562010683119297,0.07294709980487823,0.000996122253127396,0.38490086793899536,0.5170047879219055,0.005071851424872875]"
ISIC_0027557,nv,nv,True,0.9895073771476746,0.060333117842674255,"[2.947338089143159e-06,1.4049033779883757e-05,0.0004482359508983791,1.873660039564129e-06,0.010015895590186119,0.9895073771476746,9.659675015427638e-06]"
ISIC_0026238,nv,nv,True,0.964939534664154,0.15552929043769836,"[3.7731217162217945e-05,3.6994686524849385e-05,0.03446594253182411,0.00040660949889570475,9.33109549805522e-05,0.964939534664154,1.9811859601759352e-05]"
ISIC_0031894,nv,nv,True,0.7747330665588379,0.6125055551528931,"[0.0006642957450821996,0.0006627647671848536,0.0052030873484909534,0.00848330371081829,0.2086629867553711,0.7747330665588379,0.0015905102482065558]"
ISIC_0033555,nv,nv,True,0.6367433071136475,0.7758631110191345,"[0.018973520025610924,0.0004166152502875775,0.0076798684895038605,0.0008134535164572299,0.3353336751461029,0.6367433071136475,3.948033190681599e-05]"
ISIC_0033963,nv,nv,True,0.6284828186035156,0.737736165523529,"[0.004965055268257856,0.00031591765582561493,0.009043051861226559,0.0007440143381245434,0.35629624128341675,0.6284828186035156,0.0001528366410639137]"
ISIC_0033793,nv,nv,True,0.6179285645484924,0.9729520082473755,"[0.005881550256162882,0.0010855232831090689,0.16560201346874237,0.0011914047645404935,0.20750313997268677,0.6179285645484924,0.0008078140672296286]"
ISIC_0028806,nv,nv,True,0.9801499247550964,0.10610105097293854,"[2.074643452942837e-05,3.6325218388810754e-05,0.0009601896745152771,0.000912720977794379,0.017799580469727516,0.9801499247550964,0.00012048279313603416]"
ISIC_0026965,nv,nv,True,0.9942213892936707,0.03915957361459732,"[1.017916565615451e-05,5.729503391194157e-05,0.00030215474544093013,0.0004967101849615574,0.004839340690523386,0.9942213892936707,7.297161209862679e-05]"
ISIC_0024766,nv,nv,True,0.9708614349365234,0.1525992602109909,"[0.00033260390046052635,0.00026308675296604633,0.00632782606408,0.00043790790368802845,0.021736636757850647,0.9708614349365234,4.051280484418385e-05]"
ISIC_0032822,nv,nv,True,0.5757066011428833,0.7326445579528809,"[0.0008495256770402193,0.0002289795083925128,0.007823350839316845,0.00032094703055918217,0.41492122411727905,0.5757066011428833,0.00014934530190657824]"
ISIC_0033283,nv,nv,True,0.6443610787391663,0.9054878354072571,"[0.0038535899948328733,0.000587550166528672,0.11294451355934143,0.0008099293918348849,0.23703332245349884,0.6443610787391663,0.0004099653451703489]"
ISIC_0033359,nv,nv,True,0.6368106007575989,0.6809478402137756,"[0.00024186939117498696,5.066095127403969e-06,0.004257554654031992,2.7986723580397666e-05,0.35863932967185974,0.6368106007575989,1.7540638509672135e-05]"
ISIC_0026761,nv,nv,True,0.8037341833114624,0.5056720972061157,"[0.00021927054331172258,7.972109597176313e-05,0.0010390508687123656,0.00011291365808574483,0.19474264979362488,0.8037341833114624,7.230368646560237e-05]"
ISIC_0032322,nv,nv,True,0.7457180619239807,0.6721065640449524,"[0.0015130313113331795,3.421042492846027e-05,0.029650628566741943,0.0004943410749547184,0.22252093255519867,0.7457180619239807,6.86888670315966e-05]"
ISIC_0030662,nv,nv,True,0.9906304478645325,0.06534907221794128,"[6.288577424129471e-05,0.0014793163863942027,0.003411827376112342,0.0007555388147011399,0.003567745676264167,0.9906304478645325,9.220683568855748e-05]"
ISIC_0027933,nv,nv,True,0.8040760159492493,0.6998891234397888,"[0.0013734933454543352,0.0003507299697957933,0.10923106968402863,0.006484339013695717,0.06338001042604446,0.8040760159492493,0.015104277990758419]"
ISIC_0028513,nv,nv,True,0.8765130043029785,0.49305465817451477,"[0.0003523854538798332,0.00017201039008796215,0.056944262236356735,0.0019970310386270285,0.057222314178943634,0.8765130043029785,0.006799111608415842]"
ISIC_0031532,nv,nv,True,0.9754787683486938,0.12792108952999115,"[2.0701459106930997e-06,2.147018221876351e-06,0.004063805099576712,3.165121961501427e-05,0.02014094777405262,0.9754787683486938,0.0002807097916956991]"
ISIC_0028313,nv,nv,True,0.8464809060096741,0.43429574370384216,"[4.1892690205713734e-05,0.0004600173851940781,4.927755435346626e-05,0.00010668036702554673,0.15278106927871704,0.8464809060096741,8.014166087377816e-05]"
ISIC_0030897,nv,nv,True,0.9145834445953369,0.29789867997169495,"[1.8594148059492e-05,1.6137599232024513e-05,0.0008699282188899815,3.8717327697668225e-05,0.08440212160348892,0.9145834445953369,7.10248714312911e-05]"
ISIC_0026580,nv,nv,True,0.7293883562088013,0.8581603169441223,"[0.018958916887640953,0.19210883975028992,0.015693441033363342,0.019954387098550797,0.02313677780330181,0.7293883562088013,0.0007592322654090822]"
ISIC_0030919,nv,nv,True,0.727187991142273,0.814268171787262,"[0.024827633053064346,0.0025582422968000174,0.20801840722560883,0.010698710568249226,0.02589050866663456,0.727187991142273,0.0008184860344044864]"
ISIC_0027424,nv,nv,True,0.9154573082923889,0.37807971239089966,"[0.011677512899041176,0.01944790594279766,0.001686957199126482,0.0008075361256487668,0.05085993930697441,0.9154573082923889,6.279909575823694e-05]"
ISIC_0029629,nv,nv,True,0.9511400461196899,0.23678122460842133,"[0.00041908028651960194,0.0002640211605466902,0.01970502734184265,0.0005840708035975695,0.027475714683532715,0.9511400461196899,0.00041208561742678285]"
ISIC_0032202,nv,nv,True,0.7922300696372986,0.5465506315231323,"[0.0005009445594623685,0.0010451579000800848,0.005219252314418554,6.242532981559634e-05,0.2008800059556961,0.7922300696372986,6.212037260411307e-05]"
ISIC_0030441,nv,nv,True,0.974432647228241,0.13898205757141113,"[0.000343799329129979,0.00022222896222956479,0.015512397512793541,3.3009691833285615e-05,0.00944420974701643,0.974432647228241,1.1787155017373152e-05]"
ISIC_0028089,nv,nv,True,0.9822140336036682,0.09195424616336823,"[0.0001297341223107651,1.9146298654959537e-05,0.00033189167152158916,1.0808181286847685e-05,0.017293719574809074,0.9822140336036682,5.744812483499118e-07]"
ISIC_0029203,nv,nv,True,0.7837918996810913,0.6281771063804626,"[0.0005480951513163745,2.1446361643029377e-05,0.18646571040153503,0.005622366908937693,0.023079490289092064,0.7837918996810913,0.00047091415035538375]"
ISIC_0028166,nv,bkl,False,0.4889923632144928,1.1040523052215576,"[0.008868066594004631,0.0031200055964291096,0.4889923632144928,0.08352424949407578,0.02630160003900528,0.38481661677360535,0.004377147648483515]"
ISIC_0026406,nv,nv,True,0.6697416305541992,0.7566929459571838,"[0.0015172600978985429,0.0001552903704578057,0.30269044637680054,0.014611260034143925,0.01046767644584179,0.6697416305541992,0.000816495215985924]"
ISIC_0027422,nv,nv,True,0.9679858684539795,0.151412233710289,"[1.5799159882590175e-05,5.8434128732187673e-05,0.0009894903050735593,0.000738760456442833,0.029997719451785088,0.9679858684539795,0.0002140209689969197]"
ISIC_0026061,nv,nv,True,0.981968104839325,0.10915934294462204,"[0.00015254963363986462,0.000949977315030992,0.005203614942729473,0.0009263345273211598,0.010691705159842968,0.981968104839325,0.0001078194982255809]"
ISIC_0024541,nv,nv,True,0.9634917378425598,0.15729433298110962,"[2.4708301680220757e-06,2.8323695460130693e-06,2.237547050754074e-05,4.060513310832903e-05,0.03643478453159332,0.9634917378425598,5.093687377666356e-06]"
ISIC_0030292,nv,nv,True,0.9848275184631348,0.09058728069067001,"[1.9686631276272237e-05,2.2950467609916814e-05,0.00453230831772089,0.0002772906154859811,0.010080002248287201,0.9848275184631348,0.0002402718091616407]"
ISIC_0025090,nv,nv,True,0.6234006881713867,0.6714380383491516,"[0.0003567072853911668,1.4715713405166753e-05,0.000735919747967273,5.077809692011215e-05,0.3754197955131531,0.6234006881713867,2.146138285752386e-05]"
ISIC_0025437,nv,nv,True,0.9438879489898682,0.25368404388427734,"[0.0003351799678057432,0.0005491571500897408,0.004501751158386469,0.0035995913203805685,0.046381875872612,0.9438879489898682,0.0007443728391081095]"
ISIC_0024509,nv,nv,True,0.9818655848503113,0.11027202755212784,"[4.9349360779160634e-05,0.00865876954048872,0.006138883996754885,1.4471166650764644e-05,0.0031457936856895685,0.9818655848503113,0.00012698191858362406]"
ISIC_0028501,nv,nv,True,0.957686185836792,0.17994986474514008,"[3.5014985769521445e-05,6.430354551412165e-05,0.0006519140442833304,4.100144360563718e-05,0.04148909077048302,0.957686185836792,3.253090471844189e-05]"
ISIC_0031767,nv,nv,True,0.9985182881355286,0.01262638159096241,"[1.9216777218389325e-05,4.1252951632486656e-05,0.0006751542678102851,5.251123366178945e-05,0.0006885597831569612,0.9985182881355286,4.97723021908314e-06]"
ISIC_0030259,nv,nv,True,0.9544036984443665,0.1894713193178177,"[1.548487489344552e-05,1.6131383745232597e-05,0.00014050138997845352,0.00043209080467931926,0.04493233934044838,0.9544036984443665,5.969395351712592e-05]"
ISIC_0026387,nv,nv,True,0.9664612412452698,0.16304029524326324,"[2.4753956040513003e-06,4.366452230897266e-06,0.0007085205870680511,0.000627388886641711,0.029359988868236542,0.9664612412452698,0.0028359924908727407]"
ISIC_0030012,nv,nv,True,0.9550185799598694,0.22806669771671295,"[0.001923106494359672,0.004144095350056887,0.009135029278695583,0.00018186606757808477,0.029491007328033447,0.9550185799598694,0.0001063843592419289]"
ISIC_0033798,nv,nv,True,0.9339684844017029,0.31831249594688416,"[0.0008325041271746159,0.0012177893659099936,0.008396603167057037,0.0168471597135067,0.037473179399967194,0.9339684844017029,0.001264228019863367]"
ISIC_0033014,nv,nv,True,0.6095553636550903,0.9463439583778381,"[0.0018757290672510862,0.0017444295808672905,0.11938125640153885,0.0010237988317385316,0.265052855014801,0.6095553636550903,0.0013665265869349241]"
ISIC_0032516,nv,nv,True,0.8533796668052673,0.5262829065322876,"[0.0029669625218957663,0.009573865681886673,0.009391608648002148,0.005504423752427101,0.11868704855442047,0.8533796668052673,0.000496326363645494]"
ISIC_0027932,nv,mel,False,0.5319713950157166,0.7329622507095337,"[0.0009707919089123607,0.0002675041032489389,0.005409220699220896,0.000146331251016818,0.5319713950157166,0.4610264301300049,0.00020832268637605011]"
ISIC_0029749,nv,nv,True,0.6010356545448303,1.02048659324646,"[0.021230580285191536,0.0036720463540405035,0.27546030282974243,0.005301703233271837,0.0917498767375946,0.6010356545448303,0.0015498835127800703]"
ISIC_0031974,nv,nv,True,0.9702392220497131,0.1504342257976532,"[9.954362758435309e-05,0.0004867466341238469,0.003351443912833929,0.0003015717084053904,0.0252879336476326,0.9702392220497131,0.00023364783555734903]"
ISIC_0025502,nv,nv,True,0.9866973757743835,0.07757484167814255,"[4.999609154765494e-05,9.688113641459495e-05,0.000911806826479733,0.0004779501468874514,0.011647487990558147,0.9866973757743835,0.00011847188579849899]"
ISIC_0028169,nv,nv,True,0.9847004413604736,0.08256374299526215,"[3.2557742088101804e-05,8.194148904294707e-06,0.0006381758721545339,6.952125841053203e-05,0.014547164551913738,0.9847004413604736,3.9495021155744325e-06]"
ISIC_0025206,nv,nv,True,0.634134829044342,0.8024313449859619,"[0.00015051387890707701,0.00017392824520356953,0.3270445466041565,0.0067756641656160355,0.0003511834074743092,0.634134829044342,0.03136938437819481]"
ISIC_0027441,nv,nv,True,0.9652557373046875,0.16612520813941956,"[6.710903835482895e-05,7.094916509231552e-05,0.03037341684103012,0.0002596695558167994,0.0038827660027891397,0.9652557373046875,9.026977932080626e-05]"
ISIC_0029957,nv,nv,True,0.9752732515335083,0.12165956944227219,"[3.874731919495389e-05,0.0002183455362683162,0.0007090430590324104,0.00010700447455747053,0.023609431460499763,0.9752732515335083,4.422833808348514e-05]"
ISIC_0030733,nv,nv,True,0.699351966381073,0.7701995372772217,"[0.0021728642750531435,0.0016937985783442855,0.04683038592338562,0.000412678811699152,0.2491326630115509,0.699351966381073,0.0004056493635289371]"
ISIC_0028402,nv,nv,True,0.9540299773216248,0.19960317015647888,"[4.064526001457125e-05,0.00013630079047288746,5.459318344946951e-05,0.002966834232211113,0.042709726840257645,0.9540299773216248,6.20140417595394e-05]"
ISIC_0029169,nv,nv,True,0.8276285529136658,0.6233142614364624,"[0.0030440364498645067,0.0025144251994788647,0.12115572392940521,0.026098988950252533,0.01766376569867134,0.8276285529136658,0.0018944126786664128]"
ISIC_0025673,nv,nv,True,0.9816961288452148,0.11054135859012604,"[0.0001757655991241336,0.01021545473486185,0.00407667038962245,2.003294684982393e-05,0.0037887694779783487,0.9816961288452148,2.726659113250207e-05]"
ISIC_0024645,nv,nv,True,0.9676891565322876,0.1431673914194107,"[8.176338042176212e-07,1.3120293260726612e-06,3.3804713893914595e-05,4.0702784644963685e-06,0.03225316107273102,0.9676891565322876,1.7799466149881482e-05]"
ISIC_0028177,nv,nv,True,0.991827130317688,0.05853526294231415,"[0.0001324299373663962,0.0013329897774383426,0.004020427819341421,0.0012553846463561058,0.0012959162704646587,0.991827130317688,0.00013565449626185]"
ISIC_0031613,nv,nv,True,0.7613778114318848,0.8385695815086365,"[0.010729091241955757,0.002802983159199357,0.031234949827194214,0.062387753278017044,0.12750759720802307,0.7613778114318848,0.00395984435454011]"
ISIC_0028536,nv,nv,True,0.9805121421813965,0.09648275375366211,"[2.6793358642862586e-07,4.471374950298923e-07,6.7023538576904684e-06,4.1010716813616455e-05,0.019430028274655342,0.9805121421813965,9.401758688909467e-06]"
ISIC_0029024,nv,nv,True,0.9887768626213074,0.0763992890715599,"[1.8750099116005003e-05,0.0013250975171104074,0.005442680325359106,0.0002992931695189327,0.0025664472486823797,0.9887768626213074,0.001570838037878275]"
ISIC_0024451,nv,nv,True,0.9710321426391602,0.1447785347700119,"[5.190355295781046e-06,3.4532181416579988e-06,0.0023709891829639673,0.0003414673847146332,0.025461921468377113,0.9710321426391602,0.0007847326342016459]"
ISIC_0024842,nv,nv,True,0.7983776330947876,0.6678878664970398,"[0.0007884250953793526,0.005846134852617979,0.004584723152220249,0.006415434647351503,0.1527150571346283,0.7983776330947876,0.031272586435079575]"
ISIC_0028803,nv,nv,True,0.8758550882339478,0.41457098722457886,"[0.00016730313654989004,0.0013867240631952882,0.0012120360042899847,0.0004211214545648545,0.11590896546840668,0.8758550882339478,0.005048801656812429]"
ISIC_0031828,nv,nv,True,0.9860084652900696,0.08010043948888779,"[4.205809091217816e-05,6.223811396921519e-06,0.011845661327242851,3.6381657992023975e-05,0.0020544780418276787,0.9860084652900696,6.670746643067105e-06]"
ISIC_0025191,nv,nv,True,0.9909018874168396,0.055935945361852646,"[5.628387225442566e-05,0.00020617374684661627,0.0007664329023100436,2.0296871298342012e-05,0.008043059147894382,0.9909018874168396,5.814901214762358e-06]"
ISIC_0031859,nv,nv,True,0.9559674859046936,0.19891345500946045,"[4.9448717618361115e-05,2.243355083919596e-05,0.006056746933609247,1.4970725715102162e-05,0.03788667917251587,0.9559674859046936,2.3045570287649753e-06]"
ISIC_0029975,nv,nv,True,0.7668592929840088,0.5663654804229736,"[0.0007046148530207574,0.0007555045885965228,0.001150333322584629,0.0003499052836559713,0.2296784222126007,0.7668592929840088,0.0005018633091822267]"
ISIC_0031042,nv,nv,True,0.6578748226165771,0.6868429780006409,"[0.0015424435259774327,0.0020846473053097725,0.0019549410790205,0.000953363545704633,0.3351640999317169,0.6578748226165771,0.0004257277469150722]"
ISIC_0026181,nv,nv,True,0.9921835064888,0.0539410375058651,"[1.2963713743374683e-05,9.206784852722194e-06,0.0039515686221420765,0.0013336378615349531,0.0024741929955780506,0.9921835064888,3.4856060665333644e-05]"
ISIC_0032262,nv,nv,True,0.9584113955497742,0.20352387428283691,"[9.703517571324483e-05,8.026067371247336e-05,0.015623502433300018,0.0002595404221210629,0.0254718866199255,0.9584113955497742,5.638832226395607e-05]"
ISIC_0028428,nv,nv,True,0.7963529229164124,0.5809769630432129,"[0.00039228639798238873,0.0001196833691210486,0.015816742554306984,0.0005133264348842204,0.18445836007595062,0.7963529229164124,0.002346646972000599]"
ISIC_0027119,nv,nv,True,0.9917967319488525,0.05103973671793938,"[2.6158222681260668e-05,1.3814822068525245e-06,0.0006494193221442401,0.00019305117893964052,0.007317312527447939,0.9917967319488525,1.5846651876927353e-05]"
ISIC_0027519,nv,nv,True,0.8898507356643677,0.38014739751815796,"[0.0003753318451344967,0.0001407301751896739,0.005451929289847612,0.0007773968391120434,0.10284450650215149,0.8898507356643677,0.0005592425586655736]"
ISIC_0024753,nv,nv,True,0.9246556162834167,0.286617636680603,"[0.00013851156109012663,0.00014030207239557058,0.0022324826568365097,0.000787729281000793,0.07155411690473557,0.9246556162834167,0.0004912700969725847]"
ISIC_0029284,nv,nv,True,0.9759215712547302,0.13245925307273865,"[2.991380461025983e-05,0.0001551329914946109,0.0013816506834700704,0.018336405977606773,0.0035838126204907894,0.9759215712547302,0.000591545132920146]"
ISIC_0027497,nv,nv,True,0.7420868873596191,0.5987392663955688,"[0.0004986655549146235,0.0007466225069947541,0.0008269593236036599,0.0014959211694076657,0.253716379404068,0.7420868873596191,0.0006285034469328821]"
ISIC_0028255,nv,nv,True,0.6668228507041931,0.7337788939476013,"[0.009754572995007038,0.00015837649698369205,0.010778901167213917,0.0005427772412076592,0.3118666410446167,0.6668228507041931,7.591093162773177e-05]"
ISIC_0030102,nv,nv,True,0.9622635841369629,0.18147842586040497,"[1.1089129657193553e-05,0.00035211886279284954,0.0006476626731455326,0.00016723712906241417,0.03168044984340668,0.9622635841369629,0.004877730272710323]"
ISIC_0024785,nv,nv,True,0.9576797485351562,0.19595900177955627,"[6.969613605178893e-05,0.0019623765256255865,0.00013794953702017665,0.001338789938017726,0.03757917881011963,0.9576797485351562,0.0012323036789894104]"
ISIC_0031733,nv,nv,True,0.9863807559013367,0.0873507410287857,"[4.2357321945019066e-05,0.002414711518213153,0.00102247076574713,9.20590537134558e-05,0.008244742639362812,0.9863807559013367,0.0018028577324002981]"
ISIC_0027240,nv,nv,True,0.4716531038284302,1.3193258047103882,"[0.0009730773163028061,0.17765846848487854,0.011619634926319122,0.0035191827919334173,0.11183666437864304,0.4716531038284302,0.22273984551429749]"
ISIC_0028485,nv,nv,True,0.9852384924888611,0.0881904810667038,"[0.0005184219335205853,0.00026765212533064187,0.002136408584192395,0.0002755879540927708,0.011489300057291985,0.9852384924888611,7.414845458697528e-05]"
ISIC_0027662,nv,nv,True,0.8490921854972839,0.5395984649658203,"[3.499426748021506e-05,0.0014966949820518494,0.009665546007454395,0.0007292114314623177,0.025490231812000275,0.8490921854972839,0.11349108070135117]"
ISIC_0025480,nv,nv,True,0.9857924580574036,0.09303499758243561,"[0.00023906816204544157,0.0003095734864473343,0.0035140863619744778,0.0012291016755625606,0.007274623494595289,0.9857924580574036,0.0016411159886047244]"
ISIC_0030291,nv,nv,True,0.801271378993988,0.684377908706665,"[0.0033129225485026836,0.0011430846061557531,0.08710216730833054,0.003444128669798374,0.10088366270065308,0.801271378993988,0.002842619316652417]"
ISIC_0025902,nv,nv,True,0.7212634682655334,0.6039372682571411,"[0.0002903470885939896,0.00020465097622945905,0.00029351896955631673,0.000588930444791913,0.2771521806716919,0.7212634682655334,0.00020687583310063928]"
ISIC_0030704,nv,nv,True,0.7169885039329529,0.6336340308189392,"[0.0011441386304795742,0.0003249030269216746,0.002996328752487898,0.0013248187024146318,0.27684059739112854,0.7169885039329529,0.0003807041794061661]"
ISIC_0034319,nv,nv,True,0.8231858611106873,0.5258910655975342,"[0.00044540653470903635,0.00027178748860023916,0.012588996440172195,0.0010091011645272374,0.16210903227329254,0.8231858611106873,0.0003898105933330953]"
ISIC_0033748,nv,nv,True,0.8808577060699463,0.3983669579029083,"[0.0002746147511061281,6.991341797402129e-05,0.006245882716029882,0.000854895100928843,0.11154986172914505,0.8808577060699463,0.00014712770644109696]"
ISIC_0034044,nv,nv,True,0.6879940032958984,0.7946068048477173,"[0.0029866450931876898,0.0013200938701629639,0.05340110883116722,0.0004825577198062092,0.2534073293209076,0.6879940032958984,0.00040823392919264734]"
ISIC_0027749,nv,nv,True,0.9937899708747864,0.04331839084625244,"[7.844501510589907e-07,4.458599505596794e-06,0.002327331341803074,8.738939504837617e-05,0.0035082183312624693,0.9937899708747864,0.00028181783272884786]"
ISIC_0027207,nv,nv,True,0.9832432866096497,0.08962465077638626,"[2.1938785721431486e-05,0.0002952418872155249,0.00039983727037906647,7.880233169998974e-05,0.01588892564177513,0.9832432866096497,7.202573760878295e-05]"
ISIC_0024649,nv,nv,True,0.9883663058280945,0.08042234182357788,"[2.2410080418922007e-05,0.0029198320116847754,0.001763292239047587,0.000394259492168203,0.003819761797785759,0.9883663058280945,0.00271409354172647]"
ISIC_0030718,nv,nv,True,0.9987088441848755,0.01152990385890007,"[1.3672187151314574e-06,8.705336222192273e-05,0.00047568342415615916,0.00011401805386412889,0.0005520297563634813,0.9987088441848755,6.093943738960661e-05]"
ISIC_0026896,nv,nv,True,0.9777096509933472,0.1227949783205986,"[9.461864101467654e-05,4.8673646233510226e-05,0.0078695397824049,6.0198421124368906e-05,0.014187633991241455,0.9777096509933472,2.974676863232162e-05]"
ISIC_0024671,nv,nv,True,0.9956172704696655,0.02913353405892849,"[1.4593898640669067e-06,2.758591108431574e-06,4.548136712401174e-05,0.00013341952580958605,0.004188579972833395,0.9956172704696655,1.1065503713325597e-05]"
ISIC_0025653,nv,nv,True,0.8556885719299316,0.4791214168071747,"[0.0013387748040258884,0.0008580202120356262,0.015066863037645817,0.0005222860490903258,0.12622371315956116,0.8556885719299316,0.00030176417203620076]"
ISIC_0027265,nv,nv,True,0.6867815852165222,0.8811048269271851,"[0.008206978440284729,0.002522666472941637,0.20606888830661774,0.0031152404844760895,0.09267706423997879,0.6867815852165222,0.0006274929037317634]"
ISIC_0030656,nv,nv,True,0.9669732451438904,0.16212451457977295,"[0.00014023028779774904,0.00018139359599445015,0.004067802801728249,0.0002372954331804067,0.028171947225928307,0.9669732451438904,0.00022803359024692327]"
ISIC_0029775,nv,nv,True,0.6203879714012146,0.7590405344963074,"[0.0009817768586799502,0.00034884377964772284,0.017640160396695137,9.202869114233181e-05,0.3583516478538513,0.6203879714012146,0.0021976041607558727]"
ISIC_0030386,nv,nv,True,0.9429082870483398,0.23108769953250885,"[0.0001585335994604975,1.8901653220382286e-06,0.0025730531197041273,7.349289080593735e-05,0.054280418902635574,0.9429082870483398,4.277403604646679e-06]"
ISIC_0026900,nv,nv,True,0.996933102607727,0.02243417128920555,"[1.1963839824602474e-05,9.964111814042553e-05,0.00030763683025725186,1.5742331015644595e-05,0.002629163907840848,0.996933102607727,2.8485283110057935e-06]"
ISIC_0031744,nv,nv,True,0.9468289613723755,0.21222367882728577,"[1.540647463116329e-05,0.00027510951622389257,0.0002646840875968337,5.776202669949271e-05,0.05249403417110443,0.9468289613723755,6.4118328737095e-05]"
ISIC_0024703,nv,nv,True,0.9720573425292969,0.13597089052200317,"[9.441753718419932e-06,1.4392683624464553e-05,0.0014899171655997634,0.00019038727623410523,0.02601204439997673,0.9720573425292969,0.00022646445722784847]"
ISIC_0030530,nv,nv,True,0.9843693971633911,0.08599384874105453,"[1.42947264976101e-05,3.756752994377166e-05,0.0008772985311225057,0.00022498297039419413,0.0143823167309165,0.9843693971633911,9.414189116796479e-05]"
ISIC_0027676,nv,nv,True,0.8868440985679626,0.5036419034004211,"[0.006109718699008226,0.033698804676532745,0.04760138690471649,0.0018919979920610785,0.02226821891963482,0.8868440985679626,0.0015857942635193467]"
ISIC_0029410,nv,nv,True,0.8634049892425537,0.4615768492221832,"[0.00022234010975807905,0.00028210828895680606,0.00456387409940362,0.00918076653033495,0.12132690846920013,0.8634049892425537,0.0010189504828304052]"
ISIC_0029910,nv,nv,True,0.9669585227966309,0.1675935834646225,"[9.706694072519895e-06,9.53873313846998e-06,0.025001060217618942,0.000172700485563837,0.0067837354727089405,0.9669585227966309,0.0010646985610947013]"
ISIC_0028462,nv,nv,True,0.9526169896125793,0.19931361079216003,"[2.267642594233621e-05,5.624048208119348e-05,0.04567379131913185,9.427647455595434e-05,0.001385265146382153,0.9526169896125793,0.0001508174027549103]"
ISIC_0032153,nv,nv,True,0.945955216884613,0.27473098039627075,"[0.0009584680665284395,0.005875252652913332,0.015401899814605713,0.002748214639723301,0.028682008385658264,0.945955216884613,0.0003789351030718535]"
ISIC_0027078,nv,nv,True,0.9496652483940125,0.2002062350511551,"[6.238901733013336e-06,2.8534698230942013e-06,3.93917944165878e-05,1.2920279914396815e-05,0.050253819674253464,0.9496652483940125,1.9491950297378935e-05]"
ISIC_0024456,nv,nv,True,0.9740351438522339,0.13378337025642395,"[0.00020695579587481916,5.750984200858511e-05,0.0031339239794760942,0.0003536961448844522,0.022155970335006714,0.9740351438522339,5.683815834345296e-05]"
ISIC_0027782,nv,nv,True,0.9736130237579346,0.13789968192577362,"[0.00015305020497180521,1.7224832845386118e-05,0.006094669923186302,7.813148840796202e-05,0.020026853308081627,0.9736130237579346,1.713581514195539e-05]"
ISIC_0034193,nv,nv,True,0.8561096787452698,0.4558899998664856,"[0.0004847222880925983,0.0003806950116995722,0.006028885953128338,0.00221906672231853,0.13454551994800568,0.8561096787452698,0.00023145113664213568]"
ISIC_0030814,nv,nv,True,0.9741451144218445,0.14154189825057983,"[3.131678022327833e-05,6.03453881922178e-05,0.008479713462293148,0.0002779352944344282,0.016245810315012932,0.9741451144218445,0.0007597592775709927]"
ISIC_0030985,nv,nv,True,0.9649338722229004,0.18408343195915222,"[0.00030784084810875356,0.00012661117943935096,0.008352996781468391,0.0022297301329672337,0.023455563932657242,0.9649338722229004,0.0005934149376116693]"
ISIC_0027868,nv,nv,True,0.9484052062034607,0.26863688230514526,"[0.002415168099105358,0.0035407403483986855,0.020574815571308136,0.003193286247551441,0.02146989293396473,0.9484052062034607,0.0004009139956906438]"
ISIC_0033896,nv,nv,True,0.7185669541358948,0.7162126302719116,"[0.0025350365322083235,0.00036183290649205446,0.03175757825374603,0.0007070795400068164,0.24595585465431213,0.7185669541358948,0.00011568488116608933]"
ISIC_0030152,nv,nv,True,0.9864084720611572,0.07394823431968689,"[7.595122042403091e-06,1.0339135769754648e-06,0.0131571926176548,1.2116730431444012e-05,0.00041271306690759957,0.9864084720611572,8.108148108476598e-07]"
ISIC_0030823,nv,nv,True,0.9942528605461121,0.03736352548003197,"[4.9122409109259024e-06,1.15673119580606e-05,0.0005099356640130281,1.5972422261256725e-05,0.005200809799134731,0.9942528605461121,3.8765010685892776e-06]"
ISIC_0025910,nv,nv,True,0.716106653213501,0.9023670554161072,"[0.004004776943475008,0.005392946768552065,0.17726293206214905,0.027881285175681114,0.06292632967233658,0.716106653213501,0.006424987222999334]"
ISIC_0028054,nv,nv,True,0.9790586829185486,0.1190415769815445,"[1.153786161012249e-05,0.00010374821431469172,0.01418372243642807,0.005552534479647875,0.00026599792181514204,0.9790586829185486,0.0008237941074185073]"
ISIC_0024674,nv,nv,True,0.6935607194900513,0.6864217519760132,"[0.0007576104835607111,7.6903379522264e-05,0.010047766380012035,0.002679354278370738,0.2922115623950958,0.6935607194900513,0.0006660503568127751]"
ISIC_0031466,nv,nv,True,0.8939337134361267,0.3832465708255768,"[0.0007187827141024172,0.00013277720427140594,0.012044310569763184,0.00014484437997452915,0.09286260604858398,0.8939337134361267,0.0001629187900107354]"
ISIC_0031048,nv,nv,True,0.9696688055992126,0.13853688538074493,"[2.5380727493029553e-06,1.6520712961209938e-05,0.00026056761271320283,1.0873760402319022e-05,0.029902299866080284,0.9696688055992126,0.00013836371363140643]"
ISIC_0026579,nv,nv,True,0.9890680909156799,0.06676679104566574,"[2.5229615857824683e-05,2.9606602765852585e-05,0.0023222893942147493,7.275285315699875e-05,0.008471257984638214,0.9890680909156799,1.0810653293447103e-05]"
ISIC_0025486,nv,nv,True,0.9592997431755066,0.2000613510608673,"[0.00026433993480168283,0.0002640350430738181,0.010559484362602234,0.0006004123133607209,0.02891731821000576,0.9592997431755066,9.469234646530822e-05]"
ISIC_0024608,nv,nv,True,0.5557228922843933,0.6891991496086121,"[1.4555619600287173e-05,1.7283091438002884e-06,0.00014364731032401323,3.489032314973883e-05,0.44404101371765137,0.5557228922843933,4.123649705434218e-05]"
ISIC_0030841,nv,nv,True,0.6214839220046997,0.66544109582901,"[1.4271489817474503e-05,1.2841290981668863e-06,0.00012867955956608057,3.3958251151489094e-05,0.3782959580421448,0.6214839220046997,4.197269299766049e-05]"
ISIC_0029285,nv,nv,True,0.8135343194007874,0.48194652795791626,"[1.061832608684199e-05,3.2141947485797573e-06,1.2851717656303663e-05,5.6732726079644635e-05,0.186374694108963,0.8135343194007874,7.572844424430514e-06]"
ISIC_0027227,nv,nv,True,0.9959659576416016,0.026761431246995926,"[1.536152609560304e-07,4.100016326447076e-08,6.172990833874792e-05,2.6235939003527164e-05,0.003944043535739183,0.9959659576416016,1.8896251958722132e-06]"
ISIC_0024888,nv,nv,True,0.6501388549804688,0.9499163627624512,"[0.0008895192295312881,0.006810635328292847,0.018982475623488426,0.00238005886785686,0.0758003294467926,0.6501388549804688,0.24499820172786713]"
ISIC_0031737,nv,nv,True,0.9069874286651611,0.3315051198005676,"[0.00031571584986522794,0.08908010274171829,0.000336526456521824,0.0013053861912339926,0.0008189936052076519,0.9069874286651611,0.0011559181148186326]"
ISIC_0028013,nv,nv,True,0.9772144556045532,0.13434137403964996,"[0.002008975250646472,0.0016216603107750416,0.0037341697607189417,0.0008681807667016983,0.0144957285374403,0.9772144556045532,5.678375964635052e-05]"
ISIC_0025863,nv,nv,True,0.9350743293762207,0.2484625279903412,"[4.110716690775007e-05,0.00012140395847382024,0.0009009676286950707,0.00017699362069834024,0.0635514035820961,0.9350743293762207,0.00013381015742197633]"
ISIC_0024387,nv,nv,True,0.8167078495025635,0.5291953086853027,"[0.0007794410339556634,0.0031790458597242832,0.005365051794797182,0.0006858956767246127,0.17282193899154663,0.8167078495025635,0.00046073636622168124]"
ISIC_0024309,nv,nv,True,0.9916059970855713,0.058314982801675797,"[1.4748874491488095e-05,4.520146467257291e-05,0.00040876856655813754,0.004098828881978989,0.0026963704731315374,0.9916059970855713,0.001130034914240241]"
ISIC_0028683,nv,nv,True,0.9723882675170898,0.14065831899642944,"[0.00010597890650387853,6.641658274020301e-06,0.0031443454790860415,0.0007137823849916458,0.023556046187877655,0.9723882675170898,8.490109030390158e-05]"
ISIC_0027587,nv,nv,True,0.989969789981842,0.06439072638750076,"[6.339709943858907e-05,6.747645966242999e-05,0.004538718145340681,0.00011415897461120039,0.0052348896861076355,0.989969789981842,1.1535289559105877e-05]"
ISIC_0032075,nv,vasc,False,0.6546468734741211,0.7218128442764282,"[5.301013516145758e-06,0.0012062842724844813,0.00040861923480406404,0.00011278589954599738,0.016108427196741104,0.3275117576122284,0.6546468734741211]"
ISIC_0024584,nv,nv,True,0.8453148603439331,0.45008593797683716,"[0.00010200079850619659,4.861688648816198e-05,0.0037102114874869585,3.0271232390077785e-05,0.15076759457588196,0.8453148603439331,2.6511333999224007e-05]"
ISIC_0027406,nv,mel,False,0.4994684159755707,0.971110999584198,"[0.007062049116939306,0.0024718027561903,0.06760094314813614,0.003314932342618704,0.4994684159755707,0.41871967911720276,0.0013621669495478272]"
ISIC_0030273,nv,mel,False,0.6136614084243774,0.8032525181770325,"[0.008181561715900898,0.00037759391125291586,0.023175081238150597,0.000705062469933182,0.6136614084243774,0.35374799370765686,0.00015127594815567136]"
ISIC_0030447,nv,nv,True,0.89692223072052,0.33967527747154236,"[0.00011259679740760475,0.0007786793285049498,0.0002078270772472024,2.4935410692705773e-05,0.10186778008937836,0.89692223072052,8.594757673563436e-05]"
ISIC_0026179,nv,nv,True,0.8687408566474915,0.3950531780719757,"[9.931687236530706e-05,0.00039796371129341424,0.00017555977683514357,4.2664196371333674e-05,0.1304117739200592,0.8687408566474915,0.0001317771675530821]"
ISIC_0030679,nv,nv,True,0.9442360401153564,0.24148499965667725,"[0.00012436746328603476,7.225981244118884e-05,0.04750080406665802,0.00040460930904373527,0.007616749964654446,0.9442360401153564,4.516128683462739e-05]"
ISIC_0030449,nv,nv,True,0.9624103307723999,0.1844564825296402,"[0.00018006617028731853,6.529766687890515e-05,0.027476659044623375,0.00015351400361396372,0.009671763516962528,0.9624103307723999,4.239892587065697e-05]"
ISIC_0030477,nv,nv,True,0.8957919478416443,0.3765827417373657,"[0.00021042389562353492,0.00015588998212479055,0.0032825146336108446,0.0029160783160477877,0.09506907314062119,0.8957919478416443,0.0025741199497133493]"
ISIC_0029942,nv,nv,True,0.9650436043739319,0.15720096230506897,"[2.5973371521104127e-05,4.692887523560785e-05,0.0007899124175310135,0.00013283897715155035,0.03390403836965561,0.9650436043739319,5.659537055180408e-05]"
ISIC_0024356,nv,nv,True,0.6968894600868225,0.8927285671234131,"[0.02205643430352211,0.006912555079907179,0.0768781304359436,0.000504471710883081,0.19655585289001465,0.6968894600868225,0.00020316403242759407]"
ISIC_0028307,nv,nv,True,0.7195874452590942,0.7505325078964233,"[0.00614243233576417,0.0024631256237626076,0.0372510701417923,0.0004658647521864623,0.23388975858688354,0.7195874452590942,0.00020025228150188923]"
ISIC_0034179,nv,nv,True,0.7608887553215027,0.7072998881340027,"[0.0007771766977384686,0.0007460927590727806,0.17611895501613617,0.0002253675484098494,0.05899139866232872,0.7608887553215027,0.002252245554700494]"
ISIC_0034206,nv,nv,True,0.868906557559967,0.5241645574569702,"[0.0010307597694918513,0.0037081101909279823,0.04599226266145706,0.004883331712335348,0.07279833406209946,0.868906557559967,0.002680631587281823]"
ISIC_0032980,nv,nv,True,0.6784721612930298,0.7691606283187866,"[0.0007508150301873684,0.0024080860894173384,0.28822529315948486,0.0018825115403160453,0.02203877829015255,0.6784721612930298,0.006222472060471773]"
ISIC_0032575,nv,nv,True,0.8439791202545166,0.4405832886695862,"[0.00014547034515999258,8.822398376651108e-05,0.0007084931130520999,9.665660763857886e-05,0.1549474596977234,0.8439791202545166,3.452898090472445e-05]"
ISIC_0032793,nv,nv,True,0.827720046043396,0.5054459571838379,"[0.0008664438501000404,0.000151272484799847,0.009739234112203121,0.0001678792614256963,0.1612871289253235,0.827720046043396,6.810418562963605e-05]"
ISIC_0024369,nv,nv,True,0.8423584699630737,0.44417804479599,"[0.00012715920456685126,0.00016254265210591257,0.0007565007545053959,0.00010473825386725366,0.1564391553401947,0.8423584699630737,5.1438000809866935e-05]"
ISIC_0032742,nv,nv,True,0.7361202239990234,0.7804795503616333,"[0.0026570498012006283,0.0008878359221853316,0.10709301382303238,0.0005463996203616261,0.1523175686597824,0.7361202239990234,0.0003779010148718953]"
ISIC_0032961,nv,nv,True,0.8854925036430359,0.36828017234802246,"[0.0001643169525777921,0.00029402319341897964,0.0008591597434133291,0.0005372972809709609,0.11256861686706543,0.8854925036430359,8.413364412263036e-05]"
ISIC_0034112,nv,nv,True,0.9020128846168518,0.3521893322467804,"[0.0005496770027093589,0.0008720412733964622,0.00472279405221343,0.0005737472092732787,0.09116142988204956,0.9020128846168518,0.00010740021389210597]"
ISIC_0026906,nv,nv,True,0.9732956886291504,0.15888039767742157,"[0.00019471584528218955,0.00035164441214874387,0.007060417905449867,0.004527341574430466,0.011823710054159164,0.9732956886291504,0.0027464954182505608]"
ISIC_0029873,nv,nv,True,0.9635947942733765,0.17612190544605255,"[0.00014855715562589467,9.534566743241157e-06,0.006377785000950098,0.00029513679328374565,0.02954910881817341,0.9635947942733765,2.5169971195282415e-05]"
ISIC_0026547,nv,nv,True,0.9903016090393066,0.059709250926971436,"[1.7812553778639995e-05,4.094283576705493e-05,0.001674516825005412,2.6974526917911135e-05,0.007928900420665741,0.9903016090393066,9.315179340774193e-06]"
ISIC_0028534,nv,nv,True,0.964019238948822,0.18458008766174316,"[0.00010721661237766966,0.004018332343548536,0.003995209466665983,0.000409276777645573,0.027035310864448547,0.964019238948822,0.00041545857675373554]"
ISIC_0030139,nv,nv,True,0.6835602521896362,0.7933220267295837,"[7.599485252285376e-05,0.004805339500308037,0.0016020095208659768,0.0004675214586313814,0.2635267674922943,0.6835602521896362,0.0459621362388134]"
ISIC_0032297,nv,nv,True,0.9926980137825012,0.04914906993508339,"[4.954118776367977e-05,0.0003074210253544152,0.0008836921188049018,0.00032354152062907815,0.0056456406600773335,0.9926980137825012,9.213337762048468e-05]"
ISIC_0025558,nv,nv,True,0.9832062125205994,0.10010338574647903,"[0.00013547090929932892,0.0005056342342868447,0.005224916618317366,0.00016952121222857386,0.010623503476381302,0.9832062125205994,0.0001348211953882128]"
ISIC_0029916,nv,nv,True,0.995653510093689,0.03164708614349365,"[2.6473224352230318e-05,0.00012277805944904685,0.0014848208520561457,2.6865100153372623e-05,0.0026740068569779396,0.995653510093689,1.1571848517633043e-05]"
ISIC_0029019,nv,nv,True,0.9963393211364746,0.025179531425237656,"[1.0002782801166177e-05,6.036976628820412e-06,0.00015963203622959554,3.2844058296177536e-05,0.0034477266017347574,0.9963393211364746,4.413933311298024e-06]"
ISIC_0026250,nv,nv,True,0.9915090799331665,0.05250261723995209,"[2.907390626205597e-05,2.8046282750437967e-05,0.0008463188423775136,5.3610154282068834e-05,0.0075190248899161816,0.9915090799331665,1.4858422218821943e-05]"
ISIC_0030790,nv,bkl,False,0.49239131808280945,0.8090305328369141,"[0.003178938291966915,0.00036363847902975976,0.49239131808280945,0.001130377408117056,0.019514424726366997,0.48303455114364624,0.0003867804480250925]"
ISIC_0030856,nv,nv,True,0.5718144178390503,0.7513939738273621,"[0.0015782738337293267,0.00026479968801140785,0.4158933162689209,0.0025355664547532797,0.007667800411581993,0.5718144178390503,0.000245759729295969]"
ISIC_0024689,nv,nv,True,0.9669501781463623,0.149270698428154,"[2.0766515262948815e-06,2.3361060812021606e-05,2.338163358217571e-05,0.00023548224999103695,0.0323389433324337,0.9669501781463623,0.00042652792762964964]"
ISIC_0025200,nv,nv,True,0.8941777944564819,0.3525765538215637,"[0.00038542604306712747,0.0007986198179423809,0.0005741500644944608,0.0005833879695273936,0.103425033390522,0.8941777944564819,5.564622551901266e-05]"
ISIC_0029437,nv,nv,True,0.9778128862380981,0.11493871361017227,"[0.00017495332576800138,2.542000584071502e-05,0.0018803579732775688,0.00013506136019714177,0.019965264946222305,0.9778128862380981,6.05841887590941e-06]"
ISIC_0027898,nv,nv,True,0.9648047685623169,0.18279646337032318,"[4.2159968870691955e-05,0.0018344857962802052,0.0023007546551525593,0.00011013844778062776,0.025830375030636787,0.9648047685623169,0.0050773099064826965]"
ISIC_0026726,nv,nv,True,0.824039876461029,0.6023698449134827,"[5.97264152020216e-05,0.002585499081760645,0.007673647254705429,0.0017034296179190278,0.03292844817042351,0.824039876461029,0.13100938498973846]"
ISIC_0030632,nv,nv,True,0.956902027130127,0.2000095695257187,"[1.9419701857259497e-05,1.8326720237382688e-05,0.034758955240249634,4.5957516704220325e-05,0.00813730526715517,0.956902027130127,0.00011796288163168356]"
ISIC_0025227,nv,nv,True,0.6447421312332153,0.6667965054512024,"[0.0009086733916774392,8.992674702312797e-05,0.000497724860906601,0.0005805617547594011,0.3530804216861725,0.6447421312332153,0.0001005079539027065]"
ISIC_0030268,nv,nv,True,0.6029333472251892,0.6898759603500366,"[0.0010577802313491702,7.918925257399678e-05,0.0008969789487309754,0.00033296391484327614,0.3945978581905365,0.6029333472251892,0.00010178405500482768]"
ISIC_0032912,nv,nv,True,0.8230165243148804,0.5572375655174255,"[0.001420768559910357,0.0005976635729894042,0.022656261920928955,0.0005913870991207659,0.15054306387901306,0.8230165243148804,0.0011743215145543218]"
ISIC_0030680,nv,nv,True,0.9771883487701416,0.1261903941631317,"[0.0002798154891934246,2.4416896849288605e-05,0.008959122933447361,8.541642455384135e-05,0.013456730172038078,0.9771883487701416,6.154846232675482e-06]"
ISIC_0025880,nv,nv,True,0.8945297002792358,0.3379603624343872,"[5.907167178520467e-06,1.6969853788850742e-07,0.00011718807218130678,2.6473167054064106e-06,0.1053435206413269,0.8945297002792358,8.176248798008601e-07]"
ISIC_0027087,nv,mel,False,0.48761802911758423,0.9757313132286072,"[0.004428295884281397,0.010136393830180168,0.02481761947274208,0.004336054902523756,0.48761802911758423,0.4480784237384796,0.020585212856531143]"
ISIC_0031654,nv,nv,True,0.49810510873794556,0.9351001381874084,"[0.0016690907068550587,2.6225296096527018e-05,0.08285169303417206,0.0005795520264655352,0.41659119725227356,0.49810510873794556,0.00017722843040246516]"
ISIC_0031446,nv,nv,True,0.929966151714325,0.27169787883758545,"[0.00026439191424287856,6.459649739554152e-05,0.06589286029338837,0.0036011086776852608,0.00015908606292214245,0.929966151714325,5.177156344871037e-05]"
ISIC_0029226,nv,nv,True,0.8970585465431213,0.33935707807540894,"[6.849315104773268e-05,2.4554813080612803e-06,0.0013049448607489467,2.5461415134486742e-05,0.10153762996196747,0.8970585465431213,2.4383202799072023e-06]"
ISIC_0027072,nv,nv,True,0.905967652797699,0.37513551115989685,"[0.00016846261860337108,0.07730795443058014,0.00715716602280736,0.0004993132315576077,0.002342737279832363,0.905967652797699,0.006556723732501268]"
ISIC_0030378,nv,nv,True,0.7774537801742554,0.7936965823173523,"[0.00048558058915659785,0.09120519459247589,0.00370656861923635,0.0028244322165846825,0.041759900748729706,0.7774537801742554,0.08256460726261139]"
ISIC_0028305,nv,nv,True,0.6231138110160828,0.9550605416297913,"[0.009749695658683777,0.00209172279573977,0.26381805539131165,0.001541217090561986,0.09739796817302704,0.6231138110160828,0.0022875238209962845]"
ISIC_0028358,nv,nv,True,0.6828768253326416,0.907336950302124,"[0.008183475583791733,0.0035370667465031147,0.1608414500951767,0.0012556379660964012,0.1421213448047638,0.6828768253326416,0.001184162450954318]"
ISIC_0028151,nv,nv,True,0.6557734608650208,0.7965232729911804,"[0.009398157708346844,0.0006444319151341915,0.022564634680747986,0.003527404274791479,0.30769723653793335,0.6557734608650208,0.00039468263275921345]"
ISIC_0028268,nv,nv,True,0.9768295884132385,0.11575396358966827,"[2.1505748009076342e-05,1.1821660336863715e-05,0.001323106698691845,2.6498830266064033e-05,0.021779276430606842,0.9768295884132385,8.14706800156273e-06]"
ISIC_0028708,nv,nv,True,0.9359021782875061,0.25440236926078796,"[0.0005811006994917989,1.2873299965576734e-05,0.0031752826180309057,2.2899183022673242e-05,0.060299720615148544,0.9359021782875061,6.010048309690319e-06]"
ISIC_0033381,nv,nv,True,0.6863647103309631,0.6765979528427124,"[0.0005854934570379555,0.00045322321238927543,0.009370261803269386,7.90883568697609e-05,0.30258244276046753,0.6863647103309631,0.0005648232181556523]"
ISIC_0029186,nv,nv,True,0.905802309513092,0.33536961674690247,"[0.00047493400052189827,6.912324897712097e-05,0.004430179018527269,0.00023745068756397814,0.0889662653207779,0.905802309513092,1.9794475520029664e-05]"
ISIC_0033558,nv,nv,True,0.949995219707489,0.21053460240364075,"[7.443850336130708e-05,9.162539208773524e-05,0.002638489007949829,4.327028727857396e-05,0.0471450611948967,0.949995219707489,1.1924377758987248e-05]"
ISIC_0033590,nv,nv,True,0.5326370000839233,1.1696445941925049,"[0.0380142442882061,0.021251121535897255,0.29160016775131226,0.0019044290529564023,0.11298778653144836,0.5326370000839233,0.0016052385326474905]"
ISIC_0033303,nv,nv,True,0.9829810857772827,0.08950208872556686,"[1.4262942386267241e-05,4.603572597261518e-05,0.0006397989927791059,8.023770533327479e-06,0.016301825642585754,0.9829810857772827,8.985057320387568e-06]"
ISIC_0024751,nv,nv,True,0.8601787090301514,0.4159245789051056,"[0.00041377657908014953,1.7269914678763598e-05,0.0014691458782181144,1.1505385373311583e-05,0.1379079520702362,0.8601787090301514,1.7145417814390385e-06]"
ISIC_0028605,nv,nv,True,0.9494720101356506,0.23721803724765778,"[0.00022394185361918062,6.219761417014524e-05,0.030813179910182953,0.00017377585754729807,0.019136788323521614,0.9494720101356506,0.00011805589019786566]"
ISIC_0032634,nv,nv,True,0.6581037640571594,0.8324982523918152,"[0.006505867466330528,0.0010774717666208744,0.04988100007176399,0.0011136289685964584,0.28298306465148926,0.6581037640571594,0.00033520584111101925]"
ISIC_0025375,nv,nv,True,0.9117178916931152,0.33272242546081543,"[4.578253356157802e-05,0.00039607443613931537,0.00012479924771469086,0.006503579672425985,0.07979787141084671,0.9117178916931152,0.001413930905982852]"
ISIC_0029748,nv,nv,True,0.9803909063339233,0.10372791439294815,"[9.953302651410922e-05,0.00029473257018253207,0.0004197887028567493,0.0005300831981003284,0.01816362515091896,0.9803909063339233,0.00010120809747604653]"
ISIC_0032969,nv,nv,True,0.767879843711853,0.7279401421546936,"[0.00163496274035424,0.0011565019376575947,0.11169072985649109,0.001294538495130837,0.11586610227823257,0.767879843711853,0.0004773158289026469]"
ISIC_0033894,nv,nv,True,0.8753225207328796,0.4722749590873718,"[0.000962375954259187,0.000818045751657337,0.06661961227655411,6.295734783634543e-05,0.056174203753471375,0.8753225207328796,4.021657150587998e-05]"
ISIC_0026658,nv,nv,True,0.7692027688026428,0.7305161952972412,"[0.003483082167804241,0.0002520123089198023,0.0887342020869255,0.003361037466675043,0.13460464775562286,0.7692027688026428,0.0003622646036092192]"
ISIC_0031782,nv,nv,True,0.9846460223197937,0.09155795723199844,"[0.00011724895739462227,0.0032725294586271048,0.0004479696217458695,0.0002558321284595877,0.011186261661350727,0.9846460223197937,7.405914220726117e-05]"
ISIC_0030405,nv,nv,True,0.925287663936615,0.28996288776397705,"[3.776447556447238e-05,9.535760909784585e-06,0.006769987288862467,0.0001013951696222648,0.06774298846721649,0.925287663936615,5.078587491880171e-05]"
ISIC_0030402,nv,nv,True,0.9339715838432312,0.2502957582473755,"[2.5248813471989706e-05,0.00017534544167574495,0.00048180189332924783,0.00031565065728500485,0.06492739915847778,0.9339715838432312,0.00010299427958671004]"
ISIC_0025240,nv,nv,True,0.7356812953948975,0.5866678357124329,"[0.0003543637285474688,2.3563685317640193e-05,0.0007706630858592689,8.798453927738592e-05,0.26306918263435364,0.7356812953948975,1.2928468095196877e-05]"
ISIC_0026933,nv,nv,True,0.9301699995994568,0.2619152069091797,"[7.327368803089485e-05,8.983870793599635e-05,0.0008789869607426226,0.00040417283889837563,0.06835439801216125,0.9301699995994568,2.9305796488188207e-05]"
ISIC_0027839,nv,mel,False,0.5658103227615356,0.9307329654693604,"[0.00505266897380352,0.012464725412428379,0.0031843106262385845,0.021340083330869675,0.5658103227615356,0.37838199734687805,0.013765805400907993]"
ISIC_0027640,nv,mel,False,0.4474416673183441,1.0503653287887573,"[0.015116114169359207,0.0013971488224342465,0.006865068804472685,0.0769311785697937,0.4474416673183441,0.44722679257392883,0.00502196466550231]"
ISIC_0025721,nv,nv,True,0.991097092628479,0.05567958205938339,"[8.09174707683269e-06,4.835209892917192e-06,0.001843647682107985,1.2601849448401481e-05,0.0070279436185956,0.991097092628479,5.716137820854783e-06]"
ISIC_0029846,nv,nv,True,0.9603720903396606,0.19298556447029114,"[5.105871878186008e-06,0.001168516231700778,0.0005655141430906951,0.0003834807430393994,0.005604092497378588,0.9603720903396606,0.031901102513074875]"
ISIC_0029194,nv,nv,True,0.9470583200454712,0.24640558660030365,"[8.084098226390779e-06,0.002872381592169404,0.00035600154660642147,0.0003010465297847986,0.009457251988351345,0.9470583200454712,0.03994690254330635]"
ISIC_0033852,nv,nv,True,0.7379465103149414,0.736075758934021,"[0.0023233387619256973,0.0008526966557838023,0.05439014360308647,0.000486756325699389,0.20317915081977844,0.7379465103149414,0.0008213719120249152]"
ISIC_0033775,nv,nv,True,0.8339710831642151,0.5138016939163208,"[0.00038301324821077287,0.00013518724881578237,0.01847628317773342,0.00021162834309507161,0.14670558273792267,0.8339710831642151,0.00011718153109541163]"
ISIC_0033561,nv,nv,True,0.8201752305030823,0.5919257402420044,"[0.0006756466464139521,0.00040358080877922475,0.04762311652302742,0.0008917409577406943,0.12949635088443756,0.8201752305030823,0.0007342315511777997]"
ISIC_0027363,nv,nv,True,0.9855157136917114,0.08375194668769836,"[1.3501955436368007e-05,0.0013790809316560626,0.0006971241673454642,1.9593626348068938e-05,0.012290178798139095,0.9855157136917114,8.481735130771995e-05]"
ISIC_0031684,nv,nv,True,0.958134114742279,0.20587675273418427,"[0.00013989752915222198,4.885988892056048e-05,0.016513317823410034,0.0005127467447891831,0.0246192067861557,0.958134114742279,3.1844141631154343e-05]"
ISIC_0033671,nv,nv,True,0.6986119747161865,0.8255488276481628,"[0.0009814478689804673,0.00012352272460702807,0.17361195385456085,6.505881901830435e-05,0.12650644779205322,0.6986119747161865,9.961040632333606e-05]"
ISIC_0033711,nv,nv,True,0.5280641913414001,0.8876729607582092,"[0.001295367837883532,0.0014028201112523675,0.41555750370025635,0.0010215822840109468,0.05146948620676994,0.5280641913414001,0.0011890353634953499]"
ISIC_0028893,nv,nv,True,0.9541228413581848,0.20196351408958435,"[3.851337169180624e-05,4.985242867405759e-06,0.004563271999359131,5.2238101488910615e-05,0.04120068624615669,0.9541228413581848,1.750262890709564e-05]"
ISIC_0034257,nv,nv,True,0.9378480315208435,0.27097877860069275,"[0.00026527149020694196,0.010411201044917107,0.000930797541514039,7.45759898563847e-05,0.049891453236341476,0.9378480315208435,0.0005787253030575812]"
ISIC_0024919,nv,nv,True,0.9823302030563354,0.09948146343231201,"[0.00023211883672047406,7.883140642661601e-05,0.0022110946010798216,0.0004599263484124094,0.014654659666121006,0.9823302030563354,3.3090986107708886e-05]"
ISIC_0030186,nv,nv,True,0.9814519286155701,0.11609187722206116,"[0.00010608715092530474,0.004581088200211525,0.008351625874638557,0.00023814040469005704,0.004331422038376331,0.9814519286155701,0.0009398258407600224]"
ISIC_0027284,nv,nv,True,0.8543701767921448,0.4416453540325165,"[8.287063974421471e-05,3.8810769183328375e-05,0.004657365847378969,0.0002535659878049046,0.14014194905757904,0.8543701767921448,0.0004552857135422528]"
ISIC_0024697,nv,nv,True,0.6659242510795593,0.643577516078949,"[1.896089088404551e-05,2.9134678243281087e-06,0.0007157912477850914,2.2311769498628564e-05,0.33320990204811096,0.6659242510795593,0.00010578592628007755]"
ISIC_0029150,nv,nv,True,0.7150737047195435,0.6296920776367188,"[0.0006783435819670558,0.000423251127358526,0.27984321117401123,0.00264934659935534,0.0010296780383214355,0.7150737047195435,0.0003025210171472281]"
ISIC_0030330,nv,nv,True,0.9938431978225708,0.04135286062955856,"[5.949990008957684e-05,4.258002263668459e-06,0.0007743564201518893,0.00029096787329763174,0.005020180717110634,0.9938431978225708,7.542563707829686e-06]"
ISIC_0031398,nv,nv,True,0.9449856281280518,0.24915169179439545,"[0.00015051508671604097,0.0001230462803505361,0.008212913759052753,0.001560233999043703,0.0441107377409935,0.9449856281280518,0.0008570078643970191]"
ISIC_0026873,nv,nv,True,0.995532751083374,0.03279237449169159,"[1.6535721442778595e-05,4.6164739615051076e-05,0.002478916198015213,0.00011941492994083092,0.0017251170938834548,0.995532751083374,8.112957584671676e-05]"
ISIC_0024938,nv,nv,True,0.7237499952316284,0.6101076602935791,"[0.0014752837596461177,0.0007742944872006774,0.000689566193614155,0.0001184912325697951,0.2731551229953766,0.7237499952316284,3.727834337041713e-05]"
ISIC_0030065,nv,nv,True,0.7747412323951721,0.5696234107017517,"[0.0010707626352086663,0.0005494968499988317,0.004899982828646898,0.00014421202649828047,0.21851296722888947,0.7747412323951721,8.138550765579566e-05]"
ISIC_0025231,nv,nv,True,0.7812893390655518,0.5866112112998962,"[0.004463678225874901,0.0038711403030902147,0.003314319299533963,0.0002960462006740272,0.20666095614433289,0.7812893390655518,0.00010452013520989567]"
ISIC_0025143,nv,nv,True,0.9784576296806335,0.10564693808555603,"[3.476925030554412e-06,1.2577537518154713e-06,2.687934465939179e-05,0.00023553261416964233,0.02126169204711914,0.9784576296806335,1.351285754935816e-05]"
ISIC_0024587,nv,nv,True,0.5847908854484558,0.6799578070640564,"[1.0648785973899066e-05,5.129445526108611e-07,0.00010057345207314938,3.856175680994056e-06,0.4150810241699219,0.5847908854484558,1.2458967830752954e-05]"
ISIC_0029666,nv,nv,True,0.5776782631874084,0.6833828091621399,"[1.2079012776666787e-05,4.4397970100362727e-07,0.00022619614901486784,7.90146441431716e-06,0.4220586121082306,0.5776782631874084,1.6473470168421045e-05]"
ISIC_0027698,nv,nv,True,0.5676618218421936,0.688588559627533,"[2.3335795049206354e-05,6.40036148524814e-07,0.0005155502585694194,1.2058355423505418e-05,0.4317646026611328,0.5676618218421936,2.201345887442585e-05]"
ISIC_0030185,nv,nv,True,0.9288668036460876,0.29822319746017456,"[0.0002197882131440565,2.7732145099435e-05,0.016269193962216377,0.0002564790775068104,0.05434832721948624,0.9288668036460876,1.1808651834144257e-05]"
ISIC_0026678,nv,nv,True,0.9356324076652527,0.26355481147766113,"[0.0005826210253871977,7.904017547843978e-05,0.006037305574864149,8.909035386750475e-05,0.057560212910175323,0.9356324076652527,1.9201856048312038e-05]"
ISIC_0025333,nv,nv,True,0.9541264176368713,0.24036142230033875,"[0.00012993738346267492,0.02154761366546154,0.008266880176961422,0.0003585339873097837,0.014298049733042717,0.9541264176368713,0.0012725822161883116]"
ISIC_0030603,nv,bkl,False,0.3038235306739807,1.3777151107788086,"[0.1668560653924942,0.0005833074101246893,0.3038235306739807,0.0018104701302945614,0.28833121061325073,0.23851417005062103,8.125683962134644e-05]"
ISIC_0030599,nv,nv,True,0.7812040448188782,0.7791772484779358,"[0.003245619824156165,0.011630074121057987,0.14242485165596008,0.01748017966747284,0.025009388104081154,0.7812040448188782,0.019005902111530304]"
ISIC_0027579,nv,nv,True,0.9820000529289246,0.10429975390434265,"[5.634592889691703e-05,0.00010578058572718874,0.009068293496966362,7.105465192580596e-05,0.008640969172120094,0.9820000529289246,5.747599425376393e-05]"
ISIC_0033767,nv,nv,True,0.7065266966819763,0.779077410697937,"[0.002584501402452588,0.0009541836334392428,0.05518638715147972,0.0005292891873978078,0.23297424614429474,0.7065266966819763,0.0012447162298485637]"
ISIC_0033755,nv,nv,True,0.7789889574050903,0.5911442637443542,"[0.0008654730045236647,0.00033677826286293566,0.012066510505974293,0.000706928432919085,0.20656931400299072,0.7789889574050903,0.00046590474084950984]"
ISIC_0033625,nv,nv,True,0.8195585608482361,0.4760878086090088,"[2.5130379071924835e-05,5.876770228496753e-05,0.00011831572192022577,0.00014367479889187962,0.1799623668193817,0.8195585608482361,0.00013309625501278788]"
ISIC_0026431,nv,nv,True,0.9800772666931152,0.0982486829161644,"[8.748449999984587e-07,7.227710625556938e-07,1.9412032997934148e-05,9.343274541606661e-06,0.01985722780227661,0.9800772666931152,3.512917101033963e-05]"
ISIC_0027586,nv,nv,True,0.9797770380973816,0.1116056963801384,"[6.0191516240593046e-05,0.0001919243368320167,0.0002508166362531483,0.0034078352618962526,0.0161774642765522,0.9797770380973816,0.00013480699271894991]"
ISIC_0027357,nv,nv,True,0.9832479953765869,0.09652607887983322,"[5.838988727191463e-05,0.0020438029896467924,0.00125795544590801,1.6807309293653816e-05,0.013312425464391708,0.9832479953765869,6.260737427510321e-05]"
ISIC_0025662,nv,nv,True,0.9638243913650513,0.16655831038951874,"[6.672612653346732e-05,0.0006271329475566745,0.0006312519544735551,0.00018095108680427074,0.03407333791255951,0.9638243913650513,0.0005961732240393758]"
ISIC_0027510,nv,nv,True,0.9470614194869995,0.21455854177474976,"[5.046862133895047e-05,0.0002795032924041152,0.0004991260357201099,0.00012030806828988716,0.051724255084991455,0.9470614194869995,0.0002648409572429955]"
ISIC_0024355,nv,nv,True,0.8954058885574341,0.3900774121284485,"[0.0011078037787228823,0.008286218158900738,0.000621670566033572,0.0023069793824106455,0.09129434823989868,0.8954058885574341,0.0009772037155926228]"
ISIC_0032122,nv,nv,True,0.9522759318351746,0.19269044697284698,"[1.3325033251021523e-05,1.585473455634201e-06,2.604003020678647e-05,7.037435716483742e-05,0.047608859837055206,0.9522759318351746,3.918743914255174e-06]"
ISIC_0030087,nv,nv,True,0.9903861284255981,0.056806813925504684,"[7.911500688351225e-06,1.594110653968528e-05,0.0005253861891105771,5.391953163780272e-05,0.009006201289594173,0.9903861284255981,4.479980816540774e-06]"
ISIC_0026137,nv,nv,True,0.8831210732460022,0.3850419819355011,"[7.959994400152937e-05,1.2797401723219082e-05,0.005894796922802925,1.3592799405159894e-05,0.11086738854646683,0.8831210732460022,1.0692486284824554e-05]"
ISIC_0031426,nv,nv,True,0.9828063249588013,0.09035057574510574,"[2.1967216525808908e-05,0.0001822956110117957,0.00017319929611403495,0.00014289972023107111,0.016599010676145554,0.9828063249588013,7.420422480208799e-05]"
ISIC_0032999,nv,nv,True,0.9265663027763367,0.30619168281555176,"[0.00034307007445022464,0.0023888186551630497,0.00380573864094913,0.00020111333287786692,0.06279177218675613,0.9265663027763367,0.0039031831547617912]"
ISIC_0032669,nv,nv,True,0.8989713191986084,0.34670475125312805,"[9.30803144001402e-05,5.146067633177154e-05,0.003811126109212637,0.00022197126236278564,0.09680654108524323,0.8989713191986084,4.4567201257450506e-05]"
ISIC_0033236,nv,nv,True,0.7510250806808472,0.5946421027183533,"[0.0002472291234880686,9.9695629614871e-05,0.006389892194420099,2.8771464712917805e-05,0.24214313924312592,0.7510250806808472,6.615117308683693e-05]"
ISIC_0024519,nv,nv,True,0.6995211839675903,0.7837440371513367,"[0.008944538421928883,0.008408347144722939,0.017835740000009537,0.0046324459835886955,0.2600625455379486,0.6995211839675903,0.0005951705388724804]"
ISIC_0026676,nv,nv,True,0.7336997985839844,0.7778969407081604,"[0.024119902402162552,0.0025826096534729004,0.02432233653962612,0.004773011896759272,0.2103075385093689,0.7336997985839844,0.0001947626587934792]"
ISIC_0024667,nv,nv,True,0.9773272275924683,0.12617675960063934,"[7.441156776621938e-05,0.000761812727432698,0.005724539514631033,5.2026924095116556e-05,0.01583879441022873,0.9773272275924683,0.0002210460079368204]"
ISIC_0032605,nv,nv,True,0.7874629497528076,0.5489825010299683,"[0.0008442488615401089,0.00016593975306022912,0.004314272198826075,0.00034024735214188695,0.20672190189361572,0.7874629497528076,0.00015034503303468227]"
ISIC_0032779,nv,nv,True,0.8539130687713623,0.4282864034175873,"[0.0002946456370409578,0.00014055972860660404,0.0010301900329068303,0.00032058634678833187,0.1442076414823532,0.8539130687713623,9.334176866104826e-05]"
ISIC_0033950,nv,nv,True,0.8302576541900635,0.4666542708873749,"[0.00029993566568009555,1.6115058315335773e-05,0.0013941568322479725,5.544041778193787e-05,0.16795334219932556,0.8302576541900635,2.3302975023398176e-05]"
ISIC_0029084,nv,nv,True,0.765569806098938,0.6281973123550415,"[1.2841932402807288e-05,0.010259860195219517,8.990513742901385e-05,0.0024514426477253437,0.005854603368788958,0.765569806098938,0.21576157212257385]"
ISIC_0029619,nv,nv,True,0.9802706241607666,0.10910314321517944,"[7.064058445394039e-05,3.1523744837613776e-05,0.0014957251260057092,0.0014476804062724113,0.016484342515468597,0.9802706241607666,0.00019945330859627575]"
ISIC_0032465,nv,nv,True,0.9216371774673462,0.30964022874832153,"[0.00035149790346622467,0.0007195050129666924,0.07042746990919113,0.0009132469422183931,0.004955995827913284,0.9216371774673462,0.0009951156098395586]"
ISIC_0029430,nv,nv,True,0.9658511877059937,0.190175861120224,"[0.00029186130268499255,0.0015403516590595245,0.008626293390989304,0.0010694856755435467,0.018819093704223633,0.9658511877059937,0.0038016876205801964]"
ISIC_0027312,nv,nv,True,0.6814664602279663,1.039457082748413,"[0.005317590665072203,0.0501638688147068,0.059064831584692,0.007077990565448999,0.17027655243873596,0.6814664602279663,0.026632707566022873]"
ISIC_0024936,nv,nv,True,0.9001449346542358,0.33599212765693665,"[9.665828656579833e-06,4.050270945299417e-06,0.0007070106803439558,0.0005059875547885895,0.09801964461803436,0.9001449346542358,0.0006087632500566542]"
ISIC_0032115,nv,nv,True,0.9432417154312134,0.23887670040130615,"[6.800558185204864e-05,2.6563493520370685e-05,0.002426201943308115,0.0020831034053117037,0.051953427493572235,0.9432417154312134,0.0002009510062634945]"
ISIC_0033688,nv,nv,True,0.7771248817443848,0.5421991944313049,"[0.0001616124645806849,4.562524918583222e-05,0.00041490019066259265,0.0010062450310215354,0.2211984544992447,0.7771248817443848,4.832628110307269e-05]"
ISIC_0033557,nv,nv,True,0.756531298160553,0.573039174079895,"[0.0005959694390185177,0.00015827153401914984,0.0008671237155795097,0.0008473164052702487,0.24087005853652954,0.756531298160553,0.00012998827151022851]"
ISIC_0027733,nv,nv,True,0.975970983505249,0.11583396047353745,"[1.1634297152340878e-05,5.846065505465958e-06,0.0004293281235732138,1.6291003703372553e-05,0.023559320718050003,0.975970983505249,6.644022960244911e-06]"
ISIC_0026696,nv,nv,True,0.9887303709983826,0.06705489754676819,"[4.3077841837657616e-05,1.9769211576203816e-05,0.0008964431472122669,0.0003837919211946428,0.009912431240081787,0.9887303709983826,1.4064776223676745e-05]"
ISIC_0026381,nv,nv,True,0.6404362916946411,0.8107045888900757,"[0.0012769050663337111,0.32519808411598206,0.014200929552316666,0.0009197087492793798,0.008751542307436466,0.6404362916946411,0.009216557256877422]"
ISIC_0032160,nv,nv,True,0.9705559015274048,0.1682063341140747,"[0.0004896795144304633,0.014401564374566078,0.0038463380187749863,0.0008899685926735401,0.009508124552667141,0.9705559015274048,0.0003084575873799622]"
ISIC_0027741,nv,nv,True,0.9947211742401123,0.037124305963516235,"[2.1503169591596816e-06,2.5614002652218915e-07,0.0028457087464630604,8.738657197682187e-05,0.0023183918092399836,0.9947211742401123,2.4910967113100924e-05]"
ISIC_0026269,nv,nv,True,0.9728606939315796,0.14935103058815002,"[4.879530388279818e-05,7.984237163327634e-05,0.0030987507198005915,0.00533701665699482,0.0182891134172678,0.9728606939315796,0.00028588916757144034]"
ISIC_0027444,nv,nv,True,0.8195960521697998,0.5610402822494507,"[0.0033793894108384848,0.012636885046958923,0.003529767971485853,0.0006880571017973125,0.15933439135551453,0.8195960521697998,0.0008355403551831841]"
ISIC_0025702,nv,nv,True,0.957125186920166,0.19488073885440826,"[8.97461868589744e-05,0.0006272183381952345,0.0010092846350744367,0.000206266762688756,0.03896218538284302,0.957125186920166,0.0019800798036158085]"
ISIC_0031701,nv,nv,True,0.9968692660331726,0.023043259978294373,"[1.0220446711173281e-05,2.6997549866791815e-06,0.0007453758735209703,8.131969480018597e-06,0.0023638708516955376,0.9968692660331726,4.6274789156086626e-07]"
ISIC_0027827,nv,nv,True,0.9377418160438538,0.23500415682792664,"[1.288539897359442e-05,8.612549572717398e-05,0.0001078890563803725,2.3366381356026977e-05,0.062018655240535736,0.9377418160438538,9.317205694969743e-06]"
ISIC_0025491,nv,nv,True,0.8430909514427185,0.44093045592308044,"[5.585243343375623e-05,0.00025013828417286277,0.0004575684142764658,7.3259201599285e-05,0.156040757894516,0.8430909514427185,3.150622433167882e-05]"
ISIC_0028049,nv,nv,True,0.9891114830970764,0.06737039983272552,"[1.7104699509218335e-05,6.824054253229406e-06,0.003043330740183592,9.976050932891667e-05,0.007697567343711853,0.9891114830970764,2.3967240849742666e-05]"
ISIC_0026183,nv,nv,True,0.9911742210388184,0.058407071977853775,"[0.0003475446719676256,0.0004859316104557365,0.0010250589111819863,0.00036339188227429986,0.00659614522010088,0.9911742210388184,7.669018486922141e-06]"
ISIC_0033296,nv,nv,True,0.796288788318634,0.5225551128387451,"[0.00021093545365147293,0.00028337864205241203,0.000991270993836224,0.0006634708261117339,0.2012205719947815,0.796288788318634,0.0003415738756302744]"
ISIC_0033838,nv,nv,True,0.8892098069190979,0.3642486035823822,"[0.00018923640891443938,0.0003136817831546068,0.0018304263940081,0.0003445026814006269,0.10799857974052429,0.8892098069190979,0.00011373826419003308]"
ISIC_0033409,nv,nv,True,0.8093194961547852,0.5564531683921814,"[0.001559299067594111,0.0008891483303159475,0.013096303679049015,0.000638903584331274,0.17410452663898468,0.8093194961547852,0.0003923795011360198]"
ISIC_0024359,nv,nv,True,0.9810799956321716,0.10733456909656525,"[3.8753514672862366e-05,7.0968817453831434e-06,0.00800681859254837,4.3641324737109244e-05,0.010819312185049057,0.9810799956321716,4.319263553043129e-06]"
ISIC_0027685,nv,nv,True,0.9042356014251709,0.3436603546142578,"[0.00028144955285824835,0.000819728709757328,0.0015606655506417155,0.00031810213113203645,0.09034910053014755,0.9042356014251709,0.002435337519273162]"
ISIC_0028275,nv,nv,True,0.9942848086357117,0.036734554916620255,"[6.563668648595922e-06,8.318987966049463e-06,0.000334187934640795,8.438557415502146e-06,0.005348213016986847,0.9942848086357117,9.538449376123026e-06]"
ISIC_0032091,nv,nv,True,0.9773645997047424,0.10949090123176575,"[1.0509391358937137e-05,3.098002252954757e-06,0.022433456033468246,7.803450716892257e-05,0.00010300998110324144,0.9773645997047424,7.242892024805769e-06]"
ISIC_0032435,nv,nv,True,0.7530618906021118,0.5627615451812744,"[2.681010118976701e-05,1.2673092442128109e-06,0.00036735847243107855,6.373495125444606e-05,0.24646206200122833,0.7530618906021118,1.6815936760394834e-05]"
ISIC_0031341,nv,nv,True,0.9948179125785828,0.03433823212981224,"[2.7404910724726506e-05,1.1945471669605467e-05,0.00042110367212444544,2.2149235519464128e-05,0.004693465307354927,0.9948179125785828,5.935013632552e-06]"
ISIC_0025901,nv,nv,True,0.9772736430168152,0.12863637506961823,"[5.522285573533736e-05,0.0007569644949398935,0.00032433902379125357,0.00536374980583787,0.015593734569847584,0.9772736430168152,0.0006322901463136077]"
ISIC_0025273,nv,nv,True,0.9210262894630432,0.350129097700119,"[0.0015834313817322254,0.003820419544354081,0.04994000867009163,0.0003410622593946755,0.022649617865681648,0.9210262894630432,0.0006392192444764078]"
ISIC_0031720,nv,nv,True,0.9059358239173889,0.3845973014831543,"[0.00038720236625522375,0.00010516657494008541,0.05092376843094826,0.0005929291946813464,0.0417499803006649,0.9059358239173889,0.00030508573399856687]"
ISIC_0026382,nv,nv,True,0.9854130148887634,0.09110957384109497,"[2.0199344362481497e-05,0.0005399048095569015,0.0015886673936620355,0.00013482465874403715,0.009333698078989983,0.9854130148887634,0.002969738794490695]"
ISIC_0027456,nv,nv,True,0.9654625654220581,0.16385161876678467,"[3.052261672564782e-05,1.7541351553518325e-06,0.030146775767207146,4.9082227633334696e-05,0.004302307032048702,0.9654625654220581,7.098829883034341e-06]"
ISIC_0032543,nv,nv,True,0.907338559627533,0.3720153272151947,"[0.0005387416458688676,3.5705295886145905e-05,0.06540884077548981,0.0007099488284438848,0.025795960798859596,0.907338559627533,0.00017218783614225686]"
ISIC_0032301,nv,nv,True,0.9873871207237244,0.08008862286806107,"[0.00031160181970335543,0.0003593803849071264,0.0046556806191802025,0.00028818895225413144,0.006981832906603813,0.9873871207237244,1.631655504752416e-05]"
ISIC_0031919,nv,bkl,False,0.5339781641960144,1.2411065101623535,"[0.08854009956121445,0.01513784471899271,0.5339781641960144,0.0012274201726540923,0.20069055259227753,0.159834623336792,0.000591271324083209]"
ISIC_0027247,nv,nv,True,0.9619017839431763,0.19303226470947266,"[0.0007857820601202548,7.103788084350526e-05,0.010558219626545906,0.0009712514001876116,0.025645753368735313,0.9619017839431763,6.616522296098992e-05]"
ISIC_0025895,nv,nv,True,0.9949918389320374,0.034699946641922,"[3.4082868296536617e-06,3.036912858078722e-05,0.0012389103649184108,7.341476703004446e-06,0.0037091411650180817,0.9949918389320374,1.896206049423199e-05]"
ISIC_0026110,nv,nv,True,0.980004608631134,0.10078317672014236,"[1.0602352631394751e-05,0.00014548063336405903,3.91271423723083e-05,0.00011247556540183723,0.019547445699572563,0.980004608631134,0.00014033017214387655]"
ISIC_0033703,nv,nv,True,0.8910735249519348,0.35252031683921814,"[0.00022641535906586796,0.00012559967581182718,0.0009601206402294338,1.2314397281443235e-05,0.10759887099266052,0.8910735249519348,3.1723257052362897e-06]"
ISIC_0034245,nv,nv,True,0.8333919048309326,0.45862269401550293,"[5.543306178878993e-05,0.0001597350201336667,0.0009672984015196562,1.4588025806006044e-05,0.1653805673122406,0.8333919048309326,3.0436491215368733e-05]"
ISIC_0031676,nv,nv,True,0.9061456322669983,0.44351255893707275,"[0.0003352874773554504,0.0048741791397333145,0.008969682268798351,0.018650369718670845,0.041335608810186386,0.9061456322669983,0.019689230248332024]"
ISIC_0032151,nv,nv,True,0.402083158493042,1.376774787902832,"[0.020430870354175568,0.036315467208623886,0.20869602262973785,0.02170378528535366,0.3027596175670624,0.402083158493042,0.008011119440197945]"
ISIC_0025875,nv,nv,True,0.9854258298873901,0.08535224944353104,"[5.568786582443863e-05,8.077077654888853e-05,0.0009428405901417136,0.0013430571416392922,0.012060730718076229,0.9854258298873901,9.096522990148515e-05]"
ISIC_0025056,nv,nv,True,0.9617521166801453,0.18155233561992645,"[2.86276190308854e-05,9.246442641597241e-05,0.0015740604139864445,0.002637101337313652,0.03348642587661743,0.9617521166801453,0.0004292396770324558]"
ISIC_0027308,nv,nv,True,0.909368097782135,0.35577109456062317,"[0.0010919541819021106,0.00010041337372967973,0.017807738855481148,3.0385213904082775e-05,0.07158312201499939,0.909368097782135,1.8328641090192832e-05]"
ISIC_0026160,nv,nv,True,0.9633744359016418,0.18141531944274902,"[0.00014379130152519792,4.107101267436519e-05,0.011219666339457035,6.45311301923357e-05,0.025139547884464264,0.9633744359016418,1.6841177057358436e-05]"
ISIC_0029888,nv,nv,True,0.9859268665313721,0.07956135272979736,"[2.6123948373424355e-06,6.850641966593685e-06,1.652278115216177e-05,0.001652600709348917,0.012351560406386852,0.9859268665313721,4.304550384404138e-05]"
ISIC_0028857,nv,nv,True,0.5668368935585022,1.0188528299331665,"[0.017027031630277634,0.0007809010567143559,0.11398860812187195,0.000852241413667798,0.2994146943092346,0.5668368935585022,0.0010996658820658922]"
ISIC_0030544,nv,nv,True,0.9901657700538635,0.0654873475432396,"[0.00012978666927665472,0.003290583146736026,0.0011386106489226222,9.763520210981369e-06,0.005217401310801506,0.9901657700538635,4.8005829739850014e-05]"
ISIC_0030962,nv,nv,True,0.9905833005905151,0.06182144954800606,"[9.343318379251286e-05,0.006217727437615395,0.0005926730809733272,1.8906726836576127e-05,0.0023888859432190657,0.9905833005905151,0.00010510918218642473]"
ISIC_0024399,nv,nv,True,0.9664920568466187,0.17225991189479828,"[0.00036552781239151955,0.0005419473745860159,0.026379043236374855,0.002983305836096406,0.003107315395027399,0.9664920568466187,0.00013082835357636213]"
ISIC_0025747,nv,nv,True,0.8385100364685059,0.5235694050788879,"[0.0002110041241394356,0.00098890601657331,0.14029893279075623,0.001562702120281756,0.015532959252595901,0.8385100364685059,0.002895438577979803]"
ISIC_0025636,nv,nv,True,0.989696741104126,0.0620417445898056,"[1.1418501344451215e-05,4.51620599051239e-06,0.0013232954079285264,8.75301193445921e-05,0.008865865878760815,0.989696741104126,1.0655909136403352e-05]"
ISIC_0030982,nv,nv,True,0.9831640124320984,0.09665709733963013,"[5.4180640290724114e-05,0.00011301889026071876,0.002529403893277049,0.0004594117635861039,0.013481684029102325,0.9831640124320984,0.0001982627873076126]"
ISIC_0026111,nv,nv,True,0.5507722496986389,0.8202258348464966,"[0.011006347835063934,0.000662762438878417,0.4200056195259094,0.00028711793129332364,0.017193151637911797,0.5507722496986389,7.283406011993065e-05]"
ISIC_0034080,nv,nv,True,0.7941479086875916,0.5746964812278748,"[0.0011235529091209173,0.004849070683121681,0.0037547932006418705,0.0009110652026720345,0.19304271042346954,0.7941479086875916,0.002170864026993513]"
ISIC_0029120,nv,nv,True,0.8567065000534058,0.4161897897720337,"[4.454948066268116e-05,5.298124506225577e-06,0.0006349424365907907,5.795140168629587e-05,0.14252544939517975,0.8567065000534058,2.5330906282761134e-05]"
ISIC_0031730,nv,nv,True,0.930239200592041,0.3184049427509308,"[0.0017212750390172005,0.0005236159195192158,0.047186218202114105,0.005545121151953936,0.014592773281037807,0.930239200592041,0.00019178756338078529]"
ISIC_0031081,nv,mel,False,0.4058572053909302,1.2122302055358887,"[0.11529651284217834,0.00021489785285666585,0.08716311305761337,0.00244699465110898,0.4058572053909302,0.38894936442375183,7.195159560069442e-05]"
ISIC_0027005,nv,nv,True,0.5346024036407471,0.8691264390945435,"[0.023551741614937782,5.5053555115591735e-05,0.02004869095981121,0.00033035094384104013,0.42138081789016724,0.5346024036407471,3.094663770752959e-05]"
ISIC_0024534,nv,nv,True,0.9323335886001587,0.25383517146110535,"[1.223281924467301e-05,1.7577796143086744e-06,0.0009451366495341063,0.0001364955387543887,0.06655098497867584,0.9323335886001587,1.9768949641729705e-05]"
ISIC_0032068,nv,nv,True,0.992617666721344,0.047775186598300934,"[3.687210846692324e-05,0.00021209735132288188,0.0008715658914297819,4.886345050181262e-05,0.00620584562420845,0.992617666721344,7.139836270653177e-06]"
ISIC_0034308,nv,nv,True,0.8448750376701355,0.5220419764518738,"[0.0015413104556500912,0.004079863894730806,0.015379810705780983,0.0017886999994516373,0.13169743120670319,0.8448750376701355,0.0006378247053362429]"
ISIC_0032957,nv,nv,True,0.8637863993644714,0.4679642915725708,"[0.0007428606622852385,0.0010982565581798553,0.017193151637911797,0.0006493570981547236,0.1159742921590805,0.8637863993644714,0.0005556814721785486]"
ISIC_0033334,nv,nv,True,0.7771141529083252,0.6013230085372925,"[0.0005003627738915384,0.0011115859961137176,0.01212063618004322,0.0005859661032445729,0.20700126886367798,0.7771141529083252,0.0015659939963370562]"
ISIC_0027248,nv,nv,True,0.6748964190483093,0.6452755928039551,"[0.0009535166318528354,0.00029446312692016363,0.00014577856927644461,0.0004800251335836947,0.32313406467437744,0.6748964190483093,9.576653246767819e-05]"
ISIC_0027567,nv,nv,True,0.6799213290214539,0.6404557824134827,"[0.0010005186777561903,0.0002132332738256082,0.0002584717294666916,0.00029343238566070795,0.31825676560401917,0.6799213290214539,5.627398786600679e-05]"
ISIC_0032542,nv,nv,True,0.6029425859451294,0.6779403686523438,"[0.00014279728929977864,4.141067256568931e-05,0.00040085590444505215,0.00010171536268899217,0.3963385224342346,0.6029425859451294,3.217564517399296e-05]"
ISIC_0034224,nv,mel,False,0.45704910159111023,1.0070550441741943,"[0.008106380701065063,0.004423051606863737,0.09074892848730087,0.0005108161130920053,0.45704910159111023,0.43876567482948303,0.00039608715451322496]"
ISIC_0029325,nv,nv,True,0.9878518581390381,0.06824345141649246,"[5.004926151741529e-06,1.7514383216621354e-05,0.0004137192154303193,3.22121886711102e-05,0.011617425829172134,0.9878518581390381,6.212740117916837e-05]"
ISIC_0025483,nv,nv,True,0.9887745380401611,0.06814023107290268,"[1.859706208051648e-05,3.410624049138278e-05,0.001060658018104732,0.0005214307457208633,0.009469219483435154,0.9887745380401611,0.00012145742948632687]"
ISIC_0031307,nv,nv,True,0.8917272090911865,0.34573549032211304,"[7.483786612283438e-05,2.937629869848024e-05,3.187280162819661e-05,0.00018990537500940263,0.10791749507188797,0.8917272090911865,2.9416782126645558e-05]"
ISIC_0030194,nv,nv,True,0.6139395833015442,0.673092246055603,"[0.00010771686356747523,2.0452484022825956e-05,0.0005014031194150448,5.2407762268558145e-05,0.38531967997550964,0.6139395833015442,5.880018579773605e-05]"
ISIC_0027103,nv,nv,True,0.8397642970085144,0.4574798345565796,"[0.00032794004073366523,1.874667077572667e-06,0.0029626053292304277,2.317952566954773e-05,0.15691475570201874,0.8397642970085144,5.230308033787878e-06]"
ISIC_0029798,nv,nv,True,0.9283102750778198,0.33338218927383423,"[0.0029151272028684616,0.0007380915340036154,0.0419144406914711,0.004444103688001633,0.021301377564668655,0.9283102750778198,0.00037650237209163606]"
ISIC_0028950,nv,nv,True,0.9796080589294434,0.11124218255281448,"[7.314889080589637e-05,0.0002213002007920295,0.003098546527326107,0.00012546929065138102,0.01677689142525196,0.9796080589294434,9.669475548435003e-05]"
ISIC_0026616,nv,nv,True,0.9862381219863892,0.09065895527601242,"[0.001179167884401977,0.003562596160918474,0.003984130918979645,3.669954458018765e-05,0.004988068714737892,0.9862381219863892,1.1298085155431181e-05]"
ISIC_0026987,nv,nv,True,0.9104434251785278,0.3142237961292267,"[0.00025154859758913517,8.83027896634303e-05,0.0015882267616689205,0.00016583543037995696,0.087312251329422,0.9104434251785278,0.0001503538660472259]"
ISIC_0026674,nv,nv,True,0.8165633678436279,0.49981170892715454,"[0.0008604901959188282,0.0012664023088291287,0.00114519614726305,0.0001600944233359769,0.17973974347114563,0.8165633678436279,0.0002646699722390622]"
ISIC_0025533,nv,nv,True,0.8556604981422424,0.4826001226902008,"[0.002673837123438716,0.012849610298871994,0.0011430951999500394,0.00026701431488618255,0.12658089399337769,0.8556604981422424,0.0008250541286543012]"
ISIC_0029178,nv,nv,True,0.9728202819824219,0.14798864722251892,"[0.0005637456197291613,0.0012714682379737496,0.019698195159435272,0.0004352630057837814,0.005142742767930031,0.9728202819824219,6.835531530668959e-05]"
ISIC_0030385,nv,nv,True,0.9624845385551453,0.17804044485092163,"[0.0006676947232335806,4.0124079532688484e-05,0.03299505636096001,0.0029516315553337336,0.0008341456996276975,0.9624845385551453,2.6835748940357007e-05]"
ISIC_0030120,nv,nv,True,0.9044166207313538,0.41145801544189453,"[0.004089768044650555,0.00335143250413239,0.04474679008126259,0.0004373641568236053,0.042734887450933456,0.9044166207313538,0.00022311272914521396]"
ISIC_0030000,nv,nv,True,0.9852234125137329,0.08483200520277023,"[4.711212022812106e-05,5.936884554103017e-05,0.012731870636343956,0.0006945000495761633,0.0012000009883195162,0.9852234125137329,4.3787116737803444e-05]"
ISIC_0025639,nv,nv,True,0.8926928639411926,0.3643740713596344,"[0.00023859732027631253,0.0003254779439885169,0.0035042488016188145,9.347563172923401e-05,0.10259055346250534,0.8926928639411926,0.000554784492123872]"
ISIC_0026627,nv,nv,True,0.9848359227180481,0.08876275271177292,"[9.97695497062523e-06,3.4891010727733374e-05,0.0016366280615329742,0.00030291310395114124,0.012299594469368458,0.9848359227180481,0.0008801007061265409]"
ISIC_0027695,nv,nv,True,0.983806848526001,0.08674733340740204,"[1.348129353573313e-05,3.370322156115435e-05,0.0006061239982955158,0.00012859974231105298,0.015377686358988285,0.983806848526001,3.357483365107328e-05]"
ISIC_0029852,nv,nv,True,0.9744924306869507,0.13380637764930725,"[8.642069587949663e-06,6.914822733961046e-06,0.006569842342287302,1.644008807488717e-05,0.018875401467084885,0.9744924306869507,3.0200684705050662e-05]"
ISIC_0032291,nv,nv,True,0.7726131081581116,0.6587454676628113,"[0.003055535489693284,0.1869373768568039,0.0006694821058772504,0.00018881898722611368,0.036413539201021194,0.7726131081581116,0.00012219052587170154]"
ISIC_0031898,nv,nv,True,0.9532789587974548,0.19873566925525665,"[4.771412932313979e-05,0.00011279224418103695,0.0008655833662487566,0.00034970647539012134,0.044908300042152405,0.9532789587974548,0.00043688740697689354]"
ISIC_0025625,nv,nv,True,0.9680860638618469,0.17791350185871124,"[0.0004442190402187407,0.019313421100378036,0.0057440511882305145,0.00116062187589705,0.00467947032302618,0.9680860638618469,0.000572098302654922]"
ISIC_0024939,nv,nv,True,0.996752917766571,0.026445884257555008,"[4.5921326091047376e-05,0.0004254908999428153,0.001623958582058549,0.00023779326875228435,0.0004808391386177391,0.996752917766571,0.0004331260279286653]"
ISIC_0032251,nv,bcc,False,0.37827035784721375,1.6120173931121826,"[0.031988468021154404,0.37827035784721375,0.0620524100959301,0.2450597584247589,0.028628965839743614,0.16026560962200165,0.0937344878911972]"
ISIC_0032253,nv,bcc,False,0.3964439928531647,1.553791880607605,"[0.17685256898403168,0.3964439928531647,0.0783889964222908,0.23716287314891815,0.013761766254901886,0.07378119230270386,0.023608596995472908]"
ISIC_0026182,nv,nv,True,0.9219123721122742,0.2863834798336029,"[4.3438340071588755e-05,0.0002052922354778275,0.001054362510330975,7.997149077709764e-05,0.0759354680776596,0.9219123721122742,0.0007690060883760452]"
ISIC_0025061,nv,nv,True,0.8113178610801697,0.6585679650306702,"[0.002811676822602749,0.003002407029271126,0.08115182816982269,0.0018160910112783313,0.09795880317687988,0.8113178610801697,0.0019414036069065332]"
ISIC_0031524,nv,nv,True,0.7787479758262634,0.5725011229515076,"[0.0009240221697837114,0.0004464358207769692,0.004176701419055462,0.0017706439830362797,0.21337975561618805,0.7787479758262634,0.0005544883897528052]"
ISIC_0029478,nv,nv,True,0.9513571858406067,0.203714057803154,"[7.90314661571756e-05,1.3391108041105326e-05,0.04684658348560333,0.00029203592566773295,0.0013187485747039318,0.9513571858406067,9.309261804446578e-05]"
ISIC_0030787,nv,nv,True,0.9765850901603699,0.12242287397384644,"[7.210832336568274e-06,2.0679577573901042e-05,1.7010961528285407e-05,0.003652192885056138,0.019569281488656998,0.9765850901603699,0.00014860158262308687]"
ISIC_0030980,nv,nv,True,0.9794177412986755,0.1226494312286377,"[9.38343582674861e-05,0.00013238484098110348,0.007895137183368206,6.436631520045921e-05,0.009309855289757252,0.9794177412986755,0.0030867247842252254]"
ISIC_0024597,nv,nv,True,0.9797438383102417,0.12041281908750534,"[0.00010886046220548451,0.0004572958860080689,0.010811245068907738,0.000252273166552186,0.007231397554278374,0.9797438383102417,0.0013951624277979136]"
ISIC_0026680,nv,nv,True,0.9554906487464905,0.234638974070549,"[0.0004032586875837296,6.317726365523413e-05,0.010798383504152298,0.006627531722187996,0.023929961025714874,0.9554906487464905,0.002686906373128295]"
ISIC_0031607,nv,nv,True,0.9797621369361877,0.10728851705789566,"[9.730060810397845e-06,4.788381193066016e-05,0.0003104891220573336,0.0014064799761399627,0.018237372860312462,0.9797621369361877,0.00022594339679926634]"
ISIC_0031992,nv,nv,True,0.9598494172096252,0.17560234665870667,"[0.00010069683048641309,0.0006043451721780002,0.00030075624817982316,0.00017612625379115343,0.038908690214157104,0.9598494172096252,5.9984431572956964e-05]"
ISIC_0026169,nv,nv,True,0.978972852230072,0.11613523215055466,"[1.3197126463637687e-05,1.3593912626674864e-05,0.0075215622782707214,7.884123078838456e-06,0.01345321536064148,0.978972852230072,1.7682186808087863e-05]"
ISIC_0028697,nv,nv,True,0.8621904850006104,0.44975942373275757,"[0.00011244772031204775,7.424207433359697e-05,0.12295235693454742,5.0787406507879496e-05,0.014591087587177753,0.8621904850006104,2.8635675334953703e-05]"
ISIC_0024869,nv,nv,True,0.7423557639122009,0.715347170829773,"[0.0012064005713909864,0.0033500089775770903,0.036438439041376114,0.0008150115027092397,0.2142082303762436,0.7423557639122009,0.0016261731507256627]"
ISIC_0024723,nv,nv,True,0.8295279741287231,0.48976320028305054,"[0.00035321482573635876,0.0003871832450386137,0.006417241878807545,2.9263175747473724e-05,0.16325877606868744,0.8295279741287231,2.640424281707965e-05]"
ISIC_0025684,nv,nv,True,0.606033980846405,0.9645710587501526,"[0.006245224736630917,0.00530729116871953,0.08839444816112518,0.002694949973374605,0.28934043645858765,0.606033980846405,0.0019836011342704296]"
ISIC_0032616,nv,nv,True,0.950284481048584,0.20773150026798248,"[2.4298909920617007e-05,0.00018746728892438114,0.0005191004602238536,0.0005015798378735781,0.04795026406645775,0.950284481048584,0.0005327314720489085]"
ISIC_0024892,nv,nv,True,0.907276451587677,0.3241717219352722,"[0.00010485797974979505,8.935033838497475e-05,0.0019889373797923326,0.0004039294144604355,0.08989736437797546,0.907276451587677,0.00023914947814773768]"
ISIC_0026425,nv,nv,True,0.9422578811645508,0.23579436540603638,"[2.0417788618942723e-05,3.3378506486769766e-05,0.0036207654047757387,4.8113517550518736e-05,0.053923219442367554,0.9422578811645508,9.630659042159095e-05]"
ISIC_0030614,nv,nv,True,0.9777719974517822,0.10757732391357422,"[6.228051461221185e-06,2.7322192181600258e-05,7.135802297852933e-05,1.5681736840633675e-05,0.022094184532761574,0.9777719974517822,1.3258232684165705e-05]"
ISIC_0032073,nv,nv,True,0.8749454617500305,0.5430423021316528,"[0.00017306761583313346,0.015299727208912373,0.026667524129152298,0.00038550319732166827,0.032085493206977844,0.8749454617500305,0.050443265587091446]"
ISIC_0027658,nv,nv,True,0.8521786332130432,0.521823525428772,"[0.0006287955911830068,0.00017393131565768272,0.020106583833694458,0.004739240277558565,0.11787469685077667,0.8521786332130432,0.004298044368624687]"
ISIC_0028678,nv,nv,True,0.7960756421089172,0.6024492979049683,"[0.0005077222594991326,9.270002919947729e-05,0.01642564870417118,0.0036739578936249018,0.1797662228345871,0.7960756421089172,0.0034581166692078114]"
ISIC_0025430,nv,nv,True,0.9792885184288025,0.10742006450891495,"[0.00015657507174182683,3.120075416518375e-05,0.01919541135430336,0.00011569800699362531,0.0011781237553805113,0.9792885184288025,3.445502807153389e-05]"
ISIC_0032483,nv,nv,True,0.9710643291473389,0.13249288499355316,"[9.519011655356735e-06,2.666142563612084e-06,7.224985165521502e-05,0.00011742741480702534,0.028724076226353645,0.9710643291473389,9.799537110666279e-06]"
ISIC_0028902,nv,nv,True,0.9562637805938721,0.19165220856666565,"[3.160908090649173e-05,7.043700315989554e-05,0.002068660221993923,0.0003960421308875084,0.04107565060257912,0.9562637805938721,9.375979425385594e-05]"
ISIC_0027597,nv,nv,True,0.9719127416610718,0.16037559509277344,"[0.0007618368254043162,0.003307337174192071,0.015311389230191708,0.0008676651632413268,0.007806105073541403,0.9719127416610718,3.2850715797394514e-05]"
ISIC_0030667,nv,nv,True,0.9900631308555603,0.05667458102107048,"[6.350912826746935e-06,8.653929398860782e-06,0.00010207665036432445,3.790898699662648e-05,0.009779333136975765,0.9900631308555603,2.5354170247737784e-06]"
ISIC_0030799,nv,nv,True,0.9504331946372986,0.1980079561471939,"[1.0877513886953238e-05,3.3781204820115818e-06,4.6204819227568805e-05,2.2703052309225313e-05,0.04947696626186371,0.9504331946372986,6.6701350078801624e-06]"
ISIC_0026371,nv,bkl,False,0.4831487238407135,1.1753281354904175,"[0.03446580097079277,0.0157576072961092,0.4831487238407135,0.0023517869412899017,0.11933383345603943,0.34385809302330017,0.0010841004550457]"
ISIC_0024857,nv,nv,True,0.7725793123245239,0.661431610584259,"[0.003178533399477601,0.0001879831834230572,0.18476374447345734,0.00041284519829787314,0.03877275809645653,0.7725793123245239,0.00010479346383363008]"
ISIC_0027518,nv,nv,True,0.9896396398544312,0.059954844415187836,"[3.36642847287294e-06,0.000471733626909554,2.311770549567882e-05,7.769884177832864e-06,0.009836734272539616,0.9896396398544312,1.7622631276026368e-05]"
ISIC_0026710,nv,nv,True,0.9756179451942444,0.13483992218971252,"[3.255914998590015e-05,9.114474232774228e-05,0.007148938253521919,0.0005807116976939142,0.01606527529656887,0.9756179451942444,0.0004634158103726804]"
ISIC_0027922,nv,nv,True,0.5955687761306763,0.834155797958374,"[0.025300603359937668,0.0007140393136069179,0.013411976397037506,8.69393115863204e-05,0.36483216285705566,0.5955687761306763,8.550039638066664e-05]"
ISIC_0025184,nv,nv,True,0.6644243001937866,0.7636608481407166,"[0.015134467743337154,0.0021051850635558367,0.011348512955009937,0.0001276760158361867,0.3067302405834198,0.6644243001937866,0.0001296505070058629]"
ISIC_0025613,nv,nv,True,0.9766938090324402,0.12237932533025742,"[3.943911724491045e-05,9.549128662911244e-06,8.484673890052363e-05,0.003917441703379154,0.019217325374484062,0.9766938090324402,3.7662692193407565e-05]"
ISIC_0030940,nv,nv,True,0.5378868579864502,1.194360613822937,"[0.16563785076141357,0.0012135005090385675,0.1879034787416458,0.00013880865299142897,0.10721257328987122,0.5378868579864502,6.91791819917853e-06]"
ISIC_0025410,nv,nv,True,0.8459210395812988,0.5631254315376282,"[0.0022535626776516438,0.0007000629557296634,0.08466514199972153,0.0027667609974741936,0.06337087601423264,0.8459210395812988,0.00032255632686428726]"
ISIC_0024912,nv,nv,True,0.938735842704773,0.2472744584083557,"[0.0001118671934818849,7.116253982530907e-05,0.0021999753080308437,0.0009996405569836497,0.057749371975660324,0.938735842704773,0.00013217871310189366]"
ISIC_0031731,nv,nv,True,0.9857296943664551,0.090203195810318,"[8.869577868608758e-06,0.001701184781268239,5.347423575585708e-05,0.0006353969220072031,0.008314489386975765,0.9857296943664551,0.0035568936727941036]"
ISIC_0026414,nv,mel,False,0.4259147047996521,1.0776965618133545,"[0.017733773216605186,0.0005492917262017727,0.12963515520095825,0.0011075482470914721,0.4259147047996521,0.42475563287734985,0.000303867447655648]"
ISIC_0025468,nv,nv,True,0.9033557772636414,0.3292725384235382,"[0.0001328159705735743,9.511339158052579e-05,0.09444943070411682,3.191275391145609e-05,0.0019176686182618141,0.9033557772636414,1.7346594177070074e-05]"
ISIC_0028910,nv,nv,True,0.9290485382080078,0.28907689452171326,"[6.0786933318013325e-05,0.0006838281988166273,0.0008097970858216286,0.001231002272106707,0.06310171633958817,0.9290485382080078,0.005064312368631363]"
ISIC_0027186,nv,nv,True,0.9209352135658264,0.35889899730682373,"[0.0007838500314392149,0.002878535771742463,0.05326138064265251,0.008262990973889828,0.012045454233884811,0.9209352135658264,0.0018326278077438474]"
ISIC_0029834,nv,nv,True,0.868044912815094,0.4348922669887543,"[0.0009098415612243116,0.0003008730127476156,0.008443678729236126,0.0005266903317533433,0.12139811366796494,0.868044912815094,0.0003758789971470833]"
ISIC_0033026,nv,nv,True,0.8034718632698059,0.6620565056800842,"[0.006213250569999218,0.0011559457052499056,0.11820109188556671,0.0006690322770737112,0.06979524344205856,0.8034718632698059,0.0004935091710649431]"
ISIC_0033774,nv,nv,True,0.8333324790000916,0.5739985704421997,"[0.0035702656023204327,0.0007804330671206117,0.04470483213663101,0.0005754719604738057,0.1167408898472786,0.8333324790000916,0.0002956739626824856]"
ISIC_0029949,nv,nv,True,0.9466181397438049,0.212920680642128,"[0.0001017394388327375,0.00015309690206777304,0.00024960050359368324,0.00015299998631235212,0.052708640694618225,0.9466181397438049,1.5786206859047525e-05]"
ISIC_0031965,nv,nv,True,0.7511888146400452,0.8798512816429138,"[0.014993744902312756,0.0035103107802569866,0.1073509156703949,0.03596697002649307,0.08471531420946121,0.7511888146400452,0.002273893915116787]"
ISIC_0025148,nv,nv,True,0.608925998210907,1.179437518119812,"[0.04710216075181961,0.03843054175376892,0.18487560749053955,0.00787130743265152,0.1103297770023346,0.608925998210907,0.002464583143591881]"
ISIC_0032956,nv,nv,True,0.7338587641716003,0.7152041792869568,"[0.003274621907621622,9.26139036891982e-05,0.04150105640292168,0.0002501050184946507,0.22093699872493744,0.7338587641716003,8.58517742017284e-05]"
ISIC_0030833,nv,nv,True,0.5688208937644958,1.0484694242477417,"[0.012803610414266586,0.00036713804001919925,0.25052326917648315,0.004030338488519192,0.1628849059343338,0.5688208937644958,0.0005698581808246672]"
ISIC_0031880,nv,nv,True,0.4888668954372406,1.1083616018295288,"[0.024332398548722267,0.0009774797363206744,0.3543572723865509,0.0050250934436917305,0.12548933923244476,0.4888668954372406,0.0009514495031908154]"
ISIC_0029677,nv,nv,True,0.9802260398864746,0.11741295456886292,"[0.0004323266912251711,0.002309253206476569,0.0016147168353199959,0.0014076457591727376,0.013809542171657085,0.9802260398864746,0.0002004894777201116]"
ISIC_0031405,nv,nv,True,0.7765407562255859,0.5396519899368286,"[5.7586104958318174e-05,0.0001267522166017443,0.0002226147335022688,0.0005793034797534347,0.22235539555549622,0.7765407562255859,0.00011757338506868109]"
ISIC_0027309,nv,nv,True,0.8972647786140442,0.4106079638004303,"[0.0001603713899385184,4.1900624637492e-05,0.06148236244916916,0.0016606341814622283,0.0390368290245533,0.8972647786140442,0.0003531671827659011]"
ISIC_0030895,nv,nv,True,0.9223524928092957,0.3283311724662781,"[0.0017816157778725028,0.00035546105937100947,0.05602965131402016,0.00021980670862831175,0.019221816211938858,0.9223524928092957,3.916862260666676e-05]"
ISIC_0025634,nv,nv,True,0.6723436117172241,0.9192724227905273,"[0.006210880354046822,0.005168201867491007,0.14502733945846558,0.0012535786954686046,0.169401153922081,0.6723436117172241,0.0005952329374849796]"
ISIC_0024390,nv,nv,True,0.8507288098335266,0.5709574222564697,"[0.015584792010486126,0.001157510094344616,0.049312230199575424,0.0008846901473589242,0.08226634562015533,0.8507288098335266,6.55959956930019e-05]"
ISIC_0025742,nv,nv,True,0.7941237092018127,0.6092647314071655,"[0.006713530980050564,0.0014097450766712427,0.018671317026019096,7.567188731627539e-05,0.17896731197834015,0.7941237092018127,3.8751390093239024e-05]"
ISIC_0032141,nv,nv,True,0.9872874021530151,0.0776258036494255,"[0.00012363283894956112,1.3329573448572773e-05,0.006884479895234108,3.708516487677116e-06,0.00568625470623374,0.9872874021530151,1.119433477470011e-06]"
ISIC_0029440,nv,nv,True,0.9654463529586792,0.19030258059501648,"[0.0013251403579488397,0.001388050732202828,0.01196886133402586,0.0021396148949861526,0.017591897398233414,0.9654463529586792,0.00013997721544001251]"
ISIC_0024308,nv,nv,True,0.904875636100769,0.3148220479488373,"[3.481518433545716e-06,4.751633241539821e-06,5.679447895090561e-06,3.59307014150545e-05,0.09506303817033768,0.904875636100769,1.1482630725367926e-05]"
ISIC_0026936,nv,nv,True,0.9715964198112488,0.1646289974451065,"[0.00020170339848846197,0.0011531957425177097,0.0055402303114533424,0.015732288360595703,0.004341275431215763,0.9715964198112488,0.001434844802133739]"
ISIC_0029140,nv,nv,True,0.8276202082633972,0.46047070622444153,"[3.3176102078869008e-06,2.63951119450212e-06,7.572408503619954e-05,2.8578758701769402e-06,0.17228947579860687,0.8276202082633972,5.699072062270716e-06]"
ISIC_0030557,nv,nv,True,0.7186499238014221,0.6049104928970337,"[2.8553438824019395e-05,5.513201540452428e-05,0.0006828537443652749,2.9297181754373014e-05,0.2798735201358795,0.7186499238014221,0.0006806704332120717]"
ISIC_0027963,nv,nv,True,0.723220944404602,0.6191664338111877,"[0.0006848424673080444,0.00017705661593936384,0.0036408964078873396,0.00019893878197763115,0.2718272805213928,0.723220944404602,0.0002500506234355271]"
ISIC_0026225,nv,nv,True,0.8548119068145752,0.510396420955658,"[0.0003310567117296159,0.0005672542611137033,0.012416309677064419,0.00027222218341194093,0.11703275144100189,0.8548119068145752,0.014568539336323738]"
ISIC_0032651,nv,nv,True,0.8010403513908386,0.5067065358161926,"[2.7537780624697916e-05,9.236086953023914e-06,0.0011344455415382981,2.7347281502443366e-05,0.19775071740150452,0.8010403513908386,1.0423255844216328e-05]"
ISIC_0033699,nv,nv,True,0.810200035572052,0.519584059715271,"[8.185878687072545e-05,2.6531060939305462e-05,0.007762887980788946,1.5123217963264324e-05,0.18190397322177887,0.810200035572052,9.542351108393632e-06]"
ISIC_0033915,nv,nv,True,0.7179572582244873,0.766506016254425,"[0.001843877020291984,0.0003266137791797519,0.06807675212621689,0.00014801132783759385,0.21146155893802643,0.7179572582244873,0.0001860219199443236]"
ISIC_0030136,nv,nv,True,0.9510462284088135,0.19647303223609924,"[1.4664514310425147e-05,1.4108024515735451e-05,4.304163667256944e-05,3.7992042052792385e-05,0.048829663544893265,0.9510462284088135,1.436842831026297e-05]"
ISIC_0030400,nv,nv,True,0.9912277460098267,0.05374772474169731,"[4.142489615333034e-06,1.2318116205278784e-05,0.0003581794735509902,0.00031514972215518355,0.007991363294422626,0.9912277460098267,9.105476783588529e-05]"
ISIC_0029999,nv,nv,True,0.9877843260765076,0.07303094863891602,"[1.5364361388492398e-05,3.351458872202784e-05,0.0014450314920395613,0.0002775804896373302,0.010239501483738422,0.9877843260765076,0.00020475173369050026]"
ISIC_0029354,nv,nv,True,0.5354089736938477,0.9406012892723083,"[0.004301499575376511,0.0013242093846201897,0.07424669712781906,0.0011990282218903303,0.38280269503593445,0.5354089736938477,0.0007168995216488838]"
ISIC_0031748,nv,nv,True,0.6622934937477112,0.689885139465332,"[0.00026960487593896687,0.0001463128428440541,0.009675056673586369,9.087110811378807e-05,0.32725560665130615,0.6622934937477112,0.00026910356245934963]"
ISIC_0031491,nv,nv,True,0.7045540809631348,1.0131736993789673,"[0.036638855934143066,0.007475552149116993,0.13414300978183746,0.05756913125514984,0.05818600952625275,0.7045540809631348,0.0014334552688524127]"
ISIC_0029118,nv,nv,True,0.6491963267326355,0.793988049030304,"[0.00321407662704587,0.00020581202988978475,0.038314640522003174,0.0006600513588637114,0.30833134055137634,0.6491963267326355,7.777957216603681e-05]"
ISIC_0031954,nv,nv,True,0.9898142218589783,0.059363268315792084,"[5.2810701163252816e-06,0.0001589136227266863,0.00033170258393511176,2.022984745053691e-06,0.00966355949640274,0.9898142218589783,2.4321203454746865e-05]"
ISIC_0032037,nv,nv,True,0.9931650757789612,0.04585539922118187,"[1.734365832817275e-05,9.796340600587428e-05,0.0005740372580476105,0.0005596957635134459,0.005486912559717894,0.9931650757789612,9.901594603434205e-05]"
ISIC_0031456,nv,nv,True,0.9560388326644897,0.21369758248329163,"[0.00011524288856890053,3.343476419104263e-05,0.02282022126019001,0.0002458828967064619,0.020648853853344917,0.9560388326644897,9.764079004526138e-05]"
ISIC_0030303,nv,bkl,False,0.5020686388015747,0.8453672528266907,"[0.010365855880081654,0.00100853166077286,0.5020686388015747,0.0015293328324332833,0.019283447414636612,0.4653516411781311,0.00039256614400073886]"
ISIC_0030930,nv,nv,True,0.7031503319740295,0.8315938711166382,"[0.0040442924946546555,0.0012386201415210962,0.0949850082397461,0.0010313240345567465,0.19503724575042725,0.7031503319740295,0.0005131125799380243]"
ISIC_0028488,nv,nv,True,0.742820680141449,0.7476255893707275,"[0.000940840516705066,0.0002707014500629157,0.16291454434394836,8.84511973708868e-05,0.09287330508232117,0.742820680141449,9.144494833890349e-05]"
ISIC_0029981,nv,nv,True,0.7594320774078369,0.627923846244812,"[0.0043236855417490005,0.0005430286983028054,0.22425583004951477,0.0012861868599429727,0.009985155425965786,0.7594320774078369,0.00017401501827407628]"
ISIC_0024790,nv,nv,True,0.855864405632019,0.5115354061126709,"[0.007608292158693075,0.0005779765779152513,0.014892052859067917,0.002717433264479041,0.11736804991960526,0.855864405632019,0.0009717762004584074]"
ISIC_0031371,nv,nv,True,0.9807804226875305,0.09629429876804352,"[2.3502152544097044e-06,1.7054292129614623e-06,0.00019458530005067587,2.0670033336500637e-05,0.018998395651578903,0.9807804226875305,1.7843893829194712e-06]"
ISIC_0026731,nv,nv,True,0.9897105097770691,0.05946759507060051,"[7.748404641461093e-06,0.00011661837925203145,0.0002299550687894225,1.336729656031821e-05,0.009886019863188267,0.9897105097770691,3.5880573705071583e-05]"
ISIC_0031202,nv,nv,True,0.9075098633766174,0.31001701951026917,"[3.809183181147091e-05,1.3760221008851659e-05,0.00013461176422424614,2.244490315206349e-05,0.09227550774812698,0.9075098633766174,5.834840521856677e-06]"
ISIC_0030892,nv,nv,True,0.7992576360702515,0.7099072337150574,"[0.005214618053287268,0.016666563227772713,0.110470712184906,0.0009606717503629625,0.06685943156480789,0.7992576360702515,0.0005703289061784744]"
ISIC_0034053,nv,nv,True,0.8322890400886536,0.5085457563400269,"[0.0022810546215623617,0.0030692927539348602,0.0028904590290039778,0.002224774332717061,0.1568538248538971,0.8322890400886536,0.0003915576671715826]"
ISIC_0029536,nv,nv,True,0.8510096669197083,0.47756919264793396,"[0.0008012672187760472,0.0003189139242749661,0.13458122313022614,0.0005762913497164845,0.012154906056821346,0.8510096669197083,0.0005576878320425749]"
ISIC_0030648,nv,nv,True,0.9896774291992188,0.05883283168077469,"[5.380636139307171e-06,4.21837421527016e-06,0.0002001360699068755,2.0757111997227184e-05,0.010073628276586533,0.9896774291992188,1.8446569811203517e-05]"
ISIC_0027020,nv,nv,True,0.758521556854248,0.5551936626434326,"[3.3470900234533474e-05,6.162852059787838e-06,0.0002149335778085515,1.5514655387960374e-05,0.2411971092224121,0.758521556854248,1.1261905456194654e-05]"
ISIC_0028390,nv,nv,True,0.7801827788352966,0.5272873044013977,"[7.645181540283374e-06,2.4932414817158133e-06,2.1660222046193667e-05,1.8718099454417825e-05,0.21975980699062347,0.7801827788352966,6.8728040787391365e-06]"
ISIC_0029199,nv,nv,True,0.8071503639221191,0.49367696046829224,"[2.584476169431582e-05,5.4860988711880054e-06,0.00037607798003591597,1.582201548444573e-05,0.19241303205490112,0.8071503639221191,1.3436580957204569e-05]"
ISIC_0027276,nv,nv,True,0.9401757121086121,0.23929905891418457,"[2.8570666472660378e-05,0.0023021709639579058,6.095115895732306e-05,5.760742715210654e-05,0.05707418546080589,0.9401757121086121,0.0003007162013091147]"
ISIC_0028805,nv,nv,True,0.9053497910499573,0.41814008355140686,"[0.0008123411680571735,0.007416679989546537,0.022514481097459793,0.002667489228770137,0.05763472616672516,0.9053497910499573,0.0036045308224856853]"
ISIC_0030071,nv,nv,True,0.8331798315048218,0.6263656616210938,"[0.002954147756099701,0.005331328138709068,0.01420370303094387,0.030040277168154716,0.11081220209598541,0.8331798315048218,0.0034785105381160975]"
ISIC_0024559,nv,nv,True,0.9904921650886536,0.06022437661886215,"[3.537478914950043e-05,1.7832002185969031e-06,0.003404675517231226,5.964903721178416e-06,0.006058430299162865,0.9904921650886536,1.5176257193161291e-06]"
ISIC_0025993,nv,nv,True,0.7589177489280701,0.56475430727005,"[0.0008226745994761586,3.3167134461109526e-06,0.0010444687213748693,1.3290572496771347e-05,0.2391960471868515,0.7589177489280701,2.3669617803534493e-06]"
ISIC_0031926,nv,nv,True,0.8589444756507874,0.5180099606513977,"[0.0017262001056224108,0.0003263978869654238,0.0595795139670372,0.0006920824525877833,0.07865355908870697,0.8589444756507874,7.777882274240255e-05]"
ISIC_0028638,nv,nv,True,0.9749739766120911,0.1208089292049408,"[8.21708636067342e-06,8.575275387556758e-06,0.0002577592385932803,0.000324012158671394,0.02435510978102684,0.9749739766120911,7.23205303074792e-05]"
ISIC_0031423,nv,nv,True,0.9942816495895386,0.03849119320511818,"[1.1063254987675464e-06,4.791193532582838e-06,0.0007416798616759479,6.046020644134842e-05,0.004758482798933983,0.9942816495895386,0.00015190101112239063]"
ISIC_0029952,nv,nv,True,0.9843099117279053,0.08225129544734955,"[3.6408123378350865e-06,2.452047283441061e-06,0.0002317039470653981,1.699569656921085e-05,0.015423025004565716,0.9843099117279053,1.2238015187904239e-05]"
ISIC_0031878,nv,nv,True,0.9904693961143494,0.06007998436689377,"[0.00012280755618121475,1.0412692063255236e-05,0.002460002899169922,8.356842045031954e-06,0.00692401360720396,0.9904693961143494,5.064022843725979e-06]"
ISIC_0032438,nv,nv,True,0.9922602772712708,0.045691996812820435,"[2.5655674562585773e-07,1.448165392048395e-07,1.869702282419894e-05,2.633252734085545e-05,0.007688908372074366,0.9922602772712708,5.3983940233592875e-06]"
ISIC_0028248,nv,nv,True,0.9914597272872925,0.05299650505185127,"[3.231135679016006e-06,3.986386673204834e-06,0.0008331913850270212,7.30576939531602e-05,0.007508540991693735,0.9914597272872925,0.00011826236004708335]"
ISIC_0027384,nv,nv,True,0.9692431092262268,0.15070192515850067,"[0.00024047082115430385,6.980782200116664e-05,0.02717106230556965,0.0002575383987277746,0.0029940353706479073,0.9692431092262268,2.406430030532647e-05]"
ISIC_0027524,nv,nv,True,0.9780424237251282,0.1151513159275055,"[1.2471203262975905e-05,0.0005738409236073494,0.0010050649289041758,1.2974754099559505e-05,0.01976531557738781,0.9780424237251282,0.000587962509598583]"
ISIC_0030742,nv,nv,True,0.49194929003715515,0.892480194568634,"[0.016627691686153412,0.00047851703129708767,0.028108591213822365,0.0019425033824518323,0.4606342315673828,0.49194929003715515,0.00025918352184817195]"
ISIC_0028441,nv,mel,False,0.3890945613384247,1.4616185426712036,"[0.23502087593078613,0.011438745073974133,0.08201060444116592,0.04959651082754135,0.3890945613384247,0.23126167058944702,0.0015770182944834232]"
ISIC_0031374,nv,mel,False,0.39572861790657043,1.2420109510421753,"[0.04588738828897476,0.00048538585542701185,0.20368635654449463,0.007076626177877188,0.39572861790657043,0.3466569185256958,0.00047873094445094466]"
ISIC_0034209,nv,bkl,False,0.727940559387207,0.7856762409210205,"[0.008248982019722462,7.24106066627428e-05,0.727940559387207,0.00044051578151993454,0.0761975571513176,0.18696746230125427,0.00013248142204247415]"
ISIC_0034297,nv,nv,True,0.723702073097229,0.7747765779495239,"[0.00466096680611372,0.0003297365619800985,0.0653492659330368,0.0013142985990270972,0.20446664094924927,0.723702073097229,0.00017706815560813993]"
ISIC_0025983,nv,nv,True,0.567639946937561,0.8325192928314209,"[0.003287091851234436,0.00027995265554636717,0.027516435831785202,0.0029499900992959738,0.3972751498222351,0.567639946937561,0.001051488216035068]"
ISIC_0025666,nv,nv,True,0.9696171879768372,0.15385036170482635,"[0.00010467395622981712,8.2957893027924e-05,0.006508186925202608,7.047088001854718e-05,0.023576954379677773,0.9696171879768372,3.9470080082537606e-05]"
ISIC_0027643,nv,nv,True,0.798354983329773,0.5223206281661987,"[0.0006857418920844793,0.000382929400075227,0.00186379614751786,0.00014173335512168705,0.19851161539554596,0.798354983329773,5.916331792832352e-05]"
ISIC_0026155,nv,nv,True,0.9783974885940552,0.1264791339635849,"[0.0013937702169641852,0.000531635305378586,0.0014482872793450952,0.003066068049520254,0.014928215183317661,0.9783974885940552,0.00023452474852092564]"
ISIC_0025343,nv,nv,True,0.9426935911178589,0.27456313371658325,"[9.131986007560045e-05,0.00012171411071904004,0.014437392354011536,0.0012589101679623127,0.03624032065272331,0.9426935911178589,0.005156814586371183]"
ISIC_0026007,nv,nv,True,0.975142776966095,0.14391496777534485,"[0.00012177106691524386,0.0039435261860489845,0.004362942650914192,0.00019293412333354354,0.01507571991533041,0.975142776966095,0.001160354819148779]"
ISIC_0028425,nv,nv,True,0.8007358312606812,0.6668896675109863,"[6.22031293460168e-05,0.00011053166963392869,0.011188548989593983,0.0003782942076213658,0.1237800270318985,0.8007358312606812,0.06374453008174896]"
ISIC_0029004,nv,nv,True,0.9703574180603027,0.15999865531921387,"[0.0002144847676390782,0.0006768100429326296,0.010260027833282948,0.00041440007044002414,0.017833469435572624,0.9703574180603027,0.0002434320776956156]"
ISIC_0031717,nv,nv,True,0.9139090180397034,0.34833335876464844,"[0.0010892432183027267,0.00028592123999260366,0.011158419772982597,0.0015237466432154179,0.0706714540719986,0.9139090180397034,0.0013622314436361194]"
ISIC_0031391,nv,nv,True,0.991592288017273,0.05085962638258934,"[2.8072558052372187e-05,1.968723336176481e-05,0.0003740204556379467,6.275867781369016e-05,0.007911285385489464,0.991592288017273,1.1876175449287985e-05]"
ISIC_0027110,nv,nv,True,0.8649085760116577,0.40545549988746643,"[0.00029541796538978815,0.00023628836788702756,0.0008173617534339428,4.105332482140511e-05,0.1336686611175537,0.8649085760116577,3.259605364291929e-05]"
ISIC_0029868,nv,nv,True,0.9629290103912354,0.19256925582885742,"[0.0008367479895241559,0.0005987820331938565,0.01436646655201912,0.0005232551484368742,0.02066766284406185,0.9629290103912354,7.82053466537036e-05]"
ISIC_0028405,nv,nv,True,0.9930527806282043,0.04802686348557472,"[0.00013552130258176476,9.892584785120562e-05,0.004116275813430548,0.00013302154548000544,0.002371524227783084,0.9930527806282043,9.1813642939087e-05]"
ISIC_0029151,nv,nv,True,0.9377734065055847,0.2413763850927353,"[8.069210707617458e-06,8.888028969522566e-05,3.522053157212213e-05,8.53057936183177e-05,0.06062579154968262,0.9377734065055847,0.0013833626871928573]"
ISIC_0027743,nv,nv,True,0.9295185208320618,0.2572096586227417,"[2.006481918215286e-05,7.91788443166297e-06,0.0002909321046900004,5.544495706999442e-06,0.07014493644237518,0.9295185208320618,1.2188627806608565e-05]"
ISIC_0028755,nv,nv,True,0.6577430963516235,0.8608129620552063,"[0.004979533609002829,0.0007955625769682229,0.27412742376327515,0.006795717868953943,0.05482390895485878,0.6577430963516235,0.0007348028011620045]"
ISIC_0027062,nv,nv,True,0.5255470275878906,0.9696375131607056,"[0.009049126878380775,0.0028076472226530313,0.3950226306915283,0.004606394562870264,0.0615776926279068,0.5255470275878906,0.0013894859002903104]"
ISIC_0026521,nv,nv,True,0.9892534613609314,0.06991240382194519,"[5.1163551688659936e-05,0.0010502610821276903,0.00246084644459188,0.00020983976719435304,0.006919197738170624,0.9892534613609314,5.5340085964417085e-05]"
ISIC_0025460,nv,nv,True,0.9557218551635742,0.21009600162506104,"[0.00018490030197426677,0.03571852296590805,0.002020058687776327,0.00015606825763825327,0.006024098955094814,0.9557218551635742,0.00017444146214984357]"
ISIC_0030588,nv,nv,True,0.773703932762146,0.7993239164352417,"[0.003667511511594057,0.09657104313373566,0.007066521793603897,0.01190589927136898,0.09944713860750198,0.773703932762146,0.007637978531420231]"
ISIC_0025511,nv,nv,True,0.7934077382087708,0.7877538204193115,"[0.0021448510233312845,0.07895197719335556,0.009049721993505955,0.015340364538133144,0.0797237902879715,0.7934077382087708,0.02138153463602066]"
ISIC_0030257,nv,nv,True,0.9670394659042358,0.17685134708881378,"[0.0005339421331882477,0.006719055585563183,0.0016298245172947645,0.0009023745660670102,0.022580167278647423,0.9670394659042358,0.0005951376515440643]"
ISIC_0030691,nv,nv,True,0.8131588101387024,0.4858940541744232,"[6.143244536360726e-05,3.9304912206716835e-05,0.00037313468055799603,2.752755426627118e-05,0.18629780411720276,0.8131588101387024,4.2082527215825394e-05]"
ISIC_0031053,nv,nv,True,0.7877758741378784,0.518162190914154,"[1.009898551274091e-05,7.760245352983475e-06,2.844828850356862e-05,3.153548823320307e-05,0.212094247341156,0.7877758741378784,5.200403757044114e-05]"
ISIC_0026611,nv,nv,True,0.7803462147712708,0.5561286211013794,"[0.0002515094820410013,0.00069523009005934,0.0040686544962227345,0.00015171224367804825,0.21429800987243652,0.7803462147712708,0.00018861834541894495]"
ISIC_0029269,nv,nv,True,0.94615238904953,0.21312659978866577,"[2.7659298211801797e-05,0.00018112073303200305,0.00013889391266275197,7.184854621300474e-05,0.053367409855127335,0.94615238904953,6.0698519519064575e-05]"
ISIC_0029976,nv,nv,True,0.9061879515647888,0.312751442193985,"[4.520351922110422e-06,1.8015707610175014e-05,7.662486314075068e-05,5.454205165733583e-05,0.09363960474729538,0.9061879515647888,1.8673688828130253e-05]"
ISIC_0031001,nv,nv,True,0.6663170456886292,0.7309973239898682,"[0.0003656212065834552,0.0011681915493682027,0.0187222957611084,0.00022015665308572352,0.31165811419487,0.6663170456886292,0.0015485651092603803]"
ISIC_0031441,nv,nv,True,0.9928271174430847,0.05129186436533928,"[0.00019643527048174292,0.0001026650788844563,0.0015247315168380737,0.0018123278860002756,0.003493876662105322,0.9928271174430847,4.2798641516128555e-05]"
ISIC_0028859,nv,nv,True,0.6521055102348328,0.7213063836097717,"[0.004155243746936321,0.0001452040596632287,0.008731908164918423,0.0014082998968660831,0.3332686424255371,0.6521055102348328,0.00018519670993555337]"
ISIC_0031772,nv,nv,True,0.9792467951774597,0.10507523268461227,"[2.1086119886604138e-05,7.4226782089681365e-06,0.0009194224840030074,9.452239282836672e-06,0.0197913758456707,0.9792467951774597,4.428481133800233e-06]"
ISIC_0025586,nv,nv,True,0.972137987613678,0.1443539708852768,"[0.00017242397007066756,0.0001471612777095288,0.006283652503043413,2.218610097770579e-05,0.021211829036474228,0.972137987613678,2.480877810739912e-05]"
ISIC_0030430,nv,nv,True,0.9763007164001465,0.12143459171056747,"[9.222366497851908e-05,0.00017940482939593494,0.0008922765264287591,0.000789772137068212,0.021678144112229347,0.9763007164001465,6.746956933056936e-05]"
ISIC_0024532,nv,nv,True,0.9793596267700195,0.1186748743057251,"[0.00039253849536180496,0.0006145065417513251,0.004005876835435629,0.000748873979318887,0.014794998802244663,0.9793596267700195,8.372920274268836e-05]"
ISIC_0027386,nv,nv,True,0.961254358291626,0.16566142439842224,"[2.2757660190109164e-05,1.0817823749675881e-05,0.0001111394667532295,8.12955477158539e-05,0.03851018100976944,0.961254358291626,9.569273970555514e-06]"
ISIC_0024465,nv,nv,True,0.9914165139198303,0.05515403300523758,"[3.9518303651675524e-07,1.9010057030754979e-06,0.00036166002973914146,0.006860827561467886,0.00019615092605818063,0.9914165139198303,0.0011626220075413585]"
ISIC_0025053,nv,nv,True,0.9880644679069519,0.07312282174825668,"[2.0589523046510294e-05,2.7113839678349905e-05,0.009182957001030445,0.0005417542415671051,0.0020864298567175865,0.9880644679069519,7.67582023399882e-05]"
ISIC_0027368,nv,nv,True,0.9355371594429016,0.24013543128967285,"[7.703077244514134e-06,8.992875422109137e-08,0.00013184382987674326,2.8662234399234876e-06,0.06432007998228073,0.9355371594429016,1.9804420503533038e-07]"
ISIC_0030085,nv,nv,True,0.6096362471580505,0.8450818657875061,"[0.0007035346352495253,0.00019985578546766192,0.05905970185995102,0.00016032636631280184,0.3299703299999237,0.6096362471580505,0.00027008168399333954]"
ISIC_0029348,nv,nv,True,0.6569608449935913,0.8047434687614441,"[0.0006336871883831918,6.976949953241274e-05,0.057096876204013824,8.793486631475389e-05,0.2849958539009094,0.6569608449935913,0.00015505707415286452]"
ISIC_0033622,nv,nv,True,0.8457018733024597,0.5186548829078674,"[0.0003920645685866475,0.00031027020304463804,0.022003378719091415,0.0021024257875978947,0.12763725221157074,0.8457018733024597,0.0018527903594076633]"
ISIC_0028098,nv,bkl,False,0.5058852434158325,1.0342893600463867,"[0.00899629294872284,0.000357915589120239,0.5058852434158325,0.0007288054330274463,0.13516265153884888,0.3487344980239868,0.00013461970956996083]"
ISIC_0028161,nv,nv,True,0.9200725555419922,0.2896667718887329,"[4.3600717617664486e-05,1.7206280972459354e-05,0.002122602192685008,7.831829134374857e-05,0.07765252888202667,0.9200725555419922,1.3209420103521552e-05]"
ISIC_0025386,nv,nv,True,0.8070133924484253,0.5225743055343628,"[0.0005183932953514159,9.154676081379876e-05,0.005982613191008568,4.728007843368687e-05,0.18628202378749847,0.8070133924484253,6.477635906776413e-05]"
ISIC_0024870,nv,nv,True,0.8229660987854004,0.4874727725982666,"[0.00017708366794977337,5.905719444854185e-05,0.0037254479248076677,2.2269756300374866e-05,0.17300854623317719,0.8229660987854004,4.152717156102881e-05]"
ISIC_0025261,nv,nv,True,0.9255795478820801,0.32727673649787903,"[0.0003895623376592994,6.238504283828661e-05,0.03588511422276497,0.0005632819375023246,0.03634093329310417,0.9255795478820801,0.0011792699806392193]"
ISIC_0027654,nv,nv,True,0.6626236438751221,0.8449360728263855,"[0.008089736104011536,0.0002804765827022493,0.27143844962120056,0.0013683546567335725,0.05489503964781761,0.6626236438751221,0.00130426452960819]"
ISIC_0031576,nv,nv,True,0.9722188711166382,0.14156652987003326,"[7.219916005851701e-05,8.159948629327118e-05,0.004312779754400253,0.0001768656075000763,0.02305314876139164,0.9722188711166382,8.452520705759525e-05]"
ISIC_0030703,nv,nv,True,0.9715691804885864,0.14690247178077698,"[2.5605380869819783e-05,3.057145659113303e-05,0.005648793652653694,1.5384039215859957e-05,0.022068018093705177,0.9715691804885864,0.000642362458165735]"
ISIC_0024523,nv,nv,True,0.987082839012146,0.07880371809005737,"[3.507576184347272e-05,2.6258669549861224e-06,0.00392678938806057,0.0003728897136170417,0.008573249913752079,0.987082839012146,6.528397079819115e-06]"
ISIC_0026564,nv,nv,True,0.9185850024223328,0.31524091958999634,"[0.00010376737918704748,1.8952003301819786e-05,0.005447215400636196,0.0022876248694956303,0.07328274846076965,0.9185850024223328,0.000274751364486292]"
ISIC_0033512,nv,mel,False,0.7146397829055786,0.943217933177948,"[0.021341202780604362,0.12195418030023575,0.0015985461650416255,0.01480843499302864,0.7146397829055786,0.11715956032276154,0.008498328737914562]"
ISIC_0032788,nv,mel,False,0.5625422596931458,1.127755045890808,"[0.01866462454199791,0.21258072555065155,0.002363924402743578,0.008542796596884727,0.5625422596931458,0.1893344223499298,0.005971185863018036]"
ISIC_0024872,nv,nv,True,0.957403838634491,0.2073090821504593,"[3.273490074207075e-05,1.1403063581383321e-05,0.022841010242700577,0.00023736816365271807,0.019452739506959915,0.957403838634491,2.0822455553570762e-05]"
ISIC_0028999,nv,nv,True,0.5206855535507202,0.6999077200889587,"[0.0001482478983234614,1.4172251212585252e-05,0.0007470135460607708,2.9079428713885136e-05,0.4783559739589691,0.5206855535507202,2.0037910871906206e-05]"
ISIC_0028244,nv,nv,True,0.8452181220054626,0.44382020831108093,"[0.0007628393359482288,1.3299574675329495e-05,0.000415879359934479,0.0007650574552826583,0.15279793739318848,0.8452181220054626,2.689102439035196e-05]"
ISIC_0024363,nv,nv,True,0.6916180849075317,0.8566874861717224,"[0.013716778717935085,0.0016188393346965313,0.05592544749379158,0.00393138499930501,0.23152464628219604,0.6916180849075317,0.0016647969605401158]"
ISIC_0030210,nv,nv,True,0.8527621626853943,0.5423414707183838,"[0.002260704757645726,0.0007080269861035049,0.03967009857296944,0.0032413071021437645,0.09956938773393631,0.8527621626853943,0.0017882930114865303]"
ISIC_0025537,nv,nv,True,0.8982398509979248,0.3930310606956482,"[0.0005945441662333906,0.004365593194961548,0.008833925239741802,0.00159692473243922,0.08549048751592636,0.8982398509979248,0.0008786466205492616]"
ISIC_0025864,nv,nv,True,0.867140531539917,0.40882012248039246,"[0.00013928728003520519,5.9884147049160674e-05,0.002741948701441288,0.0002522979921195656,0.12964081764221191,0.867140531539917,2.5192952307406813e-05]"
ISIC_0026196,nv,nv,True,0.9663669466972351,0.15282396972179413,"[2.0344944005046273e-06,4.641634063773381e-07,0.0005763611407019198,0.0003685652045533061,0.0325811542570591,0.9663669466972351,0.00010453601134940982]"
ISIC_0024385,nv,nv,True,0.9232523441314697,0.3574398159980774,"[0.003715046215802431,0.010162950493395329,0.019656183198094368,0.0003110555117018521,0.0426689013838768,0.9232523441314697,0.0002335072058485821]"
ISIC_0031669,nv,nv,True,0.916778028011322,0.3489549160003662,"[0.002150018699467182,0.002341560088098049,0.009075051173567772,0.0025036975275725126,0.06666665524244308,0.916778028011322,0.00048492601490579545]"
ISIC_0033511,nv,nv,True,0.8674353957176208,0.4000491499900818,"[0.00022210896713659167,0.00023579111439175904,0.00040162261575460434,0.00028501084307208657,0.13133853673934937,0.8674353957176208,8.159734716173261e-05]"
ISIC_0032641,nv,nv,True,0.6731995344161987,0.8767184615135193,"[0.005946406163275242,0.0014937412925064564,0.09417062252759933,0.0010930722346529365,0.22334922850131989,0.6731995344161987,0.0007473587174899876]"
ISIC_0033345,nv,nv,True,0.8008092045783997,0.5008371472358704,"[2.4059834686340764e-05,2.3830929421819746e-05,3.793773430516012e-05,5.298676842357963e-05,0.19902944564819336,0.8008092045783997,2.2437698135036044e-05]"
ISIC_0026946,nv,nv,True,0.9673124551773071,0.16254086792469025,"[8.35126411402598e-05,3.394313171156682e-05,0.007438068278133869,1.662540489633102e-05,0.02510525844991207,0.9673124551773071,1.0192266927333549e-05]"
ISIC_0029011,nv,nv,True,0.9847666621208191,0.0891193151473999,"[5.829843576066196e-05,0.0001471750292694196,0.003389313817024231,0.00015314892516471446,0.011454397812485695,0.9847666621208191,3.088315133936703e-05]"
ISIC_0033633,nv,nv,True,0.6941332817077637,0.7775431871414185,"[0.003677892731502652,0.0011128407204523683,0.04822013899683952,5.8043482567882165e-05,0.2526116371154785,0.6941332817077637,0.00018621498020365834]"
ISIC_0034199,nv,nv,True,0.8556154370307922,0.5707741975784302,"[0.001958918059244752,0.02594497799873352,0.037662018090486526,0.00021080246369820088,0.07764621824026108,0.8556154370307922,0.0009616571478545666]"
ISIC_0032998,nv,nv,True,0.7584184408187866,0.7336493730545044,"[0.0015821123961359262,0.001133036334067583,0.07616357505321503,0.0008837692439556122,0.16021421551704407,0.7584184408187866,0.0016048070974647999]"
ISIC_0025501,nv,nv,True,0.8693493008613586,0.4870110750198364,"[8.419507503276691e-05,5.336292088031769e-05,0.017051193863153458,0.10045912861824036,0.00982324406504631,0.8693493008613586,0.0031794847454875708]"
ISIC_0027233,nv,nv,True,0.9952699542045593,0.03293801099061966,"[1.168933158623986e-05,0.00022828408691566437,0.0006401017890311778,4.973611339664785e-06,0.003842367557808757,0.9952699542045593,2.6759682896226877e-06]"
ISIC_0031732,nv,nv,True,0.7638542056083679,0.5645222067832947,"[0.0002979368146043271,0.00023360608611255884,0.0019653593190014362,0.00012830831110477448,0.23335951566696167,0.7638542056083679,0.00016112295270431787]"
ISIC_0032186,nv,nv,True,0.4833443760871887,1.0727890729904175,"[0.008792383596301079,0.000548932293895632,0.33521395921707153,0.0007687099860049784,0.17114050686359406,0.4833443760871887,0.0001910831779241562]"
ISIC_0031913,nv,mel,False,0.5563615560531616,1.0658341646194458,"[0.01595202460885048,0.0010968591086566448,0.21225659549236298,0.0006151768611744046,0.5563615560531616,0.2133345901966095,0.00038317529833875597]"
ISIC_0026901,nv,nv,True,0.6816334128379822,0.7777799367904663,"[0.008360224775969982,0.0005782230873592198,0.0267634354531765,0.002599285449832678,0.279606431722641,0.6816334128379822,0.0004590569587890059]"
ISIC_0031560,nv,nv,True,0.846807599067688,0.43737471103668213,"[6.778227543691173e-05,0.00014715791621711105,0.0003676431661006063,0.000517424603458494,0.1519167423248291,0.846807599067688,0.0001756529527483508]"
ISIC_0025809,nv,nv,True,0.5661344528198242,0.9408169984817505,"[0.0036778270732611418,0.0014403333188965917,0.0872807577252388,0.0007704572635702789,0.3402401804924011,0.5661344528198242,0.0004559539374895394]"
ISIC_0029042,nv,nv,True,0.9837023019790649,0.08492898941040039,"[7.282771093741758e-06,2.995029262820026e-06,0.00032006611581891775,3.288669745415973e-07,0.015966881066560745,0.9837023019790649,8.027858200421178e-08]"
ISIC_0032205,nv,nv,True,0.9816712737083435,0.11323777586221695,"[1.355160384264309e-05,1.526217420178e-05,0.005887755658477545,0.0033499051351100206,0.008217766880989075,0.9816712737083435,0.0008444805862382054]"
ISIC_0028624,nv,nv,True,0.987380862236023,0.07328534871339798,"[5.200975010666298e-06,1.9041728592128493e-05,0.0018443965818732977,1.1038861885026563e-05,0.010733905248343945,0.987380862236023,5.5422569857910275e-06]"
ISIC_0029381,nv,nv,True,0.9637536406517029,0.17547103762626648,"[0.00012079268344677985,0.00030324707040563226,0.0054270732216537,0.00018560365424491465,0.030101466923952103,0.9637536406517029,0.00010822222247952595]"
ISIC_0028634,nv,nv,True,0.9000343084335327,0.3349689841270447,"[0.00015687821723986417,3.086451442868565e-06,0.0007842277409508824,0.0006761867552995682,0.09833225607872009,0.9000343084335327,1.3002144441998098e-05]"
ISIC_0026479,nv,nv,True,0.8176205158233643,0.6117994785308838,"[0.0007671908824704587,0.0005758381448686123,0.024494625627994537,0.14263173937797546,0.008559776470065117,0.8176205158233643,0.005350303836166859]"
ISIC_0029228,nv,nv,True,0.9732887148857117,0.14402247965335846,"[7.485324658773607e-06,5.9458930081746075e-06,0.0059217773377895355,0.00025820109294727445,0.01905902475118637,0.9732887148857117,0.0014589051716029644]"
ISIC_0030973,nv,nv,True,0.5899728536605835,0.8765237331390381,"[0.01675824634730816,0.000335977238137275,0.034319568425416946,0.0012776919174939394,0.3570905029773712,0.5899728536605835,0.00024522325838916004]"
ISIC_0030444,nv,nv,True,0.4885222017765045,1.110151767730713,"[0.03485800325870514,0.0006548126693814993,0.11191198229789734,0.00355539470911026,0.35973769426345825,0.4885222017765045,0.0007599068339914083]"
ISIC_0031472,nv,nv,True,0.9953515529632568,0.030561504885554314,"[3.3659924270068586e-07,3.417806055949768e-07,6.501607913378393e-06,0.00020307821978349239,0.004429156426340342,0.9953515529632568,9.092917935049627e-06]"
ISIC_0031646,nv,nv,True,0.6241735816001892,1.001787543296814,"[0.005465969908982515,0.005465243477374315,0.19270753860473633,0.004247832112014294,0.1660146862268448,0.6241735816001892,0.0019251391058787704]"
ISIC_0031385,nv,nv,True,0.660650908946991,1.0507292747497559,"[0.006288021337240934,0.11192191392183304,0.10873524099588394,0.000671836081892252,0.11002322286367416,0.660650908946991,0.0017089099856093526]"
ISIC_0029953,nv,nv,True,0.5340049266815186,0.8223870992660522,"[0.015825027599930763,5.0981783715542406e-05,0.01322641409933567,0.00024268343986477703,0.4366307258605957,0.5340049266815186,1.9235747458878905e-05]"
ISIC_0024682,nv,nv,True,0.6130659580230713,0.9618561267852783,"[0.006199460010975599,0.019572755321860313,0.05474703758955002,0.00046691062743775547,0.3002302944660187,0.6130659580230713,0.0057175313122570515]"
ISIC_0026166,nv,nv,True,0.45157966017723083,1.1261098384857178,"[0.015338106080889702,0.0003680471272673458,0.3154085874557495,0.00039502509753219783,0.21671320497989655,0.45157966017723083,0.00019737283582799137]"
ISIC_0024764,nv,nv,True,0.914394736289978,0.3556860685348511,"[0.00012634118320420384,0.0001150885145762004,0.057578835636377335,0.00025506000383757055,0.025859011337161064,0.914394736289978,0.0016708597540855408]"
ISIC_0033072,nv,nv,True,0.5135277509689331,1.1409912109375,"[0.001525677740573883,0.00551944226026535,0.01088909525424242,0.006840313784778118,0.22977237403392792,0.5135277509689331,0.231925368309021]"
ISIC_0034122,nv,nv,True,0.8803493976593018,0.3917195200920105,"[2.740930358413607e-05,3.896885391441174e-05,0.004452401772141457,0.000489457102958113,0.114235520362854,0.8803493976593018,0.0004069178248755634]"
ISIC_0033281,nv,nv,True,0.9479674696922302,0.21473172307014465,"[2.948877045128029e-05,6.843781739007682e-05,0.0013890971895307302,0.0003901967138517648,0.05003996193408966,0.9479674696922302,0.00011524836008902639]"
ISIC_0033285,nv,nv,True,0.9467200636863708,0.22421596944332123,"[9.505305206403136e-05,0.00022912185522727668,0.0024813576601445675,0.0004957979544997215,0.04980107769370079,0.9467200636863708,0.00017753083375282586]"
ISIC_0026972,nv,nv,True,0.9213465452194214,0.3011932373046875,"[1.9658904420793988e-05,5.726514700654661e-06,0.006360920611768961,0.0003627289261203259,0.0717489942908287,0.9213465452194214,0.00015534122940152884]"
ISIC_0029955,nv,nv,True,0.9905429482460022,0.05699478089809418,"[1.0585880772850942e-05,0.0001357470900984481,0.00030722731025889516,0.00017687460058368742,0.008739280514419079,0.9905429482460022,8.730163244763389e-05]"
ISIC_0025236,nv,nv,True,0.949769914150238,0.2272326797246933,"[0.00010035252489615232,4.227330646244809e-05,0.0030921853613108397,0.004123706370592117,0.04264815151691437,0.949769914150238,0.00022343924501910806]"
ISIC_0030858,nv,nv,True,0.8687258362770081,0.42044487595558167,"[0.00010249551996821538,0.0007884454098530114,0.0006962699117138982,0.00018348144658375531,0.12478375434875488,0.8687258362770081,0.004719744436442852]"
ISIC_0030609,nv,nv,True,0.6446373462677002,0.7110642194747925,"[0.0011670331005007029,7.94310835772194e-05,0.011024259962141514,0.00012362637789919972,0.34278398752212524,0.6446373462677002,0.00018425598682370037]"
ISIC_0033474,nv,nv,True,0.6370705366134644,0.7932982444763184,"[0.013606292195618153,3.7622987292706966e-05,0.020551105961203575,0.0001724064495647326,0.32854601740837097,0.6370705366134644,1.605547367944382e-05]"
ISIC_0026161,nv,nv,True,0.9935076236724854,0.04263234883546829,"[2.550044700910803e-05,6.349273462546989e-05,0.0010148680303245783,1.2388259165163618e-05,0.005369936116039753,0.9935076236724854,6.165590548334876e-06]"
ISIC_0026932,nv,nv,True,0.6022489666938782,0.9673657417297363,"[0.0003222667146474123,0.004453126806765795,0.0031151347793638706,0.10239913314580917,0.005088624078780413,0.6022489666938782,0.2823728024959564]"
ISIC_0032263,nv,nv,True,0.9623013734817505,0.16475285589694977,"[2.802347626129631e-05,0.00011827547859866172,0.00024695080355741084,0.00017084686260204762,0.03705228865146637,0.9623013734817505,8.233338303398341e-05]"
ISIC_0025001,nv,nv,True,0.9068278074264526,0.35263341665267944,"[0.0004579245578497648,0.0007863605860620737,0.006184296682476997,0.0008960471022874117,0.08329463750123978,0.9068278074264526,0.0015528841177001595]"
ISIC_0028800,nv,nv,True,0.8748123645782471,0.4107900559902191,"[0.00029664169414900243,7.937653572298586e-05,0.005987642798572779,0.0007510573486797512,0.1177339181303978,0.8748123645782471,0.00033904516021721065]"
ISIC_0028327,nv,nv,True,0.9888498187065125,0.07124167680740356,"[6.377635145327076e-05,3.554448267095722e-05,0.0066425190307199955,0.0006506351055577397,0.003740547224879265,0.9888498187065125,1.7140946511062793e-05]"
ISIC_0031100,nv,nv,True,0.9985128045082092,0.012658500112593174,"[1.7860558045867947e-06,7.4193217187712435e-06,0.0007588916923850775,7.498210470657796e-05,0.0005984440795145929,0.9985128045082092,4.564075425150804e-05]"
ISIC_0031886,nv,nv,True,0.9946104288101196,0.0384213887155056,"[2.0563305952236988e-05,1.5067466847540345e-05,0.0036517581902444363,0.0011258003069087863,0.0005033006891608238,0.9946104288101196,7.306806946871802e-05]"
ISIC_0034114,nv,nv,True,0.771214485168457,0.6708617210388184,"[0.00434452760964632,0.002583111869171262,0.005346460267901421,0.01870441623032093,0.19636055827140808,0.771214485168457,0.0014463885454460979]"
ISIC_0032705,nv,nv,True,0.6270413994789124,0.7426872849464417,"[0.00010784326150314882,6.566137017216533e-05,0.006799575872719288,0.00011158303095726296,0.35595276951789856,0.6270413994789124,0.009921211749315262]"
ISIC_0034198,nv,nv,True,0.6001189351081848,0.9868121147155762,"[0.00013358939031604677,0.0004454740264918655,0.017480073496699333,0.0003011271473951638,0.2648075222969055,0.6001189351081848,0.11671330034732819]"
ISIC_0033658,nv,nv,True,0.6672579646110535,0.8997870087623596,"[0.00033611978869885206,0.0002288435644004494,0.21883130073547363,0.00030566295026801527,0.09827202558517456,0.6672579646110535,0.014768063090741634]"
ISIC_0033046,nv,nv,True,0.586353600025177,0.8294516801834106,"[0.0008292072452604771,0.00040907887159846723,0.029029851779341698,0.0004431449924595654,0.3762677311897278,0.586353600025177,0.0066673485562205315]"
ISIC_0032689,nv,nv,True,0.7644059062004089,0.7365615963935852,"[0.0008802776574157178,0.000987298204563558,0.06307347118854523,0.0006078551523387432,0.16002018749713898,0.7644059062004089,0.01002490147948265]"
ISIC_0030862,nv,nv,True,0.8948137760162354,0.33873552083969116,"[1.0877424756472465e-05,1.1004374755430035e-05,0.00018302761600352824,6.354613287840039e-05,0.10488439351320267,0.8948137760162354,3.333320637466386e-05]"
ISIC_0030724,nv,nv,True,0.9527226090431213,0.2222854346036911,"[1.3598366422229446e-05,0.0009390210616402328,0.00042962905718013644,0.00039347863639704883,0.03664344921708107,0.9527226090431213,0.008858214132487774]"
ISIC_0030301,nv,nv,True,0.9976383447647095,0.017774267122149467,"[5.547518867388135e-06,6.7622618189489e-06,0.0019991304725408554,8.849088771967217e-06,0.00033896445529535413,0.9976383447647095,2.473017275406164e-06]"
ISIC_0028429,nv,nv,True,0.7306100130081177,0.6252239346504211,"[0.0012253718450665474,0.0001542141253594309,0.006425941828638315,0.00023412630253005773,0.26120442152023315,0.7306100130081177,0.00014586086035706103]"
ISIC_0032375,nv,nv,True,0.7866019606590271,0.5302945375442505,"[0.00013663180288858712,4.256380634615198e-05,0.0015379157848656178,7.134699262678623e-05,0.21154771745204926,0.7866019606590271,6.182345532579347e-05]"
ISIC_0027551,nv,nv,True,0.9655506014823914,0.15845388174057007,"[3.532633127178997e-05,3.7003164834459312e-06,0.0021952753886580467,6.103944997448707e-06,0.032206013798713684,0.9655506014823914,2.969657771245693e-06]"
ISIC_0027576,nv,nv,True,0.9857956171035767,0.08736394345760345,"[1.1295449439785443e-05,0.0002007301663979888,5.7103705330519006e-05,0.005941556766629219,0.0075163450092077255,0.9857956171035767,0.0004773237160407007]"
ISIC_0029459,nv,nv,True,0.4970833659172058,1.2649050951004028,"[0.04701194539666176,0.0032193970400840044,0.2606240212917328,0.024972643703222275,0.16442304849624634,0.4970833659172058,0.0026655741967260838]"
ISIC_0032454,nv,nv,True,0.9448322653770447,0.2158052921295166,"[4.187672311672941e-05,2.9631207780767e-06,0.0001602961274329573,8.87947462615557e-05,0.05484914407134056,0.9448322653770447,2.4776045393082313e-05]"
ISIC_0027271,nv,nv,True,0.5861007571220398,1.015893578529358,"[0.06774250417947769,0.008288749493658543,0.029773926362395287,0.001419405685737729,0.30608898401260376,0.5861007571220398,0.0005857537034898996]"
ISIC_0024497,nv,nv,True,0.6102399230003357,0.8413175940513611,"[0.023041151463985443,0.0034821839071810246,0.012411302886903286,0.001046629622578621,0.3492056727409363,0.6102399230003357,0.0005731527926400304]"
ISIC_0028040,nv,nv,True,0.9516606330871582,0.2136039286851883,"[0.0001381236652377993,9.272062015952542e-05,0.0055228956043720245,8.068107854342088e-05,0.04241328313946724,0.9516606330871582,9.16445060283877e-05]"
ISIC_0032467,nv,nv,True,0.9544922709465027,0.19774051010608673,"[5.4634016123600304e-05,0.0009093364351429045,0.001534110400825739,7.851303234929219e-05,0.042857248336076736,0.9544922709465027,7.38009184715338e-05]"
ISIC_0028521,nv,nv,True,0.9806708097457886,0.11766970157623291,"[1.6983094610623084e-05,0.00013134806067682803,0.00037307158345356584,0.005359448026865721,0.00937037356197834,0.9806708097457886,0.004077964462339878]"
ISIC_0027266,nv,nv,True,0.9678395390510559,0.1660372018814087,"[0.0001890628773253411,0.00019002726185135543,0.005641649942845106,0.0012880206340923905,0.02456897683441639,0.9678395390510559,0.0002826617273967713]"
ISIC_0025271,nv,nv,True,0.6196650266647339,1.029097557067871,"[0.010732751339673996,0.009718066081404686,0.14881697297096252,0.004621659871190786,0.20572839677333832,0.6196650266647339,0.0007171015604399145]"
ISIC_0027867,nv,nv,True,0.8611055612564087,0.4316805899143219,"[0.00032361329067498446,0.0005355572211556137,0.13383495807647705,0.0014765774831175804,0.00214729318395257,0.8611055612564087,0.0005764795932918787]"
ISIC_0027469,nv,nv,True,0.7803407311439514,0.5595489144325256,"[0.00042304754606448114,2.4894156013033353e-05,0.005995296407490969,0.00012141557817813009,0.2129450887441635,0.7803407311439514,0.00014953540812712163]"
ISIC_0031582,nv,nv,True,0.6089162826538086,0.7653270959854126,"[2.7797389066108735e-06,0.0001062102455762215,0.020659852772951126,0.00029900905792601407,0.0018790584290400147,0.6089162826538086,0.36813685297966003]"
ISIC_0027205,nv,nv,True,0.9556450247764587,0.19381767511367798,"[0.00029433349845930934,0.00030612089904025197,0.0011953414650633931,0.00045909994514659047,0.04200772941112518,0.9556450247764587,9.237604535883293e-05]"
ISIC_0030162,nv,nv,True,0.9523078799247742,0.19945448637008667,"[7.514603930758312e-05,9.712033352116123e-05,0.00042778250644914806,0.0004763957695104182,0.046389635652303696,0.9523078799247742,0.00022599034127779305]"
ISIC_0032256,nv,nv,True,0.9960092306137085,0.02870526909828186,"[1.0131185263162479e-05,1.4690217540191952e-06,0.0013195512583479285,6.170737378852209e-06,0.002650508191436529,0.9960092306137085,2.9447630822687643e-06]"
ISIC_0029577,nv,nv,True,0.6211687922477722,0.7633932828903198,"[0.004537742584943771,0.0013367554638534784,0.0138646075502038,0.0007921128999441862,0.3581176996231079,0.6211687922477722,0.00018235360039398074]"
ISIC_0024560,nv,nv,True,0.6662471294403076,0.9183518886566162,"[0.029810333624482155,0.0018061220180243254,0.06321310997009277,0.0022794492542743683,0.23635928332805634,0.6662471294403076,0.0002845888666342944]"
ISIC_0029863,nv,nv,True,0.9800274968147278,0.1074775978922844,"[3.4969036732945824e-06,2.363842213526368e-05,0.003021185053512454,2.663618215592578e-05,0.016790542751550674,0.9800274968147278,0.00010701857536332682]"
ISIC_0027411,nv,nv,True,0.9947275519371033,0.03549473360180855,"[2.157740709662903e-06,4.117004834824911e-07,0.0009068778017535806,1.4585439203074202e-05,0.004343351349234581,0.9947275519371033,5.130797944730148e-06]"
ISIC_0026921,nv,nv,True,0.5566444993019104,0.8273724913597107,"[0.005639799404889345,9.906409832183272e-05,0.029331577941775322,0.00016507542750332505,0.4080752730369568,0.5566444993019104,4.4706226617563516e-05]"
ISIC_0031714,nv,nv,True,0.47969484329223633,1.1532546281814575,"[0.03684373199939728,0.009039212018251419,0.13081136345863342,0.00035277416463941336,0.3431727886199951,0.47969484329223633,8.530501509085298e-05]"
ISIC_0026193,nv,nv,True,0.8517331480979919,0.4215846359729767,"[2.5847641154541634e-05,8.398482350457925e-06,7.960692892083898e-05,7.583898695884272e-05,0.14805422723293304,0.8517331480979919,2.293481884407811e-05]"
ISIC_0031343,nv,nv,True,0.8645333051681519,0.43067851662635803,"[0.0009881554869934916,0.0002712624554987997,0.006008511874824762,0.0001485240791225806,0.12798753380775452,0.8645333051681519,6.273809412959963e-05]"
ISIC_0032247,df,bcc,False,0.39518165588378906,1.5786818265914917,"[0.08603017777204514,0.39518165588378906,0.031796690076589584,0.2524974048137665,0.051889412105083466,0.15382789075374603,0.02877674624323845]"
ISIC_0031429,df,nv,False,0.6862039566040039,1.029357671737671,"[0.004235446453094482,0.03480254486203194,0.010925278067588806,0.059929367154836655,0.171858549118042,0.6862039566040039,0.03204488754272461]"
ISIC_0025302,df,df,True,0.4984893798828125,1.3548849821090698,"[0.03299955651164055,0.006974495016038418,0.08633796870708466,0.4984893798828125,0.13404537737369537,0.23265069723129272,0.008502534590661526]"
ISIC_0025771,df,df,True,0.8939961194992065,0.46107017993927,"[0.0009221541695296764,0.0019551508594304323,0.0009665401885285974,0.8939961194992065,0.018680188804864883,0.0289797093719244,0.05450013652443886]"
ISIC_0025980,df,nv,False,0.9283363819122314,0.32980483770370483,"[0.00020797007891815156,0.00012811919441446662,0.0052268547005951405,0.03258384019136429,0.03236289694905281,0.9283363819122314,0.0011539154220372438]"
ISIC_0033422,df,df,True,0.9458157420158386,0.2916037440299988,"[0.0024666772224009037,0.006290883757174015,0.0006323144189082086,0.9458157420158386,0.014325990341603756,0.018603531643748283,0.011864911764860153]"
ISIC_0027488,df,df,True,0.9661101698875427,0.20432761311531067,"[0.008005493320524693,0.006279785186052322,0.0007946573314256966,0.9661101698875427,0.008449266664683819,0.005299658048897982,0.00506094004958868]"
ISIC_0031123,df,df,True,0.49355942010879517,1.3110498189926147,"[0.013898930512368679,0.2763154208660126,0.011354131624102592,0.49355942010879517,0.024005457758903503,0.13883571326732635,0.04203091934323311]"
ISIC_0024845,df,nv,False,0.7275406718254089,0.8037101626396179,"[0.001240201061591506,0.0011914403876289725,0.0058421301655471325,0.1962522566318512,0.06039915978908539,0.7275406718254089,0.007534129079431295]"
ISIC_0028926,df,bcc,False,0.39349380135536194,1.5973734855651855,"[0.18632179498672485,0.39349380135536194,0.013180115260183811,0.16553995013237,0.1143694594502449,0.1088167354464531,0.018278131261467934]"
ISIC_0030870,df,df,True,0.9498337507247925,0.25699397921562195,"[0.0013897892786189914,0.0011749138357117772,0.0022232672199606895,0.9498337507247925,0.0023516041692346334,0.027956264093518257,0.01507034432142973]"
ISIC_0028220,mel,mel,True,0.4760604500770569,1.375947117805481,"[0.12459701299667358,0.06592317670583725,0.10836245119571686,0.0006315747159533203,0.4760604500770569,0.22400647401809692,0.00041876357863657176]"
ISIC_0033901,mel,mel,True,0.5452669858932495,0.9914703369140625,"[0.0011428468860685825,0.03795158863067627,0.004898612387478352,0.0016710137715563178,0.5452669858932495,0.37106600403785706,0.03800293803215027]"
ISIC_0032917,mel,mel,True,0.724720299243927,0.790616512298584,"[0.002936543431133032,0.00021918116544838995,0.09875290840864182,0.00013647180458065122,0.724720299243927,0.17249558866024017,0.000739048991817981]"
ISIC_0032925,mel,mel,True,0.8220050930976868,0.6117475628852844,"[0.006961578503251076,0.01479430589824915,0.00998426228761673,0.001419531530700624,0.8220050930976868,0.14076170325279236,0.0040735783986747265]"
ISIC_0032915,mel,mel,True,0.5534711480140686,1.2857121229171753,"[0.2190888524055481,0.10165246576070786,0.06801581382751465,0.019639739766716957,0.5534711480140686,0.03583040088415146,0.0023015346378087997]"
ISIC_0033336,mel,vasc,False,0.6537065505981445,0.8476889133453369,"[0.00011553233343875036,0.005702425260096788,0.009017657488584518,0.0014320857590064406,0.039851851761341095,0.2901739180088043,0.6537065505981445]"
ISIC_0033405,mel,nv,False,0.6707465052604675,0.9209420680999756,"[0.0003253462491557002,0.006576770916581154,0.007842067629098892,0.0012118661543354392,0.19506798684597015,0.6707465052604675,0.11822940409183502]"
ISIC_0034188,mel,nv,False,0.5965291857719421,0.936553955078125,"[0.0018296812195330858,0.022388165816664696,0.33672353625297546,0.0011620993027463555,0.028507448732852936,0.5965291857719421,0.012859978713095188]"
ISIC_0029092,mel,nv,False,0.5519487857818604,0.8060643672943115,"[0.0018862825818359852,0.0004242854774929583,0.025825507938861847,8.740149496588856e-05,0.41941142082214355,0.5519487857818604,0.0004163418198004365]"
ISIC_0025531,mel,mel,True,0.3683184087276459,1.3220921754837036,"[0.21257977187633514,0.0018712413730099797,0.3077407777309418,0.001292880275286734,0.3683184087276459,0.10800393670797348,0.00019293247896712273]"
ISIC_0028285,mel,bkl,False,0.8364023566246033,0.5986592173576355,"[0.017830826342105865,0.0013457407476380467,0.8364023566246033,0.0011664344929158688,0.03593524172902107,0.10709468275308609,0.0002247174852527678]"
ISIC_0027260,mel,nv,False,0.4888935089111328,0.8499578237533569,"[0.0018536299467086792,0.0015412763459607959,0.03468861058354378,0.00037091891863383353,0.4720332622528076,0.4888935089111328,0.0006187882972881198]"
ISIC_0027604,mel,nv,False,0.6506670713424683,0.6624813079833984,"[0.0002634628617670387,7.473227742593735e-05,0.001897624577395618,3.654808097053319e-05,0.3470180332660675,0.6506670713424683,4.2583000322338194e-05]"
ISIC_0029434,mel,nv,False,0.6849180459976196,0.6615637540817261,"[0.00048541382420808077,3.1092949939193204e-05,0.007007458712905645,6.9216730480548e-05,0.30746233463287354,0.6849180459976196,2.6401357899885625e-05]"
ISIC_0033333,mel,nv,False,0.5588937997817993,0.8398043513298035,"[0.0030498532578349113,0.013758295215666294,0.007514367811381817,0.0006261196685954928,0.4100624620914459,0.5588937997817993,0.006095156539231539]"
ISIC_0033717,mel,nv,False,0.6521547436714172,0.930732786655426,"[0.004462271463125944,0.001727332710288465,0.17457935214042664,0.0007723114104010165,0.16487164795398712,0.6521547436714172,0.0014322551432996988]"
ISIC_0034120,mel,mel,True,0.5223934650421143,0.8281142115592957,"[0.002301041502505541,0.005649454426020384,0.014356288127601147,0.0014271162217482924,0.5223934650421143,0.4511033296585083,0.0027692930307239294]"
ISIC_0032870,mel,mel,True,0.3615630567073822,1.3608417510986328,"[0.13334964215755463,0.011323586106300354,0.32672420144081116,0.001113876816816628,0.3615630567073822,0.1655752956867218,0.0003503344487398863]"
ISIC_0025248,mel,mel,True,0.5340963006019592,0.8476185202598572,"[0.006506487727165222,0.00023229893122334033,0.032607194036245346,0.00024709469289518893,0.5340963006019592,0.4262267053127289,8.391221490455791e-05]"
ISIC_0032400,mel,nv,False,0.5298005938529968,0.8499462008476257,"[0.00025817929417826235,0.001391073688864708,0.004637586418539286,0.0027885213494300842,0.4337572753429413,0.5298005938529968,0.0273667611181736]"
ISIC_0024545,mel,mel,True,0.6742819547653198,0.6541124582290649,"[0.0004731360822916031,0.00021990775712765753,0.0022746329195797443,0.00013470514386426657,0.6742819547653198,0.32224467396736145,0.00037103513022884727]"
ISIC_0028127,mel,mel,True,0.7067829966545105,0.6282759308815002,"[0.000791930069681257,5.407347998698242e-05,0.0030058117117732763,2.9243348762975074e-05,0.7067829966545105,0.28931427001953125,2.170877814933192e-05]"
ISIC_0030165,mel,mel,True,0.6266281008720398,0.8036285638809204,"[0.003110690275207162,0.0054452079348266125,0.013284890912473202,0.006477457005530596,0.6266281008720398,0.34399333596229553,0.001060361391864717]"
ISIC_0032888,mel,nv,False,0.7318227887153625,0.5831769108772278,"[7.804485903761815e-06,1.545919644740934e-06,0.0001719498832244426,7.1250110522669274e-06,0.26797881722450256,0.7318227887153625,9.973696251108777e-06]"
ISIC_0033968,mel,mel,True,0.5246349573135376,0.7283345460891724,"[0.000385195977287367,0.00030166853684931993,0.003845219500362873,0.00027700854116119444,0.5246349573135376,0.46972978115081787,0.0008261966286227107]"
ISIC_0031908,mel,nv,False,0.7647162079811096,0.547065019607544,"[2.0788993424503133e-05,1.5664007150917314e-05,2.863056397472974e-05,2.4663393560331315e-05,0.23513305187225342,0.7647162079811096,6.093837509979494e-05]"
ISIC_0026897,mel,nv,False,0.5618823766708374,0.7078408598899841,"[0.0007156344945542514,0.00016607364523224533,0.0013053938746452332,0.00039538697456009686,0.4350866973400116,0.5618823766708374,0.00044844375224784017]"
ISIC_0033081,mel,bkl,False,0.699511706829071,0.738050103187561,"[0.0041280025616288185,0.005048893392086029,0.699511706829071,0.0007553453906439245,0.01528820488601923,0.27276474237442017,0.002503026043996215]"
ISIC_0034205,mel,nv,False,0.6138879656791687,0.9670625329017639,"[0.004941481165587902,0.0015027251793071628,0.12059354037046432,0.001573618152178824,0.254373699426651,0.6138879656791687,0.0031269448809325695]"
ISIC_0033612,mel,bkl,False,0.5246251821517944,0.9767223596572876,"[0.02078629471361637,0.006772941909730434,0.5246251821517944,0.0008046131115406752,0.04634586721658707,0.3992491662502289,0.0014159921556711197]"
ISIC_0029281,mel,nv,False,0.6404320001602173,0.8813543319702148,"[0.006032598204910755,0.011892578564584255,0.0379127636551857,0.003374617313966155,0.29914265871047974,0.6404320001602173,0.0012127195950597525]"
ISIC_0024367,mel,nv,False,0.5503462553024292,1.1347501277923584,"[0.0024012047797441483,0.12071337550878525,0.0037306162994354963,0.03918074071407318,0.2770705819129944,0.5503462553024292,0.0065571898594498634]"
ISIC_0024700,mel,nv,False,0.9252508282661438,0.271151065826416,"[8.111863280646503e-05,1.226670701726107e-05,0.0007929689600132406,2.683493949007243e-05,0.07383517175912857,0.9252508282661438,8.998566727314028e-07]"
ISIC_0031957,mel,nv,False,0.8185153603553772,0.6985158324241638,"[0.009799065068364143,0.019946476444602013,0.09188685566186905,0.0052247969433665276,0.05347970500588417,0.8185153603553772,0.0011476946529000998]"
ISIC_0026475,mel,nv,False,0.7626903653144836,0.7064021229743958,"[0.0013773150276392698,0.00019291012722533196,0.0682433694601059,0.0007372741820290685,0.16651494801044464,0.7626903653144836,0.0002438254450680688]"
ISIC_0033299,mel,mel,True,0.8741565942764282,0.4598068296909332,"[0.006857042666524649,7.799765444360673e-05,0.01916690729558468,0.0001613481726963073,0.8741565942764282,0.09953170269727707,4.83488583995495e-05]"
ISIC_0033344,mel,mel,True,0.4119121730327606,1.2051945924758911,"[0.08183258771896362,0.001133298734202981,0.1228661835193634,0.0002126456529367715,0.4119121730327606,0.38201308250427246,3.0052242436795495e-05]"
ISIC_0032988,mel,mel,True,0.6579683423042297,1.0004498958587646,"[0.06345579773187637,0.00021865277085453272,0.12097436189651489,0.00020028497965540737,0.6579683423042297,0.1571689397096634,1.3675719856109936e-05]"
ISIC_0030417,mel,mel,True,0.6680580377578735,0.9585747122764587,"[0.15650515258312225,0.0018043528543785214,0.14483900368213654,0.0012387913884595037,0.6680580377578735,0.027511103078722954,4.355331839178689e-05]"
ISIC_0032698,mel,mel,True,0.6508516073226929,1.0798749923706055,"[0.12511631846427917,0.007002566941082478,0.0917525663971901,0.006131819449365139,0.6508516073226929,0.1189131960272789,0.00023188145132735372]"
ISIC_0028969,mel,nv,False,0.5486551523208618,0.9609149098396301,"[0.006561740767210722,0.020329603925347328,0.37479978799819946,0.0001429266994819045,0.04927486181259155,0.5486551523208618,0.0002359900390729308]"
ISIC_0032441,mel,bkl,False,0.6485018134117126,0.960503339767456,"[0.016026712954044342,0.001983452122658491,0.6485018134117126,0.00065651535987854,0.19169235229492188,0.14065319299697876,0.00048600471927784383]"
ISIC_0025814,mel,mel,True,0.7688541412353516,0.7983177900314331,"[0.08691399544477463,0.003725513583049178,0.041184164583683014,0.0002931438502855599,0.7688541412353516,0.09899179637432098,3.722331166500226e-05]"
ISIC_0026853,mel,mel,True,0.811423122882843,0.6258842945098877,"[0.006175103131681681,0.0002029555180342868,0.05520186945796013,9.898971620714292e-05,0.811423122882843,0.12685318291187286,4.481894211494364e-05]"
ISIC_0029575,mel,mel,True,0.8870276212692261,0.4892958998680115,"[0.05041690170764923,0.021718813106417656,0.005729912780225277,0.00016033757128752768,0.8870276212692261,0.03479376062750816,0.00015264321700669825]"
ISIC_0028361,mel,mel,True,0.8408446907997131,0.6507007479667664,"[0.031846415251493454,0.04035229608416557,0.007255494594573975,0.0019098024349659681,0.8408446907997131,0.07251811027526855,0.005273149348795414]"
ISIC_0030238,mel,nv,False,0.6716781854629517,0.6442331671714783,"[0.0002007590956054628,1.0911507160926703e-05,0.001032722764648497,0.00025561972870491445,0.32678475975990295,0.6716781854629517,3.71552596334368e-05]"
ISIC_0031233,mel,nv,False,0.5660751461982727,0.7001461386680603,"[0.0004278257838450372,2.2224401618586853e-05,0.0013338607968762517,0.0002976965333800763,0.4317808449268341,0.5660751461982727,6.240100628929213e-05]"
ISIC_0025751,mel,nv,False,0.5537495613098145,0.7090447545051575,"[0.0002808513818308711,0.0005279044271446764,0.000511258898768574,0.0009325681603513658,0.4433930814266205,0.5537495613098145,0.0006047881906852126]"
ISIC_0028109,mel,nv,False,0.8234053254127502,0.5076092481613159,"[0.00011042773985536769,0.002032663207501173,0.00044424697989597917,0.0003107840893790126,0.1683061569929123,0.8234053254127502,0.005390404723584652]"
ISIC_0025964,mel,vasc,False,0.9151797294616699,0.36140888929367065,"[3.864323298330419e-05,0.003572567366063595,0.0016747026238590479,0.0005696486332453787,0.019680071622133255,0.059284698218107224,0.9151797294616699]"
ISIC_0030623,mel,vasc,False,0.5594788193702698,1.0140794515609741,"[6.696785567328334e-05,0.003994664177298546,0.00044639280531555414,0.0007169786840677261,0.18174268305301666,0.2535535395145416,0.5594788193702698]"
ISIC_0026506,mel,vasc,False,0.9543893337249756,0.2162153422832489,"[9.307483992415655e-07,0.000192921026609838,3.255691262893379e-05,1.562765464768745e-05,0.01555231399834156,0.029816368594765663,0.9543893337249756]"
ISIC_0032134,mel,mel,True,0.537797212600708,0.7751822471618652,"[0.0011888883309438825,0.00014209080836735666,0.017046531662344933,6.216439214767888e-05,0.537797212600708,0.4435579180717468,0.00020522829436231405]"
ISIC_0028114,mel,mel,True,0.5461985468864441,0.7740557789802551,"[0.0010774406837299466,0.0002676306467037648,0.01698940433561802,5.7024361012736335e-05,0.5461985468864441,0.4351288974285126,0.00028098776238039136]"
ISIC_0027673,mel,mel,True,0.5061688423156738,0.7587991952896118,"[0.0009712029714137316,0.0002085962041746825,0.011649311520159245,4.653272480936721e-05,0.5061688423156738,0.48081690073013306,0.00013859948376193643]"
ISIC_0027328,mel,mel,True,0.6131786704063416,1.0537976026535034,"[0.2029329240322113,0.0012568577658385038,0.04875107854604721,0.0007104037213139236,0.6131786704063416,0.13305479288101196,0.00011521003762027249]"
ISIC_0028017,mel,nv,False,0.9002131223678589,0.37217146158218384,"[0.0001597118825884536,0.0008352979784831405,0.012091265060007572,0.0003114001883659512,0.08594900369644165,0.9002131223678589,0.00044012913713231683]"
ISIC_0027797,mel,nv,False,0.8129726052284241,0.5323877930641174,"[0.0005666498909704387,0.0004150596505496651,0.008914024569094181,0.0008992741350084543,0.17592278122901917,0.8129726052284241,0.0003095857391599566]"
ISIC_0027069,mel,akiec,False,0.3657626211643219,1.262715458869934,"[0.3657626211643219,0.0040501793846488,0.05581292137503624,0.000579089333768934,0.3391202390193939,0.23465019464492798,2.483098433003761e-05]"
ISIC_0034034,mel,bkl,False,0.47241291403770447,1.0990155935287476,"[0.006063750013709068,0.0013484377413988113,0.47241291403770447,0.0003384188748896122,0.25712037086486816,0.26249486207962036,0.00022116434411145747]"
ISIC_0033217,mel,mel,True,0.6502633690834045,0.930878758430481,"[0.014145673252642155,0.00019707578758243471,0.12533970177173615,6.803836731705815e-05,0.6502633690834045,0.2099413126707077,4.482485746848397e-05]"
ISIC_0030951,mel,mel,True,0.3903794586658478,1.1335618495941162,"[0.008538775146007538,0.00010357257269788533,0.26737669110298157,0.0005223925691097975,0.3903794586658478,0.3328478932380676,0.00023122808488551527]"
ISIC_0028465,mel,mel,True,0.5653063654899597,0.7263180017471313,"[0.00030536859412677586,8.38339747133432e-06,0.007427165750414133,3.89079941669479e-05,0.5653063654899597,0.42679163813591003,0.0001222437567776069]"
ISIC_0026770,mel,mel,True,0.5433871150016785,0.7307278513908386,"[0.00041946672718040645,1.851629167504143e-05,0.00716267479583621,2.546646101109218e-05,0.5433871150016785,0.4489196836948395,6.705168925691396e-05]"
ISIC_0032718,mel,akiec,False,0.5213088393211365,1.2753750085830688,"[0.5213088393211365,0.0342915803194046,0.1852795034646988,0.003010318148881197,0.19533677399158478,0.060615163296461105,0.00015781589900143445]"
ISIC_0032736,mel,akiec,False,0.48650363087654114,1.4047061204910278,"[0.48650363087654114,0.1718987077474594,0.12365999072790146,0.02350561134517193,0.16603000462055206,0.027000656351447105,0.0014014043845236301]"
ISIC_0025573,mel,mel,True,0.4268803298473358,1.142849087715149,"[0.11493975669145584,0.00576541293412447,0.037784039974212646,0.0017546311719343066,0.4268803298473358,0.41277453303337097,0.00010127336281584576]"
ISIC_0029705,mel,nv,False,0.44205114245414734,1.0572932958602905,"[0.017860734835267067,0.00022526348766405135,0.12046851217746735,0.000299645442282781,0.41901132464408875,0.44205114245414734,8.339662599610165e-05]"
ISIC_0026045,mel,mel,True,0.7024465203285217,0.8313087224960327,"[0.005790678318589926,0.00011371816071914509,0.10590799152851105,0.00018291454762220383,0.7024465203285217,0.18551048636436462,4.7690227802377194e-05]"
ISIC_0034005,mel,bkl,False,0.4724124073982239,1.3088359832763672,"[0.061229027807712555,0.02775407023727894,0.4724124073982239,0.0021841011475771666,0.19471046328544617,0.2402598261833191,0.001450022915378213]"
ISIC_0034062,mel,nv,False,0.41165396571159363,1.2021589279174805,"[0.033187173306941986,0.0012973274569958448,0.17854271829128265,0.007480863481760025,0.3674534857273102,0.41165396571159363,0.0003844351158477366]"
ISIC_0034170,mel,akiec,False,0.4769873023033142,1.1981974840164185,"[0.4769873023033142,0.0014534919755533338,0.04796547070145607,0.001255812356248498,0.2251991629600525,0.24710232019424438,3.648628990049474e-05]"
ISIC_0030107,mel,nv,False,0.7221965789794922,0.8050172924995422,"[0.009266301058232784,0.001041568466462195,0.06949812173843384,0.002159586176276207,0.19563964009284973,0.7221965789794922,0.00019821719615720212]"
ISIC_0029013,mel,nv,False,0.8563615679740906,0.4195621609687805,"[9.152725397143513e-05,0.00015877658734098077,0.0004610399773810059,9.655825124355033e-05,0.14253269135951996,0.8563615679740906,0.0002978324773721397]"
ISIC_0031554,mel,nv,False,0.8226450681686401,0.4730234444141388,"[8.704762149136513e-05,2.0387917629705044e-06,0.0007222132990136743,1.5659330529160798e-05,0.17652527987957,0.8226450681686401,2.661587359398254e-06]"
ISIC_0025472,mel,nv,False,0.8077629804611206,0.5299546718597412,"[0.00047625729348510504,1.5752240869915113e-05,0.008987011387944221,5.1715462177526206e-05,0.18268027901649475,0.8077629804611206,2.5953426302294247e-05]"
ISIC_0033061,mel,vasc,False,0.6977758407592773,1.0282928943634033,"[0.0024008769541978836,0.019258353859186172,0.05219094827771187,0.01133904792368412,0.11384374648332596,0.10319117456674576,0.6977758407592773]"
ISIC_0033967,mel,nv,False,0.5024647116661072,1.2168912887573242,"[0.0029307107906788588,0.010174786671996117,0.012873407453298569,0.2129545658826828,0.23788855969905853,0.5024647116661072,0.020713303238153458]"
ISIC_0033051,mel,vasc,False,0.9114338159561157,0.39763814210891724,"[0.00011701232142513618,0.002718080300837755,0.011193637736141682,0.004627499263733625,0.013876588083803654,0.05603335425257683,0.9114338159561157]"
ISIC_0027359,mel,nv,False,0.4236835539340973,1.1788601875305176,"[0.016759948804974556,0.0006612461293116212,0.2397119700908661,0.00619894964620471,0.3124110698699951,0.4236835539340973,0.0005732752033509314]"
ISIC_0031844,mel,nv,False,0.41280698776245117,1.3236145973205566,"[0.04403099790215492,0.010355470702052116,0.2840806543827057,0.015520269051194191,0.23112957179546356,0.41280698776245117,0.0020760060288012028]"
ISIC_0032687,mel,mel,True,0.7565203905105591,0.6875156760215759,"[0.005129802040755749,0.0002622216416057199,0.013213912956416607,0.013930131681263447,0.7565203905105591,0.21064607799053192,0.00029760904726572335]"
ISIC_0033055,mel,mel,True,0.7470402717590332,0.7204611897468567,"[0.031713418662548065,8.205101039493456e-05,0.01005619764328003,0.0034461102914065123,0.7470402717590332,0.2076452225446701,1.6716829122742638e-05]"
ISIC_0032987,mel,mel,True,0.6526081562042236,0.9786192774772644,"[0.2255890965461731,0.006373416166752577,0.05969389155507088,0.00042763142846524715,0.6526081562042236,0.055272579193115234,3.5185898013878614e-05]"
ISIC_0027130,mel,nv,False,0.5025033354759216,0.9206960201263428,"[0.014775781892240047,0.002464648336172104,0.04016082361340523,0.0007249557529576123,0.4391199052333832,0.5025033354759216,0.00025057364837266505]"
ISIC_0027179,mel,bcc,False,0.37232154607772827,1.4886232614517212,"[0.10940594971179962,0.37232154607772827,0.22410231828689575,0.0067978668957948685,0.23283891379833221,0.05153748393058777,0.002995898714289069]"
ISIC_0033834,mel,mel,True,0.7360160946846008,0.8465335369110107,"[0.13289859890937805,0.0023022545501589775,0.031560394912958145,0.00040769128827378154,0.7360160946846008,0.0967637449502945,5.1287028327351436e-05]"
ISIC_0033678,mel,mel,True,0.895180344581604,0.37063947319984436,"[0.0033717737533152103,0.0006782461423426867,0.0028988136909902096,0.0003453527169767767,0.895180344581604,0.09744136780500412,8.418218931183219e-05]"
ISIC_0032960,mel,mel,True,0.48097681999206543,1.1504197120666504,"[0.3786979019641876,0.06346234679222107,0.050132542848587036,0.0018019643612205982,0.48097681999206543,0.024491162970662117,0.00043727431329898536]"
ISIC_0033708,mel,mel,True,0.7171974778175354,0.8860818147659302,"[0.15912047028541565,0.0024884138256311417,0.041340265423059464,0.0011489875614643097,0.7171974778175354,0.07861010730266571,9.425477037439123e-05]"
ISIC_0032430,mel,bkl,False,0.35016751289367676,1.4068764448165894,"[0.30122634768486023,0.03892691060900688,0.35016751289367676,0.002881191670894623,0.23220030963420868,0.07427100092172623,0.0003267010615672916]"
ISIC_0027573,mel,mel,True,0.5441884398460388,1.197347640991211,"[0.07629738003015518,0.004755471367388964,0.17900891602039337,0.001974588492885232,0.5441884398460388,0.1927819401025772,0.0009933533146977425]"
ISIC_0030754,mel,nv,False,0.6548978090286255,0.6747654676437378,"[3.5156761441612616e-05,6.977894372539595e-05,0.0005334499292075634,0.0001347841607639566,0.339779257774353,0.6548978090286255,0.004549751058220863]"
ISIC_0030083,mel,mel,True,0.6457175016403198,0.7283884882926941,"[0.002825766569003463,0.0003447156632319093,0.010947088710963726,0.0011675066780298948,0.6457175016403198,0.3386697769165039,0.00032763820490799844]"
ISIC_0030002,mel,nv,False,0.6236925721168518,0.7180919647216797,"[0.0006932455580681562,8.434415940428153e-05,0.008008195087313652,0.0012860022252425551,0.3658946454524994,0.6236925721168518,0.00034098830656148493]"
ISIC_0033362,mel,nv,False,0.5719267725944519,0.7463517189025879,"[0.001575095346197486,9.494456753600389e-05,0.010554865933954716,0.0001405998773407191,0.4155287742614746,0.5719267725944519,0.00017892451432999223]"
ISIC_0029909,mel,akiec,False,0.6014487147331238,0.9663134217262268,"[0.6014487147331238,0.00013986206613481045,0.099188432097435,4.504994649323635e-05,0.2809724807739258,0.018204238265752792,1.179053469968494e-06]"
ISIC_0027033,mel,mel,True,0.3996463119983673,1.1496305465698242,"[0.02006354369223118,0.0003846767358481884,0.2099124640226364,0.000648061977699399,0.3996463119983673,0.36919599771499634,0.00014899115194566548]"
ISIC_0027822,mel,mel,True,0.4300743043422699,1.1400524377822876,"[0.011771265417337418,0.0010901018977165222,0.23159439861774445,0.001334771397523582,0.4300743043422699,0.32348960638046265,0.0006455010152421892]"
ISIC_0031543,mel,bkl,False,0.4691893458366394,1.12083899974823,"[0.03244664520025253,0.004376220516860485,0.4691893458366394,0.0005883574485778809,0.3720303773880005,0.12098591774702072,0.00038313111872412264]"
ISIC_0024516,mel,mel,True,0.4206562638282776,1.172309160232544,"[0.03657621145248413,0.00015948277723509818,0.1817561835050583,0.0008928478346206248,0.4206562638282776,0.35976260900497437,0.00019639749370981008]"
ISIC_0024929,mel,mel,True,0.6686381101608276,0.8514116406440735,"[0.018792282789945602,4.4937605707673356e-05,0.05281459167599678,0.00013225367001723498,0.6686381101608276,0.25952038168907166,5.7456672948319465e-05]"
ISIC_0030122,mel,nv,False,0.35740989446640015,1.3848772048950195,"[0.3386717736721039,0.06517070531845093,0.024479763582348824,0.011950570158660412,0.20146965980529785,0.35740989446640015,0.0008475921349599957]"
ISIC_0025941,mel,nv,False,0.76287841796875,0.6298945546150208,"[0.010575171560049057,0.003270970191806555,0.002414272865280509,0.0011274185962975025,0.21955984830856323,0.76287841796875,0.00017388640844728798]"
ISIC_0026247,mel,nv,False,0.8590953946113586,0.4741995930671692,"[0.0003750676696654409,0.0016074447194114327,0.013302985578775406,0.00026334484573453665,0.12330350279808044,0.8590953946113586,0.002052256604656577]"
ISIC_0028467,mel,nv,False,0.595434308052063,0.7077289819717407,"[0.00042657076846808195,0.001134858001023531,0.0009753654594533145,0.00031921625486575067,0.39976418018341064,0.595434308052063,0.0019455075962468982]"
ISIC_0027210,vasc,vasc,True,0.98579341173172,0.08695229887962341,"[6.4376822592748795e-06,0.0010290797799825668,0.00018619606271386147,8.309837721753865e-05,0.0031606771517544985,0.009741161949932575,0.98579341173172]"
ISIC_0025924,vasc,vasc,True,0.9929878115653992,0.04689667373895645,"[2.8916909400322766e-07,0.0001994844787986949,1.1694412933138665e-05,8.740145858610049e-06,0.0019424214260652661,0.004849516320973635,0.9929878115653992]"
ISIC_0031648,vasc,vasc,True,0.9901483654975891,0.06335518509149551,"[3.3072916494347737e-07,5.361638977774419e-05,0.00023197350674308836,9.319797754869796e-06,0.004102207720279694,0.005454251077026129,0.9901483654975891]"
ISIC_0033565,vasc,vasc,True,0.9892259240150452,0.06781525164842606,"[5.719998057429621e-07,0.0002983556187245995,0.0001338384026894346,8.618094398116227e-06,0.002895893296226859,0.007436839863657951,0.9892259240150452]"
ISIC_0033123,vasc,vasc,True,0.960649311542511,0.2015078365802765,"[1.844623875513207e-05,0.008969593793153763,0.00035540599492378533,0.00023169349879026413,0.003642729017883539,0.026132836937904358,0.960649311542511]"
ISIC_0032057,vasc,vasc,True,0.9965530633926392,0.025054536759853363,"[1.1429992810008116e-06,7.236903184093535e-05,1.6780977603048086e-05,2.0514182324404828e-05,0.0005393058527261019,0.0027968911454081535,0.9965530633926392]"
ISIC_0029486,vasc,nv,False,0.5015764832496643,1.381699800491333,"[0.0029441819060593843,0.07738224416971207,0.022336071357131004,0.04939417913556099,0.11437317728996277,0.5015764832496643,0.2319936454296112]"
ISIC_0031901,vasc,df,False,0.3717765212059021,1.5509259700775146,"[0.04939841479063034,0.339351624250412,0.055830277502536774,0.3717765212059021,0.03985511139035225,0.07667409628629684,0.0671139508485794]"
ISIC_0033749,vasc,vasc,True,0.9750297665596008,0.14917495846748352,"[0.00012063512986060232,0.002142661949619651,0.0014071183977648616,0.002383675193414092,0.005696465726941824,0.01321966852992773,0.9750297665596008]"
ISIC_0034196,vasc,vasc,True,0.9702014327049255,0.16638296842575073,"[5.122216316522099e-05,0.0009081995231099427,0.00230170669965446,0.0008096137316897511,0.00840180367231369,0.01732603646814823,0.9702014327049255]"
ISIC_0031955,vasc,bcc,False,0.48554879426956177,1.4489688873291016,"[0.027685148641467094,0.48554879426956177,0.10715464502573013,0.005000746808946133,0.10655847191810608,0.2088383436203003,0.05921383574604988]"
ISIC_0026490,vasc,vasc,True,0.991071879863739,0.06038866937160492,"[1.2615200830623507e-05,0.000741243886295706,0.0003052104730159044,8.149520726874471e-05,0.0026116841472685337,0.005175866652280092,0.991071879863739]"
ISIC_0026336,vasc,vasc,True,0.9961023330688477,0.02949211187660694,"[4.425480256031733e-06,0.0004271598591003567,8.93791439011693e-05,5.7431516324868426e-05,0.0008542333380319178,0.0024650476407259703,0.9961023330688477]"
ISIC_0032839,vasc,vasc,True,0.9700738787651062,0.1658746749162674,"[4.195089059066959e-05,0.004942287690937519,0.0005410422454588115,8.254725980805233e-05,0.0174131877720356,0.006905134301632643,0.9700738787651062]"
ISIC_0032932,vasc,vasc,True,0.9704013466835022,0.15991859138011932,"[1.5186620657914318e-05,0.0033715704921633005,0.00019837799482047558,3.293711051810533e-05,0.01955712027847767,0.006423525512218475,0.9704013466835022]"
ISIC_0028163,vasc,vasc,True,0.9942031502723694,0.04301964119076729,"[2.097281139867846e-05,0.0006131310947239399,0.00012747474829666317,0.000495757965836674,0.0018612113781273365,0.0026782702188938856,0.9942031502723694]"
ISIC_0024669,vasc,vasc,True,0.9898972511291504,0.06524458527565002,"[7.782854481774848e-06,0.0007732306839898229,0.00015897167031653225,0.00018482182349544019,0.0016406223876401782,0.007337317336350679,0.9898972511291504]"
ISIC_0025197,vasc,vasc,True,0.49477019906044006,0.8662599921226501,"[1.842073288571555e-05,0.00016186323773581535,0.0022176005877554417,0.0015352339250966907,0.0430479422211647,0.4582487940788269,0.49477019906044006]"
ISIC_0029545,bcc,bcc,True,0.48475557565689087,1.3571875095367432,"[0.271365761756897,0.48475557565689087,0.11959784477949142,0.05643265321850777,0.011127176694571972,0.048651013523340225,0.008069976232945919]"
ISIC_0026321,bcc,bkl,False,0.27243101596832275,1.5702913999557495,"[0.18603676557540894,0.054833099246025085,0.27243101596832275,0.003967003431171179,0.2611704468727112,0.2126200795173645,0.008941596373915672]"
ISIC_0025467,bcc,bkl,False,0.36808013916015625,1.5172414779663086,"[0.11384392529726028,0.05756615102291107,0.36808013916015625,0.00354156456887722,0.23761522769927979,0.20843161642551422,0.010921431705355644]"
ISIC_0029501,bcc,bkl,False,0.4942905008792877,1.364869475364685,"[0.14793701469898224,0.1815776526927948,0.4942905008792877,0.008504166267812252,0.030158139765262604,0.1366954743862152,0.0008371020085178316]"
ISIC_0028928,bcc,bkl,False,0.4963850677013397,1.3183014392852783,"[0.05539737269282341,0.015409890562295914,0.4963850677013397,0.20414093136787415,0.01076889131218195,0.20780165493488312,0.010096081532537937]"
ISIC_0031378,bcc,bkl,False,0.7061492800712585,0.8858522176742554,"[0.026676543056964874,0.021524149924516678,0.7061492800712585,0.00815693661570549,0.01639285869896412,0.21695783734321594,0.004142408724874258]"
ISIC_0031640,bcc,akiec,False,0.6484130620956421,1.0566030740737915,"[0.6484130620956421,0.051227208226919174,0.21376153826713562,0.007926737889647484,0.032941970974206924,0.0454292893409729,0.000300147250527516]"
ISIC_0032696,bcc,bcc,True,0.6539212465286255,1.119755506515503,"[0.1089952141046524,0.6539212465286255,0.06217225268483162,0.019231382757425308,0.1391410082578659,0.012266252189874649,0.004272684920579195]"
ISIC_0032246,bcc,akiec,False,0.5197321176528931,1.074995756149292,"[0.5197321176528931,0.3714923858642578,0.04616786167025566,0.04331302270293236,0.015006782487034798,0.00297169154509902,0.001316230627708137]"
ISIC_0026865,bcc,bcc,True,0.6248102784156799,1.011760950088501,"[0.2670802175998688,0.6248102784156799,0.05852854251861572,0.030073529109358788,0.008312216959893703,0.010047659277915955,0.0011475131614133716]"
ISIC_0031057,bcc,akiec,False,0.6805419921875,0.923376739025116,"[0.6805419921875,0.034798648208379745,0.232021301984787,0.008635126985609531,0.03175293281674385,0.012022673152387142,0.0002274475700687617]"
ISIC_0025433,bcc,bkl,False,0.316646009683609,1.3674437999725342,"[0.06919018179178238,0.27940618991851807,0.316646009683609,0.0017765245866030455,0.01849064789712429,0.31223130226135254,0.002259141532704234]"
ISIC_0031762,bcc,bcc,True,0.794488787651062,0.674950897693634,"[0.005312759429216385,0.794488787651062,0.025409556925296783,0.0007748752250336111,0.014457810670137405,0.1574089080095291,0.0021472235675901175]"
ISIC_0028106,bcc,bcc,True,0.9817299842834473,0.10743124037981033,"[0.0013713755179196596,0.9817299842834473,0.0009943030308932066,0.00017722425400279462,0.0006297056679613888,0.013999112881720066,0.0010983686661347747]"
ISIC_0028994,bcc,akiec,False,0.47028762102127075,1.1793200969696045,"[0.47028762102127075,0.00791092962026596,0.3467146158218384,0.0022808650974184275,0.12583893537521362,0.046879325062036514,8.772162982495502e-05]"
ISIC_0025299,bcc,bcc,True,0.9846882224082947,0.09513649344444275,"[0.008021319285035133,0.9846882224082947,0.0004986043786630034,0.0003151007986161858,0.0004572340985760093,0.005894090514630079,0.00012548673839773983]"
ISIC_0028739,bcc,bcc,True,0.9545973539352417,0.23688094317913055,"[0.023858238011598587,0.9545973539352417,0.003161812899634242,0.0019530350109562278,0.0008527443860657513,0.015092819929122925,0.0004841745540034026]"
ISIC_0029230,bcc,bcc,True,0.7665191888809204,0.8832535147666931,"[0.015626784414052963,0.7665191888809204,0.014606292359530926,0.07535064965486526,0.010275556705892086,0.0939154177904129,0.023706046864390373]"
ISIC_0031513,bcc,bcc,True,0.48310938477516174,1.2566959857940674,"[0.009812778793275356,0.48310938477516174,0.00704790698364377,0.312267541885376,0.010935033671557903,0.1263645887374878,0.050462737679481506]"
ISIC_0027478,bcc,bcc,True,0.7353699207305908,0.9504587054252625,"[0.02908981777727604,0.7353699207305908,0.023853130638599396,0.014971752651035786,0.12048637866973877,0.07128243148326874,0.004946550354361534]"
ISIC_0024564,bcc,bcc,True,0.4152662754058838,1.5607409477233887,"[0.1515897661447525,0.4152662754058838,0.15720517933368683,0.15439794957637787,0.011806712485849857,0.09879230707883835,0.010941789485514164]"
ISIC_0025322,bcc,df,False,0.5038434267044067,1.3576140403747559,"[0.06455207616090775,0.2650962471961975,0.06501495838165283,0.5038434267044067,0.01515809353441,0.07645444571971893,0.009880722500383854]"
ISIC_0027915,bcc,bcc,True,0.729166567325592,0.8933462500572205,"[0.033317554742097855,0.729166567325592,0.002634537173435092,0.009507831186056137,0.14760328829288483,0.07591418921947479,0.0018559613963589072]"
ISIC_0026337,bcc,mel,False,0.40209534764289856,1.4835269451141357,"[0.19500358402729034,0.19875077903270721,0.04723023623228073,0.008433313108980656,0.40209534764289856,0.1467093676328659,0.001777391997165978]"
ISIC_0026902,bcc,bcc,True,0.8404640555381775,0.6712067723274231,"[0.06836043298244476,0.8404640555381775,0.006982891820371151,0.02523173950612545,0.0278762299567461,0.029409054666757584,0.0016755791148170829]"
ISIC_0030452,bcc,bcc,True,0.510354220867157,1.1887232065200806,"[0.315324604511261,0.510354220867157,0.07012564688920975,0.08715840429067612,0.0024383014533668756,0.01245043147355318,0.002148363273590803]"
ISIC_0030446,bcc,bcc,True,0.7127171158790588,0.8262758851051331,"[0.22420883178710938,0.7127171158790588,0.03495214134454727,0.014037073589861393,0.004812696482986212,0.008119911886751652,0.001152117969468236]"
ISIC_0031527,bcc,bcc,True,0.5977928042411804,0.9622579216957092,"[0.32920578122138977,0.5977928042411804,0.02534305490553379,0.027412094175815582,0.012646039947867393,0.00508646247908473,0.0025138016790151596]"
ISIC_0034155,bcc,bcc,True,0.9348691701889038,0.3189328908920288,"[0.029345721006393433,0.9348691701889038,0.0018787941662594676,0.0014361162902787328,0.007749217562377453,0.02430945821106434,0.0004116761847399175]"
ISIC_0033146,bcc,bcc,True,0.5402113199234009,0.9071594476699829,"[0.410641610622406,0.5402113199234009,0.014171378687024117,0.0023773456923663616,0.02000986412167549,0.012398026883602142,0.00019044874352402985]"
ISIC_0029201,bcc,vasc,False,0.9929116368293762,0.04995788261294365,"[1.1015802556357812e-05,0.0008930827607400715,0.0003762042033486068,0.00018024335440713912,0.0011325794039294124,0.004495278932154179,0.9929116368293762]"
ISIC_0026439,bcc,nv,False,0.5758703947067261,1.2265722751617432,"[0.009160073474049568,0.0015135245630517602,0.17981085181236267,0.027512522414326668,0.14755156636238098,0.5758703947067261,0.05858108773827553]"
ISIC_0029779,bcc,vasc,False,0.883381724357605,0.5079733729362488,"[0.0003522077458910644,0.03446173295378685,0.009758072905242443,0.0029329033568501472,0.012466848827898502,0.056646473705768585,0.883381724357605]"
ISIC_0031407,bcc,bcc,True,0.7846559286117554,0.6426011323928833,"[0.1861829161643982,0.7846559286117554,0.013329586945474148,0.002036536345258355,0.008937316946685314,0.004559072200208902,0.00029869371792301536]"
ISIC_0028652,bcc,bcc,True,0.6728223562240601,1.025712013244629,"[0.16858284175395966,0.6728223562240601,0.10212491452693939,0.014710626564919949,0.012001329101622105,0.028162915259599686,0.001595006906427443]"
ISIC_0028095,bcc,bcc,True,0.871337890625,0.5509040951728821,"[0.055302608758211136,0.871337890625,0.034076791256666183,0.005274306982755661,0.0021519120782613754,0.030697442591190338,0.0011590095236897469]"
ISIC_0032414,bcc,bcc,True,0.37198153138160706,1.3553260564804077,"[0.05548888072371483,0.37198153138160706,0.2828406095504761,0.009018545970320702,0.008465242572128773,0.26513826847076416,0.007066966965794563]"
ISIC_0028980,bcc,bcc,True,0.8777092695236206,0.5303460955619812,"[0.06789407134056091,0.8777092695236206,0.021581701934337616,0.004284615162760019,0.010280934162437916,0.015922965481877327,0.002326417714357376]"
ISIC_0029805,bcc,bcc,True,0.9164719581604004,0.3607260584831238,"[0.017717603594064713,0.9164719581604004,0.0021241887006908655,0.0021851425990462303,0.0019199753878638148,0.0590960830450058,0.0004849745600949973]"
ISIC_0031384,bcc,bcc,True,0.7011252045631409,0.7699934840202332,"[0.008503038436174393,0.7011252045631409,0.018692996352910995,0.006445262581110001,0.0014560050331056118,0.2616087794303894,0.0021687967237085104]"
ISIC_0027629,bcc,bcc,True,0.8009677529335022,0.776094377040863,"[0.059517160058021545,0.8009677529335022,0.04471676051616669,0.006784855853766203,0.011886983178555965,0.07424114644527435,0.0018853982910513878]"
ISIC_0027677,bcc,bcc,True,0.49684861302375793,1.3741124868392944,"[0.1162988543510437,0.49684861302375793,0.06461978703737259,0.007998445071280003,0.08964600414037704,0.22307205200195312,0.0015162420459091663]"
ISIC_0024833,bcc,nv,False,0.46982336044311523,1.1721491813659668,"[0.01528040412813425,0.3883122503757477,0.0753912553191185,0.03642658144235611,0.011136616580188274,0.46982336044311523,0.003629531944170594]"
ISIC_0027546,bcc,bcc,True,0.5536724925041199,1.0126328468322754,"[0.01655528135597706,0.5536724925041199,0.02554905228316784,0.03385497257113457,0.004576839040964842,0.3629617691040039,0.002829576376825571]"
ISIC_0030767,bcc,nv,False,0.31466418504714966,1.4953880310058594,"[0.30949658155441284,0.14137426018714905,0.1817389875650406,0.0087067736312747,0.043383967131376266,0.31466418504714966,0.0006352248601615429]"
ISIC_0032061,bcc,bcc,True,0.3254908323287964,1.4878225326538086,"[0.23512719571590424,0.3254908323287964,0.13933266699314117,0.012052272446453571,0.02530474029481411,0.2610352039337158,0.0016570617444813251]"
ISIC_0024403,bcc,bcc,True,0.9011017680168152,0.4082866907119751,"[0.07663524150848389,0.9011017680168152,0.0034680303651839495,0.005168715491890907,0.005859924480319023,0.00681263254955411,0.00095359020633623]"
ISIC_0033609,bcc,nv,False,0.8129213452339172,0.7555035948753357,"[0.0018909280188381672,0.04923456534743309,0.041192568838596344,0.00229112571105361,0.057030051946640015,0.8129213452339172,0.03543942794203758]"
ISIC_0032777,bcc,vasc,False,0.5930027365684509,0.9914311170578003,"[0.0001777494471753016,0.10649435967206955,0.002531718462705612,0.002939935540780425,0.011673551052808762,0.2831799387931824,0.5930027365684509]"
ISIC_0033019,bcc,vasc,False,0.8130132555961609,0.6479814052581787,"[8.9825494796969e-05,0.04689605161547661,0.0015919938450679183,0.0014420599909499288,0.013174965977668762,0.1237918809056282,0.8130132555961609]"
ISIC_0032959,bcc,nv,False,0.3625340759754181,1.458064079284668,"[0.0028469073586165905,0.30690914392471313,0.05389537662267685,0.0020261697936803102,0.14977599680423737,0.3625340759754181,0.12201231718063354]"
ISIC_0028303,bcc,bcc,True,0.5193192362785339,1.2394914627075195,"[0.17230889201164246,0.5193192362785339,0.041194166988134384,0.24063487350940704,0.003240755992010236,0.009863079525530338,0.013439035043120384]"
ISIC_0031056,bcc,bcc,True,0.6187935471534729,1.2101452350616455,"[0.13715265691280365,0.6187935471534729,0.04712579399347305,0.12549468874931335,0.0071661267429590225,0.05611429363489151,0.008152883499860764]"
ISIC_0028807,bcc,bcc,True,0.38061121106147766,1.447492003440857,"[0.07577907294034958,0.38061121106147766,0.0494936928153038,0.04466059431433678,0.07349112629890442,0.3683905601501465,0.007573664654046297]"
ISIC_0024673,bcc,bcc,True,0.7090774774551392,0.8916972875595093,"[0.20853309333324432,0.7090774774551392,0.025143049657344818,0.028012186288833618,0.010488519445061684,0.016952579841017723,0.0017930774483829737]"
ISIC_0029337,bcc,akiec,False,0.5080692172050476,1.1032565832138062,"[0.5080692172050476,0.36853161454200745,0.05205534026026726,0.05707109719514847,0.007776801474392414,0.004926986992359161,0.0015689808642491698]"
ISIC_0025601,bcc,bcc,True,0.8493539094924927,0.6381487846374512,"[0.06131287291646004,0.8493539094924927,0.028408966958522797,0.009579150006175041,0.006565911695361137,0.04196147248148918,0.0028176927007734776]"
ISIC_0032461,bcc,bkl,False,0.3065671920776367,1.5642071962356567,"[0.19964218139648438,0.22861598432064056,0.3065671920776367,0.019968712702393532,0.037237755954265594,0.2050277590751648,0.0029403753578662872]"
ISIC_0026468,akiec,nv,False,0.8615801334381104,0.5376012921333313,"[0.012001912109553814,0.0011604292085394263,0.0678936019539833,0.0002369050489505753,0.05710576847195625,0.8615801334381104,2.127102379745338e-05]"
ISIC_0026848,akiec,akiec,True,0.6999344229698181,0.9708924889564514,"[0.6999344229698181,0.02207770012319088,0.15654397010803223,0.0016021572519093752,0.049889568239450455,0.06985343992710114,9.869650239124894e-05]"
ISIC_0026992,akiec,akiec,True,0.8802051544189453,0.502582311630249,"[0.8802051544189453,0.011432643979787827,0.062360379844903946,0.0022482345812022686,0.03885795921087265,0.004870791919529438,2.472416417731438e-05]"
ISIC_0029563,akiec,bkl,False,0.47247248888015747,1.0429282188415527,"[0.055105388164520264,0.0014409787254408002,0.47247248888015747,0.00047421263298019767,0.4198583960533142,0.05059018358588219,5.840662925038487e-05]"
ISIC_0027767,akiec,bkl,False,0.38943395018577576,1.3136687278747559,"[0.031660158187150955,0.2339477688074112,0.38943395018577576,0.002876234706491232,0.02768844924867153,0.3113115131855011,0.003081958508118987]"
ISIC_0025247,akiec,akiec,True,0.5620250701904297,1.1624270677566528,"[0.5620250701904297,0.0020973929204046726,0.2612762153148651,0.019656527787446976,0.07327987253665924,0.08142532408237457,0.00023957228404469788]"
ISIC_0029043,akiec,akiec,True,0.44816699624061584,1.3667899370193481,"[0.44816699624061584,0.013395702466368675,0.22358505427837372,0.2199552208185196,0.022531330585479736,0.07123523205518723,0.0011305002262815833]"
ISIC_0032404,akiec,akiec,True,0.9467476010322571,0.2549456059932709,"[0.9467476010322571,0.0049895113334059715,0.03786047548055649,0.0005921905394643545,0.008943290449678898,0.0008591320365667343,7.710832505836152e-06]"
ISIC_0033456,akiec,akiec,True,0.9076718688011169,0.4274989366531372,"[0.9076718688011169,0.014427420683205128,0.0504850409924984,0.013107429258525372,0.008935433812439442,0.0052421013824641705,0.00013077229959890246]"
ISIC_0033494,akiec,bcc,False,0.3673625886440277,1.4693152904510498,"[0.3182901442050934,0.3673625886440277,0.07618489861488342,0.16936327517032623,0.04639836773276329,0.01678234525024891,0.005618391092866659]"
ISIC_0033413,akiec,akiec,True,0.8437565565109253,0.6493710875511169,"[0.8437565565109253,0.055657561868429184,0.05131930112838745,0.031081411987543106,0.013233893550932407,0.00452766427770257,0.00042364513501524925]"
ISIC_0028816,akiec,akiec,True,0.48982667922973633,1.1584283113479614,"[0.48982667922973633,0.05087960138916969,0.056111305952072144,0.002840678207576275,0.03174595907330513,0.36840692162513733,0.00018887857731897384]"
ISIC_0028232,akiec,akiec,True,0.5953538417816162,1.185930848121643,"[0.5953538417816162,0.040288813412189484,0.2208448350429535,0.013066880404949188,0.05820036679506302,0.07189563661813736,0.0003497073194012046]"
ISIC_0032422,akiec,akiec,True,0.6342361569404602,1.1278395652770996,"[0.6342361569404602,0.020499862730503082,0.1481335163116455,0.005865154787898064,0.11729059368371964,0.07360250502824783,0.00037220565718598664]"
ISIC_0030826,akiec,akiec,True,0.7552525997161865,0.8824923038482666,"[0.7552525997161865,0.08826707303524017,0.05253983661532402,0.0027519112918525934,0.07961009442806244,0.021411703899502754,0.00016684317961335182]"
ISIC_0029025,akiec,akiec,True,0.8487339615821838,0.613874077796936,"[0.8487339615821838,0.031153514981269836,0.07115843147039413,0.0021457562688738108,0.03873302787542343,0.007978365756571293,9.6879928605631e-05]"
ISIC_0031012,akiec,akiec,True,0.8891768455505371,0.48966866731643677,"[0.8891768455505371,0.03643035143613815,0.01967163383960724,0.002402579877525568,0.04656809940934181,0.005697138607501984,5.347976548364386e-05]"
ISIC_0029533,akiec,akiec,True,0.7609800696372986,0.8817861080169678,"[0.7609800696372986,0.0786961242556572,0.06923187524080276,0.005708741024136543,0.06385145336389542,0.021318543702363968,0.00021326237765606493]"
ISIC_0024372,akiec,akiec,True,0.7310423254966736,0.8516712784767151,"[0.7310423254966736,0.008540187031030655,0.0696883350610733,0.004631496965885162,0.16871830821037292,0.017246700823307037,0.00013266695896163583]"
ISIC_0032206,akiec,nv,False,0.35520753264427185,1.3980544805526733,"[0.1141185536980629,0.012457533739507198,0.3028287887573242,0.005291334819048643,0.20820580422878265,0.35520753264427185,0.001890357700176537]"
ISIC_0029811,akiec,akiec,True,0.7526168823242188,0.855972409248352,"[0.7526168823242188,0.1265784651041031,0.06798651814460754,0.03877205401659012,0.008371218107640743,0.004891407676041126,0.000783457129728049]"
ISIC_0031578,akiec,akiec,True,0.7624374032020569,0.8213207125663757,"[0.7624374032020569,0.03451777622103691,0.14624950289726257,0.01937788352370262,0.03175314888358116,0.005068872589617968,0.0005953668733127415]"
ISIC_0028872,akiec,bkl,False,0.436811625957489,1.2579666376113892,"[0.2634844481945038,0.005575123708695173,0.436811625957489,0.0149624552577734,0.028576379641890526,0.2499350607395172,0.000654891598969698]"
ISIC_0026083,akiec,nv,False,0.40403246879577637,1.3070117235183716,"[0.19530801475048065,0.0017564124427735806,0.297965943813324,0.003771243616938591,0.09680213779211044,0.40403246879577637,0.0003637880727183074]"
ISIC_0025825,akiec,akiec,True,0.9167384505271912,0.3538958430290222,"[0.9167384505271912,0.002649428090080619,0.06388051062822342,0.0009847476612776518,0.009670303203165531,0.0060661714524030685,1.036694084177725e-05]"
ISIC_0027562,akiec,akiec,True,0.6989786028862,0.9698096513748169,"[0.6989786028862,0.01615382730960846,0.1532183587551117,0.003175831399857998,0.044670842587947845,0.08373899757862091,6.35763572063297e-05]"
ISIC_0026709,akiec,akiec,True,0.8773894906044006,0.4948134422302246,"[0.8773894906044006,0.0014387882547453046,0.07097293436527252,0.0013426990481093526,0.03755340725183487,0.01129277516156435,9.932405191648286e-06]"
ISIC_0028619,akiec,bkl,False,0.6933161616325378,1.0874872207641602,"[0.08262699842453003,0.043785564601421356,0.6933161616325378,0.017799178138375282,0.05973002687096596,0.09879673272371292,0.00394525146111846]"
ISIC_0030877,akiec,akiec,True,0.8756805658340454,0.5228374600410461,"[0.8756805658340454,0.0327540785074234,0.06865820288658142,0.004134004004299641,0.00984174758195877,0.008865094743669033,6.639150524279103e-05]"
ISIC_0027950,akiec,akiec,True,0.9206774234771729,0.38494300842285156,"[0.9206774234771729,0.0161322932690382,0.024558380246162415,0.0013646917650476098,0.02920684963464737,0.008032113313674927,2.8210457458044402e-05]"
ISIC_0032154,akiec,nv,False,0.5316945910453796,1.312644362449646,"[0.12131774425506592,0.1921447217464447,0.09527602791786194,0.0017406123224645853,0.057062871754169464,0.5316945910453796,0.0007634436478838325]"
ISIC_0026549,akiec,nv,False,0.6852185130119324,1.0431478023529053,"[0.12117958068847656,0.041870322078466415,0.0581936240196228,0.001282768789678812,0.09202516824007034,0.6852185130119324,0.00023003360547591]"
ISIC_0027172,akiec,akiec,True,0.8117491006851196,0.6812897324562073,"[0.8117491006851196,0.0011906333966180682,0.08638650923967361,0.00069467379944399,0.0743081346154213,0.025648262351751328,2.265086368424818e-05]"
ISIC_0025953,akiec,akiec,True,0.8516332507133484,0.5769230723381042,"[0.8516332507133484,0.005964703857898712,0.08507786691188812,0.0014521798584610224,0.011862553656101227,0.04395727068185806,5.2150226110825315e-05]"
ISIC_0029360,akiec,bcc,False,0.46770915389060974,1.598854660987854,"[0.10791292786598206,0.46770915389060974,0.07335899025201797,0.1242360845208168,0.12883858382701874,0.0673043504357338,0.030639873817563057]"
ISIC_0026152,akiec,bcc,False,0.48913028836250305,1.0446544885635376,"[0.4160099923610687,0.48913028836250305,0.025325719267129898,0.05383720621466637,0.0095015037804842,0.004231640603393316,0.001963657094165683]"
ISIC_0029827,akiec,bkl,False,0.4453466832637787,1.3290938138961792,"[0.09973841905593872,0.022460445761680603,0.4453466832637787,0.0178883895277977,0.04453814774751663,0.35091397166252136,0.019113944843411446]"
ISIC_0028558,akiec,akiec,True,0.6817458271980286,0.9559681415557861,"[0.6817458271980286,0.017897915095090866,0.21542932093143463,0.009085878729820251,0.04322411119937897,0.03226674720644951,0.00035028313868679106]"
ISIC_0029781,akiec,akiec,True,0.848624050617218,0.6111249923706055,"[0.848624050617218,0.021159322932362556,0.06954072415828705,0.0042717671021819115,0.05058304965496063,0.005682491231709719,0.00013863971980754286]"
ISIC_0026645,akiec,akiec,True,0.5557224154472351,1.1507799625396729,"[0.5557224154472351,0.29638224840164185,0.0762384906411171,0.011290911585092545,0.03414757177233696,0.02454397641122341,0.0016744338208809495]"
