image_id,lesion_id,true_class,predicted_class,correct,error,mel_false_negative,mel_to_nv,confidence,predictive_entropy_nats,normalized_entropy,raw_width,raw_height,processed_width,processed_height,raw_sha256,processed_sha256,raw_brightness,raw_contrast,raw_sharpness,raw_saturation,raw_dark_pixel_ratio,raw_bright_pixel_ratio,raw_entropy,raw_illumination_variation,processed_brightness,processed_contrast,processed_sharpness,processed_saturation,processed_dark_pixel_ratio,processed_bright_pixel_ratio,processed_entropy,processed_illumination_variation,model_view_brightness,model_view_contrast,model_view_sharpness,model_view_saturation,model_view_dark_pixel_ratio,model_view_bright_pixel_ratio,model_view_entropy,model_view_illumination_variation
ISIC_0024321,HAM_0003511,nv,nv,True,0,0,0,0.85545319318771362,0.54377775407039264,0.27944648643432074,600,450,600,450,501efd5fed585cd3a3c7bee8a2c1da1bc9d24f81f480dd58fc5343f5340479b3,1e6d91486be1bf866d0aaf22c22fb5fde9e1e2f093cbef175e3c2dc8386315bb,146.83723333333333,12.275574647980767,32.463488604444436,0.44964692810457513,0,0,5.292104244493113,0.068703162264550435,78.502866666666662,43.033551414422881,1517.4329677931964,0.4190845606390704,0.070155555555555554,0.014585185185185185,7.2267609747008406,0.46044701997113469,78.497789171006943,41.86195829114871,518.98328174025198,0.40943164700776147,0.056816948784722224,0.013997395833333334,7.1618840931827812,0.45867823246485334
ISIC_0024322,HAM_0001538,nv,nv,True,0,0,0,0.99068087339401245,0.065023277940288504,0.033415354748961838,600,450,600,450,703c5b33efec5d17126eb903e1b570e186335ff72a4823f4f033896b6a624abe,95bf5452d726976625c41f883171dedab6889630ba4ce43feb179bc903ddb362,151.02799629629629,18.113401972633646,109.33138129370374,0.4147960929557008,0,0,6.0149896517776469,0.11388572261751467,73.27145925925926,44.985113079322709,1612.503544095254,0.36897103848946988,0.069892592592592589,0.019014814814814814,7.0876761724228041,0.55094367218028018,73.269483778211807,43.982662640210116,438.23097027999199,0.35784837643824896,0.049757215711805552,0.018059624565972224,6.9941518371085714,0.54988919449935092
ISIC_0024339,HAM_0005781,nv,nv,True,0,0,0,0.93791055679321289,0.28009868895100715,0.14394225195186297,600,450,600,450,39e7c005f806e8d04889ee5b240ae133642867364571e6dece3e840a810a2e2f,85f21c35e7ee209e240327b835a4581f7d63f012d7400a4ad8d7bfdc68117240,175.36163333333334,32.30387849433356,29.077714814801105,0.36458360203340595,0,0,5.2864032672282466,0.17923171891689749,27.595714814814816,48.622228815332207,104.26018884432101,0.3594898039215686,0.89518888888888892,0.025374074074074073,5.3537114662729905,1.685022417980746,27.6070556640625,48.534225501728919,49.027266654657367,0.35068412564678647,0.89603678385416663,0.025363498263888888,5.2905378736740776,1.6853844638365727
ISIC_0024349,HAM_0000025,nv,nv,True,0,0,0,0.7471153736114502,0.57039269782605473,0.29312386191261963,600,450,600,450,b0820dbfe5968772c74e318bd6480871e7ad0710d35da72fa5596434a0e488fe,6fa045f2d79f5becf7c1f1265e922558008faaab053db2ff383234909c479344,123.50550740740741,43.979127364495731,63.058708333333321,0.39330611474219318,0.0015333333333333334,0.00013333333333333334,6.9926496842704218,0.3451503205228873,72.206248148148148,63.538836407914779,314.26851962024693,0.29160165577342045,0.26432222222222224,0.030437037037037037,7.1296095963976827,0.81243561837333234,72.207573784722229,63.305071957649112,154.04940400148431,0.28831390846269067,0.26183403862847221,0.029032389322916668,7.1117204483473389,0.81329197094263828
ISIC_0024358,HAM_0000933,bkl,mel,False,1,0,0,0.48703235387802124,1.0491973538718187,0.53918078097345634,600,450,600,450,0ba6dd6dd52bafb93126b4ee507477817981741b1d8d57e4fa34876478bed452,0aacee166592f95372e42bcbdda3a6477f9f0e7fd458943de2aae1c10181298c,181.98528148148148,24.297838153234299,45.158092709999998,0.20957137254901961,0,0,6.2594566273741874,0.12101424173620465,54.945855555555553,41.695312262596524,338.59067009052126,0.31963663035584605,0.24984074074074075,0.01244074074074074,6.9286468133403689,0.65716438920066456,54.940565321180557,41.387013606363631,131.88289377419855,0.31401412398726852,0.24644639756944445,0.012186686197916666,6.9156920753297682,0.65592654825334873
ISIC_0024368,HAM_0003465,nv,nv,True,0,0,0,0.97041678428649902,0.1494129810055847,0.076783083267293023,600,450,600,450,139af9f9d600f9a87ac16c1b7993980b3bcc824f153c11785605a906b12b51cb,72f2e0ad4ff29a1a9c2376d7f13cb68400f2515ab3e3ec1d5d3aaff6555cdd47,128.94198148148149,32.438638377364654,159.75905891681757,0.46565879448075526,0,0,6.7796770976875269,0.22592444765386691,63.05488148148148,54.856748420611375,546.88414637037044,0.36637132897603486,0.32557037037037034,0.014948148148148148,7.1876521368876265,0.82336854838692752,63.052313910590279,54.510482134726296,203.17767333611846,0.35805201312295754,0.32537163628472221,0.014302571614583334,7.1511819904185128,0.82420799998496008
ISIC_0024373,HAM_0003297,nv,nv,True,0,0,0,0.95104676485061646,0.21651872213306106,0.11126861239619673,600,450,600,450,5e46761669d96d29de31bf851732ef96d11a6cb508f00bcc3710630d036f8ba1,5d688c28c74d29be96a284e99e37032f34b2636b6c3bfb9d56d31ba764495d93,154.04895925925925,16.996807740317099,38.385395361851849,0.40849066085693542,0,0,5.6661755871548261,0.10445281056728024,46.563029629629632,39.300726850396707,528.09100973266106,0.46246245461147417,0.31198148148148147,0.015599999999999999,6.5450745365998149,0.767050219428831,46.55865478515625,38.858576804314424,190.44233265555934,0.45287208307802285,0.30409071180555558,0.015462239583333334,6.4825965651160713,0.77041391075923937
ISIC_0024401,HAM_0002178,nv,nv,True,0,0,0,0.99953758716583252,0.0045132426920443799,0.0023193479381539983,600,450,600,450,2f142a247de339ffb1d1fc2938c2ccb425b585a3dd9f22a21e7435a490aee24a,f49ce88b93046f18ae885b808e461dde172990493c84a1c32813e6efb080a840,157.26964074074075,26.417094798153645,31.947607406035672,0.41338470588235293,0,0,5.787888063731204,0.16320347850514863,64.626488888888886,60.261147428918711,622.93898888821673,0.4424285984023239,0.26099259259259261,0.031555555555555559,7.0352190525186087,0.87824827171813846,64.620490180121521,59.895570609193371,239.06754681684166,0.43487586060900052,0.25120713975694442,0.02996826171875,6.9754876784201088,0.88023359142738433
ISIC_0024402,HAM_0004542,vasc,vasc,True,0,0,0,0.99651163816452026,0.02694032137654272,0.013844586498313665,600,450,600,450,69858b574c3cdc4c8f2b317ceb90ebe228be61802de6a906099c718ad4a1a6c9,65cf8d8ff5c2999891b758201aa86608f08903dc4902fdfbe422869c8f4890e8,189.88977037037037,16.24783875607973,47.015093368669419,0.14404566448801742,7.4074074074074075e-06,1.4814814814814815e-05,5.7304616694547246,0.079089489472326177,64.19739629629629,37.747410034753884,1087.7396487242252,0.73113599128540308,0.15537777777777778,0.0097740740740740739,7.0222724065171054,0.51826190420082685,64.194376627604171,36.914683065137609,357.72488778590429,0.72486492481107023,0.1475830078125,0.00921630859375,6.965477439264971,0.51916125784382861
ISIC_0024405,HAM_0001060,nv,nv,True,0,0,0,0.97332394123077393,0.14420468669037229,0.074106549452131576,600,450,600,450,004e0795bad79fd9008e7accc4917d3cd6768b674fddaac138abf524254ce26b,d500f86c553204389409e4647fcf7159685449aa626c1a56e471ed285e15b66a,171.84345185185185,24.200454313372049,26.902766265555552,0.34641151779230211,0,0,5.4099644543606429,0.13609863810811995,36.580659259259257,46.562823805591549,210.31409070451303,0.45443969498910675,0.66911481481481483,0.021374074074074073,6.149298432034028,1.2101888569777322,36.576850043402779,46.401781135318828,76.328095687576294,0.4458320035913671,0.67652723524305558,0.021409776475694444,6.0929741757484228,1.2117470145730471
ISIC_0024406,HAM_0007480,nv,nv,True,0,0,0,0.86013537645339966,0.44186942403213225,0.22707596455398926,600,450,600,450,33d46b2744fa0354d40f069ab704a414720ccc20dc81a4cc0b75eeb607808f44,6df12cff930588303835fcb6402199b2feef15c095139779e37ac2635302341c,177.08355185185187,27.528985677307208,81.134970366858724,0.26836348583877995,0,0.0011148148148148148,5.2976696020044773,0.14760054195158059,46.062266666666666,40.882113229644595,189.11892096283955,0.46709927378358751,0.21641481481481481,0.018074074074074076,5.7066789318566897,0.81435931230377911,46.036349826388886,40.712832665951673,75.850463855413736,0.46409396169492101,0.2065700954861111,0.017991807725694444,5.6202034290086065,0.81399216882221992
ISIC_0024411,HAM_0001390,bcc,bcc,True,0,0,0,0.53247612714767456,1.3018225700852255,0.66900446082632603,600,450,600,450,ab0bd2c288c2397da916bce4f683938879891b66db2814eacd33035a6946d28d,25115417d80968af7a993ef2f6743f7d12b8b41a5866a647e55837d1861a94d4,179.42194074074075,18.554409760670335,159.08276685410155,0.24295715323166303,0.0001962962962962963,0.010318518518518519,6.0370108317896536,0.076303066498339039,102.08822592592593,36.269565313604829,726.16134493278457,0.282680464778504,0.033681481481481479,0.014085185185185185,7.003863981785817,0.26170631945163497,102.09250895182292,35.440267401307949,319.72430312260985,0.27654481443184908,0.029018825954861112,0.013841417100694444,6.9777873105130475,0.2610039993847395
ISIC_0024417,HAM_0003473,nv,nv,True,0,0,0,0.95979529619216919,0.20759245092832437,0.10668141642053972,600,450,600,450,959c29fd1f57bd8c739a11f529e7c063abf8a212770ee59f2a7d494bfc23f898,e0a9173267485dea2268490a3c18cbbf376387aac658b425b598c67b63effffb,147.26033703703703,20.445476693384759,51.224176526694109,0.4383620043572985,0,0,5.7362011464486251,0.12981825259412941,42.073218518518516,41.572039283148683,385.24339629134431,0.39001465504720412,0.43644444444444447,0.018037037037037035,6.3860533262397245,0.90786583853218905,42.071879069010414,41.22864204297823,153.86942520388115,0.37940330754697715,0.43579779730902779,0.018025716145833332,6.3198561475007127,0.911862815386282
ISIC_0024430,HAM_0007269,nv,nv,True,0,0,0,0.95779377222061157,0.18299319385850044,0.09403989898882982,600,450,600,450,a6d13c68e5be51b2a0879f16d73448295027648f584c635d5bacbe58431e657e,05e4ee5d63c9430cb8da8ec8d3c8bedeb38b72d606a93697cf7f4f0c77432723,179.4425962962963,27.676111660900872,94.584977768504814,0.34543703703703704,0,0,6.0383027982584956,0.14340451937123658,33.308451851851849,42.929858102657974,231.04765142694106,0.41115965141612204,0.71609259259259261,0.014781481481481482,6.0916395900071354,1.2013565469855785,33.305284288194443,42.736601998207675,86.040465583771848,0.40100525833163131,0.72353108723958337,0.014478895399305556,6.0406529580852339,1.2005628631909906
ISIC_0024432,HAM_0002083,bcc,nv,False,1,0,0,0.61696016788482666,1.2170626060343843,0.62544645580127911,600,450,600,450,74632e31232c33bc24d8c5a6f5bb970b89a6f011ee1e9ffa0e03d60943d96139,758fc284f17d12c9e80949c9b3b1e8c978b3e7f4869a46e8cd4f30306cb1f3b4,145.36104444444445,47.947350780925689,54.031149350768175,0.20099337690631808,0.033159259259259256,0.00035185185185185184,7.1160050154806438,0.31495230499415827,65.100170370370364,49.449339912164163,89.185096159122082,0.22729816993464053,0.13344814814814815,0.026462962962962962,6.9842411699485023,0.70542665964652862,65.1053466796875,49.333311169915092,57.35720927608601,0.22476995463984203,0.13240559895833334,0.026496039496527776,6.983182362247093,0.70896525218923667
ISIC_0024434,HAM_0006716,nv,nv,True,0,0,0,0.99567162990570068,0.031110505570341195,0.015987637242883237,600,450,600,450,84a4e6a5a1471284b4dd0a862d338ee3ad9254d0716b1a57f864398227c5df89,ffa084a5ec214c39ac5bc69e181e957a07a2c5032c9d6375c35edc6acbe42902,184.34561481481481,18.522242145687553,24.511955140246911,0.35603776325344955,0,0,5.1341683559162314,0.096915919709666815,48.347596296296295,51.636947679967385,668.69977293777788,0.36140136528685546,0.4361962962962963,0.026714814814814816,6.4610823180092707,0.99612365907562961,48.343668619791664,51.238885715337219,210.59302175040412,0.34635967179840688,0.43391248914930558,0.026068793402777776,6.351453985475942,0.99741931127351113
ISIC_0024440,HAM_0001879,nv,nv,True,0,0,0,0.88945382833480835,0.40266627149719536,0.20692952945061668,600,450,600,450,3ab1fdb634cac09aa25c747207d223796ec96790d37df669d629df60f316a27f,f4e038e75b8427605545e082313916063de1831a6d35ff53fdd3aa7acd68ac5d,141.48718148148149,20.783841447509474,39.642007385459536,0.46940689905591865,0,0,5.9134092005436454,0.13882684662384676,40.092188888888892,37.58425371262134,254.97130359259259,0.37013381263616557,0.45747037037037036,0.014662962962962963,6.3485805445885433,0.84893972591652922,40.096686469184029,37.320712775679269,106.70874640782488,0.36224588631025323,0.4590115017361111,0.014553493923611112,6.3083896606384977,0.84772683941459115
ISIC_0024449,HAM_0001950,mel,mel,True,0,0,0,0.84691298007965088,0.44057431143056036,0.22641040833485929,600,450,600,450,f7a54ece9ec4271747233f719a0e385a3c2ee038f5dc545a2667ce557559d1d5,d75cf9d56efb4f27dbc90ad5efd17c36fb08e13bf1b4997f7af3201564b4a024,130.85715555555555,36.132542876525456,127.61730734209874,0.38985590413943355,0.0048481481481481483,0.0007407407407407407,7.0806957261648344,0.25298010186740155,64.075118518518522,47.704615990885038,378.45509971949247,0.50900114742193181,0.24297037037037036,0.01437037037037037,7.2747148468829685,0.65399583986353216,64.075853135850693,47.407219513058699,139.44451890094783,0.50475943904037313,0.24059380425347221,0.014092339409722222,7.2666401266281904,0.65125254995112436
ISIC_0024458,HAM_0005590,nv,nv,True,0,0,0,0.8407740592956543,0.59096572618752508,0.30369630708510509,600,450,600,450,19ac927e8ed42a49e3c8613fd7984e912018e73014c50f40c0d94930198d4672,46fb28d0cb0d9c74c3332c2f4dcf46e5e65e4c02390daac9427b15c556f60097,141.02961851851853,44.120322357906481,114.56473586171469,0.29959676107480027,0.00075555555555555554,0.00083703703703703707,7.1412491799291669,0.29891556435941818,77.529166666666669,58.401008436007267,490.90350748702332,0.37831032679738563,0.16159629629629629,0.028692592592592592,7.4585826373986857,0.69545175770147882,77.528774685329864,58.104544819860813,176.45928019611736,0.37393442457278048,0.15716552734375,0.027425130208333332,7.4426133452837142,0.69583128114743364
ISIC_0024482,HAM_0007054,mel,mel,True,0,0,0,0.95349729061126709,0.21289649039852349,0.10940715351213877,600,450,600,450,c5db6b496a551329b7589809eed3170746040cf04b80bf3e3563e0ef3fdb8863,75d82b92b32b96e63dc6b09a9818870fa15a2784e43ef02ee82e1c94693117ee,154.2242,37.991215469875648,133.42918021262003,0.28935387073347857,0.001474074074074074,0,7.0326059531338512,0.2257450110488031,73.335696296296291,56.203077784415846,415.91786061871051,0.21805417574437183,0.22798148148148148,0.020214814814814814,7.5036993052951395,0.68244320443965056,73.334140353732636,55.930732368350327,150.69611244437135,0.21325369774645969,0.22674560546875,0.01971435546875,7.4989888060248138,0.68388925958869884
ISIC_0024531,HAM_0006552,nv,nv,True,0,0,0,0.93562877178192139,0.26449560957858631,0.13592385532651227,600,450,600,450,5d59509ff1bec48be752769c38e303560acdff1f2e820ff193fa973cfe65418f,fc2af88ac0442a0d5af8167a81788fa6fbc2996fb5b80a5247ed99373b0711c0,129.49930000000001,31.083028706740826,219.09801474370371,0.44273607843137253,0,0,6.6163563771978948,0.19511780183557115,51.976874074074075,50.633801753437041,428.29367209327847,0.40886029048656497,0.37307407407407406,0.02345925925925926,6.8262020966379167,0.92322839740345686,51.968736436631943,50.35276947166205,152.37646428725603,0.39987061610668573,0.37262641059027779,0.022569444444444444,6.7932400428879074,0.92554518925552298
ISIC_0024538,HAM_0000397,nv,nv,True,0,0,0,0.71127533912658691,1.0152627571496167,0.52174184796893075,600,450,600,450,c1a218f840d73e5919b87e5012f791b3faebb8eb15077b0a4285ef01cd83295c,4cfa297b236a5ab764b4e919e7384facdfcbe6ee733027221262744abd1fe036,170.35183703703703,36.980493601298306,77.398980980192022,0.38697079157588959,2.5925925925925925e-05,0.076218518518518519,7.1961325926311277,0.19828485542356164,96.576803703703703,56.229079115953297,553.76079036488329,0.38746824981844585,0.07485185185185185,0.027485185185185185,7.6749556984744753,0.50109499203912866,96.586249457465271,55.814238336768085,232.0346580545108,0.38324666075197444,0.072469075520833329,0.026251898871527776,7.6643599215261586,0.50122274918870813
ISIC_0024539,HAM_0002551,akiec,bkl,False,1,0,0,0.90852683782577515,0.35426702238609603,0.18205723556048212,600,450,600,450,06ba5ec0bd28400d6b24c91e43141cc74d29ae76f7a9363ee6b97eccc473540b,79f4cb24bfe41e448fb6ece93d35898191524b794b95666922431d9055033a18,170.71498518518518,40.91075585140311,35.909303249327856,0.32132214960058098,0.00088148148148148146,0.014277777777777778,7.1700535440360866,0.22668871977512717,55.046274074074077,50.02533335449737,183.28011480481481,0.343678024691358,0.38930740740740738,0.016248148148148147,7.0521513921746664,0.7961831372718996,55.043545193142364,49.829085962552668,95.960410688716308,0.33991079558993736,0.38927544487847221,0.016045464409722224,7.0472399569379585,0.79784379274570383
ISIC_0024562,HAM_0002745,akiec,bkl,False,1,0,0,0.37461107969284058,1.4565519617846465,0.74851963873653837,600,450,600,450,05fed58372fc98dc71655d7d4afe65e1ac5e6a5b829fe94de69418048f19c40b,52f89d41a542cd5d6fb6c2d5a7f15aa140f1ebc86d761a1c7a3bc95cb2916009,171.83615925925926,27.104105413862076,303.48494056866929,0.30800917937545391,0.00037037037037037035,0,6.3932141852358102,0.12418521027648244,65.206818518518517,49.857430964668595,699.27383302879286,0.33800957153231659,0.20120740740740742,0.022233333333333334,7.222506577070595,0.68049823707918367,65.202874077690979,49.382086781955984,251.28054984369211,0.32893694044458061,0.19267442491319445,0.021640353732638888,7.1960113763938764,0.6799166129685581
ISIC_0024573,HAM_0005804,bcc,bcc,True,0,0,0,0.7598578929901123,0.84822413156111998,0.43590097516728088,600,450,600,450,0e764a3ea99b5314e88820df0bafcb0ffa3e27fc7282ab5ca323e615522794f9,4fa5b0d2a111d703fad21cc84f1de218adedb9bcb6a53da60716f25a7dc8ff98,142.02141111111112,9.5514057957680798,9.5195035875994485,0.25287484386347131,0,0,5.1728724683257177,0.058978260616677575,85.383151851851849,44.13425173422457,907.27006066270224,0.35682068264342776,0.066237037037037039,0.01244074074074074,7.3630783864436662,0.39353655446699448,85.386861165364579,43.435160129513662,276.33818058720158,0.34997656994655496,0.061699761284722224,0.012098524305555556,7.3383080113241181,0.39448055197144821
ISIC_0024593,HAM_0007369,nv,nv,True,0,0,0,0.96409159898757935,0.15549792231237994,0.079910124518272327,600,450,600,450,eacf17b6a65b05e5d9e6ac5b8ea2c6deeff43dfddbfed9ccea67b171c9a4c8f8,3e5332ae05560bad028e224e7f5c7da38e25ca16f6b1fe45848faa5530877011,118.63422592592593,40.809260546642747,116.65584371879288,0.53950018881626727,0.00057407407407407407,0,6.7502839323497454,0.33661324136098442,64.106670370370367,61.535883201852933,839.32038869463656,0.34499914306463325,0.42399259259259259,0.021437037037037036,7.0750982333742503,0.90572038740417571,64.107998318142364,61.122166390118657,262.26474099026785,0.33646280126633987,0.43052164713541669,0.019944932725694444,7.0239708268642165,0.90780011733718913
ISIC_0024595,HAM_0004027,bcc,bcc,True,0,0,0,0.69897186756134033,0.75497706867174919,0.38798146411758538,600,450,600,450,59ca6f5249a0af92ddf6e3e0b4b7bbb69e2255443540fa6e187325fe63491bfd,d56c63171635c38c2e2e933836f4140d42fce67735d276219332f38bf47ff03f,178.77826296296297,20.728252130609317,35.552160116858701,0.18138180101670298,0.00049629629629629633,0,6.1820846467745012,0.10581795144534296,73.749600000000001,50.721750866379914,803.23163452834001,0.2889494117647059,0.18388888888888888,0.016981481481481483,7.4496878342278983,0.58629870286456576,73.749782986111114,50.126606742446995,326.80108552467493,0.2777822457107843,0.17754448784722221,0.016242133246527776,7.4260867241913626,0.58639792613087061
ISIC_0024605,HAM_0001045,nv,nv,True,0,0,0,0.92410564422607422,0.31559149891341376,0.16218194815758832,600,450,600,450,a599ef384a6f5d3c43f7f719286d6745515799b11eeeae25d79a0cd85b5233a2,5230761b6f6f84d5906b7bb1c892f28351ed86ba0c0f987641ad3af926b5c387,164.58137407407406,25.294446772351598,37.688387510438957,0.41163150326797382,0,0,5.7327434019320593,0.14635974478082739,49.82158888888889,50.566675483715869,352.74771363949242,0.42045411764705881,0.34445555555555557,0.024659259259259259,6.4982462528960374,0.94461165229879185,49.819613986545136,50.317904630162133,133.69697366447912,0.41467005910437088,0.33766682942708331,0.023993598090277776,6.4424264833016096,0.94773227821825934
ISIC_0024609,HAM_0003498,nv,nv,True,0,0,0,0.95805126428604126,0.23263400191938127,0.11955022796521145,600,450,600,450,fe8a7ba19d40fda9148974563e2288825ba751eafddcbcd494ebbad8ebb52638,8f92e27035812594d4412d4e791cb4d0e5840bb1b3cbd1a2747340e4bd089530,161.3452037037037,19.467482126070522,46.481557451728392,0.44451830065359477,0,0,6.0491242257760192,0.11336091262134565,57.470059259259259,43.424393296644624,853.45201721805222,0.43483093681917212,0.25121851851851851,0.012777777777777779,7.0149033413732456,0.663187978823913,57.470241970486114,42.782581818533423,298.23218652918752,0.42507419960171566,0.24365912543402779,0.012518988715277778,6.961683503052444,0.66618072633111869
ISIC_0024620,HAM_0001881,nv,mel,False,1,0,0,0.53281515836715698,0.69648048512553129,0.35792016679889033,600,450,600,450,77c899e31a24d76ae6dc70c2efc79699e519c34e1e7810e31e126c5299aa1d1a,280bc397809efb79764b1fe65f0352f664dee94f8c0790c22c9349f829afe250,158.86636296296297,21.089792169078496,17.343777292949248,0.19171747276688453,0,0,5.1248863418161514,0.12774814817385235,42.798485185185186,50.918561804354354,348.54958144740732,0.43310370370370371,0.61268518518518522,0.017703703703703704,6.4456542183488121,1.0979173588846109,42.791361490885414,50.669259004113144,137.83260708490823,0.42162508829486656,0.62203640407986116,0.017476399739583332,6.386244318645848,1.0985302333138858
ISIC_0024629,HAM_0005793,nv,nv,True,0,0,0,0.97855430841445923,0.12057935598479891,0.06196553116460024,600,450,600,450,321ab163a2cc9ad1ae4acac5e449ee4da4566bdedf7cbe84ef562aa713050d91,23b24c08c4f0d1fd38634fc417879a4195d7d889188e7a44a7c11224233375fc,174.44005925925927,23.346590830438089,43.703462901385457,0.36628275962236745,0,0,5.9441800059044079,0.12991368955820282,65.832048148148147,51.704544355310532,892.99190626171458,0.34095076252723311,0.18427777777777779,0.023777777777777776,7.1482008924281448,0.73749490836858156,65.827080620659729,51.179664304695997,285.88634215125148,0.3322653377757353,0.1693386501736111,0.022867838541666668,7.0973298249791092,0.7366328360137957
ISIC_0024631,HAM_0000046,nv,nv,True,0,0,0,0.84481227397918701,0.44725749995835618,0.2298448878410381,600,450,600,450,d142035fd4db0604a2c8fc85328abc25e476f7217704f55cc1f50c71414e77c9,1e29e6116843b34e8859d6bdf1265e4cd3aec2b576e3d5614ce5530fb300671a,150.42765185185186,20.222280410594617,49.276865966035658,0.4575758315177923,0,0,5.6389135881803689,0.12723152284412162,44.692040740740744,41.799339463837882,390.86020716839505,0.36378421205519246,0.3632037037037037,0.017540740740740742,6.345365705421468,0.85807996368311645,44.6895751953125,41.437831952589967,166.13497851287693,0.35485962180010888,0.35970052083333331,0.017320421006944444,6.2746359230184199,0.85758314621155196
ISIC_0024632,HAM_0001666,bcc,bcc,True,0,0,0,0.60961461067199707,1.1175299751118084,0.57429680175846709,600,450,600,450,1f2b269c55c868724daed7e9564367414b7ea4236f25da3018234a7ebb2be2ac,ae341e907365ad63f5b583bc7f57010821eb472397348b08c9900bb715f04ea2,177.34646666666666,18.063047754524213,31.737033999986284,0.18105706608569352,0.00027037037037037036,7.4074074074074075e-06,6.053457267692731,0.09356818932267387,82.250129629629626,50.615767141440521,788.68945623691354,0.24778347131445169,0.11862222222222223,0.017477777777777776,7.5287768358392064,0.52379147486049604,82.243991427951386,50.015348777803979,320.95735321437689,0.23849044500612746,0.11265733506944445,0.016581217447916668,7.5112445816647293,0.52344423493986736
ISIC_0024636,HAM_0001987,nv,nv,True,0,0,0,0.984699547290802,0.089626839144662712,0.046059084068282456,600,450,600,450,398fee340e81dd7d1dbf8dfd0fb7e1abc25d8e6ae8e2238c204032eaa319d8d0,e0df9d0f9f6eb9bdfa2491fd7f4f5d56fef7e41ddd7f612c8770c9cffc63bf45,125.95605185185185,34.88180819043572,130.50898079072704,0.56039863471314455,7.4074074074074075e-06,3.7037037037037037e-06,6.9159592693280896,0.26920597876031538,94.020792592592599,56.984987278014728,1350.1085905955556,0.33818397966594044,0.17822962962962963,0.021192592592592593,7.6793970847864719,0.56166425470950621,94.015869140625,56.275697789457404,394.09191080481725,0.33129832282305288,0.18028428819444445,0.019883897569444444,7.6466218887973785,0.56203643553201155
ISIC_0024646,HAM_0006252,akiec,akiec,True,0,0,0,0.88470488786697388,0.43706289201316678,0.22460589571689576,600,450,600,450,5772a1b511bd7f5d103b2b96dab77f8cf6f58844d1be4e03ead2a5c4f13ae7a3,d3c39fa2a5cfd2225a08435ab054ab52ae4a763969e81ef78afb5b65eba82506,172.75903703703705,9.2086350276630213,24.76857708949246,0.23206687000726214,0,0,5.1205673663537068,0.045371124986095537,101.50168888888889,46.520226792776477,2424.5945904460359,0.44047764705882353,0.043518518518518519,0.014114814814814814,7.5322371017381045,0.32065175653574368,101.49856906467014,44.748362492504505,891.55873349304375,0.43239299300449346,0.034437391493055552,0.011678059895833334,7.4775333908955588,0.32213480606215306
ISIC_0024659,HAM_0001514,nv,nv,True,0,0,0,0.94969332218170166,0.25242892871623429,0.12972280803344477,600,450,600,450,cd8fd7621bc76466dd998d477ded394a5bd1152fa96392b0c702297b4e676d6a,6244dfd5e96f760d8af15764ef670aa14a8bf1a763f610f70466081e33d92cf2,133.14016666666666,28.89765173033577,169.65895389628258,0.45507208424110385,1.4814814814814815e-05,0,6.481876227624328,0.17624310017678316,59.822751851851855,49.888188553685261,558.36889590913586,0.39155636891793755,0.25442592592592594,0.017466666666666665,7.0734036409453669,0.7737811284122893,59.8179931640625,49.502824066163747,197.19405767487157,0.38299696180555559,0.24718560112847221,0.016682942708333332,7.0347232045179453,0.77442007805780555
ISIC_0024665,HAM_0003866,bcc,nv,False,1,0,0,0.86628067493438721,0.61118733286509441,0.31408815723676109,600,450,600,450,20d45df5e082d74266552ed9a13ede6a3c68e315363b1227e45368d2a72edba7,f6543b23c07f0d0667ee979a05c05d7cc96021f96239a309e9089437e6923591,192.28354074074073,26.037655584788041,37.996602202249662,0.17831937545388526,0.00042592592592592595,0.00095925925925925931,6.2549257690883637,0.12636921335367929,46.613233333333334,42.662975366248318,184.64792368327844,0.39668395061728395,0.4103,0.016277777777777776,6.8031048361356996,0.84016207842509372,46.595492892795136,42.483214120625142,87.007914292959512,0.3910436027709695,0.41103108723958331,0.016187879774305556,6.7899698827128834,0.83941490023943166
ISIC_0024704,HAM_0001936,nv,nv,True,0,0,0,0.80556994676589966,0.66318884101728726,0.34081164607690007,600,450,600,450,e5635719ccedabd33a73df6449734f8bf84d934df050688b2644f256b36b2305,fae0f88b31a6ab320dee64e8c3aeb1e633a85f73d9b19e1734c9c0e69cc38132,195.44653333333332,22.688349282559262,9.8756852625377238,0.13904646332607115,3.7037037037037037e-06,0,5.8595426588932824,0.10928264734681743,28.841088888888891,34.299536535032431,50.735528436200283,0.54046637618010163,0.67132222222222226,0.014155555555555555,5.9720583464812265,1.0805893463479666,28.829759385850693,34.219834006828677,31.036312903886955,0.5378353609238834,0.67242431640625,0.014112684461805556,5.9662366530168818,1.0754088847089809
ISIC_0024709,HAM_0004832,bkl,df,False,1,0,0,0.56365287303924561,1.1057358511128261,0.56823582098568681,600,450,600,450,1dfb7d12dfd733df0d6eb4c8ad45d15b3ee3da6f2588a8368d754f95b5ccef49,b1a2944660cc64f52a916c8f5412fba33f2a97d95b2b9a1639b528513ff6fc55,152.22887777777777,20.392537037227402,86.140994952414275,0.20184120551924473,7.4074074074074075e-06,1.1111111111111112e-05,6.3334769707721188,0.12004305826365375,97.500040740740744,53.00968772395224,835.82336855286701,0.29913429193899782,0.065588888888888891,0.022525925925925925,7.6584749534879073,0.47333134940662425,97.4976806640625,52.442423915274894,316.33477804101545,0.29338426776960785,0.060811360677083336,0.021579318576388888,7.6425406433031187,0.4734725867381111
ISIC_0024732,HAM_0002509,mel,mel,True,0,0,0,0.87662261724472046,0.42424676496863029,0.21801970927310832,600,450,600,450,74e4077061c9b865e0fe2c7019e5273a67b6992f23180401de49ae29e912b415,bca5c25c088b050b38a620138770db0778d64bb86c737c796327490c5834f20f,165.45340370370371,58.79035476989705,224.02964810665293,0.25200877269426292,0.038433333333333333,0,5.946833189314928,0.34514103545442826,35.728111111111112,52.675371736165374,331.22754814809321,0.40189236020334057,0.77789259259259258,0.015970370370370371,5.8583567253060602,1.2949493341839844,35.734625922309029,52.352668747260957,164.97323940841505,0.39685263374012797,0.77640109592013884,0.014824761284722222,5.838816806345819,1.2916685951969356
ISIC_0024738,HAM_0000203,nv,nv,True,0,0,0,0.99351382255554199,0.041471608848249547,0.021312191042522129,600,450,600,450,af29f12182395e3ed11bcce627640c67adb36412549da3e38dd9f5ebdadfd807,ffb676f8ba6d1823c070ced24df3cf0e5abca1318b08cc291a93648499698a42,156.59949259259258,24.048309198321892,109.28861474370372,0.3954589832970225,0,0,5.9493494030197871,0.14730982353633593,53.956537037037037,50.882199498308495,995.65615544444449,0.44606573710965869,0.28786296296296299,0.026425925925925926,6.6942664673924606,0.89067945883935606,53.948560926649307,50.36763450789212,256.14332399526501,0.43314964277811818,0.27726236979166669,0.025410970052083332,6.5821718452042886,0.89224407432249686
ISIC_0024759,HAM_0006249,nv,nv,True,0,0,0,0.99345797300338745,0.046260795501522615,0.023773346124938494,600,450,600,450,b7024292ad66e6d0b1706bbfa1005f5517542a52a676fb560133cfb96eb9564a,9554e5d9f46b2a8283b3c08d4a99a3310c1849340042bb51662e751e3ce167db,175.73556296296297,22.172709930137898,36.775495880987656,0.40272890341321715,0,0,5.1684048919840295,0.12201319741074695,41.114877777777778,45.496233618471571,427.67002589814808,0.34088207697893974,0.57551481481481481,0.015292592592592592,6.228258784718844,1.0468068261150816,41.117350260416664,45.17492685616417,152.65287802943294,0.32926567925347222,0.58603244357638884,0.014987521701388888,6.1263415596233681,1.0495849286255674
ISIC_0024760,HAM_0003856,bkl,bkl,True,0,0,0,0.61768108606338501,0.96319684765267499,0.49498526338447901,600,450,600,450,cb1cf989060011728cebecbfcca9564aade53975a992912a7522713fcdd83c9b,89baf2ad9beaf66b0d0066c5b1c24183a203926266ddda291975638234d116ea,174.04171481481481,14.964766913090022,116.24067093661181,0.25426310820624548,1.1111111111111112e-05,0,5.3923115882501804,0.068797581144381059,81.086818518518513,43.223283929566868,1564.7565601168585,0.4130982425562818,0.059362962962962965,0.016066666666666667,7.2566479021408021,0.42427812863359132,81.088595920138886,42.062035544415473,533.53557162520337,0.4040029488357843,0.048428005642361112,0.014885796440972222,7.2032365299692707,0.42393371130725299
ISIC_0024767,HAM_0003212,mel,df,False,1,1,0,0.50470119714736938,1.1798871561439961,0.60634205372575878,600,450,600,450,06e6a97cf4f334c65056fb93af07ed0a1c8faaa01e67489d9a7bece378a6671a,71b678427eae42d2b343311a478ab9aaf36e3187fbfa46248d6ba0704d27a8e6,125.73355925925927,29.792130549274365,103.39326059093281,0.3863786928104575,0.032555555555555553,0,6.3099945176299013,0.22043694757699034,36.776414814814814,46.452801558441323,134.18385474555555,0.58268142338416851,0.66334814814814813,0.022174074074074075,6.1356798516564952,1.1428422854507501,36.773451063368057,46.34374223741569,50.139996722156617,0.57827491510927287,0.66985405815972221,0.02239990234375,6.0998661431069525,1.1454965540884416
ISIC_0024774,HAM_0002903,bkl,bkl,True,0,0,0,0.83082067966461182,0.52412585662659106,0.26934740891353076,600,450,600,450,76cd315da543941c0f3da625eb9eaf17650cb2dacbf2ddfafa5c336dfe3eac28,c11a5142a3508da55721bec453835163aa3473e64af61392a09b9785a628f23b,144.57229629629629,14.222624748161758,52.611506885802463,0.24462669571532317,3.7037037037037037e-06,0,5.5708894678744558,0.090816518027883791,85.026822222222222,51.139924019463926,1859.3381939960361,0.4243037618010167,0.089851851851851849,0.018629629629629628,7.5007444498877218,0.50870304107711595,85.028408474392364,50.042780905630259,598.21861663552704,0.41301072729438998,0.080905490451388895,0.016465928819444444,7.4603250194216297,0.50819880656165051
ISIC_0024783,HAM_0007223,nv,nv,True,0,0,0,0.99693858623504639,0.023922460549161289,0.012293712821619743,600,450,600,450,5b786e999bd26a3a5b800fee864365048106ad28ce64bf7f044e630d303dcc56,c686e33e37cf45fa4f46fa08af875e0860636a0d2d648d1e9e283c9655adf293,150.50452962962962,31.793232826444832,34.917059253772301,0.42455562817719683,0,0,6.2961637841783809,0.20614563528799446,50.228888888888889,57.37821959551043,351.5049719464472,0.40059516339869278,0.52425185185185186,0.026992592592592592,6.6309269759233693,1.088613455647603,50.223347981770836,57.142239452379108,147.70322559162241,0.39208415245438455,0.53237575954861116,0.025872124565972224,6.5770551882823369,1.0897842094515877
ISIC_0024789,HAM_0004575,nv,nv,True,0,0,0,0.77403533458709717,0.88807069347731038,0.4563780572851448,600,450,600,450,8edbd2a00d416f8aa0ae8b1b697f274ce8d392fff151b8c52e53fbbdaba26ba6,456b150f44b96f6409a97220e24ca80cb3e0a3bf1f7beaf076cb759deb53f7fb,137.15826666666666,18.401929140898968,9.1365876460768156,0.21216655047204067,0,0,5.8930213666875755,0.12869841766101237,92.843203703703708,47.803071303343884,302.17738077936906,0.25859344952795937,0.059074074074074077,0.022177777777777779,7.4121975956771191,0.46680130801180736,92.844285753038193,47.602478176910871,88.155700165364479,0.25607202733523965,0.058566623263888888,0.022230360243055556,7.4044748118828112,0.46869739364951313
ISIC_0024798,HAM_0000044,nv,nv,True,0,0,0,0.94339609146118164,0.27269350223267097,0.14013673877237154,600,450,600,450,6e6d1df8778574f6314062c94fc2825627b63bac6b2e157ed5e01c0672588bc6,12860004fdfe6d2d5c884c2755575319e8acab400002e79b863feee1e3fe0501,144.79648518518519,22.010193098622953,92.58839515740739,0.19002503994190267,0.0031814814814814813,0,6.3012606736691525,0.14359693333956253,49.624040740740739,36.889934778591176,328.6156815955556,0.43438342774146693,0.30370000000000003,0.011988888888888889,6.7825534801358227,0.67516973422363658,49.628228081597221,36.592097382778178,120.80207512109185,0.42735295181440636,0.30335150824652779,0.0118408203125,6.7558901442372497,0.67443790277279703
ISIC_0024805,HAM_0005724,mel,mel,True,0,0,0,0.79279065132141113,0.52533460006878885,0.2699685801648265,600,450,600,450,52e6bc60448532a3e46dba406ecbb7e806f7e67da66d1267587dc39ecb7d7326,f72463c4a95cbbe1ff666f75c93dd95482a1bf735f2f180255f18c27dcd9fa7e,181.63026666666667,37.720094961822262,102.19327153772294,0.2081357153231663,0.00027037037037037036,0,6.0842644066335749,0.19881392574610937,41.696488888888886,51.997903514414126,330.25950488283939,0.42689247639796657,0.65918148148148148,0.021829629629629629,6.437176862048287,1.1545579175818497,41.70208740234375,51.788203276155848,111.082838056816,0.41878592962792754,0.66650390625,0.021572536892361112,6.3981136915549097,1.1506145296014312
ISIC_0024807,HAM_0006922,nv,nv,True,0,0,0,0.91950911283493042,0.35147842013689073,0.18062417748708695,600,450,600,450,9d0182aa8aad06707f59f20c0b182198b960b76e9975936ae24761fc0ea514e8,3ec8332c84fb0508bb3bfdf58f08f9d02858164b715748cc2055aebe5b92b914,126.00128888888889,26.860526838512847,94.594123620027432,0.52516641975308642,0,0,6.5916359010086127,0.19717744273996432,94.973937037037032,59.533171444191034,1333.5890397678875,0.40900535947712419,0.11596296296296296,0.021037037037037038,7.7035992702217149,0.56085874506990607,94.969977484809021,58.789527908037186,452.54851740226138,0.40155295245268241,0.1068996853298611,0.018988715277777776,7.663865842745909,0.5628353141085396
ISIC_0024826,HAM_0000522,nv,nv,True,0,0,0,0.952484130859375,0.19600222729454109,0.10072521970744377,600,450,600,450,0732cb28b319090e66fd5f6ca07c2fa7559cc2ebf789f917a4f17433f17a1661,816260250790036b84ff96c91fe8a57027154314a19638afb0657b8369156fed,140.98899259259258,28.739996087913411,32.66604038517147,0.4880337690631808,0,0,5.9750599299573413,0.19771862997339232,35.30174074074074,50.056948353363524,166.7137213853361,0.40951058823529413,0.7561296296296296,0.023311111111111112,5.9926229980575094,1.3537047076056559,35.302395290798614,49.920946905087881,72.392156035075956,0.40119107647399238,0.76285129123263884,0.022989908854166668,5.9397833230175205,1.3537229935055419
ISIC_0024836,HAM_0002291,nv,nv,True,0,0,0,0.98261213302612305,0.10733754559099251,0.055160586753248593,600,450,600,450,0214c27b115ca13ec95269462c76c4cf7bbcf6b3f86a79827240eade42d21808,1a074ca2969d17d7c77bd428f16b667754e786b8133825d864526b2d72eb22b3,171.1449111111111,13.29059625893529,20.24718127395062,0.23672246913580244,0,0,5.533765510638645,0.070623034798486972,56.795425925925926,39.82830351093714,459.62697499253778,0.44293334785766159,0.25441111111111109,0.012433333333333333,7.0105931254151344,0.60904506972798489,56.795694986979164,39.388921314360424,196.41798446240063,0.43456100430623634,0.2499728732638889,0.012376573350694444,6.9880057001450826,0.60993050966465312
ISIC_0024841,HAM_0002368,nv,nv,True,0,0,0,0.69121289253234863,0.62508019225575662,0.32122767464839841,600,450,600,450,8f8bbc2f881883af04ff06af9af80dd1fa6537f2048a9309f74b89287b214c76,f9f7e50d6f1e9eb9024e392151395416c9df052d99e81c5329431174d35a2ba0,152.63138148148147,28.422139486329975,98.248320645802465,0.25450457516339869,0.0067703703703703702,0,6.4538150231440641,0.16486465628366975,30.078277777777778,33.376308219563228,116.09191477913579,0.36763886710239652,0.6883111111111111,0.011388888888888889,6.0551300943306403,0.97195467647665568,30.066535101996529,33.227331680994126,54.40453630612221,0.35997734651586327,0.69120279947916663,0.011318630642361112,6.0351511295777538,0.97175177689805137
ISIC_0024843,HAM_0004376,akiec,akiec,True,0,0,0,0.47520986199378967,1.2707429657352411,0.65303270366936139,600,450,600,450,1f6e4caea6b18e85bf1269626053c095e3cd56a12d9e94ad376a2fe09c3464c2,bb9bad774dc2d84986fa19465786a5cacdf220a8137e1c324f2683d98295843a,185.61927037037037,34.855675192101366,46.736370327352532,0.30479199709513438,0,0.054474074074074078,6.853384695409213,0.17931234925092995,70.017511111111105,54.687680080802899,332.66778843949248,0.21326791575889617,0.22204074074074073,0.022437037037037037,7.399349523034715,0.70684437489361518,70.016384548611114,54.418332904968175,145.07642230938799,0.20798515369689544,0.22014702690972221,0.021620008680555556,7.3945440582194202,0.7077645599533583
ISIC_0024852,HAM_0003870,nv,nv,True,0,0,0,0.98009437322616577,0.12201667871761715,0.062704168934445886,600,450,600,450,6316f907f77bad942ee9189faf48cc5f5469c7d51356fca2b0365d296797851c,e1abf73d47b42093aaaace772fbfeb194cc692fc43ab3184982d6e6043509e84,151.3677888888889,23.234310075113985,38.083055532496566,0.48868214960058098,0,0,6.1375402338256828,0.14751256804659829,51.481448148148147,47.942654984261175,435.19615355385457,0.37403453885257809,0.3692111111111111,0.016511111111111112,6.873622496445071,0.86851001598247457,51.482204861111114,47.611121570492536,167.10804795000101,0.36629415275224675,0.36558024088541669,0.016215006510416668,6.8412993584395814,0.86714829536792759
ISIC_0024861,HAM_0005892,nv,nv,True,0,0,0,0.97455137968063354,0.13674139472435579,0.070271176082174217,600,450,600,450,fce3a636ea5ee953ad9bc3a7777f4327b259c4a2c7c8a27b4a0087d2cbe0f02e,5178cce22079e2f9819cbb201b55ff01d5c92367f772054169e02b8a1d81d449,149.52481851851852,26.94804491576113,33.569670195212623,0.36561953522149604,0,0,6.3197169389536914,0.17349048680249793,77.893388888888893,61.03367213326581,685.12355051802467,0.31552213507625271,0.19921111111111112,0.026703703703703705,7.4930980498569273,0.71336186246900268,77.894856770833329,60.620501373407826,258.24957869887163,0.30587995940563728,0.19306776258680555,0.025017632378472224,7.4580259869465308,0.71366865372931421
ISIC_0024863,HAM_0002359,nv,nv,True,0,0,0,0.80217951536178589,0.51047486921103202,0.26233218910896466,600,450,600,450,c4c3af99017a2a968cd42ee1c1e6c44bd0eca29f622ff6ac2aa10cf6c9d66885,d2813be410b5aa46f32c9faa60ce0cb979a86827b0ef8cc65fc9625b119a73e0,124.9713,27.430951334666005,133.26547767866941,0.56606053740014528,7.7777777777777782e-05,3.7037037037037037e-06,6.4407791891151369,0.20422699867354621,60.794477777777779,51.054329027693868,747.33397704031563,0.32034498184458965,0.21454814814814815,0.02211851851851852,6.9700994136745624,0.76170118188718638,60.793877495659721,50.617007304301978,216.34933756747176,0.31114831729132625,0.20849609375,0.020806206597222224,6.925405369216473,0.75997366133444277
ISIC_0024895,HAM_0004797,nv,nv,True,0,0,0,0.93522530794143677,0.28425179294182285,0.14607652520843237,600,450,600,450,cbc07e6bcef96e7454a14af5e4d6ce529835d3cd966be24ee9740d389b5ec7f2,f157ecf1b2df419a614b009f53b230c14e5f27fa6781f2e84e548c8dadfc2a69,153.86546296296297,33.428431896290391,33.733974055294929,0.43384088598402326,0,0,5.859585161255116,0.21258959649771716,57.660048148148149,61.922297600669097,328.01321420987659,0.35871083514887436,0.4138222222222222,0.031159259259259258,6.7294227221000043,1.0204312274820948,57.661634657118057,61.726082524144921,129.0956556494865,0.35270807270390792,0.41333685980902779,0.030300564236111112,6.6863945567270564,1.0234280988515383
ISIC_0024898,HAM_0002534,mel,nv,False,1,1,1,0.83736509084701538,0.53012496088104999,0.27243033864560051,600,450,600,450,fad74d18f4ec4b49fb005094bd48aabf3e1e42160e8966c590455e6fda5784b2,da8d0e6180d3987248f8eefa1a106491a693ba1be3cab397f4788098f52f637d,185.40777407407407,62.706086995047286,67.13102571839508,0.26965337690631808,3.7037037037037037e-06,0.50404074074074079,6.6417286759863057,0.33297585454579637,70.147118518518525,71.901174465198011,386.907588887229,0.22666017429193899,0.51879259259259258,0.036655555555555552,6.9174558487754236,0.98621954050294247,70.147013346354171,71.703243558087891,153.45112436968418,0.22208233336737473,0.52058919270833337,0.035027398003472224,6.9013057038340975,0.98662737504948705
ISIC_0024905,HAM_0007392,nv,nv,True,0,0,0,0.82286667823791504,0.6560462913715146,0.33714110165364386,600,450,600,450,1d9f137ed46c6e0d7b58159a6bbe3a48b7bc386de9a614870277905c279b0745,db2e60a7fbcdeb000d118f7fdfbe57997f245841eeda653d8b4ccc2ae3fb4b4c,146.71014814814814,21.720630591936906,41.214426876488346,0.45246596949891071,0,0,6.2953824604117461,0.13884498956270608,59.584000000000003,44.538596448806395,525.98269769788749,0.38406309368191721,0.21917037037037038,0.016296296296296295,7.043239778581059,0.686177806700626,59.581251356336807,44.139865293325563,192.23429276099728,0.3765317829605801,0.21240234375,0.015882703993055556,7.0128239469095917,0.68826383866531582
ISIC_0024908,HAM_0003241,nv,nv,True,0,0,0,0.72099411487579346,0.60663544199719122,0.31174894806509762,600,450,600,450,d479961764d1746b5afdabe48ed0c4cde285effd17dd54e3dda5e0f69828fde9,3e7b6e07d5a899fcea5143c37f8d6d19d756f8b9923032ad77dba8314a220c0d,161.53108888888889,28.379355631754223,47.170487090685874,0.24112319535221496,0.00051851851851851853,0,6.4785817047189704,0.16142969917267305,40.480103703703705,41.650044289563219,142.67674275444446,0.38322903413217141,0.48248518518518518,0.017885185185185185,6.5509689707289569,0.9413815233621079,40.466878255208336,41.50070661550604,70.337693045122734,0.37640207992919389,0.48270670572916669,0.017829047309027776,6.5390899695922595,0.94095647002851679
ISIC_0024935,HAM_0005160,nv,bcc,False,1,0,0,0.66136616468429565,1.0547529537960743,0.54203579456540085,600,450,600,450,c852b0825f39c8d1bc5f48a63725dfdb584633da736852dca295bec64ff915df,fe2c7d297987664995ae6a47ec7887491ecc667f8cd93b8f348d163fa5bbe205,146.80994444444445,32.386447457012054,140.90790247395057,0.32406785766158319,0.00065185185185185181,3.3333333333333335e-05,6.8758238047911195,0.21006813012246581,47.989040740740741,41.620092662414514,137.79415462319616,0.46799722585330433,0.32608148148148147,0.019255555555555557,6.6369360319196824,0.7998995844372736,47.992757161458336,41.472886162232442,66.707382302547302,0.46206653071384801,0.32708062065972221,0.019321017795138888,6.6151285334433805,0.7996458516635887
ISIC_0024937,HAM_0006318,nv,nv,True,0,0,0,0.72852933406829834,0.86293291052333099,0.4434597922942442,600,450,600,450,9f51689ce0baef98aec042b857c2fc439405663e72b8cb008d95bd8010c5c4f8,4a983df1d856b0201974eb37303e96b7608567ba87f4df1176a4acba31dcd46d,174.95638888888888,33.433769105344766,46.758632294320975,0.24788640522875816,0.00036296296296296299,0.00040740740740740738,6.7642473896961857,0.18098758562852682,49.33064814814815,49.003089108468423,175.2609233895748,0.33502049382716048,0.40886296296296298,0.020711111111111111,6.8966752262993127,0.92492884747111881,49.323371039496529,48.85780304316021,81.310972266313087,0.32933982566550929,0.40960693359375,0.020304361979166668,6.8867734168237078,0.92328848070659686
ISIC_0024942,HAM_0002220,nv,nv,True,0,0,0,0.95066499710083008,0.24023434164450319,0.12345602995139857,600,450,600,450,9ebe680f0174634bc862d34eb3865c7294044814fb2f8aef7db25e58865f4bb7,7660d7e6f2b1ea6118d58be05bf46f48a600c09b2790ec145723a337e2eb652c,154.24231481481482,22.724619342714238,24.707525783209871,0.37958052287581695,0,0,5.4655167111386858,0.14202153348285848,33.105674074074074,43.387227379226879,133.11820368876545,0.33143915758896153,0.72174074074074079,0.021733333333333334,5.8181198208767055,1.2409402836402794,33.108784993489586,43.265841149675957,52.535620554683739,0.32373429840686274,0.73160807291666663,0.021809895833333332,5.7676171837033117,1.2376140386917398
ISIC_0024947,HAM_0001721,bkl,nv,False,1,0,0,0.48394668102264404,1.4549056546408368,0.74767360422430307,600,450,600,450,94e5d42f07d09a816ba9565315c90bb0731ec7e1fbeea4296bfd4792dfa8cf9d,74fa3530f25ef91e21d4b5639ad79d2776244735a5348c17819a0b0584bf7edc,170.31802592592592,8.8142727411218331,19.911751851838133,0.27251368191721137,0,0,4.7511329715461947,0.039094264252507401,78.584596296296297,39.183563340503447,1452.879437352414,0.43827761801016701,0.06331111111111111,0.011614814814814816,7.1482385674248521,0.32835744310446707,78.585028754340271,37.92767070654066,526.39993574865809,0.4279620268246187,0.052042643229166664,0.011149088541666666,7.0894766608729691,0.32446378012961885
ISIC_0024960,HAM_0000489,nv,nv,True,0,0,0,0.87315237522125244,0.46476703836340411,0.23884301060305171,600,450,600,450,3b5221e28078f7605526c8974d77fd59ad02f452b0fa5098b7dcf33e4fd3e770,4f14c344d58cf7e2ed04abb6299d96a6a27770a9e8276f6e284f75deefe4f24b,150.69739259259259,15.986249156394242,29.046725529492448,0.45876588235294113,0,0,5.6546985651720734,0.099919197030369292,62.782133333333334,46.128413040891743,752.54317736246924,0.42140742193173564,0.18092592592592593,0.021385185185185184,7.0641903409349158,0.66167832950610794,62.780280219184029,45.605530316757559,247.01140810011162,0.41349751923338779,0.17383490668402779,0.020772298177083332,7.0279409495980047,0.65863242347672823
ISIC_0024978,HAM_0003629,nv,nv,True,0,0,0,0.9700552225112915,0.1697232167556898,0.087220479752410887,600,450,600,450,1359c3b26ec1cbef270da39f10e74f05bd30add446a0dc4969ee88dc6e5bcdb8,f49749be0e6a2af0b1e821c987eed14bb88e38513ee9dc4f8671496a5b199956,143.68397407407409,10.232052300531372,39.015262098751705,0.49819757443718227,0,0,5.1800778034218169,0.062853438346999843,80.465614814814813,43.313810421326309,1929.2741345092459,0.43897677559912857,0.071444444444444449,0.018662962962962965,7.2518146796854239,0.43615769214073585,80.459221733940979,41.835563513109342,689.42227356798116,0.42827462256604026,0.053914388020833336,0.018351236979166668,7.1701961151993103,0.43351221278433949
ISIC_0024985,HAM_0002900,nv,nv,True,0,0,0,0.99704915285110474,0.02311272852496592,0.01187759287662204,600,450,600,450,2eecd8b90acdb351572804868e81b1abda1cfdef35c32267d787497fd11b912c,f002040348a7c216063ab6c69b1b885b714cea8803eb4d990034c5bdc4a9f680,170.31322962962963,27.254697423445499,96.229874056296268,0.40285054466230941,0,0,5.9592857700896946,0.15345307439597441,56.59785185185185,54.602831589650016,952.35137006172852,0.39664358750907769,0.3055222222222222,0.029866666666666666,6.8415572032659009,0.90474538856693221,56.596103244357636,54.130299673338698,250.66606912495178,0.38334546058006536,0.3002048068576389,0.028672960069444444,6.743490125394727,0.90634412914037454
ISIC_0025013,HAM_0001154,nv,nv,True,0,0,0,0.69379770755767822,0.65063622144710243,0.33436087568738398,600,450,600,450,5747a49e4d8fe387e4179ee2caf2829cba7d2375997b7404ac502c1ccaa41e2a,cdd14752daed31f77ab794d1c1ce5bc875fad244e49260821c68390f49809a78,182.79769999999999,60.897965944614953,68.02989172838133,0.28916723311546838,0.0023333333333333335,0.25158888888888886,6.8159489077558062,0.32586772899288113,47.12638888888889,60.957010169559076,240.03877012406036,0.3652860130718954,0.6806592592592593,0.021725925925925926,6.5615703194194719,1.2271619855526754,47.131401909722221,60.804889984054867,99.963209360424017,0.3598445850779548,0.68098280164930558,0.020914713541666668,6.5484939253186436,1.2290522826452299
ISIC_0025015,HAM_0004119,nv,nv,True,0,0,0,0.94474446773529053,0.21815869311096137,0.1121113907632742,600,450,600,450,15eaa3684ba4f2258fe40a3d7a49ba47cbde3b9297880e39bc3eef4659d7230f,aaf42cef53a243549811dd039f78fccf59cade8cd2d866dfe6a1cf72f71ef32c,181.74375925925926,17.536083116054023,42.163055191097385,0.3427868845315904,0,0,5.1616712365394175,0.089960391239045048,36.762348148148149,36.577792029392086,417.88462072839502,0.35148657952069717,0.52482592592592592,0.014748148148148147,5.9999714913171234,0.90024311105718446,36.756096733940971,36.194473477861237,155.11101317511478,0.338920191014774,0.53004286024305558,0.014519585503472222,5.8917411611486372,0.90520911320528497
ISIC_0025018,HAM_0004265,mel,nv,False,1,1,1,0.87875723838806152,0.44833835829703389,0.23040033914962108,600,450,600,450,2416de747766d35b0fb6c1d2f3dee93dbc9fc48c15e5199773b8f2e8645357ab,b54cd8e2fa6bb73eee46eeb07eb780e3870f449c9988308056125b92a12c2f32,140.12704814814813,14.409092148564737,25.717648122784642,0.18523885257806827,0,0,4.7862257548990161,0.095487453192684354,31.339611111111111,34.379213269560879,275.1856183242661,0.55758822076978942,0.65105185185185188,0.013229629629629629,5.7988153102290063,0.99722249528587903,31.33428955078125,34.120519011406955,97.656169139262701,0.54867927368430014,0.65772840711805558,0.012973361545138888,5.727520527341122,0.99427358929717458
ISIC_0025020,HAM_0001669,nv,nv,True,0,0,0,0.97540581226348877,0.12940454855828651,0.066500782999209349,600,450,600,450,ed932d39aa75bd32ef113d771bdab87d929db5be5ecb1fa88ae6fb3ad5a94ec4,52962c5811a2f599b5e01221face4b4c66dde00fbd8d62f449aa25dc4a9bbfb5,151.40238148148148,25.540843910526515,74.554473908093271,0.34741372549019611,0,0.00017037037037037037,6.0577462463020328,0.15698180289403812,92.586211111111112,49.668838552958704,577.14995528669419,0.26076521423384169,0.020737037037037036,0.028918518518518517,7.0337653662851753,0.47743527960447479,92.587626139322921,49.192883399653041,256.43077934740319,0.25620978860294119,0.019070095486111112,0.027533637152777776,6.9877702751924451,0.47696853840401165
ISIC_0025023,HAM_0006381,nv,nv,True,0,0,0,0.98944330215454102,0.066546887574912034,0.034198335214613455,600,450,600,450,7702c0e041a96c47639ea84ed466817dd7dbffc35d2c8b75329a207446d30b0c,e49830195c0c5689ef7168588a6ea403015ee393fbc3a581618767ab738e2d3b,139.18685185185186,45.553802919839015,38.238344635994508,0.46936461873638341,0,0,6.9246836591251402,0.32159773398834562,82.845503703703699,69.987331270036563,553.34258112570637,0.31281023965141613,0.31351111111111113,0.030062962962962961,7.475158877277293,0.80069783459369159,82.850931803385421,69.671348126440449,233.65188878990804,0.30786140790951794,0.31500922309027779,0.027635362413194444,7.4539537378201874,0.80134632225745051
ISIC_0025025,HAM_0004781,nv,nv,True,0,0,0,0.9121740460395813,0.33878422876882086,0.17410065358531146,600,450,600,450,477412a2cdde14ebf59d5444e2755b9457b63b98110b2645a57b781a9f08fc1c,7b18c52752cc07029b1d82ba7b35b9dd5ea1fb912fdfe7c95ccf126849054efb,140.11528518518517,44.489806178163121,55.622484847064491,0.48586345679012349,0,0,6.9988879718203041,0.30814369575061762,68.521533333333338,62.308887981577236,461.11395031241426,0.32856881626724765,0.3102185185185185,0.026133333333333335,7.2486390019757563,0.83327496823271585,68.527201334635421,61.991314290973769,201.60261153507935,0.32383339077818629,0.30694580078125,0.024386935763888888,7.2315030161808522,0.83614954425652033
ISIC_0025026,HAM_0000173,nv,nv,True,0,0,0,0.91837477684020996,0.2969099481072594,0.15258153016540932,600,450,600,450,2b7f2fc5329feb746ab92178dc92c27feee2d4f4372eeeaad3424ed8fe0c5fa6,e840039f4b30488151e7a26b87faf0b61dea571f80941ae042285d03a546c778,171.78717407407407,34.437134209057831,30.172885099574749,0.33854838053740016,0,0,5.5838278675999851,0.19541201233140315,34.409207407407408,51.567351798593904,172.57176622714681,0.39169674655047204,0.82170740740740744,0.022307407407407408,5.8485256630007516,1.4342859748438717,34.417453342013886,51.428058188246467,81.527978119290921,0.38464874068116833,0.82671440972222221,0.021572536892361112,5.8053615955557296,1.4348432976723977
ISIC_0025035,HAM_0007073,mel,mel,True,0,0,0,0.49241039156913757,0.82290159607702174,0.42288776615740364,600,450,600,450,2081fb3ef8cf381ad4d342f95e716e9c704883b8eb16bb272f9f6d5a058ac05d,cffebba48b5664e5d6381a53254e03a93495d49bbc2ee3e8f25fd51fc343213b,182.58945185185186,34.522626480424996,23.596022115994515,0.170159593318809,0.004944444444444444,0,5.711816994931552,0.18120966386295959,23.412503703703702,41.572651132396075,87.446662889862807,0.35831321713870729,0.8910703703703704,0.016314814814814813,5.3305338638089701,1.6459276858775702,23.425075954861111,41.467901743327104,48.213378901650877,0.35131080644063184,0.89077419704861116,0.016160753038194444,5.300430394063782,1.64882020169199
ISIC_0025036,HAM_0003724,nv,nv,True,0,0,0,0.99449050426483154,0.040578650562413734,0.02085330125962577,600,450,600,450,d1f81c5e8d4572b029819c8d52ec8146ee444d531c776df204f6fd17a663dbcd,2bfd1192e9c16e1293932fb2805dfe9ee2dd8d894819074f7dde1b2f3e74aba2,159.44854074074075,23.577765972223336,46.964487859039785,0.41154627450980391,0,0,6.2169045112640795,0.14411173343595166,77.921814814814809,51.885849334388766,881.51203085320992,0.36190463326071165,0.07956296296296296,0.020381481481481483,7.3085375227354898,0.61963164958115158,77.914910210503479,51.293553739054595,334.85377097994456,0.35509171496289488,0.0693359375,0.019517686631944444,7.2626135809862253,0.62093624827236438
ISIC_0025042,HAM_0004610,nv,nv,True,0,0,0,0.9877324104309082,0.067346336377039517,0.034609170628836249,600,450,600,450,4a247258d1c66278a51bd4498a89b2fcd13ff6dfe1f04c19ece20e80df778c18,82da335affd340c944a540d815414a79607e10576bd1f6e6ebd716c3209883d4,163.90702222222222,39.013182666882059,49.961147133278459,0.3894144517066086,0,0,6.0718455304865682,0.23386824832876543,54.583685185185182,61.70812147561324,424.35044093229072,0.34467103848946984,0.52607777777777776,0.032659259259259256,6.639054820783155,1.0831849498245218,54.592793782552086,61.446986632573299,190.48481530240841,0.33876987698291122,0.53407796223958337,0.031487358940972224,6.5955784921683538,1.0847048749654717
ISIC_0025046,HAM_0003866,bcc,nv,False,1,0,0,0.88729119300842285,0.53864215413790484,0.27680731014194104,600,450,600,450,ca59b196d8f7b19dda258f953e1b4ddca558ba32bd5ca3d9310214aaaa767dc2,34473aa849a3c41a3b709947ddc486d1287d53e7844b3598a11ac55a03d16dcd,171.00604074074073,13.791262283101686,18.446851367023314,0.17648989106753812,0,0,5.1500750967479414,0.074746017141697096,54.669451851851854,37.798533443962455,628.19804028772296,0.56878727668845319,0.17649629629629629,0.0095703703703703697,6.6301242141285499,0.61039263526290022,54.665289984809029,37.278318777235739,209.66073403199331,0.56176167407067001,0.16071912977430555,0.0091349283854166661,6.5610305717559587,0.60888061914470737
ISIC_0025047,HAM_0006149,nv,nv,True,0,0,0,0.88326567411422729,0.37671692232806336,0.19359420192702589,600,450,600,450,bf3da23b0f1b1d75d0bd9d1b914dffd86c6cfe97f1b8595fdb41074ddd3b0ff4,a97676d660560d63038c9069b104f011113acd04323cec60618a7a0890fa21ba,133.62202592592593,85.487211077573178,93.873899626543178,0.33720917937545386,0.25791851851851849,0.010718518518518518,6.9154665987891928,0.6263454155632886,69.629851851851853,70.530237051186575,608.61447350320998,0.3556537690631808,0.58233703703703699,0.019874074074074075,6.8621832724897978,0.96027714875106851,69.632480197482636,70.205519984865603,239.02671877248784,0.35340999029820264,0.58249918619791663,0.016832139756944444,6.8451805369188596,0.96211778686334781
ISIC_0025058,HAM_0005959,nv,nv,True,0,0,0,0.99582338333129883,0.028232669661011445,0.014508722139466534,600,450,600,450,e6299f83fe92b31a8594f0cc08da42341bc3772c61d28d9100804a41ce3e0070,109a097eadc2daeafbd2783dc939e9395a57939e0898e6e98bdb3e98130c44f9,166.1162888888889,23.93604308100657,29.639947554677644,0.42748946986201891,0,0,6.1481594871569856,0.14131421294103536,76.051433333333335,61.06866883985176,1084.2955650606173,0.34243222948438634,0.18271851851851853,0.026944444444444444,7.3254328701647315,0.75666664590728927,76.046888563368057,60.503533760182712,376.89531581227976,0.33203587750204244,0.16490342881944445,0.024380154079861112,7.2523082664238956,0.75766034062461063
ISIC_0025088,HAM_0002423,nv,nv,True,0,0,0,0.70852339267730713,0.78859706151279929,0.40525872270908392,600,450,600,450,4cf6f866531390fc1b2fe4f4cae9d26c570f504a2b7f9541f44307521a1381a7,2823c9a337274ca395184f10b16ae50fc028cd002b84fa36779141f8eaf4cd50,161.93817407407408,17.26295744584646,13.556117332839506,0.14382931009440814,0,0,5.9248708683630511,0.10228155497670986,53.65067777777778,41.069187601915843,267.27705028718788,0.55664817719680459,0.28502962962962963,0.01452962962962963,6.9635215854300272,0.71267426236116238,53.642367892795136,40.800713685455015,137.31059889660941,0.55153973481753815,0.28215874565972221,0.014546712239583334,6.9509247982908944,0.70893405049442271
ISIC_0025097,HAM_0000775,mel,nv,False,1,1,1,0.42485642433166504,1.2584692903402175,0.64672528222907433,600,450,600,450,55b4d629368578aed47b02df079c46b921c40120d2189de4573c33efb1b1cd0d,55d98a6bc37b40c3c39040a012be9beebca5504eabdab377bea443e9c89a202e,137.72374444444443,39.207699233241435,50.601550293978065,0.30409806826434277,0,5.925925925925926e-05,7.2041072419220793,0.26925547747919037,66.632388888888883,51.04929454147333,270.962446710439,0.56800499636891799,0.25477777777777777,0.017877777777777777,7.3690798359242553,0.69355240146773467,66.635403103298614,50.812388325920729,124.58973807974914,0.56568414692265789,0.25377061631944442,0.017381456163194444,7.3624450940490149,0.69235270832993312
ISIC_0025098,HAM_0005337,nv,nv,True,0,0,0,0.80264675617218018,0.80036944953847478,0.41130853340121204,600,450,600,450,219fb6a113ac40cf6f525aad71baa9fe13cf624d0febdd3f3971d5a8b737497e,cdc6271f077c7d26162300ed35e9fd7658f4db54098cc3415a8713a16504ecb7,142.91635925925925,22.676152438446728,98.241079742990422,0.50094881626724763,0,0,6.4966596970531842,0.14193657355903536,89.45953333333334,53.469947525454089,1184.959748818093,0.31664885984023239,0.11895555555555555,0.018770370370370371,7.6370747778214785,0.52959840789814672,89.458482530381943,52.715194674846913,422.47536976469888,0.30869510293266611,0.11301676432291667,0.017584906684027776,7.613780605246804,0.53025959904937547
ISIC_0025102,HAM_0007248,bcc,bcc,True,0,0,0,0.94938057661056519,0.26856263465129776,0.1380138927697549,600,450,600,450,1a6aa5c207627fa98cc6b765153331168a8d3afabfdeec0b89eefdcd21d7be82,fd4537ffbf858168bb2c3058724db170dee24abe67f50584879e0f83faba5bcd,183.96325185185185,18.777221956094106,34.906907283607687,0.12680884531590414,0,7.4074074074074075e-06,5.874977688510433,0.093432194216171188,56.569392592592592,41.974843694606086,564.90557550617291,0.27513956427015251,0.21283333333333335,0.015340740740740742,6.9077305308672337,0.63858228377758142,56.570509168836807,41.511690215016031,196.1650255675209,0.26282238264229307,0.20457628038194445,0.014980740017361112,6.8710495978342383,0.63591666101852107
ISIC_0025122,HAM_0000057,nv,nv,True,0,0,0,0.94860148429870605,0.23740022902130445,0.12199958417224754,600,450,600,450,29bd2c973517fda81a2b8a322ad597bc3af0030124ac3af1bd944dec7e6aa65e,afc34d0829a66c06031af3b837feb135305ca109b1786060b8a74d5aab2e3a81,190.51939629629629,40.489353260917788,65.162785132455426,0.18933542483660129,0,4.0740740740740738e-05,5.8004463106296029,0.20541850350009569,41.550203703703701,55.725032857734071,245.72658475056241,0.3295922730573711,0.71347777777777777,0.021566666666666668,6.2880813478399862,1.2609241997522895,41.543240017361114,55.551883753951415,102.30218431680107,0.32085171036730664,0.71824815538194442,0.0205078125,6.2576344444374516,1.2596474220053446
ISIC_0025124,HAM_0004484,nv,nv,True,0,0,0,0.99271821975708008,0.048859127339515918,0.025108624549409798,600,450,600,450,d95e51df92ab4fc95ae7d67ca540901902df32471464485624831b4259da1b7a,31cc4cbb55972798a445b23070116ae61c31e44bb59eed69f0f782a6f14309b9,177.09446296296295,12.828107409574931,30.238498497105621,0.36089127087872186,0,0,5.1267080864755687,0.068396971260841571,80.65432222222222,50.454000900562377,1854.9065012964479,0.38474294843863471,0.084611111111111109,0.022977777777777778,7.3643256305071869,0.54391417120977259,80.650221082899307,49.293643447413153,633.63643653010138,0.37300860502621186,0.067131890190972224,0.020711263020833332,7.2874761908142753,0.54610044519077372
ISIC_0025150,HAM_0003482,nv,nv,True,0,0,0,0.78499883413314819,0.58643538326591804,0.30136817136732474,600,450,600,450,3a9e82c8ed272adfd6390b319631644dc2d44393c6e15b5e82f868c8d5083d5a,bb2a26c1d89f9c31eecccc835467e04b3d7dee376d886c5093a5e5b260c1ad95,162.04604814814815,19.549982142965618,112.82964073962964,0.42986541757443719,0,0,6.0417877370781632,0.11452537147353412,85.798503703703702,50.556430070415381,2410.0473970211792,0.36307943355119826,0.066888888888888887,0.02318148148148148,7.4396161696141743,0.51845599519416885,85.791422526041671,49.253525729242391,651.64567001642263,0.3514935661764706,0.049825032552083336,0.022128634982638888,7.3614633490241577,0.51912069395498994
ISIC_0025152,HAM_0000044,nv,nv,True,0,0,0,0.97404712438583374,0.15228271744966426,0.07825783606894357,600,450,600,450,d47dbbe9a8e1ab07108b1e6fa4d073ffac6cfa9e7a1fcb299c461f1de42f4c0b,5df818ba9b29f90c858da8846886052aa6d24ec7059379edb11f88f4d93942b5,168.96093703703704,17.632749097959486,32.563144419080935,0.11601400145243283,0,0,5.3606068150644584,0.098026968612771478,38.954244444444441,38.664622107624851,284.21950700629623,0.56781869281045749,0.46354444444444443,0.015796296296296298,6.2353047216063908,0.90429322874895401,38.946370442708336,38.368474881808908,126.29963739253122,0.56224320023148144,0.46415201822916669,0.015706380208333332,6.1876992243112996,0.89942798568878202
ISIC_0025160,HAM_0000268,nv,nv,True,0,0,0,0.5694047212600708,1.0555694173423351,0.54245537382842957,600,450,600,450,b0565c23dac8415914aa32f1cf1ee28aabfe33d9a977fd941dcd08da66b4a09b,52bc2d02e120c456b3f0fff501d53c7e10d5e77fab35938ec64e75f26ab88da2,157.05357777777778,48.351480843838686,54.854640735788763,0.25762511256354392,0,0.00021851851851851852,7.1471282726328873,0.29894674645661762,60.154770370370372,58.551580630078675,300.35885182024691,0.3412480464778504,0.4200888888888889,0.019481481481481482,7.2194821153099822,0.88887809973685661,60.161648220486114,58.305230683728951,139.78529168334273,0.33546036198767698,0.41947428385416669,0.018507215711805556,7.2084769974744729,0.89199400885171565
ISIC_0025166,HAM_0001689,nv,nv,True,0,0,0,0.74706286191940308,0.61254319806058544,0.31478493411320074,600,450,600,450,a7bc4c3524bd08506ebd091dbd8a03a24d3e9c6cffbfc6f3aee3643a1334f9ee,79fc5f4e66ba8b079d659def74873fd027014e3fc060f518584521f2a6c54d9c,188.93242962962964,40.290158032018788,270.80630400965703,0.19997477124183005,1.4814814814814815e-05,0.24582962962962962,6.6150591761229443,0.20346546692426362,95.652096296296293,74.334451561431962,756.48719767352566,0.25053182280319536,0.25122592592592591,0.035592592592592592,7.6777838380652108,0.72349385991599713,95.652126736111114,73.97666400499952,268.10649221307699,0.24300050423815359,0.25179036458333331,0.031975640190972224,7.6552826839436214,0.72427786984607057
ISIC_0025181,HAM_0001347,nv,nv,True,0,0,0,0.77890282869338989,0.54261015310340421,0.27884645823283605,600,450,600,450,2ebe77a585eac3a001dcbf91a63c6eb429650cc682510d14fec099053ba6392f,9cf6394518a5b67bf958face772d789dd72c0de32d0bc0ca35e9e5bf19cc5924,208.01963333333333,37.228037071028226,17.155781412331962,0.18417170660856935,0,0.18185925925925925,5.4641634485699431,0.17266226838749055,24.458259259259258,46.726149772107021,77.902581458422475,0.48432313725490195,0.89171851851851847,0.020562962962962963,5.0844172748934442,1.7655766998626223,24.457892523871529,46.643932694533703,38.976135134283041,0.47886885765590959,0.89160834418402779,0.020528157552083332,5.0561031130782865,1.7641273535156923
ISIC_0025195,HAM_0006594,mel,mel,True,0,0,0,0.70088165998458862,0.70052412917883022,0.35999818877501399,600,450,600,450,bc35ebe1724062033a1fd5eb0e51e2ca2e15ebe9999f30bfec1480e8a41336af,c67100315cd5f7903b2d768e26dc31aff01bf24a3531aa9a19f9eb3322a74e6b,132.58066666666667,31.313309623154744,108.31807713183814,0.33115978213507624,0.0010518518518518518,0,6.8234935793536113,0.21398815516325026,50.788911111111112,44.918376145571671,258.32175469233192,0.24919282498184461,0.34019629629629627,0.019351851851851853,6.8984975867752576,0.79256946804356476,50.785698784722221,44.687533999962575,104.27209471478874,0.24195224205133442,0.3392062717013889,0.019212510850694444,6.8876942233690439,0.79540583580597113
ISIC_0025208,HAM_0000397,nv,nv,True,0,0,0,0.70874738693237305,1.091848412689201,0.56109908940002384,600,450,600,450,59375d96841803396eb326746c60cdb1d425ef50e350075ee219cfe1c9da9fdd,6fd0cc25e0d7fb642e52fc0a724d6f5a13aa9a6f6f4b12283adf3abc227219d0,168.24595925925925,36.831737375758678,76.188902935747592,0.38565822803195354,9.2592592592592588e-05,0.071744444444444444,7.1900353240929347,0.20048797821320133,96.944674074074072,55.847497292687478,550.86722173229077,0.35433703703703706,0.074144444444444443,0.024977777777777779,7.6789747086740228,0.49791533676867344,96.951870388454864,55.43075144964839,230.92491998035965,0.34997776671432457,0.071200900607638895,0.023946126302083332,7.6683181996959036,0.49741272854858531
ISIC_0025224,HAM_0000572,nv,nv,True,0,0,0,0.82884526252746582,0.57463854517099,0.29530579582513689,600,450,600,450,737df8fca58f025819487c542e06e98133f6f402829a687358ee71e777b52b15,6c11f735a45fe5a1e1314458f1ca1a051aaf353379f83f9e43e61285b392fa63,138.06130740740741,26.887386839025961,156.54847334842248,0.47485805374001455,0,0,6.6210727053532397,0.17919745712697382,79.496907407407406,52.923232153251774,1128.9025528227025,0.34533362381989835,0.12022222222222222,0.021937037037037036,7.4742772390782948,0.60371705374340179,79.495652940538193,52.334530646266941,306.85561602604054,0.33760637935729848,0.1113620334201389,0.020867241753472224,7.4456888270433312,0.60543017384512532
ISIC_0025233,HAM_0003718,nv,nv,True,0,0,0,0.92103397846221924,0.3590820130358402,0.1845316512739115,600,450,600,450,85388caf9cad1d7c8b04628def1313708a2baa2f0f9affad54303727d1b60e50,5706c52313ce1fec13210284d8bc2b4833e3751170ac2ae0dccfd780bf1f08ff,130.65376666666666,22.888982961184787,59.663540556159127,0.4658921568627451,0,0,5.5559842992040345,0.16661073622697264,45.861870370370369,44.91841820767393,299.37488235802471,0.28950290486565,0.33178518518518518,0.020251851851851851,6.1773559380587821,0.90758832571362069,45.868414984809029,44.658647404249642,125.28184483651027,0.28091604860260078,0.32952880859375,0.019985622829861112,6.114691936564828,0.90385976280678315
ISIC_0025238,HAM_0004817,mel,nv,False,1,1,1,0.71601581573486328,0.64207578661719722,0.3299616824183314,600,450,600,450,f4d1cafc134d9e769957d751c3d4ce76ad0701004949f918674eed3e5603f6e3,86c3ce1612d33299d98a77244f4b3eb6e84d3f6d6dbbf06b1ea3edda87e0d493,181.05262592592592,25.359321263716129,28.038425427037041,0.24257552650689904,0.00033333333333333332,0,5.9399770125808855,0.13034601052301137,33.970851851851855,36.954787822121943,100.79378313677641,0.34235175018155406,0.61609629629629625,0.012696296296296296,6.2312518605879443,1.0013305304555005,33.974989149305557,36.823045195141844,52.353312063916228,0.3360554215175654,0.61705864800347221,0.012620713975694444,6.2175346673092413,1.0055215066458878
ISIC_0025256,HAM_0006774,nv,nv,True,0,0,0,0.83046126365661621,0.60186673924425849,0.30929831962511145,600,450,600,450,a34927a6ab34dc6858c4bf65886f391e3a1f9e6c20224af9eec6c46993cc6da8,71864cea2fc18386337d9838f4c4b4164b1d0501b44be225f211310c0d74ba41,185.73238148148147,17.371206880257173,86.560677212496543,0.39606687000726215,0,3.3333333333333335e-05,5.9299962210649557,0.086471283505632018,85.48154814814815,47.744670444202036,2557.554484480645,0.41338633260711694,0.047396296296296297,0.016033333333333333,7.3244512173288783,0.4600140150026234,85.487813313802079,46.283511526966038,666.27848957129459,0.40148082724843409,0.033704969618055552,0.013916015625,7.2415647712784272,0.4609912922807709
ISIC_0025275,HAM_0006123,bkl,nv,False,1,0,0,0.74007540941238403,0.70252829170814091,0.36102812457666628,600,450,600,450,1a65690b4ab18111501cd053abf5b3d3ea673e28fc5906fe04b7facfb745d21f,218a589c7ee21c4d2d455f4bbda79b6d3694779710e0d56776b74bb7eb7bc96b,206.2427148148148,40.349121206183185,33.701655461056241,0.13685798111837327,0.015933333333333334,0.053962962962962963,5.2435477461967288,0.18855015276768691,19.18134074074074,38.062822105656565,66.99818514518519,0.50960807552650689,0.90963333333333329,0.01274074074074074,4.9063049956532891,1.8700450023842068,19.185824924045139,37.982903027353821,31.221035079409692,0.50782702078227115,0.90958658854166663,0.01239013671875,4.8986598565314807,1.8755165992954717
ISIC_0025281,HAM_0007416,nv,nv,True,0,0,0,0.96767610311508179,0.15373855726493865,0.079005989736768964,600,450,600,450,6d5252fae004ceafc5f0507083959acc63176b008b3cb00689e5df09fc53dbc0,47d6ecfd19ec05e8765b85a298bcadd584887de7a06fa56b864f54ce6cb09879,143.25890370370371,24.275272252773661,26.883710226117966,0.46968870007262165,0,0,5.8526628709568849,0.16456508829266306,55.334118518518515,54.316522092481129,402.02969798023327,0.3831743209876543,0.36844814814814814,0.021718518518518519,6.8660730478625043,0.92087225370917558,55.334377712673614,54.050170271600599,147.38460938117385,0.37539078456903596,0.36775716145833331,0.02130126953125,6.8249671521638939,0.92079841161725029
ISIC_0025282,HAM_0003923,nv,nv,True,0,0,0,0.98801839351654053,0.076126023857683509,0.03912103747166365,600,450,600,450,c123d870f6e207d025f2a54925be0b0a371d57517801d17d3afbfc12caa1fb2d,188e06fb9c74b001bd2b0f7678c545d523234572f9f1e3e98623ea28975ccaeb,163.72365555555555,15.536693021499813,51.58484812037036,0.4121706172839506,0,0,5.5039574407834166,0.076512222786028372,52.373729629629629,40.371550354374413,758.48095922895743,0.47198352941176469,0.27827037037037039,0.014314814814814815,6.8284443709630311,0.67110721691063846,52.368069118923614,39.770720058797316,249.57556948024364,0.46153104362404684,0.27105712890625,0.014187282986111112,6.7709644932811761,0.67392919861864464
ISIC_0025301,HAM_0000987,bcc,bcc,True,0,0,0,0.91365635395050049,0.39228269071832622,0.20159342450049345,600,450,600,450,2914951e73ff8be91d79fb6ae95280d4bc98726941b953537611c1d2369e378d,327a24c1f653ef1c29fda94974a4d64d08da70c1aef04d8b500a2056dfa16f71,171.8332111111111,20.311246291426517,30.254713505061726,0.38185527959331883,0,0,6.0263251525009087,0.11084267220656706,73.057781481481484,43.474601932073512,1183.8493480739503,0.59551055918663764,0.096677777777777779,0.0073444444444444442,7.1679899187346363,0.51389353553438022,73.05035400390625,42.617727594340991,418.24773231240698,0.58986542479404958,0.081698947482638895,0.006537543402777778,7.1074221641818012,0.51334182781618454
ISIC_0025317,HAM_0004428,mel,mel,True,0,0,0,0.80914992094039917,0.69887976877266511,0.35915315468802728,600,450,600,450,9db0542898ace936d5c95959c3b1b6967fa62e011f8e3777232c6e8a7fda5142,8c0eeb68ffbe8e02b6376250399ee42a54fa47e7ea7b5a66197a736eb82e6a44,168.56660370370369,38.81698779818484,425.72299454595338,0.33217480029048657,0.0033407407407407409,0.0064814814814814813,7.0421510689339737,0.20835621208858368,67.643240740740737,49.689132658081419,350.97492923784631,0.4984277850399419,0.19007407407407406,0.012107407407407407,7.2651609141156346,0.64905935785019664,67.647508409288193,49.384601899672681,151.78227170014088,0.49449936278764978,0.18611653645833334,0.011515299479166666,7.2483673257271075,0.64715881822732213
ISIC_0025318,HAM_0000760,nv,nv,True,0,0,0,0.9707908034324646,0.16821982427505516,0.086447888848681598,600,450,600,450,ddf5b4ea5cba7561945a336f4623a510d3b313e5c1ddb3d40d3813a81ef44727,b6ffb5a417687df0c1eb2f0f588bf5263d9148bc44aa0e81d0f2c964bef1e7c1,162.02987777777778,23.353666218324555,98.472525565925906,0.38744284676833696,0,0,5.5774113875902671,0.13791553526769343,29.970307407407407,39.848861638765804,359.09736294710569,0.37264062454611474,0.77536296296296292,0.017551851851851853,5.7593397038712819,1.2572313011657421,29.980312771267361,39.600978441746456,97.347764591376006,0.35787935942606208,0.79298909505208337,0.01763916015625,5.6326840479096303,1.2605940114842811
ISIC_0025323,HAM_0002798,nv,nv,True,0,0,0,0.89804744720458984,0.34498884294854804,0.17728919452731709,600,450,600,450,26d783b60b3428e3cebb61496e8f31c69b2a38b3d21158fd7260627390f2e3cb,8fe62f6f9743c20d4a03fb41cb69fcb33478504207ba97e183ae53eeec839a76,170.3308148148148,18.860564346917748,38.965659251358026,0.1603831227305737,0,0,5.0189548393754579,0.10368934425902714,28.104511111111112,34.389017029314303,270.58637776543213,0.74459108206245461,0.75163703703703699,0.013355555555555556,5.6048058798138527,1.1151765353501282,28.108784993489582,34.129667663428492,105.01479034581121,0.73314948320908224,0.77075873480902779,0.013197157118055556,5.489825279646654,1.1141486965248655
ISIC_0025338,HAM_0002925,nv,nv,True,0,0,0,0.98677724599838257,0.080129793829028947,0.041178568223167858,600,450,600,450,6c8d45eb9769c5fbd5994bca8c2e38a3d621a2e2de466c046e2370e47405846e,3da0f5bba6a5e5da1ac15b14edee96d336cad6bea7c34e5152d90c6851b79054,144.86619999999999,26.235950620616123,48.471351748024688,0.4006455337690632,0,0,5.8905115767216714,0.17203047120298348,44.393581481481483,47.652491065300516,274.4874592469136,0.40745281045751636,0.4161185185185185,0.022603703703703702,6.2595181762913672,0.9975866140861106,44.402486165364586,47.409908470419794,120.78604279251562,0.39890290968818082,0.41478814019097221,0.02197265625,6.2042375880052187,0.99824132647010155
ISIC_0025339,HAM_0006755,bkl,akiec,False,1,0,0,0.49667981266975403,0.99611453270002581,0.51190160716496214,600,450,600,450,72d813753fbe97c0d23ef72d7231f126fa71e08338e2376e0c34e95bae1c7325,1b3fc11627ffdcb212a2b5c65701e743cebe48bde91916c4ca163be679c39e49,158.62187037037037,28.392349246953376,170.73542671928672,0.34020512708787215,0.0033444444444444446,0.00062222222222222225,6.5625358055928045,0.16024194209911682,43.413966666666667,36.139677360859721,121.05806971654319,0.5495480174291939,0.31590740740740741,0.014322222222222222,6.3043928980215957,0.76020765185242978,43.413723415798614,35.991621044476148,56.130202188489974,0.54504851962486378,0.31508382161458331,0.014309353298611112,6.2778716621918518,0.75991384468734724
ISIC_0025340,HAM_0006968,nv,nv,True,0,0,0,0.87346231937408447,0.41767920978035877,0.21464465354843373,600,450,600,450,45aa0120c902feaf7b8e9f4a6679f6d5e30395cf061471d9a4267e7f0dd4995a,67f2e443cdcbbce198bf39d3e8be73944b49b0cdf5d041322b445343b25fba1a,151.73554074074073,36.704194459623025,138.49505629397805,0.24606082788671024,0.00066296296296296296,0,6.6396877819238105,0.22004106020253952,40.355107407407409,51.150334261131668,111.04235324175581,0.39922255628177195,0.57513333333333339,0.028785185185185184,6.5019883619429724,1.1909695936024913,40.344855414496529,51.055547429458151,55.958572506858602,0.39530792568763617,0.57607693142361116,0.028774685329861112,6.4983042202606462,1.1887139672237401
ISIC_0025352,HAM_0005159,nv,mel,False,1,0,0,0.43106505274772644,1.2177876139027681,0.62581903614304657,600,450,600,450,2ed3c539e9517a49b029fbaf974b91cd7c870821ec301bb2cf11664b1238e889,b1b5e1a596c380c5d798701dc70300650145e87c28b3cddf097764a2ab72f490,165.64322592592592,62.386325344885044,176.51933646747594,0.16417446623093682,0.039855555555555554,0.027177777777777776,7.1537948695840612,0.3532314688247285,21.83534814814815,41.407814892990025,29.819833663155009,0.41615314451706609,0.81854074074074079,0.017722222222222223,5.2099375987159791,1.7467274594645184,21.843797471788193,41.366764387325688,14.593755907068649,0.41381801364208876,0.81865098741319442,0.017720540364583332,5.2021725688158282,1.7433399670180585
ISIC_0025354,HAM_0000126,nv,nv,True,0,0,0,0.99407923221588135,0.040005044538817355,0.020558526074926288,600,450,600,450,81ef568dda46b905f17c36aac8b075bd756585dabbea5062656217abcb2a5617,4e74065e281cdbe023ad1e24d9612d9a49c4abe3a3f42a8837376f1eb6e4a130,157.03643333333332,28.243363075197106,50.724421821550081,0.40854188816267251,0,0,5.6299296645944956,0.17447433935409601,37.638214814814816,47.228645344847756,187.37208157887511,0.24851381263616559,0.68738148148148148,0.021403703703703703,5.9091022390890977,1.1898396179304476,37.648552788628471,47.065646880859738,84.227154868436457,0.23937195755038126,0.69757758246527779,0.0213623046875,5.8452690981275,1.1882769853297257
ISIC_0025356,HAM_0005320,nv,nv,True,0,0,0,0.99635893106460571,0.025869910808868111,0.013294504281930618,600,450,600,450,7b23bd0b9343c7cd0ffd03f6db5fbfae59f87b402f0ef32755b55486e3584c84,15db7203aa815b0dfd183fbd053bc629a260d8fd343d1e72a4e28728cc0f32c5,171.58333703703704,43.89645319483575,36.374966537599455,0.38273546840958605,0,0,6.007104721488469,0.25206593224516805,37.066225925925927,56.36175945569434,194.80361847076819,0.39305007988380536,0.78914444444444443,0.020425925925925927,5.9154560343640243,1.4665993194031526,37.072923448350693,56.217733249623315,89.128254357679396,0.38703368608728211,0.78909640842013884,0.019802517361111112,5.8683983721326936,1.4673035191070078
ISIC_0025357,HAM_0005118,nv,nv,True,0,0,0,0.98022103309631348,0.097646362006877568,0.050180303573770985,600,450,600,450,d74b1db5858081e0bb5209fe7da92893ae894dc52e62a8f3fed7596f77ea8ec0,b8ee8e4cef21768e2ddbac4ce2440d876768490cc1252655fddbcd4dd486add0,161.99274814814814,28.261733440117826,36.931118481426616,0.3899123311546841,0,0,5.3453607242798498,0.17007460638077573,39.813148148148152,53.726440050123678,299.45661398469139,0.43680758169934636,0.68936666666666668,0.029822222222222222,6.0253136019490867,1.2717760803448943,39.805433485243057,53.504770536389728,129.55303810992174,0.42664909279684093,0.70208062065972221,0.029066297743055556,5.9398409476684755,1.2687292032962492
ISIC_0025358,HAM_0004398,akiec,akiec,True,0,0,0,0.81716269254684448,0.63701217125652898,0.32735949887808602,600,450,600,450,863308be95b090f48bad882e8f2c8b430c3007c7424510f44253e6f42e52f92c,22f7ef4095d095cf756166e27e65449a1b79cd5f3d7cf72d781732cd050d3eac,179.71116296296296,19.785572255113877,30.196799802469137,0.30180017429193901,0,1.8518518518518518e-05,6.3044027552472404,0.10188139599557583,94.769570370370374,54.13317151009484,807.30068933924542,0.2793198547567175,0.094355555555555554,0.021999999999999999,7.6887569963025557,0.47797967955287513,94.763264973958329,53.540404090330874,334.38641516367596,0.27345965350115742,0.090596516927083329,0.020928276909722224,7.6759771045712943,0.47850862204632444
ISIC_0025359,HAM_0004517,nv,nv,True,0,0,0,0.9879576563835144,0.077410112041695289,0.039780928260883891,600,450,600,450,a35e2191f260fbac28bdd4e8219e8e382f1d7d4feb08b68a6e8d2fe97bbcd371,9627bef0a01992e4912255fabccf8b4de6d4149edecfe8c89dbcfa65421fb0d9,114.26943703703704,27.964453825475417,256.86487027126191,0.51111044299201169,2.2222222222222223e-05,0,6.4894701925073885,0.2164883400761824,72.079870370370372,57.257310404855822,1222.7547826014268,0.31252798838053741,0.19246666666666667,0.018203703703703705,7.3011829173341978,0.73685995783563074,72.082363552517364,56.641187059870191,349.21560170749819,0.29860281352124185,0.18247477213541666,0.015570746527777778,7.2403651421723536,0.7382239713412333
ISIC_0025371,HAM_0002272,nv,nv,True,0,0,0,0.92585587501525879,0.33944560345445068,0.17444053293994194,600,450,600,450,8144b6791d71440c515d2124e2ce4036642c8724ceb354dc61889f3a0c74fc12,384a938780bb34621fd5e909bf304e7c8c83d31fe4cbcc50a09093901495831f,126.34828888888889,27.409736686444962,51.459077723333337,0.51759305737109662,0,0,6.3861695586908604,0.20732067406003035,66.410737037037038,54.520482412519186,591.16438470320998,0.30328233841684821,0.2217888888888889,0.023451851851851852,7.2352391418595463,0.75272150524377923,66.41192626953125,54.112179136974596,235.22353884242023,0.29528452222903045,0.21662733289930555,0.021796332465277776,7.2091910204861787,0.75273330156920715
ISIC_0025383,HAM_0001907,bcc,nv,False,1,0,0,0.57062262296676636,1.0988412045126714,0.5646926735266421,600,450,600,450,b9c47ef38c3459d61de6434ceda2decfbf13cf7b83c2e04fca385f22898f0390,75c41babc4572d24866815f22809390bf95a4da9bc86bcfaae9f300786f27edf,198.97645555555556,28.44845874416389,53.105992021728404,0.23088567901234569,0,0.083907407407407403,6.3636751934779658,0.13824475252238363,62.151677777777778,52.928032247150774,579.83021475138548,0.3768019898329702,0.29991851851851853,0.01851111111111111,7.1563390989467983,0.79052147106386272,62.148267957899307,52.562488995616533,197.94771975274259,0.36946393846166936,0.29743787977430558,0.017815483940972224,7.1291789484665546,0.78958243701619446
ISIC_0025391,HAM_0005535,mel,mel,True,0,0,0,0.9722636342048645,0.13706494880879797,0.070437449989836018,600,450,600,450,fcd61481f1a4104c443f250b2fab271b5d6f2b83f722a0624f7423173a4ba4e7,fa6e2d9885390507144a373c151d6f55f0209d9f3e10eefc2ab6e51af85f7e3b,157.33708148148148,24.128992361288908,128.89551528777776,0.25637443718228031,0.00035185185185185184,0,6.4093483553551147,0.13278023130941111,64.053651851851853,45.044823634837421,626.59249815241435,0.3094937254901961,0.19097037037037037,0.01425925925925926,7.1662977933742606,0.58715489846152658,64.054273817274307,44.591036304488682,206.00785417008547,0.30100523173679194,0.1847262912326389,0.013929578993055556,7.1440046931737831,0.58263450164010044
ISIC_0025413,HAM_0007054,mel,mel,True,0,0,0,0.94402784109115601,0.23079457169981507,0.11860494782447155,600,450,600,450,cc42495a3134888cf66b7f598eea97cfbe3bf77174f60538dfb7fb22047fcb5d,96bf37edc7bacbdb0494a0cbecea69885858ecc446c7438246178593cf07b45b,164.14801481481481,41.34841565041858,89.13492719010975,0.33752408133623824,0.0061296296296296298,0,6.9005103146823057,0.23669074885152411,49.767644444444443,46.335452427234841,198.82335709727025,0.45766624546114737,0.48136296296296294,0.01094074074074074,6.8845536327276564,0.83924662433956643,49.777988009982636,46.17394484702114,74.109246836032383,0.45234973383884802,0.48203531901041669,0.010796440972222222,6.871348805407357,0.84146630003581069
ISIC_0025439,HAM_0001214,mel,mel,True,0,0,0,0.8715025782585144,0.46292129926257652,0.23789448833868937,600,450,600,450,0cd293d437778513ed857e9c94f13ac223f70b273ad9525b0c8824df4cd4888d,2d117abcbdf93e26d17c30fd3983329141dbfd1f7c3d276144dbc963664e4dda,142.44122592592592,46.294695213031446,94.908706543196146,0.35074068264342778,0.00024074074074074075,0.00031481481481481481,7.2342355315442255,0.31054349500569639,64.148196296296291,60.165658016217449,324.22891820987661,0.41285221496005808,0.38619259259259259,0.025466666666666665,7.2814670431057706,0.86899104472340105,64.150404188368057,59.949585614252356,134.17986724093373,0.40843553730085785,0.3870578342013889,0.024678548177083332,7.2728486569697193,0.86836809916612212
ISIC_0025443,HAM_0002497,nv,nv,True,0,0,0,0.92692244052886963,0.31585552149372093,0.16231762892395635,600,450,600,450,07839c996b560405d89fc4248e4490f57e1fe89667bf08c9d89dd7aaaa4cd58a,cc39c756e26c0de932401adea2ad7c024ad730b83ba14a12b0bc60864763d898,188.12672962962964,42.185487793099121,62.00848635253773,0.22431448075526508,0.00034074074074074074,0.10196296296296296,6.8444456805763725,0.21098397609097549,47.598799999999997,50.965771026619215,238.61503571879291,0.30718585330428472,0.50367037037037032,0.020422222222222224,6.8618201515911297,0.98715184304122727,47.594984266493057,50.773637627240312,104.57455065289952,0.29977149714052287,0.5040283203125,0.020026312934027776,6.8501047860690072,0.99242807900956542
ISIC_0025454,HAM_0001423,bkl,bkl,True,0,0,0,0.56065464019775391,0.80698490444299786,0.41470820471066827,600,450,600,450,ca2c23e02ad0e4e2ef5820c88142a0de75fcf05e52ce1042b02b295eb72949a8,f37681ca6df79cfaf51220fa94e0adaab2f8b683d5ac974ebdd4ec63457a2785,154.12974814814814,32.409594410644765,121.22103923928668,0.4153053013798112,0,7.4074074074074073e-05,6.9019531844964561,0.20211066702923799,80.532403703703707,58.835897787987435,951.49057328395077,0.38157568627450983,0.1955962962962963,0.027411111111111112,7.6031883326784531,0.6792110012964222,80.537692599826386,58.373894037983064,264.13253402636377,0.37143472243498094,0.19324408637152779,0.026312934027777776,7.5762059102201444,0.68067104121863864
ISIC_0025476,HAM_0006052,nv,nv,True,0,0,0,0.62274289131164551,1.1745638457896148,0.60360641335872256,600,450,600,450,553943e2ccde1064e78bc09657e651137add3097082e0dcd230b971886a66fc3,59e8ed38821f5ed0edb38ac5fd0aba073cb46ef4f9728bb557b57e6be274eacc,135.07028888888888,22.02060416110891,52.171146146447185,0.25609054466230941,0,0,6.394186360089698,0.14632490912668469,66.174929629629631,44.909683394426651,391.62005810665295,0.24886704429920117,0.17774444444444445,0.01535925925925926,7.21469067766572,0.60088672003894916,66.169508192274307,44.571247733907867,160.51995169601321,0.24246342145799291,0.1749538845486111,0.015089246961805556,7.2047729384955383,0.5985981979918279
ISIC_0025500,HAM_0004047,mel,mel,True,0,0,0,0.50230234861373901,0.88563089023884178,0.45512424644518745,600,450,600,450,298f173560ad1bd64d31829ebbcc9a36c3a6c0a1affadeefff17c9c9df48d986,e2b4529beb51451fe52003e4d50076255d2dbe49ec3bbf3f2347437f824267f2,159.23265185185184,20.561374588477342,117.87765645673525,0.26045283950617282,0.00031481481481481481,0,6.3161676943542631,0.11099913542974908,90.646962962962959,51.422792990312701,1239.4783736583811,0.31215899782135076,0.087285185185185188,0.019466666666666667,7.5945553331296978,0.47543666424082304,90.644849989149307,50.64067335430601,407.5616377856536,0.3016616721558415,0.080674913194444448,0.018561469184027776,7.5732183689935146,0.47469042601055583
ISIC_0025508,HAM_0000705,nv,nv,True,0,0,0,0.93584233522415161,0.2656840709596674,0.1365346036602203,600,450,600,450,75b57ffe90166ea8d697ca4103402df4bd0b8487d0b13f659763887c2cedb10c,7d795349b718a54cdda3c811c8292e56368cb3c62d2ef3d916e228b306880d3d,161.98417777777777,28.452039594108037,132.60935094101509,0.3942921568627451,0.0056296296296296294,0,5.5649756976720646,0.1656342366489999,32.293437037037037,39.443983889506711,252.10226107916324,0.53297179375453885,0.77635185185185185,0.014,5.6006481461120909,1.1195567311881476,32.306193033854164,39.208313735012972,89.009019890271205,0.52665688508476316,0.7918701171875,0.013739691840277778,5.4917309474285307,1.1241537426499526
ISIC_0025513,HAM_0001907,bcc,nv,False,1,0,0,0.60415971279144287,1.0433476218827618,0.53617461340097272,600,450,600,450,105001d66699d4642f95c073a73ee67c9ad45ae153e735c6359a1fa254f25949,e10d952c3f016133c0a4de656eb0294a42a56dd68034d2369005de7cb76d44c4,156.21003333333334,30.945067830527144,36.573730728340195,0.1893960348583878,0.017155555555555556,0,6.4500695133855981,0.19037855969135531,24.522048148148148,36.913971898003204,44.46319423319617,0.46984854030501089,0.82175555555555557,0.015100000000000001,5.6893054220121906,1.399628977221929,24.521348741319443,36.863738826973211,21.753366152445473,0.46617479511335785,0.82259792751736116,0.015218098958333334,5.6769209772505684,1.3966857259063721
ISIC_0025514,HAM_0006791,nv,nv,True,0,0,0,0.8795207142829895,0.47541757064181595,0.24431630148628308,600,450,600,450,d9cb88e78983774ba6ea99aa84ac2fb7c413f0f59b1c9992f6f88d777a8afe72,04663b3accaf9b763469473198669ba2a53872ebeac531ddbba92cd941631c48,180.52171481481483,26.236054827493824,111.75529960821675,0.35969118373275233,0.0005444444444444444,3.7037037037037037e-06,5.7008780069586518,0.13953787038950041,33.565577777777776,41.273241303575972,533.86746652949239,0.44831159041394331,0.70337407407407404,0.015151851851851852,5.9749549202992664,1.1538757830822293,33.568474663628471,40.922597926730788,139.92777391697891,0.43173219103179467,0.72854275173611116,0.014763726128472222,5.8178592384875412,1.1500362562740318
ISIC_0025523,HAM_0002725,nv,nv,True,0,0,0,0.92969167232513428,0.3362067196021028,0.17277607589709221,600,450,600,450,230c5ec0286e0d0a42dcef8db3e5a00e6fdcd98a063294f2d65d8ae00a33509b,8747bef58089646ab2504929a8f5e49907495fdcb694001afa71864a42169c9d,182.86738888888888,18.949593844877057,31.266873609657061,0.33905379811183733,0,0,4.6804740467928738,0.098325623150942315,19.693707407407409,32.175090946884914,97.750577077146801,0.40652958605664491,0.94575555555555557,0.012459259259259258,5.0209798704142772,1.507408300889725,19.708448621961807,32.055275639236342,42.222099444748444,0.39628637642122821,0.94995795355902779,0.012485080295138888,4.9281147255443392,1.4942812119303834
ISIC_0025544,HAM_0001420,nv,nv,True,0,0,0,0.87786304950714111,0.4445768952639334,0.22846732953202564,600,450,600,450,63c3b0f4487a95274e7fcee0b3c20b797dd01a7b30403b88112563267a25a67c,039b4801676c65ffbe4dd5894b307dcbb988c1df6de809a10ed87a9cbaffa0e6,147.67320370370371,19.812091718311851,176.80091372607683,0.46118926652142339,0,1.4814814814814815e-05,6.0029956891678626,0.12357518935486564,108.10310740740741,44.507766887443161,1857.2266655552121,0.28632929557007991,0.023437037037037037,0.026285185185185186,7.22464736812839,0.34175887198719418,108.09623209635417,43.259632404901943,554.19780205778852,0.27913204018586601,0.019124348958333332,0.024041069878472224,7.150302853472267,0.34251867882157444
ISIC_0025546,HAM_0007498,mel,mel,True,0,0,0,0.72156441211700439,0.77973960903747841,0.40070689256439762,600,450,600,450,ed321fc8ff5d32b2bd9cdf69ab293ea4449e3cdbc666be388b988ffcc3312b28,aed3726fd0fbd925d0890c7d85425dad8cb01231ed884292e15b00c828801fe5,155.14152592592592,31.124698660526615,82.376454580850478,0.20596273057371095,0.0019925925925925927,0,6.3289417984709306,0.17491965884717733,46.934437037037036,46.108524696047645,272.90994875698203,0.33123176470588234,0.41898888888888891,0.017025925925925927,6.7663554937511075,0.88805917249395372,46.92608642578125,45.883395024393472,109.73868158087134,0.32436127174394064,0.4180908203125,0.016757541232638888,6.7531141924346834,0.88975337508392871
ISIC_0025552,HAM_0000218,nv,nv,True,0,0,0,0.5783722996711731,0.7933721759314819,0.4077126460934708,600,450,600,450,5a3f33d53b56675821a39066b7a1426ba51dbc86da647b120ba4c9ce53b822c8,9dcdb6fce802ca2e7dc7e9b6f8fd72c1159d387305db59ad5c6bd1c555f9bd32,172.21587407407407,38.199096051148686,26.418243990068589,0.38018986201888161,0,0,5.5296411854839498,0.21732020395281246,31.418622222222222,53.423175092056674,115.58111327537725,0.4000937545388526,0.84704074074074076,0.025907407407407407,5.64755623010835,1.6348963125124492,31.429022894965279,53.335166337215483,54.090431428203978,0.39143287143416394,0.84772406684027779,0.02593994140625,5.5971220110297946,1.6360271873601269
ISIC_0025553,HAM_0003619,nv,bkl,False,1,0,0,0.47686567902565002,1.2363054121126347,0.63533530194743448,600,450,600,450,1b6404f32ada172eb8986cc6994a61b40cd4378beb25eea8012ca49c719c2d06,a44a2c15b6bcb19ee9d01eb8314eb65f1b7370d3beed91baa20458d39d640e4f,139.10502222222223,19.798903260858655,24.139212037037041,0.24192929557007989,0,0,6.2270588159311835,0.13615559999371193,73.067096296296299,45.845996573209391,524.88811519204387,0.31957591866376178,0.14419259259259259,0.012874074074074074,7.3449597249984571,0.56838225010605548,73.070231119791671,45.462908049804966,192.33922940929548,0.31141354762391071,0.13928900824652779,0.012742784288194444,7.3256870806654053,0.56802284229393607
ISIC_0025565,HAM_0003153,nv,nv,True,0,0,0,0.77784913778305054,0.58812627143415941,0.30223711599411657,600,450,600,450,d17a7e62d2c6281f437cdaa8078e4a997e9c1e06f640683d8ad88f36daf36610,142fca2ecdf9d1559e2db68b0196b5ed7fd2c1ad8ec96e3310b27c81e9c2d98c,177.01852222222223,21.283090868745639,38.346195069945132,0.34938989106753809,0,0,5.5299501580889316,0.11347228016870391,33.482696296296297,39.13056810015793,318.88064834533617,0.41280383442265794,0.63945185185185183,0.014551851851851852,6.0443572476058529,1.0712394828449017,33.474785698784721,38.876324935591519,106.33429877952108,0.40134886365570532,0.64634195963541663,0.014397515190972222,5.9709927051635887,1.0744390615901021
ISIC_0025603,HAM_0004579,mel,mel,True,0,0,0,0.57626193761825562,0.6965642478780576,0.35796321233856593,600,450,600,450,1da22c3ba355955ab3307bf82a53139ab3dc78740526c63a68186efdf3d962e3,59b5d2a24e178347f02e9a63d4d5c0e2889f8a68189d909709f1b0b281ec4dfc,163.31720370370371,34.201345549055702,67.516577101728402,0.23452849673202614,0.0001037037037037037,0,6.1964034309462495,0.20187909144718261,44.981129629629628,50.933957633443512,385.96171832751708,0.31692185911401599,0.60634814814814819,0.01677037037037037,6.630487075465374,1.0436211681937528,44.982557508680557,50.673944260991703,139.34333252902195,0.30760141676028047,0.61161973741319442,0.016221788194444444,6.5924280633986472,1.0468854858895975
ISIC_0025614,HAM_0002089,nv,nv,True,0,0,0,0.96060478687286377,0.16983671906388267,0.087278808400446342,600,450,600,450,0252c1071e1720b0efbb7d0cffcb961533991d03549ee99c4f81cde9706e9ea6,ea898d46e9ea932a342a172d08e81c0a049b45c456b36c52fad5d7062c7bb6a6,166.62325555555555,36.861177920647819,44.630795866543217,0.39782884531590412,0,0,6.300843578909836,0.21573191550338372,39.518211111111114,51.171875321420337,267.64750676146781,0.35791732752360206,0.7287703703703704,0.018977777777777777,6.2612014625190193,1.2219149510027558,39.529588487413193,50.966957901158821,113.17104053603094,0.34839811304296026,0.73392062717013884,0.018473307291666668,6.1967193569277574,1.2211309397246979
ISIC_0025631,HAM_0006312,nv,nv,True,0,0,0,0.67366492748260498,0.64374435676062747,0.33081915784916788,600,450,600,450,303cbbbc921e10b68d55e12b2030332fb0a492d9d7520f4daef2aef714720d34,20d6160984b3bb9314ba7df1e904cfe2f139e4562f719c3add04ddf2f47f0e4d,155.82994074074074,22.277102807097013,25.11971733283951,0.21063491648511257,2.5925925925925925e-05,0,5.7506486194433331,0.13747967320332327,50.781144444444443,50.43307610297795,442.77398404629628,0.42225976761074802,0.41266666666666668,0.0178,6.7971214594326277,0.92469853904391774,50.775200737847221,50.145368673117922,156.51583707314214,0.41283408437159586,0.41359456380208331,0.017381456163194444,6.7573652400810538,0.92551478581789659
ISIC_0025640,HAM_0000014,nv,nv,True,0,0,0,0.58396255970001221,0.84989277094610227,0.43675848618123619,600,450,600,450,7016047383c0d3453849d17cc2fca620113179d4108eff4ae4e406f722e301e5,63c24cf745a142a17e6cf677be4c6668348c218f618c1d5bc86387190c3215f5,179.67672592592592,25.618807569448641,35.771809335747605,0.13211205519244737,0.00022592592592592591,0,6.0241073566453691,0.13320816199723606,40.860096296296298,44.025402653531081,177.79049082072703,0.42443577342047933,0.50675555555555551,0.018503703703703703,6.555599386361636,0.97212508243887075,40.845777723524307,43.867367822611804,73.212015691684712,0.42018258420989923,0.50690375434027779,0.018195258246527776,6.5490080864502289,0.96482534488794736
ISIC_0025647,HAM_0002798,nv,nv,True,0,0,0,0.70195001363754272,0.63594327888151014,0.32681019685839213,600,450,600,450,f46a6dcfe5b78094358bf73f42e3a1a6608d54f6c1de72363255e73404500215,eea5a54e15de3586b8ef712f46bcf5216c877ba48577b4707e91de2f69b40de1,169.06365925925925,14.437472311937773,69.574810651728384,0.13353706608569355,0,0,5.6041464195904522,0.076660078052307137,72.091200000000001,39.861905897978076,1531.9800670013578,0.5218928830791576,0.13061851851851852,0.010088888888888889,7.1899827288290838,0.46593982671283252,72.090162489149307,38.711277826184634,517.32085046650457,0.50851377931815089,0.1199679904513889,0.0098876953125,7.1387831620247528,0.46676320380020536
ISIC_0025676,HAM_0004082,nv,nv,True,0,0,0,0.9941144585609436,0.041206541204325757,0.021175973219693837,600,450,600,450,fb0f7ac4fc61de899174b9fba29e56f27bffac31ef9deb7b5c1adbe20de46663,e5346dc2fce155b265fa46f1b384f0e771c69ab346966a2b98692270864081b5,129.13584074074075,37.088937592462791,123.59414799401921,0.56312027596223668,0,0,6.8548220887226723,0.27928159039539269,79.13197407407408,62.92930714427569,1223.7981010960773,0.32814366013071894,0.25787407407407409,0.02258148148148148,7.5138958601491455,0.74158762731661376,79.134107801649307,62.354682463236287,350.1824671309671,0.31640728719873362,0.26041666666666669,0.020365397135416668,7.4612342819527289,0.74112331065782866
ISIC_0025691,HAM_0000065,bcc,nv,False,1,0,0,0.41711366176605225,1.4661082812264126,0.75343061545681778,600,450,600,450,99dcc50c54cc15dac96d3cb037efa434f776479078a08a8bed3dcf98c8fa9f69,b226fddc641b72903bb7f2425ccc3408c25c60d76b871cb42952344e11139076,162.6065111111111,28.534351938819196,30.840516623196159,0.11692540305010893,0.0026555555555555555,0,6.3057271935216894,0.16987975021339249,24.246470370370371,37.12203643920369,52.836723443566541,0.28369612200435729,0.82785555555555557,0.016303703703703702,5.6705405974251297,1.4078378388531094,24.257744683159721,37.06091025276325,26.017744527738767,0.27461230043232571,0.82958984375,0.016323513454861112,5.6401998073277548,1.4052446250598405
ISIC_0025697,HAM_0003459,nv,nv,True,0,0,0,0.94926530122756958,0.21191454939109194,0.10890253565611481,600,450,600,450,3bf527fbcc06176d011529b60dcdea74f6b7d39503ecc060a9275f5891be70d1,f884ab6f4ed5f43f3616080a15178260824fd1e8e727a226663746e5958bb4ce,144.10375925925925,25.651176868846758,54.108614553580246,0.42681423384168482,0,0,5.6952847930165404,0.17058916479838249,50.198037037037039,52.88335140104148,385.07941427703696,0.3919628177196805,0.42221481481481482,0.023159259259259258,6.5823342859514131,0.99725114436599616,50.198208279079864,52.621122600330274,150.81382075057908,0.38354409743498091,0.42295328776041669,0.022243923611111112,6.5178171987481948,0.99659224104189503
ISIC_0025718,HAM_0001884,bcc,bcc,True,0,0,0,0.77743387222290039,0.7935699881340128,0.40781430145645192,600,450,600,450,7197311e07863bd3a29069a2b681f2a31373d5350a915ec8c694d21a33f4bba5,713b13d1ee4add9682ae7223f97e4e428ab0175b532c11816b45c7947ca092fc,157.72466296296295,27.389618482686956,68.379299574814823,0.26127726942628904,0.0073888888888888893,0,6.4397257055611421,0.15897388514953484,30.37478888888889,33.40398706452995,70.089992283950608,0.5298082062454611,0.65816296296296295,0.012448148148148147,6.0354246470804265,0.99298387812549638,30.363932291666668,33.313738537687343,34.442215190579496,0.5252836339613971,0.66117350260416663,0.012485080295138888,6.0156355149932752,0.9903547428036733
ISIC_0025720,HAM_0004464,nv,nv,True,0,0,0,0.87084662914276123,0.43784207826275523,0.22500631823895656,600,450,600,450,f894496e0c31cc9d5ee3cb1bf677d75f19fbc0b6558dd59b9573439f2b8bf208,bdf08dd36e7309a24264ace5bc4e2a00008803f31a7f7ce30b095340f44757c7,143.17651111111113,24.96169048714054,61.366435785953357,0.47271420479302828,0,0,6.3062663615629724,0.16629947479630391,71.228570370370377,52.13776053978831,724.2612973585185,0.37482702977487292,0.11335555555555556,0.026544444444444443,7.1593172480175848,0.66482924453733827,71.222161187065979,51.650790441679376,269.54086024189991,0.3679806910828568,0.10333251953125,0.025492350260416668,7.1107209175870434,0.66618889184220764
ISIC_0025733,HAM_0006509,nv,nv,True,0,0,0,0.99536681175231934,0.030797228961111662,0.015826644912696964,600,450,600,450,19826a2fd0ac7728fa06cc71f814ef45f9bfa64e9fd01c2647c37ecb5761fd05,4b1b2854874122b8808c0098b0f6a73341a4ab868faf5b5d9e1d2131e4c9ec0a,175.87614444444444,28.562526158274213,35.238039031426617,0.3773905737109659,0,0,5.8465762236386105,0.15763438031154292,53.007633333333331,58.482013039392122,603.42533958842228,0.399499128540305,0.47337777777777779,0.029999999999999999,6.7716318169774121,1.0423680830532385,53.002577039930557,58.144052856446763,203.71568155123128,0.38875679232196353,0.47874620225694442,0.028483072916666668,6.7020032985205003,1.0417826864247057
ISIC_0025759,HAM_0000014,nv,nv,True,0,0,0,0.91556107997894287,0.34542031603270251,0.17751092783004124,600,450,600,450,8f22ab7195d60fc3c595eb46ae2be85253c97a1ccefacc505bdc1e55d3343f17,09f535a1d59648a6eae8b89fca3df37527a0892ba40be0ccc16e0c2733649654,178.03262592592591,23.625151976639803,84.308155703360754,0.12809076252723312,0,0,5.4581651009163767,0.12415514495165818,47.158351851851855,48.75040013763892,422.9601451232374,0.52526840958605669,0.46791481481481484,0.01938888888888889,6.671085566427573,0.93583058510242079,47.151740180121529,48.461273974508835,143.09884096498106,0.52000344137220866,0.46927897135416669,0.018541124131944444,6.6438064705963606,0.93438532613999836
ISIC_0025760,HAM_0007015,nv,nv,True,0,0,0,0.97739899158477783,0.11033343030029369,0.056700166939289351,600,450,600,450,29eb0fa339468f6b17ebb3be58a624dbce5382f89bde637bba6cef059c91642b,9bdbe67cab1caa21fe7ef09262ca9e94433e1b031ca1fdb760713230f34f41db,179.96422222222222,32.336316035773649,30.069522199163242,0.34616559186637619,0,0,5.8773885992116606,0.17566624003852949,47.078407407407404,58.542624993822685,313.92438129370368,0.35443965141612199,0.60894814814814813,0.033444444444444443,6.2903891518951305,1.189092210091476,47.0697021484375,58.34322214365973,128.61741042137149,0.34616898680044933,0.61933729383680558,0.032728407118055552,6.2203556184994415,1.1890713037204559
ISIC_0025774,HAM_0002233,nv,nv,True,0,0,0,0.93782192468643188,0.28230834447814945,0.14507779026446957,600,450,600,450,b9b40c5ec08d6d36a465141d838b9cf367e9cae21cd8f1574b06c4891c7667d2,8139bb7ceeda4400f5f9e41e0a61d67f63426815da96f40954b7a6b521eacd58,161.54331481481481,33.902542209563904,90.254481454924544,0.39547068990559187,0,0,5.823308868360944,0.20523649237281455,42.981944444444444,54.792078130408278,546.58143655220852,0.37510111837327526,0.68761851851851852,0.022851851851851852,6.2371282581661251,1.2200991442965612,42.984164767795136,54.4894772962489,166.84628612446934,0.36186422377110566,0.70890977647569442,0.021965874565972224,6.1123832609693878,1.2214361826972908
ISIC_0025820,HAM_0000177,nv,nv,True,0,0,0,0.89637172222137451,0.36934165490167653,0.18980406422207208,600,450,600,450,7f75cbca54417a1adcd3c83c3fc84a03ab7e5b5fa4b5ed50b06338ecd7ccfcf1,847490bb3ee01801d452cd2ddd4c5e5068fc3c7e2f0dde866522ed88695bb130,155.02868888888889,33.91714893328254,45.368181372825795,0.42971992737835873,0,0,6.45972809845283,0.21358415412669129,52.659918518518516,53.492291415513783,291.95304007076822,0.33467010893246185,0.42019629629629629,0.025596296296296298,6.7675867924636286,0.96170035615260185,52.6649169921875,53.276809211104386,125.42712387920898,0.32937054270492921,0.42357042100694442,0.025193956163194444,6.7371083357414161,0.96364587126476442
ISIC_0025823,HAM_0007425,nv,nv,True,0,0,0,0.88969779014587402,0.37921603726245268,0.19487849294920004,600,450,600,450,d45f6ba01461b81f96d54d93060b770f5ed3065569f80fed324d455c700d9ff8,659be017040ad3205d2f3ab57aa97563b500f77a77dba928b6d9e1b60870cded,166.50021481481483,56.88273069927029,91.430466644718791,0.30207307189542482,1.1111111111111112e-05,7.4074074074074073e-05,6.6081309580512588,0.33320379182338949,58.743640740740737,65.285888344781142,393.06882956620029,0.30750909222948436,0.62210370370370371,0.022459259259259259,6.7192851770455455,1.0378438819797009,58.745103624131943,65.011262851800012,176.93164621454514,0.30362974345554194,0.62242296006944442,0.021267361111111112,6.705287510602103,1.0389561294087066
ISIC_0025835,HAM_0001456,mel,mel,True,0,0,0,0.69282656908035278,0.63595528681617375,0.32681636771611106,600,450,600,450,9a26d48f4b254066ff46f5f9c480674b676946b3b96eaa64429382db291d8748,dc160a5e1628ad037726eb665aa61319c5553ac2c5d61012303b9232e5026d96,165.88397407407408,33.834657787749869,28.998935466652952,0.15921526506899059,0.0072407407407407412,0,5.7355693745564107,0.19662931316901217,25.758670370370371,44.084980486037502,115.96469722858707,0.35362711692084242,0.86482592592592589,0.017703703703703704,5.4537186545792755,1.5946180611751344,25.757093641493057,43.988458647949365,44.72928598518542,0.3476782971218001,0.86537679036458337,0.017537434895833332,5.4347960421513246,1.6006200215621569
ISIC_0025841,HAM_0001210,nv,nv,True,0,0,0,0.90777146816253662,0.32207342874328593,0.16551300115251666,600,450,600,450,9836765f669b4e4ce5c365ee37eb90e22ea1d657ef28589fdb89780ddf4d7538,be59eb574eaa015b66871a7a5fd2c8704153fc01052f7d2601b3864199c6f5c2,130.00829629629629,43.19150093934789,101.26338859246917,0.44780646332607116,3.7037037037037037e-06,0,6.708279106074162,0.31809195604045537,71.118766666666673,65.123758209794516,393.72874002765434,0.36228662309368193,0.38940740740740742,0.026337037037037037,7.2237514050370422,0.87698552871501945,71.12322998046875,64.876562553730807,168.46338507969989,0.35860566448801745,0.39225938585069442,0.025010850694444444,7.1996159382421503,0.87782039248429966
ISIC_0025861,HAM_0006917,nv,nv,True,0,0,0,0.95353543758392334,0.22482974138175071,0.11553963141150143,600,450,600,450,a2716c8ab36bf5d28a94355d16702bf471984204d9cc014fb361e5d74ca14267,28e6288c62e577ff5dacbaac58885041ab21f833464edc4265bb1232d7ad7bbe,138.71162592592592,25.701991557523932,240.45618862385459,0.4463656790123457,0.0014592592592592593,0,6.2906077956110904,0.16110466193421677,68.340629629629632,50.737360487447475,1529.5648408180934,0.40454226579520697,0.15527037037037036,0.018403703703703703,7.1956549338696805,0.68150105352667145,68.337334526909729,49.900178290423838,409.39889151501802,0.39237752012697441,0.13324652777777779,0.016920301649305556,7.10449185038126,0.68243651073800748
ISIC_0025862,HAM_0003515,nv,nv,True,0,0,0,0.95233809947967529,0.25118903507495211,0.12908562874647506,600,450,600,450,527c68ac6f01e8333b8d98097e6812b4b735f25eafc7639dee050846befe5f55,bbbe3ecc1549a217dd1f4ec56bda1d126f2311d7e71a3f4ffe78a3c08705da5f,141.55868148148147,14.814322430550906,33.511978980397807,0.43190213507625275,0,0,5.2508290081901468,0.098401222125175491,60.070829629629628,45.144091752970326,811.65196023010958,0.49511209876543211,0.17387407407407407,0.02088148148148148,6.8836045123856771,0.68319278052316046,60.066311306423614,44.573004730504827,271.61253736563668,0.48603215103315633,0.15869818793402779,0.020277235243055556,6.8143686282244973,0.6822472536127242
ISIC_0025865,HAM_0005160,nv,nv,True,0,0,0,0.84536027908325195,0.63201847756456031,0.32479324796748105,600,450,600,450,982d9032a32867c02fc67e3b931bfe8609e3418e2bc5a4b60e7f477bca3df605,fcb65e98fc7d2e531768a554287c1d4a842ab7fb491ee16e4f886efbc4f1885f,152.4832111111111,17.216940182399455,83.659340471879275,0.29988601307189544,0,0,6.0713767722297298,0.099790072533141122,93.838451851851858,39.769809393972032,1006.7278641165433,0.51028624546114743,0.039996296296296294,0.013603703703703703,7.2542679031727122,0.33050367750054616,93.848639594184021,38.773084345748138,422.65425154341415,0.50376173364310994,0.033447265625,0.013346354166666666,7.2186886772004453,0.33131073360958241
ISIC_0025870,HAM_0007606,nv,nv,True,0,0,0,0.77546793222427368,0.54774985723120939,0.28148774366438611,600,450,600,450,4fe4ae338eda5f84fe6958983fa9950642071c9bfde029a169ef9bcbc0e4ba24,7bd49fcf8d37fbe88c05afaee4eaa8da516ed51c43daac87d5e35dbfcc3dede0,139.78842592592594,18.615749289146674,31.615712391755828,0.24073225853304284,0.0012592592592592592,0,6.0452258290601586,0.12665376751502339,58.622677777777781,40.623518573284009,435.67078493924555,0.33456563543936091,0.22902962962962964,0.011866666666666666,7.0374531897064454,0.63381139575349021,58.627204047309029,40.283540284463157,151.50409444173181,0.32491641242000274,0.22770860460069445,0.011691623263888888,7.0149873660797644,0.63301760140799934
ISIC_0025877,HAM_0005123,nv,nv,True,0,0,0,0.99415957927703857,0.039056413290234245,0.02007102604875928,600,450,600,450,d5c8b085682b7f58107d17615b13c343fa6b8ac00d338b13d7279d3376817d45,c995e9b3c37d25e125b1deba83bdda95156f63a10a11c41efef02625c38f5fe0,150.20930000000001,20.617264901739961,44.140940380740744,0.43055970951343497,0,0,5.6429382444821981,0.13079704247500559,45.939796296296294,41.645348875012047,388.56126678978052,0.34285724037763249,0.32356296296296294,0.016899999999999998,6.3842886442205149,0.83789933646464398,45.936367458767364,41.288966162627545,158.74802625726588,0.33389791517735568,0.31976318359375,0.0167236328125,6.3153224211247023,0.84053781570734332
ISIC_0025879,HAM_0004289,bkl,nv,False,1,0,0,0.60788869857788086,0.67824901638427859,0.34855104523379465,600,450,600,450,e690701b14c2cfc149bc56f7fa9107ec3b2435af0cc91a11aa4e336a7202a42d,9ee6305b8022349e421be8bac888430c77735f7efde95f8e33b1eb3155350596,154.63053703703704,23.674121926078914,146.58988713080939,0.4026542483660131,0,0,6.1910196705582763,0.1453460541558157,96.885381481481488,56.368001820730527,1885.4990072032369,0.29098801742919395,0.037096296296296294,0.032892592592592591,7.480027456269787,0.51006445750010942,96.882670084635421,55.367514907683059,542.39659729374591,0.28152121417143244,0.027214898003472224,0.029629177517361112,7.3975185481313197,0.51079560905669452
ISIC_0025884,HAM_0001999,nv,nv,True,0,0,0,0.89914065599441528,0.40082844609677576,0.20598507402377603,600,450,600,450,aa3b9a0f578c0fceb606b8cc8c1565ba12116a202a72b589b2785ea2cc304658,95c4d38c1e855a202fe24a0ae14b37d508320242969637fa2b5f6ba1aa76c272,140.46717407407408,29.459096756653047,35.219688635171465,0.46767914306463326,0,0,6.0572430584386936,0.2036988377751667,45.630640740740738,51.247959594763273,229.08788887111109,0.29859873638344225,0.54096296296296298,0.023259259259259261,6.473079283836908,1.0683138662101801,45.638556586371529,51.073743186147958,97.270046543008021,0.29179557185287308,0.54761420355902779,0.023145887586805556,6.4344909796918879,1.0702841917176824
ISIC_0025887,HAM_0006390,nv,nv,True,0,0,0,0.68407779932022095,0.66561098116990902,0.34205637988631959,600,450,600,450,deab66e6e8957612e0cd355e3a50d410895be9e66acca17993092e8169f82482,64f076aaa1dcbcafc16eb3544a65be0bf7f7fdadb69a5ff4d672165c547b2366,143.34198518518519,39.093194560536098,108.38189621331962,0.35333272331154686,1.4814814814814815e-05,0.00047777777777777776,6.8660013177430264,0.26008739031718398,73.790207407407408,60.659609861501536,634.0259860617283,0.38828503994190272,0.27627777777777779,0.022651851851851854,7.4013946920550229,0.74710479216854164,73.79669189453125,60.291504919844066,222.97872879770068,0.38173107404854306,0.2757297092013889,0.021280924479166668,7.3766519014500052,0.74884483682687286
ISIC_0025888,HAM_0000584,nv,nv,True,0,0,0,0.98557448387145996,0.087403941703827939,0.044916740758179502,600,450,600,450,c9e86a06426f6f43a10572d5c0c8348a7c2c1e01b158b63b537d66d37e08aa71,6e2ba84e37ef905e607614c551dbbca1854e226e1c06c48d3179d0a0f5af2bc4,143.36061481481482,34.312117845294978,31.94885922216735,0.39874027596223677,0,0,5.9389268601337033,0.23406460472294308,45.228977777777779,58.372455378843391,219.17781041666669,0.3281091938997821,0.65239999999999998,0.035418518518518516,6.1079463169806028,1.2319377585414417,45.233323838975693,58.19971638353362,113.6433573000501,0.3204779199005991,0.66244167751736116,0.035847981770833336,6.0515382206488777,1.2321728180704383
ISIC_0025912,HAM_0007449,nv,nv,True,0,0,0,0.85489559173583984,0.43052423556002761,0.22124569100430228,600,450,600,450,3a40e99b6c20d02bd624fa15b4d670af0dbcd0236a10e14317521130b9019dd6,526da81f5287308f3a2e50e0b9986e3393c95ef8e4798807e5048fe902564dff,140.13234444444444,28.650859979075978,46.068303239286678,0.49016641975308639,0,0,6.1759314988313143,0.19918469884465809,49.218103703703704,49.25552355974709,402.70825211246915,0.39365400145243284,0.46526666666666666,0.014303703703703704,6.7242579651176362,0.94547288630587067,49.222222222222221,48.939836946969187,168.2867594278521,0.38478799125987201,0.468994140625,0.013705783420138888,6.6741561801588141,0.94555490299189882
ISIC_0025913,HAM_0003409,nv,nv,True,0,0,0,0.94829809665679932,0.23130466419762566,0.11886708351355164,600,450,600,450,3f6c7aaf36f8ccf620400d0cf47361402bbed544616fdb4de1b459310e30ada7,2d8d62ec9ccbfbc70f3563c1c3f65c2c3cd2452e87759aec1f665430b579d0c2,130.55784444444444,38.853909884070951,58.31402221558298,0.48632824981844586,0,0,6.391015466839316,0.2889629974240101,56.822870370370367,64.010024671356291,358.94217393414266,0.36653148874364561,0.55630740740740736,0.027596296296296296,6.8350056631868572,1.0759164455651591,56.827372233072914,63.767168420694638,170.34871405859789,0.35846364804602399,0.56248643663194442,0.025716145833333332,6.7936513536014118,1.0777193254237487
ISIC_0025920,HAM_0007194,nv,nv,True,0,0,0,0.98207813501358032,0.11536718811803205,0.059287006737715871,600,450,600,450,6331929263d3507fecb675a68ada0c37ccf963146bdfccfe8f2f48b295413903,62211a5e82c41ca36a76e802f4fb0be4ea1158803aeb5b7237296a3316a16c0f,157.33340740740741,23.769191596062232,37.211681375253782,0.45018294843863471,0,0,5.6998535277434268,0.14559972438404847,27.861937037037038,38.188194822529162,142.08128387543212,0.40539562817719682,0.81467407407407411,0.014977777777777777,5.7509164540059947,1.290660815758963,27.869839138454861,38.034447193698547,71.506205147753164,0.39627220137186819,0.82164849175347221,0.014912923177083334,5.6862693497571009,1.293721124758306
ISIC_0025927,HAM_0002557,mel,bcc,False,1,1,0,0.41606906056404114,1.3958518228271508,0.71732593794466781,600,450,600,450,7d4c88f62d51707739df40703d7554c7c049ad6410a684e4124b561b69dcc552,88b36beb8e7d52a4201dfecd8d8121a28ca48971a9f41c1e114669620872e436,121.20744814814815,34.899097283336083,196.78430071654319,0.49755700798838054,0.016785185185185184,7.4074074074074075e-06,7.0471717460927197,0.25639952696239904,54.525525925925926,47.006636965406024,227.62673455932782,0.55562323892519971,0.29438888888888887,0.021151851851851852,6.945568652927669,0.75270719322875768,54.52838134765625,46.80617800952507,90.183932336760151,0.55212125757421027,0.291259765625,0.021097819010416668,6.9268264215503752,0.75444839760939808
ISIC_0025930,HAM_0000154,nv,nv,True,0,0,0,0.99524277448654175,0.035719340858051084,0.018356110057492561,600,450,600,450,bbe8a9d8e9411a1e4b244f8ab68cea82b9cd5860f2e33e19f6cac348a939eff2,b7465f80b7b6a19356b30ccdf0124d26aac4a7ae6695aa7225ee6a32c96e8140,187.97838148148148,21.000807463550977,117.76212960426612,0.36789366739288304,0,0,5.6191735687175051,0.10451765109736458,46.319985185185182,43.613394755210862,1055.757377466653,0.32958729121278141,0.38338148148148149,0.017944444444444443,6.5135569701207254,0.869667787982629,46.318020290798614,42.994905924641493,255.87606472728982,0.30964169304874728,0.37628173828125,0.017625596788194444,6.3854751329568522,0.87143965362565656
ISIC_0025933,HAM_0006095,nv,nv,True,0,0,0,0.96026992797851562,0.18346857031097313,0.094284194159757154,600,450,600,450,64f75a8b536b932575556cf42a9535120c52bb02d4a7b13db858220981ef7500,9b912e4a3324213503551fa263087ba5bfa6718f911c53da8e3c8aa399e0d02f,151.15858148148149,28.922992968987522,40.909258948134429,0.42271599128540305,0,0,6.0064087851110113,0.18461528949968722,34.612111111111112,45.131908905663806,244.74507427949254,0.34149218591140162,0.75077037037037042,0.017033333333333334,6.0419889937301718,1.2053238502697428,34.615410698784721,44.91893151140934,103.42560973722074,0.3288772616251362,0.76260715060763884,0.016879611545138888,5.9600653677277018,1.2067931264756564
ISIC_0025944,HAM_0005634,nv,nv,True,0,0,0,0.9406546950340271,0.27369476120741165,0.14065128409977359,600,450,600,450,5ccbf8f43558faf4dedbe5c4b2666a30b90b429ea29a5377d7bf2806c284c5f9,bed395125dec769619c013cff31d8c70a19a52f2f53be698c3235bf73de4a883,181.26862222222223,35.161050176425839,46.404329349122079,0.27188002904865649,0,0,6.0431384565303281,0.18872049948338659,47.185744444444445,51.24439090282327,287.88228129048008,0.33383555555555555,0.56911111111111112,0.014981481481481481,6.5519864294221195,1.0198389723852246,47.199910481770836,51.015359600218019,127.48436730396416,0.32886784705201522,0.57465955946180558,0.0146484375,6.5187643198399563,1.0230875383010334
ISIC_0025946,HAM_0002411,nv,bkl,False,1,0,0,0.62027472257614136,0.94498167924229526,0.48562451853239902,600,450,600,450,1c52a1eca9d28d6be6183b32d1d300793d65d80381c26c772422989e917aefe3,35969f8586a4bad02dd3a8aaab54c994503db953afdf110e3174263f298700e5,138.42513333333332,11.254988465235874,27.385336145061736,0.15567747276688451,0,2.5925925925925925e-05,5.5292975981513761,0.071904833136671731,105.98822222222222,51.319914571775357,1469.2650713629491,0.26930338416848221,0.053662962962962961,0.018225925925925927,7.6729357877487532,0.37863814980429494,105.98786756727431,50.21956317397008,639.49254736520459,0.26081534990298205,0.0482177734375,0.016486273871527776,7.6472634166350018,0.37925921033764937
ISIC_0025952,HAM_0004678,nv,nv,True,0,0,0,0.89676785469055176,0.43659897014192012,0.22436748703627304,600,450,600,450,f2f7a3a4cf42212c22b0b9460ae46a35088cfd2e9feb6c158dbc9e3644acc79c,9d976b8cff18c00a4a315e1aff0f1ff21d2ba4b26646a85d7f4259cb00f4c579,158.4714888888889,22.273413026684619,110.70631604607685,0.39011477124183003,0,0,5.7526822368833628,0.12294746637901326,49.155344444444445,45.013223217182272,503.09167974299049,0.35222320987654321,0.29852222222222224,0.019251851851851853,6.5528397184921143,0.84083109507850506,49.156392415364586,44.616456344882764,190.19374573667653,0.34192325367647058,0.2891574435763889,0.018452962239583332,6.4855497981443682,0.84294360280475777
ISIC_0025974,HAM_0001770,nv,nv,True,0,0,0,0.97692853212356567,0.11486813436655888,0.059030543842080403,600,450,600,450,494498616917380dad2a4874a86c50252fcc1e6109bbe6d6f26351eaf9c76fb6,49d04b5f92b23fb3a4a282918d1a4c7dcf313a4df18281ed5e9127b9d960f600,174.98804444444445,21.084632231176116,34.331599473031545,0.35886730573710962,0,0,5.4277565262815788,0.11719472245896356,47.378133333333331,43.966797662141637,530.10325140740724,0.49128765432098764,0.34438518518518518,0.017188888888888889,6.5541851429955997,0.87472482104975435,47.367112901475693,43.576302486977717,191.5291990481409,0.48254171134599677,0.3376736111111111,0.016893174913194444,6.4794807270369468,0.87640289467303523
ISIC_0025976,HAM_0000565,nv,nv,True,0,0,0,0.96872597932815552,0.15049558400526905,0.077339431154275329,600,450,600,450,a5ed5036a5c87511c22a5a98e13e8b27f82d6142759fd1eff509b4c79c5e1467,83717a10c270120e39132cb0b201732ea0f2860a730758b6bc12c49f96517a4a,166.7656111111111,41.885117117215259,34.156862833895758,0.36247339143064633,0,0,6.0155460539796639,0.2474548174519024,63.614777777777775,70.643250812239586,394.76858478875187,0.3238246332607117,0.54859629629629625,0.034500000000000003,6.7579364465215033,1.0681405687742296,63.617085774739586,70.42621189476138,176.96151240294179,0.3182387674036628,0.55555555555555558,0.032965766059027776,6.7141410158762138,1.0710294256180211
ISIC_0025986,HAM_0006123,bkl,nv,False,1,0,0,0.58259618282318115,0.73374067082854977,0.3770681144680606,600,450,600,450,c7b35ba297981152d348bc6cdfb2941cb87d9e0dc84f579f438fa47f27bb7e74,3944e5bff6aa19870d59f3193eb1f866afa0f1a8ed2eb73bccd007e0c962cc6e,193.04409999999999,61.063615095434159,29.211548108148147,0.24682769789397238,0.045681481481481483,0.35399999999999998,5.7126468569830564,0.31025949203959508,25.964966666666665,50.132140338188009,148.92602959533613,0.47685159041394337,0.82517777777777779,0.019537037037037037,5.0646455092567066,1.8319650457999954,25.970024956597221,50.014179813758346,59.547987081202464,0.4760596181832108,0.82527669270833337,0.019280327690972224,5.0617428008823575,1.8343182623227763
ISIC_0025994,HAM_0006655,nv,nv,True,0,0,0,0.95042276382446289,0.24242025112903171,0.12457936521206808,600,450,600,450,a30a1b1721f83ca311e9c1eff5eb18e81c2c8e728c77f719544f7c7a5b5bb056,d7f6cd9713ab6c8323ed45bec2a73e740bc48eb9d987de4bd172ea5ce2628855,177.96074074074073,31.4803938897102,24.805748098765431,0.29703323166303558,0,0,5.7733137013994806,0.17109528845588209,41.442196296296295,51.717844540516417,162.68869614216729,0.32745236020334056,0.65969629629629634,0.022222222222222223,6.3366482367129944,1.1580042448980665,41.449252658420136,51.583851209771083,73.053438079026009,0.32062993600217865,0.66849772135416663,0.021918402777777776,6.300152740781841,1.1604457092793061
ISIC_0025997,HAM_0001256,nv,nv,True,0,0,0,0.99725097417831421,0.020881265459495108,0.010730847706217267,600,450,600,450,92fdc2f33f7aab6f37a8db8f33947d42fbf106a06ddd3d7276fd7181b84e39e3,48baa3e6cda032b1442a2ba884a914d2909db11f86da6102cf7e617fd8a0b405,159.51601481481481,21.567520569729531,40.675582859135794,0.4683247494553377,0,0,5.4314081239682253,0.12812243607063289,50.388429629629627,50.680515835829738,559.4348045124691,0.42060961510530137,0.36654074074074072,0.024344444444444443,6.6279728772746136,0.92043172657581995,50.387885199652779,50.279030887454589,215.27935320635638,0.41058349609375,0.3611178927951389,0.023701985677083332,6.5471380093172504,0.92611752307547834
ISIC_0026008,HAM_0001934,nv,nv,True,0,0,0,0.89290601015090942,0.41468188583566384,0.21310433374170987,600,450,600,450,f76bfda25ddc26a3108dc67a268913e634ac3a4de093d7bea66e234a76d91e64,4b210571bdbfd5497d320572e8404812bfef92d291135a6aa28287190efa89a8,174.90197037037038,23.16054734143124,39.559002542098774,0.12383111111111111,0,0,5.3947863274833487,0.12580408839166096,33.736511111111113,42.110551016802972,217.84794677640605,0.4099476978939724,0.70648888888888894,0.016137037037037037,6.1209975523241766,1.1699523083838703,33.728983561197914,41.934339140704125,83.97695070390165,0.39978056598073258,0.71436225043402779,0.016147189670138888,6.0804034838871415,1.1683382905474013
ISIC_0026010,HAM_0004916,nv,nv,True,0,0,0,0.9751821756362915,0.12677339534813795,0.06514863772599315,600,450,600,450,379150e7727a302378515dcf93f7761600260880a8070e6048dcf7dbfb9b262f,c55cbe99506d082bebbd1229343ab3005f8381612f5a313ad6c75c3b89b4b7cd,171.66321111111111,20.420427116362948,34.657710768669411,0.39413079157588959,0,0,5.6937715516600953,0.11530039721234631,70.780248148148146,57.864865130154875,1061.6020792730317,0.36895699346405231,0.15685925925925925,0.028425925925925927,7.1358909123535454,0.76440593607847063,70.777262369791671,57.297048185063836,338.52241890587743,0.35854287407237201,0.1344943576388889,0.026116265190972224,7.0458820307665375,0.76559233785996217
ISIC_0026014,HAM_0002882,akiec,mel,False,1,0,0,0.85177046060562134,0.55759480982675202,0.28654704848394424,600,450,600,450,04ab6193867d93bd4c0d3938284b81b5495967c4291b900009b7f67dcb365885,c6e2c85406e59f57f83af6959950f5ba26c52be60b53a41cca9300a587ff284e,148.86069629629628,58.022289028508382,63.754428510233197,0.29531744371822805,0.11061851851851852,0,7.0313105592900857,0.36914584175794579,47.719566666666665,62.525658538427848,51.670466385171466,0.42383918663761805,0.60588148148148147,0.039396296296296297,6.3759223981977131,1.225355094787173,47.722500271267364,62.485086978876474,21.22092822286082,0.42389636735770697,0.60553656684027779,0.039482964409722224,6.3730499705091148,1.2259101371081573
ISIC_0026021,HAM_0004013,nv,nv,True,0,0,0,0.95580434799194336,0.19133493560071119,0.098326706242628487,600,450,600,450,3b1aeaa3cf52f2525cba96be03cd9ce6f189142f142cffe432f037109933d564,b9f63fd5b93e77d113b34a8b13c9f0c08cd1555c8a8142b9f5f13c9643b6310e,158.11202222222221,38.501811490613861,86.370462641851844,0.36544887436456064,0.00092222222222222217,0,6.1351199570674364,0.23881973444006199,36.747125925925928,52.332859119214483,295.92281445481473,0.37449372549019611,0.77177777777777778,0.020585185185185186,6.0904111585215892,1.3660709721634106,36.751858181423614,52.161578367392508,93.718987338658835,0.36323021450333604,0.77907986111111116,0.019911024305555556,6.0270572956900841,1.3681063727337406
ISIC_0026040,HAM_0006252,akiec,bkl,False,1,0,0,0.47927564382553101,1.0387648459164409,0.5338195324284285,600,450,600,450,b97f3082a6339356751fcf83dff543572fedc7b11e21658a89f74d9a9f8cb607,62073648e124d4faafed5fce8fd462508659736134ffc87cc92f5998e711d321,173.6226111111111,18.14372097889175,25.553795846899856,0.15142900508351489,0,0,6.1262858944460605,0.098016416942880893,90.986696296296302,52.074389604114394,857.80277076706443,0.27598148148148149,0.091551851851851856,0.017977777777777777,7.6157963388674323,0.4914262808677089,90.9876708984375,51.438492214957947,340.83637091402471,0.26709814133986931,0.085171169704861105,0.017137315538194444,7.5999877548137587,0.4903600604858776
ISIC_0026069,HAM_0000524,bkl,bkl,True,0,0,0,0.75653403997421265,0.78858311443563367,0.40525155532924756,600,450,600,450,50112f4a7d4c5df4830dd2f2f152990ffeecd851cb0d4df373ec1165bac77a5e,0fd41ec401f244567e5ec31d02878813ea041b66cf69e3f0587b02d93e01e0ad,141.82191111111112,8.7342384547647498,47.049351392469134,0.21222639070442992,0,0,5.1079761654862867,0.052616368108780127,107.97068148148148,43.837078923813117,3051.5723130809324,0.29284178649237474,0.02852962962962963,0.013922222222222223,7.4606963665837869,0.2825935441261897,107.97217475043402,41.777041214539565,1010.3967573572362,0.27938269654650055,0.017890082465277776,0.011956108940972222,7.3899358845363494,0.28230888418529565
ISIC_0026094,HAM_0006696,mel,nv,False,1,1,1,0.51496344804763794,1.1612622053198305,0.59677072237050199,600,450,600,450,0b4be71c72b8de9a714e551f8c478a5a2a3f93aba93d33715138cbae8d4f78c8,0f16c1e83db045407c14ab67de8e68af25864e6ecbd0d06c786a23286152ac81,156.20848148148147,24.316820468435047,41.427331803072711,0.32980955700798836,0,0,6.3455047956073436,0.14171230589304559,58.985300000000002,45.029767136355972,305.88205656839511,0.22924328249818446,0.19339259259259259,0.020377777777777779,6.9407875066268412,0.67301375828001231,58.983181423611114,44.744261212712246,133.44193171346444,0.22162902433108661,0.18802897135416666,0.020100911458333332,6.9206750720809698,0.67368030507605448
ISIC_0026095,HAM_0002297,nv,nv,True,0,0,0,0.96881109476089478,0.16759631620572293,0.086127469085397604,600,450,600,450,a2dbe805bb354ffe676ac073420783912af20df2f6b2198900a8385abf7e2a8e,0d912415e0b458ba89eb86a3b7bee9e2e0a894c08a74f473669abf25777617f0,133.51563703703704,27.90625072554797,53.43898683259259,0.48733886710239649,0,0,6.2189960252132774,0.20122522387572622,59.78357037037037,57.81380658882005,489.82308422710565,0.30686624546114744,0.28218148148148148,0.029996296296296295,6.8638906050495994,0.91201323737550688,59.786288791232636,57.497760722094839,198.18377784722381,0.29704310597937089,0.27623833550347221,0.028449164496527776,6.8130362899059573,0.91320613239795645
ISIC_0026106,HAM_0001669,nv,nv,True,0,0,0,0.97899973392486572,0.11387720636701505,0.058521307585707054,600,450,600,450,5b97905710ec11a811b48b2f78a43a9e565b8264557d8a0b0c50c0ec024c05fc,b0ea7d1d199ff3fbb34f29621a6ad58b336cc7eb19b8c7da11640ef0405f5c28,144.8453074074074,23.847491051703031,69.367883654321005,0.3427545679012346,0,9.2592592592592588e-05,5.9202598883839244,0.15248588789067916,91.291637037037034,48.400148527336754,599.11534653814795,0.26297604938271607,0.02122962962962963,0.025788888888888889,7.0013285027160821,0.46718998856246746,91.29266357421875,47.88532044095853,272.74400839094574,0.25827570231651686,0.019212510850694444,0.024454752604166668,6.9497295858899122,0.46699423480812152
ISIC_0026109,HAM_0007503,nv,nv,True,0,0,0,0.88741582632064819,0.47610964205160405,0.24467195583657469,600,450,600,450,a898448a26dadf4cff947addc03596b299a3aa9c0fcddaf2527c9fcd0dab8ccc,0f8959a6b3db9c02a963640a0e47a8f1f0915944ce0030b330f5119948eea7cc,174.68932592592591,17.05608591690612,46.886358065500694,0.38201496005809732,0,0,5.8357936692288712,0.091033054928617185,62.348629629629627,45.313527270315667,997.5464002962965,0.36636659404502542,0.21510000000000001,0.017122222222222223,7.1259400847441974,0.65065519893464918,62.346842447916664,44.635680052114814,327.11665693017426,0.35479459741796027,0.20664469401041666,0.016832139756944444,7.0837640416992178,0.65057930807398945
ISIC_0026126,HAM_0000025,nv,nv,True,0,0,0,0.77858036756515503,0.53524150594310194,0.27505972267164919,600,450,600,450,f6d0ff2738044ecd65e5c5899b4675e2dfb82fdca105213bea6721bcd4e07f0e,fa170d83f2ec5e1b404ba01b5f1f39af590b7e7c861768cb37700d90f7b46dfd,122.34888518518518,43.677919939469064,65.921520394718812,0.39208178649237468,0.0016000000000000001,0.00011111111111111112,6.9592627924422104,0.34586390349558266,72.452411111111118,63.492155494767445,312.01686656987664,0.27356705882352944,0.25731481481481483,0.030662962962962961,7.1258277198351907,0.80857602793282224,72.455451117621521,63.257241960670903,153.81131895217632,0.27017989813112747,0.25510660807291669,0.029771592881944444,7.1089628869669301,0.80932156370930031
ISIC_0026127,HAM_0000199,nv,nv,True,0,0,0,0.97360050678253174,0.15301363455970318,0.07863345316020226,600,450,600,450,98a2dd8816ca1b2b59ba63f4da379e3a992eee5e48923060d4e4c6a43d3de065,e8b5e4ce710808e6f968bc26fef67c417bfdbf5d34c342eee72cfe5e0923362c,147.39365185185184,29.399355518211621,160.75119702913582,0.4550543209876543,0,0,6.5786855695463142,0.17882712334912326,85.600996296296302,57.442237329144518,1026.2486741017287,0.42219192447349313,0.095162962962962963,0.023577777777777777,7.496413011590378,0.61539759171415798,85.595303005642364,56.809971618941404,372.04007964622645,0.41676977485872818,0.086317274305555552,0.021280924479166668,7.4571059231971475,0.61564038711705238
ISIC_0026138,HAM_0005027,akiec,akiec,True,0,0,0,0.47801861166954041,1.2731384409059625,0.65426373438878294,600,450,600,450,d4cb281c25dd2fc78e977b6a75fd52c70ff794c33b775258b31ea14398e76f5e,02b714cb74adfdb1ccb6d2fa064beef071da1d3c71948f07b55202d7ee9e213f,177.05274814814814,16.159004686170547,89.657947258381355,0.24230839506172838,0,0,5.9228784967717685,0.081193701004049379,76.323566666666665,42.138305756397344,1166.5563843535808,0.38768355846042124,0.088311111111111118,0.014007407407407408,7.2068704439381621,0.45417654446732886,76.320014105902771,41.240416998180663,411.71822994059795,0.37943798721745642,0.08062744140625,0.013420952690972222,7.1620059348130436,0.45507007546449491
ISIC_0026145,HAM_0005326,nv,nv,True,0,0,0,0.85333478450775146,0.49621815684173243,0.25500568825473929,600,450,600,450,a6361325082f17b1015b20b5f4645a7bf5f1fab4722f3b59deac643a3cb50b13,4f8a0e52a3bf336d2119f1dbfc210cc66c7e3738bc4b87334a1ee7f2e96cb4be,163.88885555555555,39.171351571646163,29.818859132839506,0.29656843863471311,0,3.7037037037037037e-06,6.5762221464958905,0.23392440282614183,75.803192592592595,71.56093513373591,449.27416248839501,0.36990919389978216,0.36358518518518518,0.03231111111111111,7.294029140385538,0.89259606202486841,75.806830512152771,71.308456112077124,188.97610559562841,0.36340353307121465,0.3633151584201389,0.029378255208333332,7.2659124009088165,0.89374355798726401
ISIC_0026164,HAM_0002872,nv,nv,True,0,0,0,0.98435968160629272,0.081256711556913414,0.041757689375514766,600,450,600,450,85addd269df2b8e4606da25939fdd9f004b279f00e11e81fa1f14ef74ef19e83,e9fcd65c901cea7bfe4334c7e0186642a42b08ad586faf6a0646a27786c36307,161.02334814814816,34.260419707990764,42.75031834024692,0.40341535221496005,0,0,5.6868030956919871,0.20869917976296734,51.82781111111111,61.934367464347012,478.20274790913578,0.41655748729121278,0.58550370370370375,0.030292592592592593,6.5547494204773731,1.1375295805978107,51.828850640190971,61.658825718672084,185.2020176244371,0.40770689189304193,0.59800889756944442,0.028191460503472224,6.477398326711624,1.1393191434466226
ISIC_0026177,HAM_0006583,nv,nv,True,0,0,0,0.749847412109375,0.57569078519152972,0.29584654022746737,600,450,600,450,4a8c66c2378ac7169bd167ac21e417c17180ab68186be7f9335394379ab866e5,503be21863c533ee44945810b6a3e1ebbdcf7216408a66f58356a4d39e0dc628,139.63305925925926,37.700794652841836,47.170819060068588,0.1579162962962963,0.0064222222222222224,0,6.5219972948677105,0.25315369094340123,38.82792222222222,54.135988033373025,145.54716687358024,0.29344723311546844,0.70832592592592591,0.016385185185185187,6.3400166491030205,1.2864216409677607,38.831576877170136,54.015287281625554,62.322144865575765,0.28894027011846402,0.70913357204861116,0.01556396484375,6.3297457632877219,1.2861347450323208
ISIC_0026185,HAM_0001897,nv,nv,True,0,0,0,0.97704654932022095,0.11444046373437773,0.058810764613122291,600,450,600,450,4c1751880b473236cdd4cc7a551526495bcf68cca2a43be67c7ce68fc7b6eca5,aed6a2c91fbf0e8dcaec004caa31485115d7b2bf7fe942fe50bec3c2f1a6c467,176.90678888888888,41.713856972720919,124.10252220728398,0.39544596949891064,0.0025296296296296295,0.00014074074074074073,6.0371446973565943,0.2289351676875496,29.686781481481482,47.307732373342574,218.75887031592592,0.39470273057371097,0.84213333333333329,0.018662962962962965,5.621401809345393,1.5229359761107237,29.699442545572918,47.151556470338591,76.068147393978307,0.38539432700163401,0.84259033203125,0.018398708767361112,5.5434764187191394,1.5251988947456425
ISIC_0026203,HAM_0003895,akiec,nv,False,1,0,0,0.63811594247817993,1.11775497314369,0.57441242787408753,600,450,600,450,65150c7c8793a10ad74910adfe883fce1a3d1c9b9c0caa9fdd6985f65293303e,0a36509f9e857b6e968b93d7cc18980d67e0aa660f2eff977dbdbeb5025569bb,201.76296296296297,25.417184011465594,20.619517966406033,0.238661975308642,0,0.05528148148148148,6.1497214257486572,0.11907697548681331,36.716874074074077,38.952479344933572,120.71277787517147,0.38317179375453886,0.53685925925925926,0.013577777777777777,6.3659843900353508,0.95693143805743075,36.708726671006943,38.816347857825214,59.466258628086912,0.37745741634327346,0.53761800130208337,0.013590494791666666,6.353180519622132,0.95651083359620703
ISIC_0026221,HAM_0006676,nv,nv,True,0,0,0,0.97835755348205566,0.13688689200682513,0.070345946894454517,600,450,600,450,d5a4d1846f4c30ce8b92785bf12a158dd893ef6428e77c6f65c237fdfc48cc90,f25a147fc8236ef43233be828f7db7ba91a65445f9da2fd055f55d976d33895e,128.96545185185184,29.118232275842296,141.36194741925925,0.47320553376906316,0,0,6.2879331433581562,0.17951283819252176,54.394359259259261,49.3991956303216,386.65337316740732,0.33587363834422657,0.30554444444444445,0.022599999999999999,6.8757866144727036,0.85394884836985063,54.396443684895836,49.127532777735233,142.46459839368859,0.32648931100217865,0.30201551649305558,0.022176106770833332,6.8458029177330477,0.85243135129302039
ISIC_0026239,HAM_0002800,mel,mel,True,0,0,0,0.60480374097824097,0.67201169875918165,0.3453456980454237,600,450,600,450,656a3a6d62e6a90d1f1e26fcffad2d1be580a4d7c5b7d97cfdfbcdd4ea27d544,54b078d476cc3ad9c1ed2cd66c5c24641bc388f2d599294105ba1e76d78bcf4b,176.57471481481483,50.72450225293057,92.80485486111111,0.22825867828612928,0.0006777777777777778,1.8518518518518518e-05,6.358513847748327,0.27977761071258989,43.977255555555558,54.792398138805332,192.48695626764061,0.4065959477124183,0.68162222222222224,0.019788888888888891,6.5411215469812314,1.1879816209944991,43.970804850260414,54.666618738843823,75.784490882936453,0.4031558234187772,0.68271213107638884,0.019239637586805556,6.5325218283392505,1.1875051702229629
ISIC_0026256,HAM_0003960,nv,nv,True,0,0,0,0.93017256259918213,0.27427709858302679,0.14095054631180218,600,450,600,450,76978d949d82b0447b99a82f6eae06cdd9292c929b71cca3c8e4d00eb8e1224d,89cb95289e6b78adb78fbc2500061c76ad5440a741e67bca16294f0d3fb110fb,188.38336296296296,35.262975277636748,108.80945106172842,0.3628053885257807,0,0.00034814814814814816,6.0344668473763008,0.18075763179602125,45.874492592592595,52.379425347578398,491.05321949360763,0.40192376180101669,0.59730370370370367,0.020225925925925925,6.3959539478920755,1.0678360628732115,45.867892795138886,52.091876939346584,150.68540445922153,0.39456108940972223,0.60563151041666663,0.019761827256944444,6.3377970231371723,1.0712309028335916
ISIC_0026275,HAM_0005804,bcc,bkl,False,1,0,0,0.52305948734283447,1.1740075832129191,0.60332055094263626,600,450,600,450,6a1b459461bbc9675c67177c486c5941ab8b2d9beaaf12a3426d2452fdaee13a,bfcbeed9290618ff0d3a41d2a1d54e880f7b4f760cb86e2ef5c6e2877df7befd,126.99961481481482,43.367678182751995,18.618294107599446,0.29272313725490196,0.083785185185185185,0,6.8105522130319205,0.33326714667884805,33.238318518518518,53.34035686935735,226.17927175632374,0.35537567175018153,0.77414814814814814,0.017222222222222222,5.9973614406240365,1.5391284191702148,33.237169053819443,53.191928309439412,88.733320091563613,0.35190331286594501,0.77433946397569442,0.016825358072916668,5.9907182214549017,1.536899257310429
ISIC_0026296,HAM_0004265,mel,nv,False,1,1,1,0.98973304033279419,0.062896063860333792,0.032322182959407517,600,450,600,450,d472057aac043f82be713eb769bb0c73c7d117b538e69f8a97e123e78042f137,f85c8ab2539689a14a26b4bbce738d658f3a536b1cb46d14046eb8466411117b,147.01754814814814,12.357811273437703,40.562332691961586,0.15672745098039215,0,0,5.5058618525424201,0.072737780994570733,73.903640740740741,40.766788680709197,1232.0370973734432,0.41998047930283228,0.10748148148148148,0.01247037037037037,7.2030967204808904,0.44716734512454692,73.906392415364579,39.835128333813621,407.67514044855847,0.40715379901960785,0.098544650607638895,0.012098524305555556,7.1632043560808567,0.44688441520493816
ISIC_0026301,HAM_0004917,bkl,mel,False,1,0,0,0.70017927885055542,0.73278391110101793,0.37657643723003587,600,450,600,450,e180f8eab91539979a7d53438d8cc81de11f6fdb9bded91a8906f44c4018b77c,3875b1795b6a01e6fefe945eac006ae7994a74b8e59bfb5289c71071ba1c0b66,153.5713074074074,28.14977002198572,82.16827257015089,0.19693044299201162,0.00065925925925925928,0,6.7226065973809606,0.16798775571885829,62.836366666666663,47.629374359842259,383.62144589957478,0.2866718373275236,0.23368148148148149,0.018355555555555556,7.2382962933602446,0.67618206096208477,62.8314208984375,47.346273701178042,142.10781162738064,0.27885611872787308,0.23017713758680555,0.018154568142361112,7.2268398499439686,0.67475781505240595
ISIC_0026304,HAM_0007200,nv,nv,True,0,0,0,0.56817853450775146,1.1930686284882976,0.61311599051348808,600,450,600,450,845c5c27df01cdb56a791974cb9a31bc54ea6709a4dae0f9c7b377d33353da70,9dbefd9a58e54baa38c26ccf087c0b148ebabc9aa86704559bba23a3beaa71b6,113.64061851851852,24.874563769613044,56.119051827146777,0.56936771241830075,0,0,6.5631321102333908,0.20604435180408412,120.20357777777778,56.303469077513057,1138.9272601981345,0.24388470588235295,0.058833333333333335,0.029922222222222222,7.8025897807171827,0.39642441850777288,120.20937093098958,55.518295256639931,461.79185114065069,0.23822984217558552,0.05621337890625,0.026875813802083332,7.7866231402654211,0.3977842503394407
ISIC_0026307,HAM_0001365,nv,nv,True,0,0,0,0.98691165447235107,0.07368780030522161,0.037868038429726594,600,450,600,450,d6d79819c4c345a7493038aef1c25f8c2543adfb17fb3a8f8d8ba7631f2b29ec,2b5000af0bcdc8cd20f842c4cd602d0fc24296f787e74b2fb4ec645f169eb567,164.08436296296296,32.570138924437316,123.26218888283951,0.38202495279593318,0,0,6.2555249685894427,0.18476639846504095,42.902477777777776,50.624259195032202,318.94501466644726,0.3700112273057371,0.64005925925925922,0.01988888888888889,6.4281300486687378,1.1219323935106038,42.905978732638886,50.390765940341041,120.50319817165534,0.36023239102498633,0.65275743272569442,0.019246419270833332,6.3606944522204305,1.1217704911415092
ISIC_0026322,HAM_0007624,nv,nv,True,0,0,0,0.81271952390670776,0.59113384487565102,0.30378270300025439,600,450,600,450,7926f46ecee093eacbd256e594dd8f171ef0e97868d7bd089e4206d2b6d1ab24,f242b076816a9cf118407977c05dd15fbf17d82ee1b32596fc3f341f08723002,127.99281481481482,21.145998663676892,55.79357036899863,0.54379087872185916,0,0,6.0956011286403102,0.15400088544034507,62.904144444444448,48.438776560473038,664.5831901776545,0.33100762527233119,0.18821851851851851,0.02017037037037037,7.0694299583103755,0.68606954565083123,62.906873914930557,47.948963526320632,259.16331843861644,0.32246761280467051,0.18175591362847221,0.018995496961805556,7.0372904176875348,0.68634124739726554
ISIC_0026323,HAM_0006104,nv,nv,True,0,0,0,0.97034263610839844,0.15895272461695847,0.081685541695810424,600,450,600,450,c0516d5d5283722bb230b880c1731054487153c27fc4aed77f4931db0b8a6df0,892fac38ede8249abeca549e0e3070e3f7d7e7981751e4209021b58163500fd4,167.51138888888889,16.330934401967266,16.04742758710562,0.23019907044299201,0.00012592592592592592,0,5.6040760294673966,0.089960449919327806,51.774040740740737,44.815680516878615,338.35489909562409,0.38549928830791574,0.3415111111111111,0.016007407407407408,6.9446734274685875,0.77764504853897765,51.766079372829864,44.516787854444281,139.53186324234176,0.37521520543981479,0.34031168619791669,0.015821668836805556,6.9180236826891353,0.77401530792817608
ISIC_0026331,HAM_0005940,nv,nv,True,0,0,0,0.99365413188934326,0.042462099833100966,0.021821202717769456,600,450,600,450,3df9ee29b0cca1c42b33b1757c5a702c0d46069e4bfc1d00642b5e83615acd4c,2c1582abe82ca6b0fe697788611088c9925aa2dcbd387429e113d4cf2107274a,155.37290370370371,36.362795321159027,35.716822193196158,0.46178474945533765,0,0,6.0192569516540875,0.22917431988873027,54.533070370370368,60.621849829256888,389.67854809876542,0.35135148874364563,0.54014444444444443,0.025166666666666667,6.8408823625149111,1.0616313738975669,54.539740668402779,60.37961693546832,160.38692174060847,0.34285537619995915,0.54520670572916663,0.024400499131944444,6.8001615497704666,1.0628775855251635
ISIC_0026335,HAM_0003856,bkl,bkl,True,0,0,0,0.69592070579528809,0.96756300430479425,0.49722902405052971,600,450,600,450,687dd867aaa9a1f2fe32f41041b9920fe4c5eeefadd6103d7173d47ffeffbaf6,0487cb78603bf990fe75856317610694502123a07e0421019366620cbb6d2c96,176.55240000000001,17.588006082091958,66.8363148117284,0.2926519099491649,4.8148148148148148e-05,0,5.5697675131181104,0.085065800087950519,76.462848148148154,43.654022653290241,1484.4177555313579,0.4258420188816267,0.06618518518518518,0.016448148148148149,7.1745672061885655,0.47718419038616949,76.464423285590271,42.601421965231609,502.8740517757833,0.41634412445533769,0.053778754340277776,0.015041775173611112,7.1127844561861107,0.47558103694672205
ISIC_0026344,HAM_0000221,nv,nv,True,0,0,0,0.94552838802337646,0.26511225305286651,0.13624074738577799,600,450,600,450,fa8f6da755ff528ddf96db8dec666d1ab52b9d201d317417ed136f4e2e6af012,0f7beb8f0d14d8a3baa2df4615f3e64c7a4cf69d3f4b10bf5327f2059e80440c,180.1514925925926,14.631502352988248,41.244069869945129,0.34907914306463322,0,0,5.1420618497003421,0.075797447962488079,61.814062962962964,48.307439669457317,1352.6517991367764,0.41322543209876544,0.18394814814814814,0.021562962962962964,6.9474969636753396,0.6920959467661264,61.809210883246529,47.385271797851324,480.756146726601,0.3982412566806236,0.15850151909722221,0.020758734809027776,6.8310384158138033,0.69200595049929781
ISIC_0026364,HAM_0007022,nv,nv,True,0,0,0,0.94494891166687012,0.24028384970638994,0.1234814720623361,600,450,600,450,0bb2e85de9db22cd9daa51c076de37ad7b411e67c73128ddd1efca7bbfe2d15e,a8865bf1ffc43eadafee85b9322190577600ab9c1c7f6a71ad9f0f485c7538bb,166.00777407407406,26.249241165907911,97.208906917407404,0.35826797385620918,0,0,6.0337471507144489,0.14704664810320175,61.19698148148148,56.061836115724248,650.8485330600688,0.46897405954974586,0.25991851851851849,0.032292592592592595,6.9592660770741359,0.85263194652270224,61.188117133246529,55.671907209093447,229.21763171016431,0.46209764667585784,0.25339762369791669,0.031256781684027776,6.9050558253601206,0.8510290464747633
ISIC_0026365,HAM_0006723,bkl,nv,False,1,0,0,0.26649937033653259,1.7445136856567105,0.89650269130032789,600,450,600,450,b51a7f10a037266e16e72fc190ca025aad25ff3701f94e3e9e4dc8be3605ce42,c50c84a87e3b9e1079dadd4fdcf4f1247e8d51f5873fd25994465841879cc3e7,171.74889999999999,17.036197755813507,30.304551903209873,0.092857719680464773,0,0,5.8194901270485992,0.089180450325900565,50.404192592592594,36.596433931412513,346.03046142209871,0.35052839506172839,0.28349999999999997,0.011314814814814814,6.7991761539291256,0.62283686787733161,50.401109483506943,36.261831310764848,134.12839664790184,0.34213423053683278,0.2803955078125,0.011203342013888888,6.7788424776438596,0.62449281637811505
ISIC_0026375,HAM_0004041,nv,nv,True,0,0,0,0.57727402448654175,0.74336605493020669,0.38201458340257427,600,450,600,450,fbf2481aa5aad904e1cdd73470e4f1ca2d063c33f2684b545261a5780e1653d2,f2ebb34380f3b71412c9fa5630fe71c075cfa72f848506870d2bae50c95b870f,180.17547407407406,16.45878673235606,63.546040046296298,0.36498184458968774,0,0,5.40146950264179,0.084537370418311969,42.172337037037039,41.067592701740324,622.38412419444444,0.41187844589687728,0.4679888888888889,0.015403703703703704,6.3748843882076924,0.86916737162915692,42.168240017361114,40.639334101594692,172.62489346644759,0.39852699163432737,0.46955702039930558,0.015387641059027778,6.2765369247281075,0.87017863947282559
ISIC_0026391,HAM_0000057,nv,nv,True,0,0,0,0.87383973598480225,0.45177053204724876,0.23216412755058147,600,450,600,450,d86c1dd7ffabc37394af54e70dff08b4888b50c007e1f68bbb01e3717310c77f,f837280f39f53c0b1c36f4d16fb8b38d92f6e51fccc736fca11a6a93a4882359,187.68327037037037,26.202250061161553,87.587187140617289,0.1520800290486565,0,0,5.9741397690106774,0.13169522078712517,39.261174074074077,40.914355435416844,216.11914476048014,0.39056498184458971,0.48363703703703703,0.017240740740740741,6.3924070384625722,0.96066288446140125,39.255588107638886,40.71457567422361,88.739322462521571,0.38235884523080066,0.4862060546875,0.017015245225694444,6.3722709738935448,0.9488957455237117
ISIC_0026393,HAM_0005011,vasc,vasc,True,0,0,0,0.99927026033401489,0.0065510845538229575,0.003366591492933696,600,450,600,450,9e64699b593543b60f0b753f413faf411ff928a67395ef5f678cd5767eb353b7,550df6491e5a6c16053813884eda725534b2259f327c0bd3b8e6182661583e60,155.16814814814813,15.209547936164856,65.16151458654322,0.35381581699346404,0,0,5.2583572103446894,0.091914742851259265,36.519688888888886,33.645637730225594,773.96624594237312,0.71383925925925928,0.44585185185185183,0.015492592592592593,5.9123376065976965,0.82613360573622052,36.512030707465279,33.051362179099705,201.0395012618859,0.70349331192980669,0.44294569227430558,0.015496148003472222,5.727394344986382,0.83021102383408696
ISIC_0026397,HAM_0000340,nv,nv,True,0,0,0,0.99611204862594604,0.029133579245054431,0.014971698081331246,600,450,600,450,4d594490137a79c6c9e46914b92129e67393b03986810a0cb3880367016caa71,8b822be84e7b72e553d35f5b51511230a4c0de8ffc9604fdd0c3d9ed8bf1ce89,151.32356666666666,19.877959807125677,33.080788785061728,0.44687700798838054,0,0,5.963379752060666,0.12620888630120827,57.692551851851853,46.098472756166387,595.89890021925908,0.39181806826434279,0.24671851851851853,0.015766666666666665,7.0073732629698879,0.73498419608701748,57.691908094618057,45.657805416820779,216.28383173430225,0.38276782066993464,0.2398952907986111,0.015218098958333334,6.9692213505006988,0.73350858919679474
ISIC_0026420,HAM_0004428,mel,mel,True,0,0,0,0.89975285530090332,0.44014579454012309,0.22619019421518613,600,450,600,450,7b86f1f5a3cb9a29f8c5c215b7bb0749eab573337416dcd053a1e9dc3a1685e2,b7262815cd1b10e61e6ca14f4173285aeeeedf68ff02af90092000956f9fb8b3,175.49552592592593,47.442368413933565,459.33835746270239,0.33444107480029051,0.0025259259259259258,0.082503703703703704,7.2744525131897504,0.24948527069628421,56.697400000000002,48.783775800855651,215.83065827401919,0.43060971677559912,0.30522962962962963,0.0086740740740740736,7.006961596570938,0.75731104227422563,56.700473361545136,48.566068714431545,100.49751967407855,0.42712085865162036,0.30315483940972221,0.0081651475694444441,6.9950883943656628,0.75689602291836655
ISIC_0026423,HAM_0005267,nv,bkl,False,1,0,0,0.53795796632766724,1.1255642584914269,0.57842560666938192,600,450,600,450,be31d12be0d77601cfe79183afa62b312f46bf97763d52f51b263144fc76a8ee,e19fda4ef406390fb7484098a0215b6571adbc27b0481145baabd7d768e59f14,163.14075185185186,44.007131493083406,65.229750834444445,0.19601022512708788,0.023851851851851853,0,6.7617585429329914,0.25274210732966268,7.4903407407407405,32.012346623269288,119.38709382681752,0.36114293391430646,0.97617777777777781,0.016177777777777777,3.3376468592680779,3.631095560255269,7.4909803602430554,31.879511016992669,42.019491509844862,0.36024090137357029,0.97616238064236116,0.015421549479166666,3.3453530309797772,3.6373871756012588
ISIC_0026424,HAM_0001919,nv,nv,True,0,0,0,0.87325543165206909,0.47845648813384245,0.24587799614803393,600,450,600,450,4f3846ba5a070168cb6f3e16435354b59929aecc12bfccceab6d00acb162fb38,23c24e59a5b03f838610db4e844af54d068c36ba90f92d2777cb2dc25b6ad3bb,162.10844444444444,28.554632026570388,122.79485900554182,0.32498056644880174,0,0.0051555555555555556,5.7782461065522073,0.1637108155408801,78.824451851851848,44.197917638599478,222.68608875389577,0.16646479302832246,0.055244444444444443,0.033003703703703702,6.3693968947436073,0.5135386179352025,78.821879069010421,43.97010008126658,107.76002899249211,0.16105480983626089,0.054762098524305552,0.032870822482638888,6.3319484151856464,0.51232145047163147
ISIC_0026438,HAM_0004850,mel,nv,False,1,1,1,0.77070093154907227,0.61119249348593541,0.31409080927125688,600,450,600,450,bc774e4d3240a87ddd4bf9af76b4926d6266ea05471a866b9e982cbe616a1c88,fcea017c7157bfe6081ea78f4017e4828068dde30306905d343340a34537dcd5,152.01442962962963,44.987781212818838,34.151248147475997,0.32232679738562087,0.00090370370370370366,0.00076666666666666669,6.7078787875063846,0.28886944651168367,49.612351851851855,57.195300111452894,195.53339213821673,0.37709748729121279,0.61521111111111115,0.025918518518518518,6.688075847921426,1.0941480374638761,49.619547526041664,57.035153061375254,96.980548290558815,0.37181912424257896,0.61852349175347221,0.025526258680555556,6.6640108117495824,1.0973972092365707
ISIC_0026463,HAM_0006948,nv,nv,True,0,0,0,0.89512717723846436,0.34802442460986543,0.17884917491119612,600,450,600,450,cb10722324c5a885175bb810c84cf4ae9b1e54b52211d093b35d1ae62a12ada8,bf55203465d4261a3638d0f7e367bfe673bbbb5807ff51a4d169e0a4db874f83,150.00038888888889,29.507390848117701,41.018981400150885,0.43281708061002178,0.0099888888888888892,0,5.3763715904596356,0.18985876821067993,31.178051851851851,45.008483740836724,125.34436618698217,0.42747237472766886,0.85228518518518515,0.020825925925925925,5.5353129953309699,1.3747456333821886,31.187649197048611,44.894499640826844,58.944288294578399,0.42338393799360025,0.85817464192708337,0.020724826388888888,5.4728001307988183,1.3763162773651505
ISIC_0026480,HAM_0001902,nv,nv,True,0,0,0,0.65852463245391846,0.8203915921105922,0.42159787927971398,600,450,600,450,1b832ea5bd650dc51bf9bde50bb130f1014f5deb79d7b6bfa71d96fbff4f18c2,6778b149bd9dd000e385ada33cc161ee81494e2afb94e5215316988dc2466db3,146.96863333333334,45.104157209881485,155.36463703615914,0.37077147421931733,0.0002740740740740741,0.00026666666666666668,6.8716954407570059,0.29487795280279055,82.714022222222226,65.566697636321734,699.64979796146781,0.47712628903413218,0.18333333333333332,0.022059259259259258,7.4084755352983516,0.71273248032550685,82.714206271701386,65.110537921616498,293.56825061855301,0.47304360383476307,0.17878553602430555,0.0201416015625,7.3850512497351106,0.71435546998571353
ISIC_0026500,HAM_0002834,mel,mel,True,0,0,0,0.5682976245880127,0.70309298398876396,0.36131831900362749,600,450,600,450,1511ae43b1274452a2f9eebefafe2530e70bbdf8d6e468cf9abdaab4f5f45c6f,f6237153b313d941498db2243de295c264999f3d4d4b980bc9a6900f2af9c1a3,138.81324074074075,42.402579746133711,79.870451551385472,0.46464865649963688,6.666666666666667e-05,0.0010777777777777778,7.1077864811745908,0.28429393621184607,85.830403703703709,62.781869670459031,462.24288833677645,0.26529825708061006,0.14585925925925927,0.035311111111111113,7.5874816992745071,0.65322259759231338,85.831231011284729,62.460110209615955,204.00942473775811,0.26050724868940633,0.14234754774305555,0.034695095486111112,7.5736828604936672,0.6536222034048712
ISIC_0026504,HAM_0002114,nv,nv,True,0,0,0,0.67212629318237305,1.0094561737404086,0.51875785438010713,600,450,600,450,da25615cbbe68b43815144da3a5699678ca00e82409ce8618253679e6d4682d3,f27bbd35ddf86267c022b19374195c90008776579454b0347468d73a77536de8,139.99291851851851,21.254646765163596,118.39851772839502,0.49946142338416843,0,0,6.3274365927764045,0.13820703383567576,116.63639999999999,48.327274051639016,1014.9046123700276,0.21736647785039942,0.023985185185185186,0.026733333333333335,7.4750351868930949,0.34699090176031794,116.63460286458333,47.510027010874822,415.10875178689571,0.21096252574380445,0.020331488715277776,0.025560167100694444,7.4494935179404216,0.34742610683555919
ISIC_0026519,HAM_0007255,nv,nv,True,0,0,0,0.54765033721923828,1.0097817441995942,0.51892516449940707,600,450,600,450,059a4382d21b5989c97cf0df9f7ddc7d2c4a05fe3dd7ad94197bd9df510c5e13,76e2bc687c38b1b5ed43ba01642b536bfc6733a6525b87b0f7e0bb1f4e226462,172.5062037037037,26.479203552473393,44.625933256172843,0.1777687145969499,0.0048851851851851851,3.7037037037037037e-06,6.2386002825073454,0.1449409358254396,26.970585185185186,33.807517484612397,59.164470621179696,0.42055064633260708,0.7548111111111111,0.01312962962962963,5.8270447317462546,1.1369756527754349,26.978678385416668,33.730728584098195,30.661742945512135,0.4121850107230392,0.75663248697916663,0.013136121961805556,5.8033414286034022,1.1350320290532359
ISIC_0026520,HAM_0000642,nv,nv,True,0,0,0,0.95977181196212769,0.18296495158475404,0.094025385331166791,600,450,600,450,4f27b57acc27164bc41f0975441cb4229d805ae5e0594a71c849dd934fd16c20,0a224a0b53c03bae482e31e043bbe711edbce224adb710fd2952d6cf0a7e658d,102.64145185185185,30.7506630865498,91.075544421385445,0.57008673928830789,2.962962962962963e-05,0,6.6402123233343016,0.29091725352866959,87.765296296296299,64.658759334029227,1470.1374844783406,0.30582472040668118,0.20022592592592592,0.024792592592592592,7.6505273198149517,0.68485099241815706,87.763312445746521,63.999194265574317,428.84726843992138,0.29504107306985294,0.19801839192708334,0.020351833767361112,7.6067190176627557,0.68600291693504301
ISIC_0026524,HAM_0000524,bkl,bkl,True,0,0,0,0.57642745971679688,1.1901226560547178,0.6116020601632044,600,450,600,450,aa1ee5841b2d8381af951c81391cc08deb36f028975982e18728aba7254d543f,3cc9bb62f3ce8d771253ee1c0e6aec4ce27ad8ea0581e8bef40635c70984ce68,143.27523703703704,21.331359807572269,47.156975082455418,0.19761622367465506,0,0,6.3543291904669728,0.14417267853458368,73.207162962962968,44.541277674086878,610.56632290364882,0.3082782861292665,0.12939999999999999,0.016503703703703704,7.2853031225512845,0.55950229740261703,73.206027560763886,44.108436278692736,210.54092025738439,0.2985673626004221,0.1251220703125,0.016364203559027776,7.2625969690685244,0.55948417356147906
ISIC_0026542,HAM_0006929,nv,nv,True,0,0,0,0.9115557074546814,0.36722692561661407,0.18871730834791772,600,450,600,450,24f3a9cc8ae46319bb4e5e809b9005871797f9e245866f3d6d3e929b7a902dac,c4d8be29b28309ad64289c0f1c84774c43d98022146063649a77874df55247a3,138.0525074074074,27.930561822364194,92.116059239451332,0.45537462599854756,0,0,6.5882418075310447,0.18044900465224348,101.14382592592592,54.445984302752976,770.73869174518518,0.23074031953522151,0.041781481481481482,0.029707407407407408,7.5640121705217993,0.47679770180777947,101.14601643880208,53.903271299550234,291.71201712702526,0.22519765284586055,0.039598253038194448,0.027655707465277776,7.5405911545280535,0.47771122056531207
ISIC_0026582,HAM_0003747,nv,nv,True,0,0,0,0.97565007209777832,0.12528002416847606,0.064381196752222147,600,450,600,450,7fde4c71519aefa667aa285430dba13cbbfe975b4c7e1b9d3fae4715a3e77bed,7fadce3fe461b53c926ca99da5685ac91e268e93be83d2b51be12d21d423ca4f,143.29784814814815,31.802038040315619,42.842748051358029,0.45715267973856205,0,0,6.3817960231746662,0.21582836641046335,57.087603703703707,57.829612013146836,442.59145535471885,0.34641699346405225,0.40573333333333333,0.027240740740740742,6.9467440075747042,0.954766123461398,57.086859809027779,57.530801441951624,186.33695956360964,0.33913279016033498,0.40724012586805558,0.026326497395833332,6.9122587675963105,0.95773957450533043
ISIC_0026589,HAM_0004089,nv,nv,True,0,0,0,0.95062446594238281,0.23756265607749524,0.12208305516717999,600,450,600,450,111fa5ce6c7a209ef0a494232f69d85d0221acf94f8d5746b6c957524b4d4856,a3be7d3db1eecb054cd14a9682744a7f8412b562f6a57cbfa3676707e743d7d8,153.69730370370371,17.993725576916905,97.590768262496582,0.44882556281771968,0,0,5.4589375699211855,0.11112446551387496,57.127644444444442,46.187822062701798,1480.4094926577643,0.45320254175744373,0.2164888888888889,0.020733333333333333,6.8346679356948785,0.74431576227218221,57.120673285590279,45.347726873547934,378.66467329634378,0.43918478307121461,0.1974148220486111,0.019911024305555556,6.701105989761027,0.74462027655173857
ISIC_0026596,HAM_0004979,mel,nv,False,1,1,1,0.81841081380844116,0.55257915549035341,0.28396951203456933,600,450,600,450,8d17b4b4ef62a90720b11ce732414713e7595af3d2d8d4c3b18c4197656988c1,ef102362822ac117cedfd444fe1dcb73059296ceef6bd64bc715f913f5648ef6,152.38407777777778,29.382181785613533,59.625191633895753,0.35703991285403053,0,0,6.5088861106938136,0.18104392581437956,52.840396296296298,50.600429188547132,269.84499927241427,0.25623564270152505,0.37254074074074073,0.022077777777777779,6.963380037747581,0.8926491143420936,52.837375217013886,50.391561431982069,115.30996466966138,0.24908638748468137,0.3724704318576389,0.021565755208333332,6.945340620951832,0.89111124331383462
ISIC_0026600,HAM_0002319,nv,nv,True,0,0,0,0.84321510791778564,0.43990552103163749,0.22606671805746001,600,450,600,450,bc9dc0e39543b21036d62610e2e849aa98cbd440bd81f4fcb7d2dc8cd7bf555a,0037395c23300debb4b368c590d38d308d30e5bf6ced0c1f0fec373613d06456,171.0480037037037,27.345547597775557,26.200086928888894,0.15523766158315178,0,0,6.0815088338135608,0.15385076520845672,40.302314814814814,46.930039126548891,196.19632456246916,0.40325663035584602,0.56944074074074069,0.017425925925925925,6.486117222591453,1.0919331863705908,40.288221571180557,46.749731820489757,96.546163406591006,0.39552057802287582,0.57359483506944442,0.01708984375,6.4615511349164141,1.089369728814833
ISIC_0026606,HAM_0006123,bkl,nv,False,1,0,0,0.62524765729904175,0.77117375621487338,0.39630491499787768,600,450,600,450,b020a96c046e2e21edb077f328e27d6febd049a09aa61929baa8a2921493920d,4a94182472bcb055c960a629575b21ef45e2c6692de07ae46ee86e7f7d9e6d7b,211.18897407407408,36.575079503005597,26.304314674883404,0.1143563253449528,0.0057481481481481481,0.3184925925925926,5.6417985466614651,0.16559390128550741,21.34744814814815,39.376645199810454,61.481062472962968,0.44262345679012349,0.91796296296296298,0.014196296296296297,5.2033267796558267,1.7296302591472972,21.349724663628471,39.308707080887579,28.935238983482122,0.44111227064610564,0.91807047526041663,0.013895670572916666,5.1966406810666204,1.7352656862684597
ISIC_0026608,HAM_0001497,nv,nv,True,0,0,0,0.46767449378967285,1.0670057249654494,0.54833247335877855,600,450,600,450,88cc569aeac1a191af3a33eb9ea7d554fe50c8cfc4bb79c83087aa045ecc4444,bceb8bf164f56bde4cb63ba06aed36ea4bc6f0b55a5c32074d19101d68727087,155.25958888888889,38.381888315269251,58.544732908422503,0.18637896877269425,0.00086296296296296295,0,5.8090814985672612,0.23832732883388694,35.985307407407404,52.663861483468395,284.41591006617284,0.26369619462599853,0.79572222222222222,0.01861111111111111,5.9863041644940163,1.338668212381122,35.994086371527779,52.419133686714346,130.30885815063928,0.25739538654003263,0.79734293619791663,0.017293294270833332,5.9649299564852303,1.3380113162118044
ISIC_0026617,HAM_0003804,nv,nv,True,0,0,0,0.93896949291229248,0.24276757744930971,0.12475785563232034,600,450,600,450,0afa0816831ac0b78f3ed20b8d54c1b7190ab7af4ace2804db16d4edeeba3b31,c7c17fc86c8408e76c93bd071e9771774fd7596211ad8d700d2a676a06cb786c,175.32901851851852,23.846247366852893,37.385376732839504,0.39562367465504716,0,0,6.2205810520621156,0.13118875918449679,82.559196296296292,58.650494041858337,1307.3728214965711,0.31628726216412489,0.16778518518518518,0.021718518518518519,7.5866108484956492,0.64344165461281955,82.562825520833329,57.94850579519521,434.18907377289389,0.30602359813282948,0.1598782009548611,0.019585503472222224,7.5529084217425382,0.64726053408649065
ISIC_0026621,HAM_0001494,nv,nv,True,0,0,0,0.90071797370910645,0.37553757337247634,0.19298813645367421,600,450,600,450,71b7198dc9151c184fb7ff56ced613acad042035a871c14786ad2879249bc8dc,90de3d20906186dc09593f7faadfc85b63349b9a7308c6d3f2c26222e94bfa0a,138.18112222222223,29.188209287438038,178.01897570369002,0.46286607116920842,0,3.7037037037037037e-06,6.671646659436365,0.1951479202333839,95.153803703703701,53.755605736745558,1263.6321457033609,0.23873214233841683,0.040670370370370371,0.020692592592592592,7.513885353661319,0.45594030280235315,95.154513888888886,52.933992916040232,421.25197689161621,0.23018588728894337,0.032552083333333336,0.019755045572916668,7.4635806014643924,0.45661491656225006
ISIC_0026622,HAM_0007165,mel,mel,True,0,0,0,0.94706857204437256,0.26094614611365996,0.13409979193558463,600,450,600,450,3abb336c40365892f1d776594bc4cdbb60feece37094c34d23754def5672c532,3361e29ad24dd0616a62d0b78e08571683b2ff293854fdc47d46a38f5e76295a,137.2814962962963,22.481379715427735,65.773325068587113,0.29763581699346403,7.4074074074074075e-06,0,6.1110838602011572,0.15316955015639172,52.787333333333336,43.416848525104307,480.35286942765424,0.42154355846042124,0.27061851851851854,0.016344444444444446,6.7747228264491302,0.74344993071885535,52.787909613715279,43.063146712695328,160.93664474578367,0.41329226026348037,0.26436360677083331,0.016018337673611112,6.7335772288111366,0.74101775831217109
ISIC_0026626,HAM_0005020,akiec,akiec,True,0,0,0,0.6527363657951355,0.96579844848069474,0.49632222173750612,600,450,600,450,d326b5ae70ef649680c7160a775589afe0b59018a7a40abf5a8cd8ccde5b077e,1c94d0cb00f1faaace65bcc8d34b680cfd6ccbef3d9cd801ebf8dc03701e12c8,142.32425555555557,17.793790089300781,69.122158403895739,0.21310628903413217,0.00034814814814814816,3.7037037037037037e-05,6.1489083972797918,0.099632520228445778,100.81934074074074,50.694539036842713,1065.4931608335255,0.26978107480029051,0.05814814814814815,0.021625925925925927,7.6262200851282254,0.38307876067694047,100.81939019097223,49.827035903628669,430.13627158105373,0.26069636459184364,0.052117241753472224,0.020256890190972224,7.6022378039457408,0.38198633354306422
ISIC_0026629,HAM_0004065,df,nv,False,1,0,0,0.62849301099777222,0.88802442230068324,0.4563542786041766,600,450,600,450,28f834c8415deacf023c047a98b0538497134f34f785ce1aa4f2c014b1bd2354,4ebbd55661d4cad56381058071adb00c21f305810c31ffc6b5faec37c6fad3cc,165.96203703703705,11.602969109102048,90.679139522578865,0.36410142338416851,0,0,5.5040821822691122,0.062595738075466714,94.831540740740735,42.567241351687144,4282.1654970665431,0.45775546840958609,0.049177777777777779,0.011748148148148148,7.3887140551204915,0.34552599505199266,94.823052300347229,39.891800332680162,1073.8930971850123,0.44482371344805288,0.030849880642361112,0.011067708333333334,7.2840051880209202,0.34580938852386617
ISIC_0026649,HAM_0006621,nv,nv,True,0,0,0,0.93331438302993774,0.29302392574860542,0.15058450971688525,600,450,600,450,8a453ccc50fab2dfb903aa87f8763f9e73d70001f81b5b2cbc92ad8802bc6eae,6bb0be3717d3f63fc67f79be4c6066a14f39a3f5e3449d1cbcc53bccd2a6d88e,143.77307037037036,26.646873403880903,64.616144691303148,0.45174839506172837,0,0,6.2967763067463629,0.17580917109344482,66.102037037037036,49.812442253496137,721.4558287555418,0.34040151053013801,0.17648888888888889,0.016722222222222222,7.1736229358170682,0.65120153815848059,66.095601399739579,49.23365744444726,289.09765292372964,0.33082897709865194,0.16950819227430555,0.015157063802083334,7.1294649096912002,0.6532059457540027
ISIC_0026659,HAM_0006641,nv,nv,True,0,0,0,0.99189680814743042,0.055579562775878111,0.028562245180159263,600,450,600,450,91c84f9a12686b52e37fbc1e73a1eff9fa42d4034204c1fc0bb76635352138b6,69a0c74e14c206d186eef3ac63995bcba2dfa0b0d522b5fb40894265ae397743,137.33008148148147,20.910073460930477,160.87759965913585,0.53258017429193905,0,0,5.9719323083842974,0.14088560071831888,56.924266666666668,43.72052358996563,987.75453905172822,0.38872785766158313,0.1820074074074074,0.016037037037037037,6.7652533042397778,0.70439370302911009,56.920552571614586,43.092937195327565,259.28743780321543,0.37720551002519065,0.1659884982638889,0.015536838107638888,6.672613310953297,0.7017706097748142
ISIC_0026667,HAM_0003660,nv,nv,True,0,0,0,0.99053323268890381,0.063782619573387392,0.032777782470764197,600,450,600,450,172cf1f470673fafb98c7fbf2ddf2e1fdb5048a988838821be5106eaa86e620b,aa5e58898706c02248972f8782d19cd75ea5b2c25520fdac69a95ebb2ffcc683,153.44348888888888,29.652193707709149,40.165270293209872,0.44892049382716048,0,0,5.992642916763856,0.18794148361117238,58.679929629629626,62.385042629198388,435.51691480986284,0.37230319535221496,0.40589629629629631,0.03964074074074074,6.8574669296563773,1.0238195433523472,58.680209689670136,62.150533144354213,160.44886548867751,0.36487505212588506,0.4059176974826389,0.039530436197916664,6.8053861355190612,1.0247279078263152
ISIC_0026668,HAM_0001666,bcc,bkl,False,1,0,0,0.38790854811668396,1.1693968722422332,0.60095111421765479,600,450,600,450,a6aae3f74a44d1e76e6b8a8325e2e82f8cc42715dda028553ad5731d377602fa,cf9c860c7dfbd7d0e38a986d57c9a5ef6bafda09662cd9c20943566fd98b86e9,199.19694444444445,29.368323227281781,240.89076294101508,0.2571369498910675,0.00027777777777777778,0.18815555555555555,6.7505886897016438,0.13256527277984487,71.543914814814812,45.208586586163804,978.80955207111117,0.29411132897603481,0.083903703703703703,0.016666666666666666,7.1639394644233514,0.55128638779396344,71.543348524305557,44.596902514590532,265.52735720740424,0.28270197184776691,0.074578179253472224,0.015814887152777776,7.1242248273516529,0.54975204975667524
ISIC_0026675,HAM_0003739,bkl,mel,False,1,0,0,0.35801693797111511,1.2591242938089184,0.64706188742588611,600,450,600,450,91a78fecfa55a072c45bfd56fd6b6d64ac636b22839e973ab2a14d05046eb658,95d0d8211b3c7576ce8a87397d7ce9434a8070ddf92f7971a1b6751058940762,177.59438518518519,37.014238135751917,224.26843701377234,0.11570342774146695,0.00010740740740740741,0.0001,6.4857433702286826,0.17016194636196258,50.405522222222224,40.72725413657372,407.00686184876542,0.38034393609295569,0.31042222222222221,0.014622222222222222,6.7691796583281576,0.64553141048221874,50.401272243923614,40.316400906872289,166.22112157444164,0.37328987204690905,0.3074612087673611,0.014044867621527778,6.7405280066968327,0.64606032562990623
ISIC_0026684,HAM_0003056,nv,nv,True,0,0,0,0.9534420371055603,0.19078893865440794,0.098046119316984301,600,450,600,450,39ef1c13da4898ca53bc42e67a61837d4d661e99fbda02ad8d2805c53106b0cf,2a248d1c76852f12e48fe98c50c82b31f23bebf37f3ae2c3f44a966643d3b762,172.7900925925926,32.935488486483365,33.66423692592592,0.36592424110384897,0,0,5.5152269039568615,0.18593040247756126,35.012748148148148,45.03612624454226,148.22104073908096,0.37536197530864196,0.7893296296296296,0.019148148148148147,5.7931809589135543,1.2335783800583906,35.026028103298614,44.91413188883616,65.033860716508855,0.37213395395050386,0.79595269097222221,0.019185384114583332,5.7460036782783686,1.2355832469014707
ISIC_0026689,HAM_0005003,nv,nv,True,0,0,0,0.78957682847976685,0.55157599228012133,0.28345398812370476,600,450,600,450,6996e495e1747ebc4115e26e588b38acb9f80cf8f572bb9faf5fa2eb6e4e1d87,9024554c479cc5910411a3233a71d0c1df35a86b805cf6a1cea61bf76127f65c,150.97669999999999,36.608255414829692,43.282914808765433,0.39487599128540307,0,0,6.4602048742326437,0.23498458649284398,52.605255555555559,58.991585298946148,325.41213324554184,0.36666867102396511,0.57697777777777781,0.023803703703703705,6.7144663926351935,1.0497491175903013,52.609524197048614,58.770352907404352,138.36235108267931,0.35938832401450166,0.58315700954861116,0.023430718315972224,6.6683529902019529,1.0517109961983901
ISIC_0026699,HAM_0007210,nv,nv,True,0,0,0,0.95235699415206909,0.20025663396839766,0.10291155224490547,600,450,600,450,137bf1b49d56e2e0fda4283a1bc43acb10052d0d31901efe00dca5e2c4f0926d,2e1ec4ef024a9e7256f350e7af69f5ff3178a50fd8317684a87eb3fd9e3a8e07,160.33648518518518,21.086639352955995,66.425243459204395,0.38621703703703708,0,0,5.7720165765304294,0.11856675214272379,41.956648148148147,40.466288556103464,356.424286118395,0.42053134350036309,0.44862962962962966,0.015333333333333332,6.4253122265795319,0.88955096659385591,41.949211968315971,40.166618602375131,126.99213037207538,0.41160641339869281,0.44920518663194442,0.015041775173611112,6.3730570006181866,0.88634130088924323
ISIC_0026700,HAM_0006901,nv,nv,True,0,0,0,0.80099719762802124,0.52251717453909918,0.2685207098553688,600,450,600,450,916d25756387b4b7b5ac303fb4bd949ea24ec53acc7bca22a4c8dac917bfecda,e9a404aa8a7bbcb0c20a649aeb45b7aa0ffa34b81c77bf52d8608765049ba393,158.95045925925925,35.869382969377881,182.45544342155006,0.40217160493827164,0.00018518518518518518,0,6.7754286741780119,0.19804344552343114,51.066422222222222,52.035623224716851,614.42784166666672,0.39154620188816269,0.41841851851851852,0.024537037037037038,6.8433094525104456,0.96446974997330381,51.065443250868057,51.678863101301566,181.65230713287988,0.37963566665815635,0.41901991102430558,0.024325900607638888,6.7875188814237024,0.96406858803196971
ISIC_0026705,HAM_0007275,nv,nv,True,0,0,0,0.81281036138534546,0.64171880916867052,0.32977823229927017,600,450,600,450,93931d4b40893518046b01bbd4bae724ad6b15098563f57ed423ac46051cb9e5,185e05ebb14ed833b713fbf7c1a5111aca584b133c472c94cc1622cd649a47ea,146.90193703703704,31.870632748714659,43.984124865788743,0.30111427741466956,0,0.0008074074074074074,6.8632924971930587,0.21010708591113028,67.843203703703708,48.28380822950578,334.57848085562409,0.4356266957153232,0.17958148148148148,0.020303703703703702,7.2751187333773135,0.65775062213139801,67.844984266493057,47.993327535372082,155.76746173534127,0.43193135978349673,0.17591010199652779,0.020467122395833332,7.2648962660244818,0.65929547516392439
ISIC_0026708,HAM_0005850,nv,nv,True,0,0,0,0.93628573417663574,0.25375553694738096,0.13040454980440511,600,450,600,450,a645336307acb186f9536ea455bd5d39b6ad7f8fd05969412054459e01ae19ac,a25c699aeaf7f6e55dbdaf23fd08a2243a21cb5b59951b9fc6641dc1c45bde7e,172.21415925925925,41.130769849399435,26.781114813155011,0.35844489469862018,0,0,6.2947221807008962,0.23344390407033852,34.073529629629633,50.930728526189199,113.94541476208502,0.5210534350036311,0.78775925925925927,0.024044444444444445,5.9486438865687443,1.4305943924676945,34.069240993923614,50.838379259454797,54.986300864153435,0.51764482485702612,0.78826226128472221,0.024190266927083332,5.9231623048592308,1.4325149665438821
ISIC_0026714,HAM_0004889,bkl,nv,False,1,0,0,0.62400555610656738,0.90272869890773788,0.46391078197828828,600,450,600,450,4921ca1a60a578683abfcbf34e76f2da703df02ba85c80238981a88fa9ca7cbf,27553b36084e8a1034f8b5f2de3d20c9c572912331b06e4e02942185dd0d8bf6,166.52360370370371,20.013020536973414,32.269192591220857,0.10331690631808278,0,0,6.0783887626448649,0.11305686310552722,52.75181111111111,41.984907941640465,441.41522948691357,0.39685208424110385,0.28440370370370371,0.01444074074074074,6.9089413023640311,0.71751720786505391,52.744594997829864,41.621893440409636,168.76248367181347,0.38801902488425927,0.2817043728298611,0.014194064670138888,6.8888443149927916,0.71969723533412189
ISIC_0026718,HAM_0007285,nv,nv,True,0,0,0,0.99679923057556152,0.022914813696002904,0.011775884774087553,600,450,600,450,84d728d88b00da987d02ecf9122c874dd9750de72c6f4700e3f08d618f387543,8909961faefc80ba0bfdad53d9f2caf9c12173bc58a95a94264a16e2786e9639,148.73180740740742,36.087883246011017,34.035018982222219,0.46461594771241832,0,0,6.3969338365633117,0.23789187590386168,81.351107407407412,69.002829688860928,634.90245883554167,0.31818364560639073,0.25047407407407407,0.040099999999999997,7.4433987696522559,0.80820637123251227,81.343254937065979,68.676759892907171,241.68349624489565,0.3127600177440768,0.24690755208333334,0.037767198350694448,7.4120347755181415,0.80947069831778173
ISIC_0026730,HAM_0003277,nv,nv,True,0,0,0,0.96571177244186401,0.17901572709570335,0.091995885412597622,600,450,600,450,0d03f30717ded04491417a60bb704d86f063272838456226f7101c7fd8869709,3b7830b5e5113de5d680b49908d52e37f339113cfac353b37b1cd578c2f860f7,178.84854444444446,11.820640379965425,47.814403502866952,0.18310395061728396,0,7.7777777777777782e-05,5.2046227956959727,0.053607433352090623,62.797681481481483,33.08641324306911,764.53062590286675,0.23709616557734203,0.08482962962962963,0.01202962962962963,6.6880772658954104,0.39819270982989352,62.798963758680557,32.251650954161803,292.93355194065299,0.22421311189406321,0.071451822916666671,0.011874728732638888,6.6215563761018457,0.39999491674667409
ISIC_0026738,HAM_0006137,mel,mel,True,0,0,0,0.76296979188919067,0.67933831728073757,0.34911083515882679,600,450,600,450,8ab1721cef26e79aee98198b5cf5cd83f3e221f695b472c9257ac9e155001434,64d22f4c18f9c104e7a48b9a4820d05b3b011a9bc785f068f86ec4134bae970d,145.22475925925926,18.021568506196274,83.192559093978048,0.22340406681190994,0.00032592592592592591,0,6.1792423780811747,0.10340855513397337,100.49044814814815,51.63728818387299,1256.174587324884,0.27883493100944079,0.068474074074074076,0.015314814814814814,7.6699793489938202,0.41332424735606194,100.49097357855902,50.836268404971385,423.00588237779374,0.27062714354404954,0.062520345052083329,0.013712565104166666,7.6504496421710133,0.41396829289259196
ISIC_0026745,HAM_0006330,mel,mel,True,0,0,0,0.75983846187591553,0.6029904998900083,0.30987581835818262,600,450,600,450,1e24f4b3ba9811cddc36c5365ba64a39f3b3e0983264a2c8b824cdbfbc9281d3,ce0d92bb947ed2cbdba53a21dc8020c24d359234af04b68d1019f32f9604c809,142.6527111111111,55.011989111312907,564.80220272580243,0.32003073347857663,0.019225925925925928,0.0004703703703703704,6.8335742495417735,0.36442271475465293,65.471151851851857,55.29983414688725,483.76035913876535,0.40872816267247641,0.24540000000000001,0.01805185185185185,6.9518856555051745,0.74557829631670824,65.474466959635421,54.932274127865746,205.80660243824491,0.40465165015659044,0.24383544921875,0.017042371961805556,6.9274957946503957,0.7478998951326955
ISIC_0026753,HAM_0001934,nv,nv,True,0,0,0,0.81388181447982788,0.62330675205559449,0.32031630666924321,600,450,600,450,ca36d300439a47e40b719444583122f485e38b9081dc80ef820ca37302c04966,fe1e79be3648ac8cf8da8e27461bd8afc952a58203ea4e009a034c24dd546910,179.94459259259258,22.39472136093725,40.927471171467765,0.13468625998547568,7.4074074074074075e-06,0,5.9793962411553405,0.11544949788738275,37.309681481481483,38.145104063912235,147.25393882447185,0.4268881917211329,0.52747037037037037,0.014444444444444444,6.4372687123274801,0.94479673778220663,37.301059299045136,37.997244044482692,63.67547735884601,0.42047730821929463,0.52789984809027779,0.014309353298611112,6.42503793537393,0.94191875807982095
ISIC_0026755,HAM_0001931,nv,nv,True,0,0,0,0.98131060600280762,0.11584841328877034,0.059534307555264877,600,450,600,450,f3996ed105b47af7d72764f3b064ee1d4667b33e3754ec29121ef1c3f1dbd27a,17c609359366847694b7b34cffb58fe5f175cb3e3c54bcfb8ad66eb12f629de2,158.57257037037036,23.158733098477768,112.99523684603565,0.42280820624546117,0,0,6.1586115964467654,0.1410843919051312,59.496874074074071,48.927059973352115,1411.6495871481484,0.46127215686274509,0.23599999999999999,0.019051851851851851,6.9800953066119824,0.77204477682475703,59.490770128038193,48.172097534674492,362.04771366218728,0.44832729098583879,0.2210422092013889,0.018622504340277776,6.8498686382852529,0.77324326925458309
ISIC_0026760,HAM_0001884,bcc,bcc,True,0,0,0,0.74542254209518433,0.83001573221911329,0.42654370892821719,600,450,600,450,d2a5c329f94cd970d6018fd377a332b03a2fdf534d01d6dfebd3b135c39ad0a7,fe3fc2c8b885b6f94485d51b2e59c4e54f27ab323f70bddb00f643cd6496cb17,168.60296296296298,16.931735667152733,58.263086627764068,0.18106408133623819,2.962962962962963e-05,0,5.8132711640497705,0.084371092519650914,64.354833333333332,42.185918757965958,712.9021505512211,0.40234458968772696,0.16995185185185185,0.012640740740740741,7.1364619769700397,0.53290165473930984,64.350335015190979,41.619719241656369,252.44709964961183,0.39470595149952342,0.1630588107638889,0.0123291015625,7.107528109240568,0.53404064128561479
ISIC_0026763,HAM_0006718,nv,nv,True,0,0,0,0.99870669841766357,0.010777971009294146,0.0055387814357854906,600,450,600,450,d952aeeeebf674113dc17d32d0e97acdb853108dc9c249d33ddd997f84af7408,5adaddabefa5e9e538670006567328d5304b6b48d8f49b428bf0e1268bb0a247,132.15440000000001,40.563794446516702,35.151146350562406,0.50574880174291936,0,0,6.724661324230393,0.30116090235911169,106.46382962962963,68.798687346439948,552.19159471987666,0.27103071895424835,0.066137037037037036,0.042774074074074075,7.6594585337875447,0.61289784534067804,106.46089002821181,68.488476328426586,227.81976976493999,0.26873667598549833,0.062099880642361112,0.039625379774305552,7.6379260580734227,0.61455542600851065
ISIC_0026767,HAM_0001527,nv,nv,True,0,0,0,0.87376272678375244,0.38970051330922806,0.20026644781025327,600,450,600,450,dd0d7a7fb1b4832cc65404c40dd78ddbf23fdae4a78bf1f41e6db85c3cd22857,ed69de78576af0d044eef7ac8e26845cf8861ed2bb2fb7766e0f0b3ae5388906,137.52387777777778,33.269305398573927,398.3966031604802,0.41970440087145966,8.1481481481481476e-05,0,6.3547665803032309,0.19318944261043827,35.053148148148146,45.043905138089023,204.08222946364884,0.33301535221496004,0.71637037037037032,0.019833333333333335,6.0553784249543252,1.2042192248291743,35.058641221788193,44.860915003395938,84.244364370488441,0.32308860230290032,0.72307671440972221,0.019483778211805556,6.0076402486469203,1.2042864119369128
ISIC_0026772,HAM_0002273,nv,nv,True,0,0,0,0.90376186370849609,0.37306911949119514,0.19171960209586764,600,450,600,450,a794525bedabd628ca823d0926e73192f8ebe3c2640a656e7c3b99a637d1f617,df99a77ceaf73cf2330505099b5315a5986b4cffe13119d8c6817e9a4b94368c,138.6692962962963,20.229142661965049,45.375605146282581,0.46327430646332612,0,0,6.2161029165679302,0.13715559053943621,56.103159259259257,42.539292673129765,571.23522677772291,0.33150158315177924,0.2224962962962963,0.017559259259259261,6.9142109516384913,0.68119040943728959,56.101467556423614,42.077517053916893,210.81926613489605,0.32138655918096404,0.21466742621527779,0.017510308159722224,6.8757881870695483,0.68397354052497805
ISIC_0026782,HAM_0002110,nv,nv,True,0,0,0,0.61543524265289307,0.6885663750131269,0.35385311873079406,600,450,600,450,9715dda56661ee3b08320426ce85e0f8645aa83f9316ea0ff6a57a4cab3a0b6e,0690f404aa4f7a02249ad94196de106bc3ecb670693e2e50113f1539aa6d76c8,186.6487888888889,48.168669574041687,43.793995150603571,0.22130379084967322,0.0037703703703703705,0.010911111111111111,6.4131848598224295,0.25128707104630871,32.686077777777776,51.481134813903267,95.542296852661167,0.38337889615105303,0.79124814814814814,0.020733333333333333,6.0824171033194636,1.5007085191530367,32.674214680989586,51.402121069028865,48.405851807813221,0.38045226119961872,0.79151068793402779,0.020487467447916668,6.0794686668645204,1.501683298075418
ISIC_0026788,HAM_0001765,nv,nv,True,0,0,0,0.93285626173019409,0.26386149962402999,0.1355979872719856,600,450,600,450,97029c2a7388dc240fee20fd0b4deefc938ec8682ad9bb159674ddd9367e5d8a,bd271bdef5a595a0eafce2c12baa2dae9ec9855813d5151914950c3c68091dfa,192.46260370370371,38.221960742464603,38.940928561851855,0.20567275236020333,0.0090111111111111104,7.7777777777777782e-05,5.80320982535304,0.19306676623500255,19.608859259259258,41.499550841328919,67.91185879484226,0.39866267247639792,0.91627777777777775,0.014177777777777777,4.8007751248155799,2.016388473699338,19.608405219184029,41.434009721621258,33.649459821160555,0.39001698878336055,0.91627332899305558,0.014214409722222222,4.7483510449596285,2.0197916164969527
ISIC_0026812,HAM_0007383,nv,nv,True,0,0,0,0.99842143058776855,0.014024202387147791,0.0072070143598131509,600,450,600,450,7813f63c757534d6459fa31f13b8eaa34dc796676fabf91b83f13bdae6d11f81,f5766f908842111e489f37688ff9b3c0cafdb7902f9f25d25e4e9d98c2f2c6bd,176.6079074074074,23.75240090146719,79.672455517023309,0.34567267973856208,0,0,6.0983855549381385,0.12747515336089019,62.892448148148148,51.257808792698043,864.5681693102332,0.45241529411764703,0.22799629629629631,0.019296296296296298,7.1396393245283907,0.76557768163114615,62.884758843315971,50.74052538408673,277.81591747130875,0.44396507246561817,0.21624755859375,0.0186767578125,7.0843486152012716,0.76767215747454354
ISIC_0026813,HAM_0000731,nv,nv,True,0,0,0,0.91458737850189209,0.29852865535731804,0.15341338113799635,600,450,600,450,7b66eccd8148b3aaba86b0b7c29aed141624c8dd0b7bd942c7cbff15e5932321,291636f0a5ab60c28520fc8ad2b3cccf99ebeb4f94396cf1aa38722f6fc88451,126.17347777777778,26.430178701653873,58.142599286913587,0.55785160493827157,0,0,6.2081743566661167,0.20286727615806524,55.386962962962961,54.578444195271878,582.05679980246907,0.34875626724763981,0.37947407407407407,0.02491111111111111,6.8542807174237916,0.92164591557007569,55.392232259114586,54.183235863663832,230.21729869312711,0.33784291385825166,0.3824123806423611,0.024237738715277776,6.7788693353039617,0.92162705480693452
ISIC_0026816,HAM_0002416,nv,mel,False,1,0,0,0.45673441886901855,0.94324332683036194,0.48473118210945199,600,450,600,450,9b887947d8385422b6e970bd961d8b36fddb7dfa09b34b996cfe67163c925f59,0b259c54ed7779f5e2ab36e023b999a07539be56edf619901a59fc21f6d0dc74,152.44580740740741,21.485968294058303,19.25419714765432,0.18164306463326071,3.7037037037037037e-06,0,6.2382909400145516,0.13563363231600634,93.570070370370374,63.35095650535353,649.1126257529628,0.27821633986928102,0.12595555555555554,0.026633333333333332,7.7244272292873228,0.6210421681112851,93.5684814453125,62.916397005189069,301.2292301388066,0.27206347762629357,0.12213812934027778,0.024658203125,7.7105522090264902,0.62277229181247262
ISIC_0026825,HAM_0000204,nv,nv,True,0,0,0,0.47106939554214478,0.9715967414317892,0.49930195487364776,600,450,600,450,0c7da464ea6bcc3765864a914daebe50354b33318156737c84bc3a1d2e346e62,e5a0b4f9257e7d996b7e5132921cf9b3b2f335561e4603835bb392834cd458e4,180.31745925925927,20.674460832868693,29.490925471550067,0.24551108206245462,0,0,5.9134201039161089,0.10979611709975728,76.834381481481486,55.960063968827029,1126.5165777545133,0.39589822803195351,0.18503333333333333,0.01362962962962963,7.4173865202926859,0.66057016719383221,76.82989501953125,55.315833837116955,408.12149471412459,0.38722859966469225,0.17870415581597221,0.012417263454861112,7.374884426397168,0.66031678036672181
ISIC_0026831,HAM_0006387,bcc,bcc,True,0,0,0,0.98538023233413696,0.098226989993146413,0.050478687333448034,600,450,600,450,fed9fee73bba707bc89932721a3b54a5010d9a9901341ce0f3cd29fcad480df9,4cad71395398d01d53f67d1e519042d348ba021e8f9dd450aaa2244f60169062,172.93594814814816,16.315730910322468,73.785787817558301,0.239560522875817,0,7.4074074074074075e-06,5.9747378137557767,0.087230532944326394,86.938022222222216,44.862507024606195,1256.6256164213853,0.29173103848946985,0.071014814814814808,0.012918518518518518,7.4094856757256293,0.44887580956583401,86.940104166666671,44.009417903484696,411.79675801135136,0.28107255923202618,0.063958062065972224,0.012654622395833334,7.3727856198030199,0.44866259746553566
ISIC_0026844,HAM_0004114,bkl,nv,False,1,0,0,0.73449444770812988,0.79967759899309632,0.41095299255277445,600,450,600,450,fe008654f11fd30dfdf6e9812a7a1b3e7b961c2c7fb421dc69459a0a2fd8e17a,42837e64c2270b279e008248a968b5102dace3d73baddf42c329fbcd350cc12a,165.17024074074075,15.174366529502098,31.770595257283947,0.096522745098039209,0.00022222222222222223,0,5.794258980059479,0.084701459164391105,75.333218518518521,48.818833481105976,746.18082856949229,0.38868733478576617,0.1642888888888889,0.010896296296296296,7.463864017963485,0.57863309970812782,75.323398166232636,48.316971536320601,276.25496400023508,0.38129643458946078,0.16038004557291666,0.010158962673611112,7.4461016968998184,0.57689245012146551
ISIC_0026857,HAM_0004363,akiec,akiec,True,0,0,0,0.3708966076374054,1.2870918492736516,0.66143436781934661,600,450,600,450,2f4bb39aaafdc44c583b7e6a5a2a1f793f106659ccdd49afcbf61e21e499f60a,0fff566242dc95be7794c9e3aaccc40e1cb546e59637fa3051e3e8ac5c49957b,181.59611481481483,20.308059312831549,67.746079012002753,0.26713575889615104,0,0.0016703703703703705,6.2661171093760935,0.091842513796396325,82.163462962962967,44.27626889505423,460.43110255109741,0.25317347857661582,0.063514814814814816,0.017237037037037037,7.3003058729189014,0.42768574355014444,82.160997178819443,43.839289923265412,192.49110896715229,0.24721852553955612,0.059441460503472224,0.016940646701388888,7.2835537365179324,0.42870401501887595
ISIC_0026859,HAM_0006090,nv,nv,True,0,0,0,0.99210619926452637,0.051482587881083487,0.02645681657299382,600,450,600,450,0cfa1d346ba0b7718edb41e42b7f74a5a09c84ef8823a968863dbdd0c7cd6ac1,9890e6b29fdfff5a9b5a5c02ff4c8b573b6bab8829424c7719fda9cc283ca557,180.8559962962963,23.63952622135978,32.586933324060361,0.39989835875090773,0,0,5.7953563754472093,0.12627562023374264,57.513885185185188,55.477658230653418,831.40922675220861,0.35925273783587508,0.37748888888888887,0.021744444444444445,6.9366626238134081,0.90196723623726449,57.51239013671875,55.01113990640642,265.21345773155304,0.34828125531896786,0.3810696072048611,0.020467122395833332,6.8622282539713026,0.90399257595626814
ISIC_0026872,HAM_0006746,akiec,akiec,True,0,0,0,0.77733099460601807,0.76778971442713217,0.3945658615326475,600,450,600,450,885e509ccf06d966278460000c9b7b5faaf25155a850c7d8c19c3422e250516e,32bc1b718f6c1f85c27e11c608cb8ef338146faa4890ad04c105999671191939,147.00465185185186,22.542209145846577,49.878077696447178,0.27927147421931736,0.0002740740740740741,0,6.5123150563517767,0.13703871851477953,93.702137037037033,52.303803061463242,647.90194809541833,0.27352861292665215,0.097703703703703709,0.019148148148148147,7.6541742327660156,0.47427337115920903,93.701273600260421,51.825384441924683,261.19307185083994,0.26806933168232572,0.09564208984375,0.0185546875,7.6451927324234124,0.47564385158027406
ISIC_0026890,HAM_0003277,nv,nv,True,0,0,0,0.95592606067657471,0.22134748736506854,0.11375010684461806,600,450,600,450,3fc23b9054f0e1edde74cb06e0f3e1e552ed3e37f968f88941757616c7f8d1e7,31b2e0a1a21a1a6a9bf82939513b6b6aee8c5ad652f21578043be99aa93c6096,176.80417777777777,13.964923848762243,94.162260618710562,0.18180877269426288,0,0.00012222222222222221,5.8030756336206526,0.068300152955154125,106.09206296296296,45.681373568200819,1760.231045053155,0.34921278140885986,0.032355555555555554,0.017307407407407407,7.4903172534157259,0.35274569498559627,106.09939236111111,44.341630990397583,637.15507142908041,0.33887928815189267,0.023946126302083332,0.016398111979166668,7.4465802065207729,0.354172806537629
ISIC_0026891,HAM_0002287,nv,nv,True,0,0,0,0.99561417102813721,0.031846371487565715,0.016365797517951312,600,450,600,450,23863a56a206e3a984ddf1539e36050b885b23caee56afe7e906e383f071821f,75bb43fbe89690ec3458e82ac4cc96d064eafb3d111081d32bfa52d68ea81472,168.19435925925927,29.103994482694475,161.39857120899865,0.45987054466230937,0,7.4074074074074075e-06,6.1466302336343928,0.16522256679841091,62.661085185185186,53.896444187047791,1097.6622389924694,0.37981626724763978,0.2373925925925926,0.019807407407407409,7.0499353184178108,0.79767844325446235,62.659857855902779,53.306567649388086,310.29787847657263,0.36789061436206427,0.2258639865451389,0.018629286024305556,6.9717816695068926,0.79545103258872518
ISIC_0026910,HAM_0003661,nv,nv,True,0,0,0,0.92460638284683228,0.37131732479707796,0.19081935770638869,600,450,600,450,12c7ddd894008177a111b484ffe4fd51f348cc5275f1b59dbdab24a57253bd56,4b1b18fb5863d6826ed3d012c4883c6628ceb671a6a4e7d9b58a38b57fc21bde,150.8694851851852,17.801604358455048,114.72779998019205,0.48070473493100946,0,0,5.5995828848538753,0.11152304923147763,53.084918518518521,40.356330770892157,1056.4896740310558,0.38296456063907042,0.17112592592592593,0.016055555555555556,6.5048651364055452,0.70110831649243821,53.082268608940971,39.66695756560911,273.70786809461356,0.37071868298100491,0.14045545789930555,0.01605224609375,6.3616040478534615,0.69985271356116074
ISIC_0026929,HAM_0005224,nv,nv,True,0,0,0,0.68502187728881836,0.90719828829574711,0.46620769655585964,600,450,600,450,9ede08dcf06caa3abae1a6868c0a8abf90636b375730f720ee214ded72abd197,e23ea865d51bf1a7b56efc6640817eeaa7825d417a566fe8985df32830623afc,102.19917037037037,38.658473912424952,89.080827890246937,0.57757741466957158,0,0,6.9172708254729542,0.36226799576562685,108.43025185185185,65.502774962503864,876.02429563718783,0.30827557007988382,0.1376037037037037,0.035103703703703706,7.8719149447682915,0.53023080190359739,108.43179660373264,64.928239597188892,390.0521157405534,0.30278120851205065,0.1350979275173611,0.03216552734375,7.8556130690439545,0.53132008843024248
ISIC_0026960,HAM_0005456,nv,nv,True,0,0,0,0.82196146249771118,0.60103363219217054,0.30887018729202687,600,450,600,450,edee01ea39123b73a60d3654485645a6345bba961ccac7bb7c0cd456d2afc7d5,f358e35683d2edc763eb11e5f42b2df95589c9ea619fd4eeee87acb835a16ce8,157.61827407407407,36.225139369704472,121.83459153245541,0.35182546114742197,0,0,6.6857413486837141,0.2139704237954396,58.597514814814815,57.199164735304016,428.84076702282579,0.38031312999273786,0.41070370370370368,0.02115925925925926,7.0138252130146377,0.91988020796632397,58.6019287109375,56.903665319678026,178.06826316408907,0.37331061602158228,0.41039360894097221,0.020250108506944444,6.9839613641799705,0.91849792534496877
ISIC_0026968,HAM_0000612,bcc,bcc,True,0,0,0,0.46376985311508179,1.1361306649520209,0.58385566543428613,600,450,600,450,8e460f0963cf4f1e16150f74af7072cd47c5df2c88e3588fc5818bcf91231780,873105207c8dd4b1dbf98279c7b0ba6f7cbb25a367f990f8763b0ffed92d69a8,152.60522222222221,21.357142845103901,18.22735833908094,0.23686004357298474,2.962962962962963e-05,0,6.393462836675015,0.12818114275269887,80.953307407407408,48.379794157941184,322.1405703332785,0.29413677559912854,0.12547777777777777,0.014,7.4769996358183084,0.51282185434100891,80.946811252170136,48.093458379874335,133.75569543720766,0.29045013893144067,0.12403700086805555,0.013746473524305556,7.4730814807216097,0.51233204963410939
ISIC_0026971,HAM_0003407,nv,nv,True,0,0,0,0.99214655160903931,0.04854186131721417,0.024945582066458687,600,450,600,450,306ac83a993e213e1e500418d2a5c2383ba92ce5a2b2420b30505395262153a2,76af83b3750ed0205c2e914bc6eb5b165dc99cac5b96616d1e8e96729550fe77,160.90061851851851,23.353373005382885,31.588766526735256,0.44052946986201885,0,0,6.0624606166676234,0.13877765374996057,60.081511111111112,52.129775528765769,623.50802436805202,0.3901340450254176,0.29084444444444446,0.019840740740740742,7.1199077201502403,0.78352372509596258,60.080796983506943,51.694240727230124,234.15493423832049,0.3815062412768927,0.28742811414930558,0.019076877170138888,7.08056848347535,0.7835769045871781
ISIC_0026988,HAM_0004937,bcc,bcc,True,0,0,0,0.91703128814697266,0.30377200826911277,0.15610793150782726,600,450,600,450,dc155dcf741a1286134c2588ae7b138a9902c9e3252b1433c545e829029f6a9f,e1e8417f59856085d6c1dbcbe67514c8ee5a6aabd4c5a1ddea8c635a1d7ca939,143.07145925925926,24.679254240567367,63.761526714389554,0.39392123456790124,0.00067037037037037033,0,6.6455844505649351,0.14505052971939614,92.535888888888891,48.640825796956577,524.67084073962951,0.27948951343500367,0.075774074074074077,0.014955555555555555,7.560015331230451,0.42654879130473589,92.53680419921875,48.189684603658193,217.83847830320397,0.27378528071384806,0.073391384548611105,0.014031304253472222,7.547847778695445,0.42803443742986169
ISIC_0026994,HAM_0002930,nv,nv,True,0,0,0,0.98921799659729004,0.069385293184935581,0.035656987152577556,600,450,600,450,9316461af073c86a3d3c6dda7284a6580c774b6a7453758d504f89a711195cde,5afd904b08039ae1e6b6c786cdd87714daabcbcc495cc37f8d4f35d9390c59a3,148.55156666666667,23.734023869269134,96.585293922414252,0.41432962962962966,0,0,6.1387368481750197,0.15337657131804946,69.004225925925923,52.671974281719713,1444.4234175464471,0.36456591140159766,0.1603,0.022770370370370371,7.2014654721320852,0.69640227739205285,69.002387152777771,51.935044574724159,369.65862733622396,0.35262916581563181,0.14508056640625,0.021857367621527776,7.1251387389517813,0.69564741912866013
ISIC_0026997,HAM_0004972,nv,nv,True,0,0,0,0.98122966289520264,0.11796408065789382,0.060621545509263207,600,450,600,450,da9f78eadd1779c2d3cd2354facb8c4c5366f81b84fc63f5f6b9afac31dfd3b8,d1c6590e1b683b9aa7b1d35c1ae87fdec7ef662b63f13b80fac1ae1cf3087cc6,150.74316666666667,22.552910536689627,42.58630370172839,0.42582566448801745,0,0,5.7398130736780288,0.14419900158539126,57.731088888888891,54.97891695037783,613.9886185145541,0.39301456790123457,0.31175555555555556,0.023462962962962963,6.8699416432068956,0.90164222648460668,57.733127170138886,54.622264663901859,208.82052822130515,0.38254346660539218,0.3033175998263889,0.022691514756944444,6.7919910680718063,0.90410441261345265
ISIC_0027000,HAM_0000408,nv,nv,True,0,0,0,0.94825285673141479,0.28614007136744429,0.14704690836129178,600,450,600,450,ea7452a22896b07ad5433232918fb585d4756ebde3acc876e6d564b9ba4abf16,cf13ea8a29e430a4801aacb34b3531f25a7b824234f720e2357f5708bd4ee363,132.46962962962962,20.917548627971836,123.06026627023319,0.50014734931009441,0,0,5.8151383915078414,0.14948833321114086,72.441540740740734,53.685309435465427,1575.7168104166662,0.31105545388525779,0.11683333333333333,0.02297037037037037,7.1527659568318995,0.67936768515679946,72.440897623697921,52.85500894176225,451.40196238458157,0.29742891731345317,0.096462673611111105,0.020616319444444444,7.0519639239930179,0.67965479515053717
ISIC_0027001,HAM_0003134,nv,nv,True,0,0,0,0.9702799916267395,0.14822878068718254,0.076174524686632425,600,450,600,450,99e2a2fdd6427f2a3a98eb61983c992fcb38c07fd1db8b43ee90f22290b388b6,9fdb28a3530a890291fd8cf6ed5cebbacc46493e856a7b31f337f999c527db86,167.4139111111111,24.542432412114533,35.005688836159123,0.39484845315904138,0,0,5.533571553957783,0.14143030174216903,46.724796296296297,43.007293610063499,307.65499773887518,0.33908473493100943,0.3614148148148148,0.016474074074074075,6.3807552762785784,0.85860557944163718,46.716891818576386,42.728317333412093,135.24744330139623,0.33191021688623362,0.35944959852430558,0.016398111979166668,6.3232661992844719,0.85900816854045792
ISIC_0027018,HAM_0006525,bkl,akiec,False,1,0,0,0.3254355788230896,1.5084228978808087,0.77517602681352338,600,450,600,450,30fa61605f453d2fca574c9877da937a7a0c29edbe8e84900daa8b86a6a88081,82c210e17a8af516eb4fb711cfcf5804593fb4c5257993e146a49b75799a8068,155.30489629629631,16.919103855864879,24.088000450356656,0.17725038489469863,0,3.7037037037037037e-06,5.9846214287678787,0.099723831087921724,72.17758518518518,47.890121889729137,654.15577379422473,0.29638727668845316,0.14382592592592591,0.018411111111111111,7.3275265149797546,0.55413803007436313,72.175028483072921,47.360926913126164,265.87820307703487,0.28918757552934365,0.13671875,0.018303765190972224,7.308122605229384,0.55360170059516634
ISIC_0027041,HAM_0003049,bkl,bkl,True,0,0,0,0.50038963556289673,0.95785068409113205,0.49223787879216452,600,450,600,450,63701ee508c4290ae3ffc007a8d8665049af2149f75303e285c69032672ae05a,10a54841ada654a19856661f4105d0b323a908d256b955f122aba2eff780b873,131.23768518518517,16.504517176646669,88.620969945459549,0.45286570806100218,0,0,6.0024286660581119,0.11545655258540856,98.392748148148144,56.284592925097883,2555.3056886711106,0.31816196078431369,0.080896296296296299,0.025803703703703704,7.7172056274527971,0.4955620390036492,98.396572536892364,55.001630084779897,729.72742993669749,0.30549138220826522,0.069953070746527776,0.022142198350694444,7.6715128302292115,0.49518628544212068
ISIC_0027045,HAM_0005016,nv,nv,True,0,0,0,0.58583372831344604,0.97500191228576294,0.50105186653099065,600,450,600,450,210f5d8c3a9068a194cfcbe5790d6266cc5eb7a3e22902bc10c4864ab4762f48,0cccd8aaf5a47b26e43c74fce6183c3874f4e3ed640d5d6f249c7ab872001ee7,180.29218888888889,23.331202912771417,49.968375582990404,0.1996648946986202,0,0,6.3636878648172459,0.11549566869461148,65.732996296296292,47.591438789547503,506.0712462742249,0.38080198983297026,0.22598518518518518,0.014507407407407408,7.3077869454311273,0.62007829250060464,65.72882080078125,47.183031986817902,205.85521607924207,0.37316968996800104,0.22252739800347221,0.014200846354166666,7.2910526648631127,0.62267740593997911
ISIC_0027058,HAM_0005998,bcc,bcc,True,0,0,0,0.66124808788299561,1.0555036882561473,0.54242159575999216,600,450,600,450,a7a65d154cdce72f097a329f5688cdfc98e897f7c5eab462b13770a50fb212c2,9b57df04ee3893182e481a5c5d16f6858862fceeba1e8243d53ea97fd928eeed,141.47366666666667,11.082749486710652,31.095621953360762,0.24630994916485113,3.7037037037037037e-05,0,5.3737444009527779,0.065304885411894789,108.28910740740741,45.203660109302568,1593.0947239563234,0.3434750472040668,0.032099999999999997,0.01347037037037037,7.4995467979452357,0.30995762533995025,108.28436957465277,43.973601297256131,590.28574660512413,0.33709014693116834,0.026462131076388888,0.012173122829861112,7.4623151270787078,0.31153770677031367
ISIC_0027060,HAM_0002471,mel,mel,True,0,0,0,0.52602392435073853,0.73947060815721388,0.38001271976314366,600,450,600,450,75095b5ae6425c952546d2f25fbe4f39d91f282dbe135e4adc68699d15359271,1064720d84d43b89304645b3bf0cdd477996799a76c613174f3ef2e888e8a98e,147.33491481481482,57.438467677192214,289.4481612244719,0.25131401597676106,0.033751851851851852,0,6.5656441587076273,0.37836595739604001,47.638285185185183,55.753343724541018,463.12094366089161,0.32647812636165574,0.70648888888888894,0.01864814814814815,6.2456406706727741,1.0286163338756433,47.637986924913193,55.347400662219741,218.92630876416783,0.31991918892122823,0.70756022135416663,0.017523871527777776,6.2116758903135008,1.0257843721379445
ISIC_0027071,HAM_0001596,mel,mel,True,0,0,0,0.93841099739074707,0.29813742346253408,0.15321232771578469,600,450,600,450,27bc7143fbc7476285c9212463fa9edfcad59efa196d71d1ee345dbd3b8acc37,069550930b9c29514a7356db1ad5cf5727e1fc10a449924fe3713fcea606a534,150.81572222222223,27.563258573363541,129.36031015089159,0.42152771241830062,0.0082481481481481485,0,6.6186639171467574,0.16287907343330377,36.469307407407406,32.385304717857203,144.3598168477229,0.57989742919389975,0.49857777777777779,0.010981481481481481,6.2853835017491209,0.76141811912349011,36.476209852430557,32.210130863977227,55.279251422733083,0.5739667638973992,0.49817572699652779,0.010979546440972222,6.2610681528038068,0.76045838757754647
ISIC_0027089,HAM_0002800,mel,nv,False,1,1,1,0.55985945463180542,0.69141492428679663,0.35531698348069146,600,450,600,450,5c8799632a8b9b51cf73a232363fe88f265f8fae824478377207786a5f9359bd,2b3cfa2eab2030376f7a5638d05ff5b693f53d6498d12569cc909d40411afc95,165.86099999999999,45.531827912725774,33.918251943813445,0.23526175744371822,2.5925925925925925e-05,0,6.6413628181204292,0.26815126585178528,54.148748148148151,58.894620265442278,192.27314910802463,0.40382480755265071,0.52657037037037036,0.021437037037037036,7.0135893723969662,1.0408244097047319,54.154283311631943,58.761937901717531,80.772749712437772,0.40110190397773693,0.52674696180555558,0.0211181640625,7.0091694197343539,1.0389725838602537
ISIC_0027115,HAM_0007576,nv,nv,True,0,0,0,0.55476182699203491,0.69568365012743827,0.35751067461422814,600,450,600,450,c00d1f949be24d3d5210384ec699bc66d117792e0dbfca80a9d0b60258736cf9,e27d6950e2a8caa59cafe8730970519194d1633b4897e767829a2f2090bc177d,150.46797037037038,54.264015121125972,72.738333245541838,0.45522106027596221,0,0,6.8538481426781939,0.35401628289405657,63.952881481481484,72.782684869976109,484.11293671592591,0.38715397240377636,0.61446666666666672,0.02711111111111111,6.7743014074753258,1.0677820478399596,63.955844455295136,72.489069510196529,229.93596704506587,0.38136523543879358,0.61461724175347221,0.025119357638888888,6.7427078706762131,1.068892643150686
ISIC_0027120,HAM_0003444,bcc,akiec,False,1,0,0,0.50751799345016479,1.0966433766923211,0.56356321345294991,600,450,600,450,497364fe550f4e838a7689f1feb4ddf96f4b8d974b292c083dd39be6bf3b0915,cd880c5fa5e5e7cb2832f341bfccd662cea10831d5f392239d29d7317731fb08,166.49728518518518,14.869187380974161,32.141040475706447,0.2080423965141612,0.00026666666666666668,0,5.8574193729431672,0.078772792021992,87.824977777777775,49.589774974651206,1127.2531969180247,0.33883047204066813,0.10296296296296296,0.013711111111111111,7.5646387337825818,0.46184848603135681,87.821601019965271,48.771517258545728,436.01175737307403,0.33013881442333876,0.097479926215277776,0.012729220920138888,7.5418034655006565,0.46155440017350702
ISIC_0027133,HAM_0004604,nv,nv,True,0,0,0,0.91039848327636719,0.33765244835634695,0.17351903350741454,600,450,600,450,34eb8c3295abc766fc1481014bab94389166184189ff8e1dfbbeb04554025c61,39110d64df636f174b5a07cfbab9ead1aac5dcb4dc203c5b861b621e6d361421,141.50432962962964,27.547326343253616,68.742724502043899,0.19716406681190995,0.015974074074074075,0,6.2835924879118918,0.18398312829446081,24.693466666666666,35.861965825524834,79.434991760987657,0.35949968046477848,0.82682222222222224,0.014448148148148147,5.6579215236723774,1.3138029087103944,24.698221842447918,35.767747499123743,37.26680804729277,0.349618630004085,0.82901340060763884,0.01446533203125,5.6062020399786672,1.3093079894492838
ISIC_0027147,HAM_0000366,nv,nv,True,0,0,0,0.70916032791137695,0.65082827441107882,0.33445957138721866,600,450,600,450,44ad10f58568f209b7891a3b34dfcd291e321ad5d51a13cc4143864701b380c9,ae0a16978dc8712d003e1eb5719a0eb3721a0a84b317d407ded12a5b9af655c2,186.47767777777779,16.566742841761677,78.660550452331975,0.18914775599128542,0,0,5.9272259970127976,0.079865892520711385,83.612774074074068,52.086089923219397,1252.5325810939778,0.39309260711692084,0.12594074074074074,0.017748148148148148,7.5709226320270933,0.53508875055480742,83.610934787326386,51.26057895245301,486.58578744346715,0.3837917485787718,0.11858452690972222,0.016730414496527776,7.5467150490992863,0.53523540301023198
ISIC_0027153,HAM_0000853,nv,nv,True,0,0,0,0.97669887542724609,0.11562890796574331,0.059421504133619948,600,450,600,450,4d0c3b16216937ff66893fd230ff844eaf20bbacdbc7781234b789ad1d742ca5,836ef979f82377236e8178d69f0667c2ba0414a60442be03df02f70743777981,160.72185925925925,25.112536502316761,30.279707149945136,0.40772490922294846,0,0,5.3115937772755464,0.14984008672865723,32.839251851851849,45.508786746561135,150.5006569308093,0.37685523602033405,0.77525555555555559,0.022296296296296297,5.8472553176827189,1.3019370969075317,32.844658745659721,45.367703722782878,67.590515073756748,0.36853258718852128,0.78504096137152779,0.022257486979166668,5.7908978599421665,1.2960930814913783
ISIC_0027158,HAM_0003953,nv,nv,True,0,0,0,0.99569845199584961,0.033939335161232986,0.017441368080489027,600,450,600,450,ea25a4f51a0a0ea929b5e4862dff1c96f8107112f8cf1574bc15effb091c1914,9a1a9f4c91d9a98de84fe7820dc9cdcf7e4f15a76b5249e9ed8e3ee40b794ca8,175.38040370370371,21.968056280106172,26.064203702592593,0.41075440813362385,0,0,5.512794047251413,0.1209914757291902,42.252785185185182,47.61469703488855,370.94075531654329,0.42693188090050838,0.54401111111111111,0.020022222222222223,6.4648008446530376,1.0643349660899064,42.248758951822914,47.36001467278458,129.91140986772049,0.41707343473413672,0.54934353298611116,0.019917805989583332,6.4011265126056962,1.0668799139867058
ISIC_0027159,HAM_0004877,vasc,vasc,True,0,0,0,0.57200330495834351,1.0329747283820729,0.53084400062539072,600,450,600,450,7a9e6329ebd5b07545dd2194d830cb04b89e6d2a2a871ab075079ec2173205a0,d1d3a9e3bacf3f31966585acdf7203c4416b985702909a025554a1e24dc00730,147.23544444444445,43.506141703368513,39.021054771138544,0.22431283950617284,0.00032592592592592591,0,7.2679953650698552,0.29041675350168994,68.720944444444442,55.470240121240003,316.84583555246923,0.37081510530137979,0.34135185185185185,0.018429629629629629,7.3948541233644507,0.76372576761038502,68.7193603515625,55.271535325660899,118.7338408715563,0.36841269765284584,0.34221055772569442,0.018269856770833332,7.389091809193828,0.76668832500810291
ISIC_0027162,HAM_0004905,bkl,bkl,True,0,0,0,0.75918757915496826,0.82507290881664563,0.42400360017506267,600,450,600,450,dba16c411e35b705dbd5e8749c6b301f979fa373e2ba4e2ef389ee1326383f94,a5bc7380912fa8cbf0a71c284c12e080ad489003d21855b967c11f9921c7b82a,140.36206296296297,21.743965259944318,150.04396218204391,0.23003265068990561,0.0078111111111111107,0,5.9454090506586805,0.1404134815910443,29.210892592592593,33.04161330049692,135.88984703517144,0.48791238925199709,0.72003703703703703,0.012959259259259259,5.7363324931448565,1.0117516307619872,29.212938096788193,32.90360130964816,49.478052480721175,0.48022936985123915,0.72965494791666663,0.012919108072916666,5.6813430678726409,1.0168311641749854
ISIC_0027166,HAM_0003108,nv,nv,True,0,0,0,0.71201664209365845,0.75515922266290703,0.38807507275169739,600,450,600,450,9c8ffa49ceb3aab11e7dc59281f26370ee3daa3433ce91bd11c3ce31676bc13f,1ebbe585d26adb103a5d9846381e0ef13d69d6488698b85f37e5ea5d70adc6f3,162.57726296296298,20.411161454362063,96.638743762290801,0.40624598402323897,0,0,6.1089571942474645,0.12228899395974306,92.326488888888889,55.947993157384701,3006.9762475982993,0.42789750181554104,0.08373703703703704,0.02814074074074074,7.6316715220589568,0.55715799113695108,92.319892035590271,54.56085389453704,763.09317699166741,0.41597325942095587,0.065578884548611105,0.024224175347222224,7.5638215070284502,0.55712443275245049
ISIC_0027175,HAM_0000655,bcc,bcc,True,0,0,0,0.73254799842834473,0.7439023354211951,0.38229017705793844,600,450,600,450,f42e4f54aaa7605dd9d1a550eca8f4a5088d6f3b1b25ea4520c8dcc9cefcd448,bfd8ea2a5ed63ce40e96cd3adb4d553fbbefadcca77593f205a18ef406529bd4,165.65622592592592,10.320108425036679,25.334388092167345,0.35795523602033402,0,0,5.3588680418554802,0.05141613635397517,99.682774074074075,47.953619423981635,1781.5769841402473,0.34405882352941175,0.04675185185185185,0.016622222222222222,7.5502563891342316,0.33507332110399207,99.677585177951386,46.600346824692785,704.50074428982202,0.33401756535947713,0.0399169921875,0.015028211805555556,7.5103322482164891,0.33425280617097114
ISIC_0027211,HAM_0006262,nv,nv,True,0,0,0,0.79659473896026611,0.53097102355393178,0.27286512885073538,600,450,600,450,7d6c741b8fa4ec19dac7f6c2fc6093da5c82c611ccb0b1c6fcf13e858467d8ba,cec61efed67daf9f38a5096676c5df27007159712f9b660749133485cfef11f1,154.13235185185187,27.479586053177332,80.149681172839522,0.35143249092229484,0.0092703703703703698,0,6.2616316410513537,0.16518687921522471,25.197688888888887,35.703942626875396,75.911988496241435,0.44292694262890342,0.84910740740740742,0.012977777777777777,5.6020461436520881,1.2755970487076698,25.186496310763889,35.611332104063415,36.279576545880161,0.43395820567810461,0.85349527994791663,0.013034396701388888,5.5530478492155755,1.272610650975958
ISIC_0027230,HAM_0001687,nv,nv,True,0,0,0,0.96705973148345947,0.1947784517569989,0.1000963234872682,600,450,600,450,94fbfd68b96c64eab0832ceb32d2c14a7418a460403232ab69644bfa5ec75e36,c78bed9d41e295ae2ec20e5cf5ffeafdf8cd8c1a01ffe768ee2587c5ebc85c46,159.89168148148147,24.993197601703653,144.24831820159122,0.40384965867828609,0,0,6.3646206378400123,0.13051917024447626,73.4600962962963,51.835396317556352,1191.9711097239503,0.39473453885257803,0.15517777777777778,0.018529629629629629,7.4010017679110405,0.63634146711734907,73.453782823350693,51.113565367736996,389.46256975990565,0.38480277799053647,0.14240180121527779,0.016960991753472224,7.3588150135992301,0.63802576585872162
ISIC_0027232,HAM_0003708,nv,nv,True,0,0,0,0.97464525699615479,0.14432108141752209,0.074166364509474433,600,450,600,450,b9703d4e5bd33914f4ade2627172be9f9b621c8874935206e710d6ff77ca1004,258cb77a4fd2ae8e3e71c8fee2402b9c3045c6ac7baeacbdf0bcac54cd10662a,147.70167037037038,20.125732822789516,65.099992592373113,0.44297522149600577,0,0,6.2811882197854167,0.12805883811088045,112.71774074074074,48.704640474852454,1623.6369722024556,0.26251285403050112,0.028251851851851851,0.018629629629629628,7.5804061568675909,0.33922166090482037,112.71512858072917,47.389692803569325,658.43537738031614,0.25403127233966499,0.021402994791666668,0.017191569010416668,7.5412165462939207,0.34052891697627707
ISIC_0027238,HAM_0006152,mel,nv,False,1,1,1,0.69615858793258667,0.65139430447478919,0.33475045329869085,600,450,600,450,44538c6df917857af5edb7ed98479e6a94ebe5a85a926c3a69a2d44b5fa1833d,f92024ba1ef90df12a672f0366b701b0257e97fef9d23d74d07cf99db1495e2f,147.96019259259259,45.927330447533983,130.57595555550066,0.2915031517792302,0.010977777777777777,0,6.5780900359524352,0.30295682731550566,40.980814814814813,50.293252202595276,337.09521481393693,0.31529641249092227,0.66052222222222223,0.015581481481481481,6.4932307411260632,1.1191688097499708,40.984605577256943,50.005983735825218,142.92664252014623,0.30706832320601857,0.65936957465277779,0.014675564236111112,6.4702459079771559,1.1205015529988003
ISIC_0027249,HAM_0001869,nv,nv,True,0,0,0,0.90172803401947021,0.45397495868844645,0.23329697874736868,600,450,600,450,e5be66d8838fc1bf4c5442ad44cebf6e5e142674b0dde25e4a31358225cfdc8d,e1bb992d3bd2abed30345f9ab569a995490ece1f192dfd51db8561b3f4fa1553,144.69153333333333,19.552818026054453,52.524568647407413,0.27717212781408856,0,0,6.2326053728718342,0.12622944036040371,83.101929629629623,52.318301797202821,898.61840834061741,0.32689609295570082,0.1232037037037037,0.016688888888888889,7.5537540949853232,0.56152089112332904,83.10528564453125,51.732437663525708,334.40419924406359,0.31550577533530777,0.11676025390625,0.015842013888888888,7.5217460205986013,0.56034207077798903
ISIC_0027256,HAM_0004542,vasc,vasc,True,0,0,0,0.72120851278305054,0.6311424783669326,0.32434307343190294,600,450,600,450,2e5b5c39298727d3795704ea54aa35d0d39fe24daae9808107cb7d1e3f075b45,508f7b6044c85d5dbae8a99b898d7ac57cc02e03ad552dc16d0d3805f7d04b0a,172.57377777777776,30.031405434895351,42.440455482455427,0.24149356572258532,0,0,5.4752119224505416,0.17029826922161767,62.282033333333331,64.179780837192013,1149.7002476049245,0.59364242556281777,0.35771851851851849,0.03160740740740741,6.7510812950904473,0.95965803171900843,62.272454155815971,63.621492248678749,371.14529054676308,0.58679220494621465,0.35047064887152779,0.028299967447916668,6.5930482941185202,0.9601123853538831
ISIC_0027275,HAM_0002280,bkl,bkl,True,0,0,0,0.90508067607879639,0.33147605886317649,0.17034499718504431,600,450,600,450,3ef779a291edfd983855bcb4b9486d6ca64d873169897c249c0aa5371a7c571c,53464749f7448cb4a9bd28ee7a17e2c3517931c027fc60d5c21422f4782c8dc5,163.57441481481482,16.215067850561066,116.67673577765434,0.37344904865649964,0,0,5.6159191328155105,0.091602361230554472,72.17532962962963,46.990123590777344,2420.4089939941837,0.39476652142338414,0.10493703703703704,0.021507407407407409,7.1667427423750807,0.57370289712001998,72.169589572482636,45.595342404458037,631.82970678029062,0.37956221171194171,0.074361165364583329,0.019883897569444444,7.0400050830428054,0.57224199985911484
ISIC_0027297,HAM_0003186,bcc,bcc,True,0,0,0,0.2631554901599884,1.62235294578845,0.83372448957936651,600,450,600,450,7af2b81938d4bd3d68cd93cfd8bbbbdba9ffef1af374d38036ebbce632684916,fb2c5d6ba9ae7b6441b4bc537e3ac82d6d34be147d7563038a8e9d92c6e71ca0,198.51505925925926,30.827286780638797,283.44132197393679,0.20933546840958606,3.7037037037037037e-06,0.063070370370370374,6.3698053909681702,0.12688722774826927,45.41015925925926,33.155354002207147,141.27179789212622,0.35991886710239651,0.21117407407407407,0.011951851851851852,6.2004900731879831,0.62433810906618559,45.412129720052086,32.93492244379825,72.01236544715033,0.35512857541019882,0.2085232204861111,0.011834038628472222,6.1739650824563999,0.62568742176761805
ISIC_0027306,HAM_0006097,mel,mel,True,0,0,0,0.5535435676574707,0.94630551126696094,0.48630483361545068,600,450,600,450,6bf03da6c6d20dffff62edb51eb2505b6a74beb78615ae36d8eb354e10a04617,5aa3e020c56819dccd94c6b6eb4037aae4172e2730014a8dfca58ae3421fb2c3,151.26431111111111,58.177195089875475,535.03672255122092,0.35166662309368191,0.0034333333333333334,0.022529629629629629,7.3218892547485925,0.37031357299428735,81.972707407407412,67.40933510143897,614.55565845913577,0.2817474800290487,0.29320370370370369,0.024707407407407407,7.4608972077149316,0.77146285049456653,81.975301106770829,67.072694430795465,223.55510301648832,0.27601834299257899,0.29179551866319442,0.022535536024305556,7.4369343311879534,0.77275120278229725
ISIC_0027351,HAM_0002293,nv,nv,True,0,0,0,0.62040215730667114,0.89339493353363786,0.45911417542447008,600,450,600,450,a3f8921667603b7131843fb3e34d66ec97e4b3c6f0653aac4a16ba39932d19ed,feb5aef508e34496813839d61bed47afd9cde2ea6d51baa3026a51c3fc5dc464,158.64116296296297,30.454403422702313,37.282761301728385,0.19834111837327525,7.4074074074074073e-05,0,6.0992360803744479,0.18531074056604513,42.450696296296293,50.765181844087977,201.80882927846369,0.34256496732026143,0.57288518518518516,0.021014814814814816,6.5020797266449106,1.1294229459653327,42.452948676215279,50.611970628450663,88.059395359576101,0.33428832741864112,0.57721625434027779,0.020806206597222224,6.4732602246431004,1.1263150297939652
ISIC_0027356,HAM_0000473,nv,nv,True,0,0,0,0.97321003675460815,0.13278101083085711,0.068235941364157379,600,450,600,450,a71fe6fbc549631e44b6329f4865b181571d275a0903359866f915cd1112b50e,857a3da0d84132af6d3b17e1f2c10fd95f031e1ec4fec4768cef805fbded6849,131.54989259259258,26.336151037498727,161.95222411839509,0.51439282498184458,0,0,6.3645325984896655,0.18925645772453029,60.122955555555556,47.608940186009825,848.29529676048003,0.30521376906318087,0.17778148148148148,0.018603703703703702,6.8842747230878381,0.72811957909678326,60.121893988715279,47.081373619499651,246.64897394106708,0.29401456546160126,0.16450330946180555,0.018032497829861112,6.8148467629149732,0.72962140309903911
ISIC_0027375,HAM_0005349,nv,nv,True,0,0,0,0.92412889003753662,0.27092421621875185,0.1392275056226405,600,450,600,450,f920c13c7ffdd74dd5d7e764688c80a43d663317d97daa7f2c638938d88ab740,5614c86276efa3e5fa1284e3a8feef5b266230e1fe13c10c1f89049ba68b40ce,203.94878888888888,29.856734639742921,193.83435130862824,0.293740406681191,0,0.15465185185185185,6.200213825366979,0.1373943337394925,45.010681481481484,47.479574446383339,563.60097451105639,0.41499236020334063,0.53637777777777773,0.018614814814814813,6.3694024505225322,0.99324533182742902,45.00518798828125,47.126288324713535,162.97209331388643,0.40668487881263621,0.54841444227430558,0.018032497829861112,6.287865604368017,0.99649859517902606
ISIC_0027379,HAM_0002154,nv,nv,True,0,0,0,0.90423977375030518,0.40322914342878252,0.2072187884032258,600,450,600,450,64e928b262bd918f69ca2007d7b71f0768f2f6a13e4ce2771f066154dddd96af,d349ce33a8e9e0068049c02227c9265d34f37263c9cf1dabcf71d283dd6f1c0a,167.90705185185186,23.333259791413791,32.788019294320982,0.15821468409586056,0,0,6.1022417165804361,0.13052313076902777,50.062048148148151,45.431322508178496,286.99511116373117,0.37720248366013071,0.35194444444444445,0.020540740740740741,6.8710370963727145,0.82747875606093924,50.051506890190971,45.19605576590768,113.4842354434048,0.37078745723549833,0.3519015842013889,0.020487467447916668,6.8588960184658596,0.82548855210203487
ISIC_0027396,HAM_0001491,nv,nv,True,0,0,0,0.93804013729095459,0.24029857626980092,0.12348904001886181,600,450,600,450,ff3d93533ccc7237d38fe58d5f68a044b160cf5b6608528304701f3d07ce4c69,faa2f9e99da841256c260abab50ab69121553ddf33209dc1f42b515d1a8646d2,161.85105925925927,26.74948074934262,52.023999932784633,0.41263212781408859,0,0,5.5666431878666973,0.15854365849044824,30.470944444444445,41.197161267682411,172.18484073348424,0.34027051561365285,0.7993407407407408,0.013899999999999999,5.8515114626133204,1.2690096481508089,30.477383083767361,41.031507719512135,76.471258882939082,0.32943710958775874,0.80790879991319442,0.013882107204861112,5.7881103401287239,1.270303556287143
ISIC_0027397,HAM_0003699,nv,nv,True,0,0,0,0.85831356048583984,0.54290717241368003,0.2789990959640386,600,450,600,450,8b385f2f4aba83e34826c08e5c8ed1c07807b66be8166b21238485d835d228ae,f9ce0e5d575a15ddd5d214a542a8c60ce6ece95995140d2a390a5bfa663eaae4,154.09197407407407,18.688307396933805,35.615685119876545,0.18740501089324618,0,3.7037037037037037e-06,6.2020882866603104,0.10473098530073544,87.079125925925922,48.545839717762234,590.65365909518539,0.25417314451706607,0.098159259259259266,0.019292592592592594,7.5105461600320282,0.46102868719626422,87.078606499565979,48.036649196379805,255.38165076348332,0.24662346600966775,0.094258626302083329,0.018819173177083332,7.4965906106749589,0.46085708126393182
ISIC_0027401,HAM_0007046,nv,nv,True,0,0,0,0.49213138222694397,0.7785860097372459,0.40011405979624926,600,450,600,450,d280ff09549b29549a1df0243a1453a306633929dd6fa394b4af803a3a22c338,fc16e6e3fef8f38d9be26321f7acc5c6d2171e37617018882736f923c89f0c8b,166.23561851851852,35.964976978984936,81.092909130315505,0.26781292665214235,3.7037037037037037e-05,3.7037037037037037e-06,6.761168240763431,0.20706876993116599,61.986274074074075,55.765255847589415,443.58954139740746,0.43256705882352936,0.33356666666666668,0.024940740740740739,7.2260617033180532,0.84041622631181101,61.989990234375,55.482762145078006,168.26856224068703,0.42638596345656321,0.3332858615451389,0.024522569444444444,7.2082922281207642,0.84006558209549509
ISIC_0027421,HAM_0001968,nv,bkl,False,1,0,0,0.62281787395477295,1.1440357612422272,0.5879180813140964,600,450,600,450,7e582e17a58c4e5cfaa35a5d5cbc5cdfdd8bf0ddc7cbe32678bb9a05ed9d8964,1a625656405862650c86379de64f7223539ec2c0ca9ed3df5906a4e79a4e100f,118.60038518518519,51.360294044096719,948.45382823023317,0.20852489469862018,0.064285185185185181,3.7037037037037037e-05,7.4738854196986466,0.32069569450161545,48.690092592592592,43.493314322228507,273.09082977838136,0.30498075526506896,0.34683333333333333,0.017007407407407409,6.7441143247478355,0.71034265472280145,48.691399468315971,43.16094690339515,138.63689190696607,0.29850356158088237,0.34395345052083331,0.016140407986111112,6.7312930516110985,0.71322314243307461
ISIC_0027451,HAM_0000207,bkl,mel,False,1,0,0,0.42900305986404419,1.0447098676476443,0.53687466924144611,600,450,600,450,2d54f4b28956f5e5d94e9922205cd6873e99927c87861057838625c1a3e62acb,a8ad4631142469b18bfd8e7fdb8f7aa237b979de4301f5df18f5dcf44c2737ba,148.28719259259259,23.47520950184472,44.110412561303164,0.19280347131445169,0.00025925925925925926,3.7037037037037037e-06,6.4397530917686483,0.14627812501431886,62.571518518518516,43.803932386361346,312.88121299072708,0.23033835875090777,0.21087037037037037,0.016466666666666668,7.1301402405106771,0.62629294106163846,62.572869194878471,43.538796772672015,124.78567229082556,0.22644920598447713,0.20937093098958334,0.016364203559027776,7.1229175155007525,0.63074607954875017
ISIC_0027454,HAM_0000245,bkl,bkl,True,0,0,0,0.44370877742767334,1.1074387472638256,0.56911093649491329,600,450,600,450,f3c5cc1e7221e1f3fc4571c284af004524100c51d35c3807a6985bf28337240d,c8f26086752631b37d3bfa2b79c39a1138eca6a711519e21a46758c2d952d4cd,149.56217777777778,18.761083258571762,59.570648964389576,0.11193847494553376,0.00045925925925925925,0,6.2182044239836802,0.1112151786590897,87.351751851851859,50.41126491067228,785.51948714368984,0.26686791575889612,0.10554444444444444,0.015855555555555557,7.5742862375045039,0.49135188938241309,87.349494086371521,49.869288089158061,287.47806929543981,0.25972432321452887,0.10190836588541667,0.015034993489583334,7.5613541323829399,0.49176841559128531
ISIC_0027458,HAM_0007425,nv,nv,True,0,0,0,0.72883015871047974,0.61065847230135084,0.31381637666970852,600,450,600,450,7393e736552fb4c8cb496a2d70679b27054cbd4a5c7001a16a8766f72788179c,4e5abe2a03900020dc159f525425e64ad1d6301955af12e126714d39fa4e58c6,166.84376666666665,32.868881073097192,56.938861695418368,0.22268352941176472,0.00034074074074074074,0,6.2176409715365581,0.18778215964376174,40.894462962962962,47.854641855508625,196.43026770039782,0.39556992011619457,0.52971111111111113,0.020392592592592594,6.4971328458894213,1.0963687802332267,40.894965277777779,47.697233005615992,83.139856563260153,0.38893308951184641,0.53046332465277779,0.019938151041666668,6.4788945557230964,1.0923878645273053
ISIC_0027468,HAM_0002154,nv,nv,True,0,0,0,0.67871367931365967,0.70199216143721133,0.36075260811914134,600,450,600,450,71ef918baa8b9d989a85819fd5bd0c661139d1ac279cc4c46cfb4ef577c61ef4,aaabf55f523e4eb87daa1b08b462c8f47a0cdc76ec1af720dc23f11749eb8e80,174.51251111111111,20.93107151063246,36.325899942043911,0.20748964415395788,0,0,5.8886151975679466,0.11418671896968127,54.87802962962963,51.589360705901036,559.42107409875166,0.31379468409586059,0.37336666666666668,0.024588888888888889,7.0651563488866502,0.86840857858900422,54.880669487847221,51.223696476907854,202.05045948053399,0.30421371293743188,0.37306722005208331,0.024142795138888888,7.0449824292251302,0.86587762129660684
ISIC_0027506,HAM_0006482,akiec,akiec,True,0,0,0,0.94116717576980591,0.29951599337819074,0.15392077251028144,600,450,600,450,6a68ebcd6278b81e95d02e335b1bf8f02c4e42b8cb571659045c5cf779f2e295,3d9f0bc60412e5df0376ff45694df0157079c5f70ca52bb3b3cf50ca9ebefa32,170.41807777777777,14.172315731522165,24.415954972825791,0.30875432098765432,0,0,5.8090417293526517,0.073644398400867964,102.00012222222222,43.141443810553397,1413.4839474561177,0.50468467683369644,0.028844444444444443,0.010848148148148148,7.4209803534618146,0.32535489288820696,101.99444580078125,41.993055825252796,541.23193667976204,0.49998324525122551,0.023817274305555556,0.01007080078125,7.3801062300266995,0.32359041841139785
ISIC_0027515,HAM_0003687,nv,nv,True,0,0,0,0.90273791551589966,0.40173497532837532,0.20645093789320479,600,450,600,450,b80b40da180441d75d6457daca6c3a176f4d0e66e3d9075dbb8bf6aaf8b3397c,d40476f0599784bb5045cdde323c29b654886a0452f2e54ff63882e4ded018b9,190.95397407407407,9.4527881514590639,44.817133022208509,0.31856381989832971,0,0,4.7696639992871877,0.041597940197824569,78.683881481481478,34.760423251706897,1635.9204295603704,0.42234046477850395,0.045151851851851853,0.015962962962962964,6.7531902424520149,0.33401643001646664,78.694410536024307,33.298166144789164,529.62495365182383,0.41053676896105662,0.035942925347222224,0.015875922309027776,6.6133893133911172,0.33488396322880581
ISIC_0027539,HAM_0006176,nv,nv,True,0,0,0,0.94291895627975464,0.236232055152096,0.12139926155726166,600,450,600,450,b60ab87605b30e4bd86dbebde28c2e05f714cd300a19caa03f6b9760d206d34e,26d56b9b0c70bffa54afce5faff0b1b8bc7628b51e97b99ead6c1fb2a11fbbb9,140.42944444444444,35.780758946708616,58.052654425665288,0.49143490196078432,0,3.7037037037037037e-06,6.7607207175469473,0.24750097339729449,75.46462592592593,56.638320365809484,487.81173978204384,0.28459888162672475,0.1530074074074074,0.023344444444444445,7.3180649832764937,0.68288082512266679,75.462368435329864,56.284536392172882,206.24063623572394,0.27966311253233928,0.1437649197048611,0.022705078125,7.2880437430922669,0.68329299283562417
ISIC_0027558,HAM_0000144,nv,nv,True,0,0,0,0.58993566036224365,0.84999779630492411,0.43681245853904149,600,450,600,450,e7f52c75929f8d941f5c31e6f5bca20959b3179d5322af02bbedf03d698b336c,db88021ea78eca38792a928765c358553476e84b9679b52b3c44052b59cd4558,161.39425555555556,33.250891210020484,78.788078055953349,0.20979612200435729,0.0063629629629629626,0,6.5564332045796583,0.19306641646862516,31.906992592592594,40.531467720131893,90.002660354883403,0.41997175018155414,0.71360740740740736,0.012966666666666666,6.0205448293236374,1.1554054486051377,31.904439290364582,40.432499520937149,42.890304610639078,0.41433113447201797,0.71729193793402779,0.0128173828125,5.9993325294531701,1.153528104426548
ISIC_0027570,HAM_0001071,nv,nv,True,0,0,0,0.7391669750213623,0.63178854780726945,0.32467508744634777,600,450,600,450,ddfa0b4370c87909131e978ddd3bf327e4009b524b1eaf393b794e094c2daefe,2330d2f8d7f7f628d114d19526b582710afe84fe4585e078fe9160d034ffc250,151.79155925925926,33.141721728423619,44.223281380027458,0.30820364560639074,0,3.7037037037037037e-06,6.1245085813712938,0.21190765361220837,47.384718518518518,51.400934338986175,217.17350699685869,0.304081336238199,0.55012222222222218,0.021407407407407406,6.5264378947735793,1.0232718281142257,47.391248914930557,51.237547849157714,90.315800632545617,0.29863329120710785,0.55542670355902779,0.021063910590277776,6.4903706171872617,1.027261713508552
ISIC_0027574,HAM_0005794,nv,nv,True,0,0,0,0.94052106142044067,0.30773234091472196,0.15814313988963863,600,450,600,450,c5cd74430f97a012f9515aec304e77b72161b9541cd92a443a6886b7dd76d2de,eecc4042d5eba07854a4ac3999c750085931dd0684385c7073b603291e9ce47b,197.57845555555556,23.309343387797242,29.104347863703705,0.24959129992737836,0,0.00070370370370370367,5.5796049815503483,0.11281656090387672,31.714292592592592,40.05575222227349,132.75581690467766,0.37259301379811183,0.70857037037037041,0.015388888888888889,5.9705617832424203,1.1815456418910208,31.721652560763889,39.911212249164549,65.589270431134437,0.36226322614549289,0.71443006727430558,0.015292697482638888,5.9223241805501861,1.1769798640845788
ISIC_0027580,HAM_0005648,akiec,akiec,True,0,0,0,0.81513166427612305,0.62953835187934049,0.32351871548897793,600,450,600,450,5ad0e267e3a7ca1130fb980d9f9605b5f01575b4b02ddd7f64198e2fe5aa2262,db865a9aec06d8a7ace484a010b761423d2736340beced4a0ec4ab1c5a763708,166.45444444444445,20.612339675873287,60.596473908093273,0.18927466957153233,0,0,6.3454151371564373,0.11121784398800412,83.802899999999994,52.092605572131866,748.01490629321006,0.29966607116920846,0.1321074074074074,0.018618518518518517,7.5800759928039199,0.53240168631629847,83.804124620225693,51.557077230327444,295.7535061302284,0.2917454937704248,0.12717692057291666,0.017598470052083332,7.5654289290767034,0.53292373385439462
ISIC_0027588,HAM_0001036,akiec,nv,False,1,0,0,0.55288320779800415,1.1306181784776583,0.5810228077727756,600,450,600,450,0c061d1845af6b8de9cfbfb2a11733804836c98e86ddecc6088ec3210f060542,78366b4a7adaa2764c97b9658dada20be1d0174e43eb27e3f502d43838fddae4,130.80082592592592,61.42575241149143,158.41833528821675,0.23787779230210604,0.15803333333333333,0.00015185185185185185,6.8146790730357329,0.43705255815993682,78.261933333333332,55.901137520752421,299.5892438287928,0.1998751924473493,0.041592592592592591,0.046596296296296295,6.2825436958781982,0.56106212731787752,78.271653917100693,55.503213408502063,200.4852211508026,0.19650775186376632,0.0394287109375,0.045661078559027776,6.2727903477135181,0.56115049875928991
ISIC_0027612,HAM_0001990,bkl,bkl,True,0,0,0,0.65395867824554443,0.76690611300258382,0.39411178022525656,600,450,600,450,ed7f742dde9e02982de3bfc35bf300744322f9a789568509d91f23eff8d19caf,10bafb67bb9dc8d82b2527d554ee72f412359242ba86a5ade1e903e618e1e34f,172.51354074074075,23.206540624562098,70.848926814691353,0.28296557734204797,0,0,6.1282551875476017,0.13089908645618131,65.518351851851847,48.692849237986039,1068.7635615398631,0.33782470588235297,0.16070740740740741,0.017255555555555555,7.1245928488152792,0.6680391541894698,65.526665581597229,48.004684018434901,339.54815376835109,0.32705785547726035,0.14690483940972221,0.016133626302083332,7.0682432910947632,0.66743659997286942
ISIC_0027620,HAM_0002534,mel,nv,False,1,1,1,0.86348932981491089,0.42249607161144137,0.2171200308588512,600,450,600,450,9a898f6678240ee0d824fe7ec8b3a2718ae87fc03ad03ac2938e50693bf39128,b330b0b197ffaefba4089ff3c34c409e4ac8d9e9094290ae0becfd62c9bd3414,166.02163703703704,56.083691086738412,38.156673914074084,0.32530920842411043,0,2.2222222222222223e-05,6.7142114418956886,0.33141472607406564,74.043740740740745,67.111703439858019,314.68862956241429,0.21101856209150327,0.25751111111111114,0.032303703703703703,7.2444905862782036,0.870758911247554,74.055623372395829,66.936474078587594,114.99729371029473,0.20798395692912583,0.25563557942708331,0.029995388454861112,7.2285003197164741,0.87197467642091175
ISIC_0027638,HAM_0004527,nv,nv,True,0,0,0,0.93222594261169434,0.29716512968953279,0.1527126675575429,600,450,600,450,ec19766065311fb99f05bb8c0a8539c2860fcac47f63d2eee72e1537569c0d0c,cb6c31809fae4ceba976ef8768e6c394d87d8f542bbd257640786684ffc6b209,167.60115555555555,15.643085709556896,36.946488740521247,0.41779651416122005,0,0,5.8985972894441749,0.088598401589211548,89.489622222222224,50.161329318194859,1942.2066545808509,0.38683150326797383,0.081140740740740736,0.017822222222222222,7.5535786482382443,0.48934516903316527,89.488152398003479,48.918830978958091,673.98221531547142,0.37699522463065088,0.070631239149305552,0.015916612413194444,7.5072743755630604,0.48977297772852924
ISIC_0027639,HAM_0000204,nv,mel,False,1,0,0,0.53023284673690796,0.89927477024869884,0.46213581376574475,600,450,600,450,7a12eb4cd81f0313b3e33a0c8d48d494640b8150c534691cf89151d5e5f817d7,358709bade5fd7efe43cc88134db9993962572f8aa6a30a750d1267c6ed3c7e9,179.97778888888888,15.906778406048653,70.012659232908092,0.23047989832970225,0,0,5.6860815059742267,0.081890978957506119,84.149403703703697,52.3018338395296,1322.0510301914812,0.42756018881626728,0.10088518518518519,0.018555555555555554,7.4954694197459926,0.55245085181619924,84.146450466579864,51.515789185336267,452.62523110045328,0.42038542304942811,0.09136962890625,0.015170627170138888,7.4625971328214229,0.55145577680877156
ISIC_0027646,HAM_0000541,nv,nv,True,0,0,0,0.98658525943756104,0.08120603013320303,0.041731644275881066,600,450,600,450,8e77dd17a31e8299305c1165cbd65c39fbc28c070b9284dc76607243f3ac426f,c89da4b74a1d0f83ab2674816e0408960e95bb2efcbe561f12560bce97027dca,144.2194111111111,21.511640334373205,93.114996068024681,0.43411353667392882,0,0,5.7723923399038792,0.14419231769028845,51.510911111111113,47.083025952029743,999.89680189617275,0.35726087145969504,0.29601481481481484,0.02074074074074074,6.6390085204048415,0.85899544571738706,51.509033203125,46.495409664811397,276.93204619689482,0.34261916083707789,0.28369818793402779,0.020677354600694444,6.5199631028342289,0.8578241047443611
ISIC_0027652,HAM_0004958,bkl,akiec,False,1,0,0,0.35366290807723999,1.3589588682506033,0.69836670974265747,600,450,600,450,f5acb0798ff165be0939bfa936d438098fee4aeefeaf242ef1f0e8ff5593f4d6,4463dc54ed44100825aed23d46e69827cc70a1837fa90c05905a7506df152431,145.69170740740742,22.309895083579296,46.71849150385458,0.18947262164124909,0.00037407407407407409,0,6.4379468609873562,0.13436769871881524,88.563670370370374,52.189086749181264,549.94922856274343,0.22161687726942628,0.1008074074074074,0.01878888888888889,7.6002919587026039,0.48796481801420671,88.561164008246521,51.773117061271641,214.10428278516105,0.21552912560423476,0.097378200954861105,0.01788330078125,7.591845424821507,0.4850177736899241
ISIC_0027661,HAM_0002414,nv,nv,True,0,0,0,0.8973502516746521,0.34790197925409533,0.17878625044583499,600,450,600,450,406a0d3ec9e8fe7da3607272cb1bdf929617d298446a730d0d259b589470396a,6255ec7070478d7234ef9bfc8e2aff99a0d9ee6602c0a5f4dc2c038488c724c3,146.21445185185186,21.76205522096372,155.8445148117284,0.48923564270152509,0,0,6.0983896673290516,0.13616160869938093,49.073933333333336,41.088927504765223,739.84135425426621,0.37576984749455339,0.29901481481481479,0.015866666666666668,6.6478526503104005,0.77290595270935514,49.074869791666664,40.594626185164628,200.60461399216709,0.36390122889433552,0.29487440321180558,0.015577528211805556,6.5732463756854136,0.77372570342126579
ISIC_0027672,HAM_0007614,vasc,vasc,True,0,0,0,0.61160367727279663,1.0979220271182784,0.56422030978731974,600,450,600,450,2aaecc9e78e41cbf5cccbfe9099fcfaad4ee3d993bbcef6d05c9c881f8228b0f,854487376481c151962797aa7b87a1f197429030f596992d838c72d91dbbe582,186.15321481481482,23.575714734033433,33.156010987311383,0.15321086419753088,0,2.5925925925925925e-05,5.97898611585238,0.12237460568628959,49.646974074074073,48.074881623005531,421.02683687105622,0.54726803195352225,0.44556296296296294,0.01478888888888889,6.751101798956892,0.88987752956433219,49.645914713541664,47.781070349279133,150.58304834788964,0.54222547743055549,0.44681803385416669,0.014546712239583334,6.7187290718150816,0.88972250353305415
ISIC_0027688,HAM_0001936,nv,nv,True,0,0,0,0.73564833402633667,0.72880754759669097,0.37453299061650269,600,450,600,450,bd8c41ff6429f0b1b67a00d8db26ee0270053058840bdabc335e5a241d5da332,226bd0467a3e479693d7e73ab570770173c1511a8a0c5e1f8ef7d37d58db8a9f,173.91445925925925,19.037595781821924,54.919310068024693,0.10092803195352215,5.185185185185185e-05,0,5.1519647748428419,0.10205420542277387,30.086133333333333,37.515472407231904,121.91810170061729,0.58362402323892515,0.69272222222222224,0.015403703703703704,5.8497085566740035,1.1404715720930527,30.076517740885418,37.383385090305417,54.586033370345824,0.57849349809368189,0.69384087456597221,0.015238444010416666,5.820372183035138,1.1348422407726495
ISIC_0027693,HAM_0004980,mel,nv,False,1,1,1,0.69050443172454834,0.63672707273985385,0.32721298722295455,600,450,600,450,7c29d8fe976910d9dc01f3ba9d8598cd3fa6eac86c2e44597bd99ca218698214,02107787146702d8fcfcdd4f7a04df7710e203eed4eb6f1155d8fc7938e7b3a4,140.99417777777776,33.188252989154137,67.372899412222225,0.29501281045751637,0,0,6.4832605201271045,0.22916192964187096,52.099200000000003,52.466419773074328,464.0227663198765,0.30737244734931007,0.48016666666666669,0.018296296296296297,6.8808638962981528,0.95456433252755435,52.102254231770836,52.190220413302519,159.58584209651127,0.29640605319818897,0.49007161458333331,0.0179443359375,6.830551511890544,0.95588246937975452
ISIC_0027705,HAM_0002618,nv,nv,True,0,0,0,0.95510381460189819,0.23785727730527984,0.12223446052776543,600,450,600,450,d9eaab7d1d61a5dbd8622c843ed13e12c77c4d2c7db24cc256100476aed75396,8de3aa9192273fd1f974769b510eee6048516ab545b1de7b48d594a8bcb1ca26,184.05046296296297,12.072395730531456,25.818405949574753,0.31459154684095858,0,0,4.8904094350539866,0.059714494881001202,47.880711111111111,34.282187359633106,688.25224176887525,0.61452235294117652,0.24102222222222222,0.012225925925925927,6.5052120867621355,0.60699225814329172,47.877360026041664,33.654889472606357,218.8985122099611,0.60445681636369819,0.22859700520833334,0.012132432725694444,6.4328882516732913,0.60449135873219717
ISIC_0027722,HAM_0000987,bcc,bcc,True,0,0,0,0.9785689115524292,0.11928882067406238,0.061302327207643108,600,450,600,450,fe891c5a8b6e403507b2496513f8f81e5bcbfa8c86f7d7af8ed08c0e4a7c0621,05e461500dcf10b9ba609d9d00d0242a0b5b310a05e1d6d1521e6bc91bdcd41b,183.34384074074075,17.85102589200012,34.870732858765429,0.20314313725490196,0,0,6.0741759286145909,0.084914055183510764,81.608492592592597,49.001047453902196,790.9601865017147,0.34709230210602765,0.1211,0.015085185185185186,7.5015625141959994,0.50664066217970871,81.605183919270829,48.418026061060672,307.40538219495875,0.34001092515999459,0.1155056423611111,0.014356825086805556,7.4835915216495978,0.50674238418636097
ISIC_0027724,HAM_0001154,nv,nv,True,0,0,0,0.49967333674430847,0.72005833843960132,0.37003678653362809,600,450,600,450,5d8c16925f506269ad0878400a56a512f7e41603b98a445b6bf16ea8e59dc9aa,8ed470ac149ca2943fb48953151efa095a33285531a836fdb45f59d4ec5788bb,194.34748888888888,54.631851240742499,96.943808491508918,0.22508348583877996,0.00064444444444444445,0.37316296296296297,6.4866811156624102,0.27419744211961328,40.558466666666668,56.10838595291689,204.22996519987652,0.3791560203340596,0.71952962962962963,0.023037037037037036,6.3847577295610192,1.3118484134166111,40.555080837673614,55.966222151168026,84.274378976704142,0.37335981647433281,0.72057427300347221,0.022447374131944444,6.3724384900398299,1.3125149784047931
ISIC_0027725,HAM_0005775,nv,nv,True,0,0,0,0.91417402029037476,0.32111709067975686,0.16502154060692398,600,450,600,450,988bd717488677a409ae82aa6ccf2dbd7f170a429b998b30a25e0e3cc8d7f704,88aacc7f0d59c936d22a362affce97afe6e04acda3d85fe06cf1f7d8bab169b6,143.30386666666666,48.340646403192814,55.072569411673527,0.3956253304284677,0,0,6.9039014137114911,0.33035334147974993,69.30605555555556,63.018922557968921,458.5438375934018,0.41739825708061001,0.40514444444444442,0.021907407407407407,7.2957367055413886,0.86117482004522183,69.311055501302079,62.734937007637775,190.78366614340078,0.4133331631263617,0.40852864583333331,0.020487467447916668,7.2773662302063906,0.86307036560936201
ISIC_0027732,HAM_0006132,nv,nv,True,0,0,0,0.92400079965591431,0.29409992070055391,0.15113746173908979,600,450,600,450,334d4cd4c263359da333e4b7aac1d290285b69a565cdc71cd086bd329d253994,ce55d7077266d3e904fc1c42a0ae13fd3b278ff9b245368959f6c55f48b91146,178.14133703703703,22.610097829110813,52.488877719821666,0.35512020334059546,0,0,5.6652079269135083,0.11997943043444498,42.529911111111112,42.052572495313292,359.50217946928666,0.3281627741466957,0.42891851851851853,0.014759259259259258,6.3353324002401887,0.89470605515039248,42.535210503472221,41.734642564597948,138.40258874491226,0.31872151692708334,0.42649332682291669,0.014411078559027778,6.2713213235126428,0.8966550904286591
ISIC_0027737,HAM_0002903,bkl,bkl,True,0,0,0,0.80601364374160767,0.65164269723838597,0.33487810192815987,600,450,600,450,097f5de8b206421348d6fa7651db2f861bc5eb7596becb403c76da2410b45f67,66a4338e34d4f06aa081ba4d9548235b0641e2935a97cd35b1541312d81d09a2,145.48095555555557,19.636748625177109,48.167504740617289,0.21980178649237472,3.7037037037037037e-06,0,6.171708316816491,0.12909949990373523,74.747637037037038,47.900316185936624,777.56610622282574,0.31228428467683372,0.1481925925925926,0.017633333333333334,7.4012202141778651,0.58298483648786514,74.748250325520829,47.413621357848868,256.17413004345178,0.30093435648999184,0.14417182074652779,0.017523871527777776,7.3767736772199726,0.58130621349158174
ISIC_0027751,HAM_0000143,nv,nv,True,0,0,0,0.58498114347457886,1.2149398896290398,0.62435559535925145,600,450,600,450,54f14ee8d0abe17e3e330cac72bf814dc56b95d4d6d37c5fdf4b3c1b0e32f3d8,9c8e66651fb8cf740621606b2b7e85a302c4fad2e635d34b4c481f346b034896,169.16640000000001,20.481366597633734,81.854703677146773,0.36182826434277415,0,0.00032222222222222222,6.2118850134321297,0.11361784991646343,54.725814814814818,36.752665918458959,707.33487378962946,0.63412707334785767,0.19252222222222223,0.012040740740740741,6.751731708542466,0.58938909236180748,54.736029730902779,36.162070194916964,231.44183935041045,0.62703344141476036,0.18320719401041666,0.011854383680555556,6.6939204354131299,0.59300288012844948
ISIC_0027771,HAM_0000933,bkl,bkl,True,0,0,0,0.61742961406707764,0.97144887302052485,0.49922596554221016,600,450,600,450,bada3018a41b9cfe6fd12b7f41e6065a4bb61f93715f5685351f8c8789366006,8d79ac44b7d12d9e9e106846f68d0016e418ef657f95e4466104291fb2849e0b,177.34689629629631,16.584946431773634,34.09812080876543,0.26032737835875092,0,0,5.7392883388882794,0.0849813272532179,60.352003703703701,43.13370205131757,885.56492405035669,0.37862174291938999,0.18794444444444444,0.014340740740740741,7.0147590610694417,0.60413983739797816,60.351596408420136,42.49827649852827,293.46425035370544,0.3681985028169254,0.17608642578125,0.013990614149305556,6.9774932177142226,0.60118352172371214
ISIC_0027781,HAM_0005693,bkl,mel,False,1,0,0,0.67915308475494385,0.89072193371215103,0.45774052524705339,600,450,600,450,edb9f40f72fe343043fe89c6a5092858a5eca9edb6c00fff7256382c9a36922a,d4c29f8810537bc6ce398cb52d1e2373997a52b674d48bb6a3e5ea3558f97db8,149.37566666666666,24.808048584190487,109.1962555214815,0.20874684095860566,0.00059629629629629627,0,6.5583331276486891,0.14579046791752479,73.102866666666671,50.301543639564009,620.17178552777773,0.23025138707334786,0.16501851851851851,0.020492592592592593,7.4086816500173409,0.60190527202140121,73.104227701822921,49.873778202581789,223.40704061790012,0.22030720762697439,0.1604275173611111,0.020229763454861112,7.3925803014685032,0.60340967126988065
ISIC_0027787,HAM_0004220,nv,nv,True,0,0,0,0.98898088932037354,0.068669494893145222,0.035289139596955392,600,450,600,450,91fd894001717668f65430beee765879795862ecaca62da03501b387ef6e2fa3,d262beccf368acc07cf7df70ddc3ad6c165146762e8efcce883b0cb393e4a819,158.52349259259259,23.256834040332638,48.13909529629629,0.43784225127087872,0,0,6.263799572988356,0.1378889455676684,84.104425925925923,56.872835496818837,1246.1828952722085,0.3530661583151779,0.10988518518518518,0.027462962962962963,7.5248454879784399,0.62284072208416119,84.098341200086807,56.144988721462092,438.08095972552724,0.34434154901109748,0.1000637478298611,0.025071885850694444,7.4862676671288071,0.62495512931240016
ISIC_0027813,HAM_0007153,nv,nv,True,0,0,0,0.96080851554870605,0.16849543586314814,0.086589525186940478,600,450,600,450,47922aacdbbd49b9dbad5353792b24109b9d800ceca007f991f7bccc11e810da,18c79f2351b7696d06a63a5684c63f05f69bd9a1b585f6d0cc18beefb1bb4746,158.54767037037038,28.569429429132089,32.424368572784637,0.43158756717501812,0,0,6.0447771953253513,0.17504805643367766,40.394492592592592,46.737095521829467,209.22676526611798,0.39640386347131445,0.63667407407407406,0.018162962962962964,6.4098989058829803,1.080621101891899,40.401963975694443,46.563345093295737,85.1979366308653,0.39029112838711871,0.64372422960069442,0.018012152777777776,6.3674833138932581,1.0815480357641927
ISIC_0027818,HAM_0006930,nv,nv,True,0,0,0,0.96574646234512329,0.16964472938195646,0.087180145221152375,600,450,600,450,508a6046c7201fc38ce0c47feb8e8bf25df9a80bcf4867a328ec7e6fd3f2357f,9d5622b91fffd58198aec663fa9842dc5d2f5dd9521d3f315422126fe15512c2,121.45188518518519,22.354131355709153,95.040778909615923,0.59198739288307922,0,0,6.3479872242848048,0.17298632085248888,117.05349259259259,46.754146435507813,1128.9530260870233,0.24799154684095859,0.02352962962962963,0.023251851851851853,7.5333263772381311,0.3166525268702266,117.05363633897569,45.738463367099534,488.5635733028621,0.24168626706324892,0.01904296875,0.022420247395833332,7.5065054355214063,0.31745198712403733
ISIC_0027820,HAM_0001310,bkl,bkl,True,0,0,0,0.85390204191207886,0.54310324954150646,0.27909985967500522,600,450,600,450,1c5cf85ab86af218ce792d7cd2433b0c560b3ab4c262f8dd3c33682f7a30752b,e9b6c940872d3ac092de52f4a8f2d7cdcacc384a39948ad362e37a42402eebe4,116.3339,51.548326585379691,32.51852490303154,0.34128114742193177,0.037225925925925926,0,7.3854239330871581,0.43900104238910098,74.63325555555555,61.751904082155463,332.85265603506167,0.24342220769789399,0.31489629629629629,0.025033333333333335,7.5351881112480701,0.80390340992529097,74.631883409288193,61.59886063920721,109.40241017091421,0.2397627421194172,0.31604682074652779,0.023647732204861112,7.5282697948479953,0.80327952043501238
ISIC_0027869,HAM_0001411,nv,nv,True,0,0,0,0.94991195201873779,0.24796671120878422,0.12742968185307291,600,450,600,450,346542db609ec8c931ae2c956f8f78d5958cec609868f93359fa581d0056c94c,2ec63afca17e645485985a950cced0e57d36091c00b1483024cc6085fff68095,167.86795925925927,16.65189985997058,107.03497530533609,0.40156697167755989,0,0,5.5947330133637374,0.092405874817285433,66.897262962962969,43.679359867499819,1853.8697085332099,0.45338615831517792,0.10444074074074074,0.019825925925925927,6.9719606571622936,0.58332398043408717,66.883802625868057,42.551510944662326,481.48402100907242,0.44092884603928378,0.077690972222222224,0.019171820746527776,6.8497193969847459,0.58555085951790053
ISIC_0027885,HAM_0002133,nv,nv,True,0,0,0,0.98965746164321899,0.062766401542312708,0.032255549709108662,600,450,600,450,e85897c2c3b3b401a33041fbcff35ec61e972b744afbecf63b9922d7162557d3,df3f241fb24fc02c85671b2c60d2cb9e0db13f770375f9b16883509718ffa8ac,165.57005925925927,32.928060574252989,37.400364957352544,0.41133021060275959,0,0,6.5895490705932964,0.19427140439937168,80.029414814814814,61.718869147471786,686.5139635236078,0.29067193899782134,0.17460000000000001,0.025177777777777778,7.4813478705392118,0.72133313196522475,80.027899848090271,61.314449732608203,266.00271083244388,0.28336293338950164,0.17024061414930555,0.024115668402777776,7.4535043858781194,0.7243608209974417
ISIC_0027890,HAM_0006717,nv,nv,True,0,0,0,0.98851042985916138,0.070119859142634716,0.036034479380600393,600,450,600,450,f821ed6227ee67de40179a863065bc4b036a15c39074a9061bd56c9df3bc7687,ca7e1308c21fa760a0de2442966e05ddfbb41ffb88025f69f680d1d160392a11,128.52492962962964,26.846239973891851,102.18105505513033,0.47943231663035585,0,0,6.1401448039549287,0.1941750958030462,58.971707407407408,55.092482207879335,612.07429569689987,0.34072431372549017,0.30378888888888889,0.025488888888888887,6.9719997355030223,0.87323671041366158,58.966328938802086,54.683502323079416,234.28182746138839,0.33019136582584419,0.3023681640625,0.024197048611111112,6.9233048473019272,0.87349739615532018
ISIC_0027905,HAM_0006770,bkl,bkl,True,0,0,0,0.41571247577667236,1.2702516363262302,0.65278021030051314,600,450,600,450,4a9975867b4303322b21c40bfb330b8ec6ca1182f5159adc7004dba8e7763ab3,d6541883e904b82f3893f925f323fed07e7b150983bf4e5ab1feef4b01fe73a6,134.37957037037037,26.864166833670279,56.77338698661179,0.22656342774146696,0.010025925925925926,0,6.4363353631849609,0.19154263839239086,33.910370370370373,37.694095272089292,144.3475245265295,0.42449228758169932,0.63252592592592594,0.014955555555555555,6.2341753605291581,1.0344777124862992,33.903245713975693,37.557750905689403,56.335731079548964,0.41603493285334969,0.63709852430555558,0.015177408854166666,6.198207103939616,1.0353054681314693
ISIC_0027907,HAM_0007606,nv,nv,True,0,0,0,0.97937017679214478,0.11767332214507388,0.060472125191495148,600,450,600,450,0adc52e5b574d0cf48972b37977c88f744610aff4efd60d214d395949b432d95,470fd56af4df5eb4e24ba98c3e1dc06c8891b9f0dc29f69c8587a3a45fdc0356,146.34920370370369,20.591196638261263,27.449481365377238,0.20390226579520698,0,0,6.1383233663406296,0.13598852102347747,54.650992592592594,43.6252044178161,425.60956229903979,0.38414440087145973,0.28019629629629628,0.014185185185185184,6.9837025461965663,0.73317797270225216,54.650349934895836,43.256356655401909,172.39005334877677,0.37627006314678652,0.2784423828125,0.014105902777777778,6.9651149024733829,0.73281965336730803
ISIC_0027920,HAM_0001390,bcc,bcc,True,0,0,0,0.90327620506286621,0.40656918039932927,0.20893522786584345,600,450,600,450,631f3dafda7eb00778bf51e941e47f41a14dd4068b81115effebad963b74d3f5,a4a48db45daf118be534f805e1e89841dca763e2b6156998988d64815f566645,167.09415925925927,28.884175546427819,79.468622510274358,0.27383372549019608,0.00092222222222222217,0.019699999999999999,6.3670134921353627,0.13930836833424851,74.512922222222215,36.758593699894874,165.43867631665293,0.27685407407407409,0.046822222222222223,0.018459259259259259,6.5360292071585322,0.4166183091364129,74.514105902777771,36.52362166283433,87.709333171815047,0.27316056793811272,0.045525444878472224,0.018439398871527776,6.5216716522867006,0.4169046931633098
ISIC_0027931,HAM_0001220,nv,nv,True,0,0,0,0.50896954536437988,0.74233775003415448,0.38148613922104235,600,450,600,450,068245bb4ec402ca45d63a2d317262b21bc92fe32d54944428978db1935251d4,56fd0e0d7ac691165f5b84e2989a3316b64f155f4eca5f91bc47beaa234d9970,168.17842222222222,17.961926677143008,76.789825102537733,0.16669246187363834,0.0004037037037037037,0,5.8278277396245741,0.093399225262382618,54.434874074074074,37.385467508592086,709.64092241887511,0.49235677559912855,0.23501851851851852,0.010837037037037037,6.8703855152922682,0.58192711985021073,54.432990180121529,36.809566868221282,222.99748459085822,0.47984938278696893,0.2279934353298611,0.010647243923611112,6.8265722005009248,0.58298440373001392
ISIC_0027951,HAM_0005080,nv,nv,True,0,0,0,0.98444712162017822,0.086437410630263251,0.044420042041625751,600,450,600,450,af7b20d34a1593e97a415dd03a3321f362c3444c2b50d1287b9bb98856d1a953,74fbb494caacbaff0da092f727dc84d72b5a5a3980d73faa31948b37b387dc62,148.22601851851852,48.531468837045701,28.089264747928667,0.44862046477850398,0,0,6.7899694680476808,0.32219953160978204,61.60215925925926,68.847895530955071,283.79695753052124,0.31931572984749451,0.58010370370370368,0.028948148148148146,6.9918623143387357,1.0588886850168286,61.607835557725693,68.661983456545556,131.99354196017904,0.31280475026382082,0.58265516493055558,0.027642144097222224,6.9702694462368964,1.0602947548687351
ISIC_0027957,HAM_0001665,bkl,nv,False,1,0,0,0.49422597885131836,1.2565845946895284,0.64575674025831376,600,450,600,450,bdf9221337477b32db15eb4510f295944fc95d3026b74124737fd1d6d22eabe4,8e27e275d96abf57c56636c8ec2eb2e8284f24adbde08880dc0c9823f7d5aa0c,149.92531851851851,15.372161240204393,52.063973886296296,0.19666312273057374,1.1111111111111112e-05,0,5.6347955149296682,0.090549348785533904,49.201474074074071,33.09535752456766,596.13360708208506,0.39325173565722588,0.23215555555555556,0.011740740740740741,6.5701896732916785,0.54700928631489432,49.200127495659721,32.498814564802593,214.0403968834859,0.38215962328941994,0.224853515625,0.011610243055555556,6.5177130472217524,0.55416788143738382
ISIC_0027968,HAM_0000223,nv,nv,True,0,0,0,0.98585641384124756,0.081045108425210372,0.041648946876892329,600,450,600,450,0d8058175de1496d10476bd321916b746bdbcda3481c3bb7e32c428089d0be78,655cab843282da29b1f4b33368a73bb947f813ac9389f719ae649dc4d64fbde1,141.59235555555554,20.15105098094249,45.816791854266121,0.49008872912127815,0,0,5.5031833331360209,0.13498047521350987,44.169451851851854,43.385864280929532,377.21229255406035,0.38406319535221495,0.3984111111111111,0.016474074074074075,6.3601921240518502,0.90617009598155973,44.17205810546875,43.048427209251216,157.12575243464036,0.37452501616966227,0.39649115668402779,0.016004774305555556,6.2895619730465979,0.90281953495045131
ISIC_0027973,HAM_0002358,bkl,mel,False,1,0,0,0.51595407724380493,1.0239529523763709,0.52620772489082923,600,450,600,450,0f3654f5c0979c31e91b73296915b5667c2427dda6a97af5ab20a6f0d4de98da,8a165b97c7229ed19c767cd38b74967bb9967e044915de27d9e0d4c7a8fafc14,121.37814444444444,18.336767237031225,70.020272806364872,0.24003066085693539,0,0,6.1881124027220062,0.13000473702398976,109.86922592592593,55.022819424315301,1516.7463991755833,0.26127827160493827,0.056970370370370373,0.026525925925925925,7.7602683805679264,0.38581967933997735,109.87201605902777,54.08592920482549,525.72087252507981,0.25182693248740468,0.051927354600694448,0.023261176215277776,7.7400321063225412,0.38571545864723766
ISIC_0027975,HAM_0002799,nv,nv,True,0,0,0,0.80810028314590454,0.75047465019837645,0.38566767872746416,600,450,600,450,5e328835cd214f590b929a6194d1c07644eff3be70f43e1e5cd2c316a195278e,5e8cc9d2a0c0599ad98b761cffb678e5f88564059acd956f9f68390cb75c56c7,154.63921851851853,15.976067623874782,36.89927018895748,0.42747218591140157,0,0,5.6790503691919572,0.095732153035521461,58.02456296296296,40.48340634449432,777.46393009333326,0.52177641249092221,0.17675555555555555,0.015481481481481481,6.8489413916333426,0.61210673656401415,58.018283420138886,39.879780371930622,252.94411204033244,0.51331475949754901,0.16417778862847221,0.015353732638888888,6.7912129185055932,0.61330729451543964
ISIC_0027977,HAM_0004512,nv,nv,True,0,0,0,0.91341817378997803,0.30287575312113207,0.15564734747293962,600,450,600,450,6b59bef2980d4a6d95e6b3f99ec338bcf3fdc74fba25862cc2430e241f47f33b,526390a768505b9781a71dcf64944c8e3a07f617366cd2634f921a75d6009fdf,134.3213111111111,42.395667099357048,285.97358031987653,0.43894739288307916,0.0022555555555555554,0,6.5331910214504312,0.28006402662611624,47.154048148148149,57.675179258511065,317.63310713469139,0.3505251270878722,0.67076296296296301,0.019737037037037036,6.5265065199340437,1.1614015084844365,47.16339111328125,57.44724144560049,134.81522520217632,0.34242297070738015,0.67717827690972221,0.018663194444444444,6.4877062293677312,1.1625113993587592
ISIC_0027978,HAM_0006470,nv,mel,False,1,0,0,0.50965756177902222,0.73089356760267077,0.37560499283972582,600,450,600,450,80184311294d59278500970b3ff80c2b1619fbd110a35460af81fe8402667bb7,ed5bc7f16b680778153c0e6377c05706ed686072f7e8369c7cf192f55b62ff5f,206.52024444444444,31.062930470606418,48.045286908093281,0.17311125635439362,0.00010740740740740741,0.24612222222222221,6.3155051036115166,0.14016243727273536,34.617114814814812,37.662384157358488,107.412832413155,0.31526075526506903,0.58369629629629627,0.013459259259259259,6.298449985175111,0.99774393948183948,34.609903971354164,37.536950915456714,51.544591934408665,0.30972839222494553,0.58437093098958337,0.013359917534722222,6.2868991042030471,0.99694739611392558
ISIC_0027984,HAM_0007413,nv,mel,False,1,0,0,0.62234753370285034,0.84397656200929438,0.43371815621549753,600,450,600,450,91ec2b36a7f74ff9ef5055ea4aea10585a18fcf17611af37120dcc7f41244240,b170493ea97ad2dc4645855bf8a085a2bc2b12394b659d673eb03c915cd59c33,156.45564814814816,45.940270516568141,157.46156288373112,0.25599587509077704,0.0014037037037037037,0,7.0945638464413356,0.26901884294442829,51.246977777777779,49.72191068309106,213.63321718484221,0.48533037037037041,0.50099629629629627,0.0023185185185185184,6.8952924195132557,0.8548850195157498,51.249945746527779,49.525560897179311,93.331256917781317,0.4827543902760757,0.50162082248263884,0.0018310546875,6.8859107228652272,0.85486634383435001
ISIC_0028004,HAM_0004745,nv,nv,True,0,0,0,0.98906201124191284,0.065789460253276241,0.033809094569559259,600,450,600,450,11bc82c807fcb35ccdaa98b2f5b3809fc84a17b50918fd11dbff289768d43a6a,dc3b9b03d9a963f33294e8dadf52a3648ea1b8dfaba20a06402577097c650730,133.99124814814814,36.62745146994078,88.75150599395063,0.48017969498910673,0,0,6.5838896221193188,0.26370437333174834,55.677970370370367,60.094555314097491,421.79148791829908,0.35576162672476402,0.5184037037037037,0.025488888888888887,6.8559176872259115,1.0257899754563529,55.683139377170136,59.827098146593578,169.86464754446052,0.34819123178785399,0.52376980251736116,0.025322808159722224,6.8133802667696024,1.0263319217931883
ISIC_0028009,HAM_0005479,nv,nv,True,0,0,0,0.84948444366455078,0.48169397339893866,0.24754173445921338,600,450,600,450,079b542d4904b900ed7b548a6869669fb2e567f45b648fcb18bbd27c8c4b3377,0da6a3af731e647cf312ac37869c6e6ea05aa5ffef089c5988dc0c637ccdbaad,122.06672592592592,36.841196941674596,26.595796533209878,0.15714294843863472,0.028196296296296296,0,6.770147508053876,0.2933882340239552,60.179114814814817,48.310960140893137,106.04266683883399,0.17962389251997096,0.15454444444444446,0.018244444444444445,6.6615119726826801,0.75954965380650297,60.172295464409721,48.201623863870914,61.700682507620918,0.17749143114276961,0.1503567165798611,0.017903645833333332,6.6424323724711796,0.75881972249341012
ISIC_0028030,HAM_0007358,nv,mel,False,1,0,0,0.53634530305862427,0.72498041240141842,0.37256623218362717,600,450,600,450,c34097ee6c58326091798b9ee06b73a1430be0fa7f02a9dacc30c32392213bb3,f04145e55b38f368777ad5edb1ac43a491514321cce7e4419c1196fa3806ff62,158.73202222222221,27.079232218440882,444.75052945097394,0.48054503994190267,0.0060666666666666664,0.0082703703703703706,5.9340603758202057,0.15117963123216749,48.482500000000002,34.75095518604622,144.68793698928667,0.63519410312273061,0.11610740740740741,0.016774074074074073,5.7892192941293814,0.65042309025101974,48.485432942708336,34.578253728316014,63.498413063677745,0.63023439627587152,0.11295572916666667,0.016594780815972224,5.7468330738419624,0.65091371869321757
ISIC_0028034,HAM_0005753,nv,nv,True,0,0,0,0.98652607202529907,0.078243600432226529,0.040209256563162321,600,450,600,450,5a705d9f8e6ea255e545ec47ecf7964b26faa4a70ea4dbe29d65bc9696b6f315,3a1c476f4cd42874cba2f9a097db9105ec1bcd58b870cad38ddb74549753fde9,141.95422592592593,30.537564194879149,164.51653370814816,0.46139010893246185,0.00021851851851851852,0,6.6537989483181157,0.19983061605194871,95.774796296296302,64.104155221211442,1626.3303043331134,0.32833798111837326,0.11287407407407407,0.032385185185185184,7.7172438375900931,0.61154076797225776,95.77410888671875,63.376888505958497,447.43016498986589,0.31901640050551472,0.1018405490451389,0.02935791015625,7.670717557444533,0.61295091480258512
ISIC_0028041,HAM_0000796,mel,mel,True,0,0,0,0.80362397432327271,0.6625461630144337,0.34048137491655611,600,450,600,450,490baba13a95b2d95c9f1fe80aae27625be4162d66e79125f49e7d8a96ce6cd7,384e8fd5a459d2e68d650877141b91d85525cc16cc006ba388010c9eb2353a28,147.24109999999999,22.581593792232809,72.022105799506193,0.22610259985475673,0.0023962962962962961,7.4074074074074075e-06,6.0457193909920122,0.14087059460520734,41.80638888888889,38.762183173387996,283.9847328391632,0.31261599128540302,0.43434074074074075,0.011588888888888888,6.4112648908240795,0.81158425428062997,41.81219482421875,38.506690748711513,103.94902168816807,0.30314478656045751,0.43827311197916669,0.011542426215277778,6.3682541758830169,0.81442069223713154
ISIC_0028053,HAM_0002237,nv,nv,True,0,0,0,0.68239706754684448,0.88784805779863785,0.45626364517892259,600,450,600,450,95accd90aa5786e7637536bfaf4c01bfe2294e2fdc488c0bcf5871698c8665fb,bbf65c56a291318949cc53daf292ad700759d12ba27bc22a5c69a0b30c1d11cb,120.59588148148148,30.470029343979803,71.655428673580246,0.53157681917211319,0,3.7037037037037037e-06,6.6041391838818342,0.24209394563629957,72.804403703703699,51.657004378381586,456.47667248777782,0.47758438634713146,0.080248148148148152,0.024199999999999999,7.1170479018545842,0.64018081572662167,72.806911892361114,51.295875285034981,198.28874271427404,0.47420037296602668,0.0748291015625,0.023634168836805556,7.0955386181412523,0.63875363191619783
ISIC_0028055,HAM_0002697,nv,nv,True,0,0,0,0.99543046951293945,0.032601923382082891,0.016754074384118016,600,450,600,450,f4bc607f47a273c18008fbca842d7b12911511c003f0960b8c100d8672dca96c,140a2a2739437ff28396503b88b16542620ca64d3fc33c429285592d1788ac65,146.86199999999999,24.722049846090687,43.770919127229085,0.44776743645606387,0,0,5.7262391934636394,0.16273017293844086,43.894785185185185,46.626453827300764,310.36253967385466,0.33164168482207695,0.49392592592592593,0.015948148148148149,6.3879574895051734,0.99104819593028559,43.896328396267364,46.356354127649439,138.62481538781228,0.32248939397807735,0.49824354383680558,0.015218098958333334,6.3281666335428151,0.98799699338281544
ISIC_0028056,HAM_0004979,mel,bkl,False,1,1,0,0.5384746789932251,0.91588762806225277,0.47067313385815446,600,450,600,450,434e8fc3f15489a2305896759df452f236d538567571b28a5a47df541de22ffc,f3519474c49bc6c0a27c8fc70218ec753356ba6a54533f6edc7cb6f0ab46836a,182.17597407407408,26.191903607923106,124.80074930555556,0.28556223674655051,0,7.4074074074074073e-05,6.2938512070331258,0.1339965867338066,52.00005185185185,47.693908377209013,381.29568973222223,0.28032868554829343,0.34334074074074072,0.021033333333333334,6.8570385151038984,0.84630593463352011,52.000827365451386,47.426809782013805,133.89969719780817,0.27193619472528596,0.34345838758680558,0.020697699652777776,6.8259669112041212,0.8456112866723583
ISIC_0028058,HAM_0001005,nv,nv,True,0,0,0,0.93844503164291382,0.28001897265554615,0.14390128587976572,600,450,600,450,e7c0af402750b93455f352b84c20d7b74620da314ce3db0354f7ede6d5c6128f,33242292c82037bfdd9133d24e14842e8750a8c0507416eab39352b7095574ac,167.20184444444445,17.62668094232346,37.412125925048009,0.39274341321713868,0,0,5.4156947777916891,0.099640273090547279,33.958511111111115,36.362562618077128,296.90751450204397,0.38799543936092956,0.60464444444444443,0.015266666666666666,6.0069163746891068,0.98450440302659381,33.957417805989586,36.087685279398222,109.71385349002149,0.37678842316006267,0.61665174696180558,0.015367296006944444,5.9256476705287113,0.98833336925245208
ISIC_0028060,HAM_0005421,nv,nv,True,0,0,0,0.97974717617034912,0.11593645071374253,0.059579549842024591,600,450,600,450,88afc328e4d96c01eb9308511d8b282300b4549267a58a9d7732c6e072669a58,cf6fc52f33509a9f675dc723242af0be92dfe8ec105d1223833aa0fec3980af3,162.91402962962962,39.91083267298459,280.22203980629627,0.36173779230210601,0.0079925925925925928,0.0042370370370370374,6.0397015697775185,0.23526263092877114,61.362803703703705,47.098726798769952,260.2852962764884,0.38976904865649964,0.098522222222222219,0.023437037037037037,6.2402637389755196,0.71132561618054191,61.361429850260414,46.870720767935595,109.44661428898942,0.38563306887425108,0.097500271267361105,0.022515190972222224,6.1991283341767121,0.71102143533171613
ISIC_0028073,HAM_0006753,nv,nv,True,0,0,0,0.97845077514648438,0.11977252271724402,0.061550900885835015,600,450,600,450,d09b9dc1b4852b925369ba0c308adda9c7bd1a30c4f5ebe6e95adbaa6aec20be,a9ccff70dfa3f0962915c8ede00f216e1dea0cec38c037130b0da2fe7e73ee2a,185.19253703703703,19.704124588158319,31.401310962743484,0.34913684822076979,0,0,5.0603596062693317,0.10254208612569408,36.190962962962963,41.367516776546879,440.07610565913575,0.3745830501089325,0.64575555555555553,0.013837037037037037,5.9986971161506411,1.0745788971607655,36.196634928385414,41.061998385207659,132.59820395813864,0.36307833137595319,0.66255696614583337,0.013658311631944444,5.8843323732686619,1.0770187983952129
ISIC_0028085,HAM_0000065,bcc,nv,False,1,0,0,0.48947706818580627,0.85113635337651039,0.43739756113082306,600,450,600,450,6508d988bb7f53318bef87441c7f51412b65f1b15f563da0f67f9cdd67507eb1,530488ceaf564c6a06bc37c865e5a52563af8a9e4048f046fb35f33c1d428905,182.5378074074074,9.2495125120763113,27.454818404924552,0.13629838779956427,0,0,4.8677744389658457,0.047174509453170921,81.653599999999997,44.029818932039092,1885.2080244948013,0.52357080610021789,0.067685185185185182,0.016181481481481481,7.2492840272994528,0.44952483115052411,81.643954806857636,42.588743122965774,725.59609641557859,0.51401540053955608,0.051398383246527776,0.014790852864583334,7.16534559846286,0.44892620294319752
ISIC_0028097,HAM_0006928,nv,nv,True,0,0,0,0.97734832763671875,0.12611688103600158,0.064811256109244264,600,450,600,450,ab742ae75e8c961da1f76a14e84fe0398f04152f77caff3299aa4a5e213362e2,96f17e1974198f4423baabfc9fab40c94f2b674c94b06b180375a27ddf73ce8f,130.99467037037036,34.729840159738337,98.047233607681761,0.47828970225127088,0,0,6.6616930806266508,0.24439093538923959,83.788807407407404,63.042817001357193,684.31505359978041,0.28450682643427744,0.17985925925925925,0.024185185185185185,7.5130319495834144,0.69874555269258543,83.792867024739579,62.621714413281587,283.76719535721662,0.27706814768007898,0.17435709635416666,0.022332085503472224,7.4822554205581717,0.69941396908586984
ISIC_0028104,HAM_0002424,bkl,bcc,False,1,0,0,0.75869029760360718,0.89790207462486915,0.46143038776008044,600,450,600,450,0d293efa71506f03a0f31d871c75bd446f20503a231ddc729e620dab33ddded8,296ee6a6f41becf3fe3f6f7647114a52c611e6096700f68acbfd59081bd7e7af,161.44035555555556,28.580577546834444,52.425781408381347,0.21637337690631808,0,0,6.6873564108986452,0.16811658286483125,48.54548888888889,40.421878349224514,253.8359880655006,0.3840324183006536,0.3356925925925926,0.013277777777777777,6.816469286506095,0.75976953738289099,48.546637641059029,40.182855978105543,105.39549402377484,0.37832244008714599,0.33262803819444442,0.012986924913194444,6.8007103923078152,0.76081199850046466
ISIC_0028124,HAM_0001294,bkl,bkl,True,0,0,0,0.49487504363059998,1.1050117138600213,0.56786368805182219,600,450,600,450,886fdde645d55cec4e0c493f9a9df9511d20bff674942228934463821e4d8775,d67971e225bcbd5650eed933f9cfc1374656f308086943d07ac3a49cb8e93612,145.91905185185186,31.454643583306854,162.07649623043895,0.17047644153957878,0.025185185185185185,3.7037037037037037e-06,6.394770506768916,0.19670787529894182,25.217611111111111,36.380271477982788,39.634052219135803,0.44042809005083511,0.86386296296296294,0.013274074074074074,5.4186992863891046,1.3236804245191682,25.212571885850693,36.332006581594079,20.530180223930028,0.43715753825401688,0.86558702256944442,0.013400607638888888,5.3921389131102124,1.3252555707587945
ISIC_0028126,HAM_0004850,mel,nv,False,1,1,1,0.84087377786636353,0.48059664128109464,0.24697781730282425,600,450,600,450,2d8d2ef2c8ca6519998f42d36a338e9bb96f56a9d94cab9951cbb666be1c8e3e,a4640eaa041cf287feb560e83d65f62a282fbc1ce9ed4fc026fcd05653f03ddd,152.68198148148147,45.390918831524303,34.864836193360752,0.32362668119099497,0.0011925925925925925,0.00097037037037037035,6.6960971260203079,0.29042382792882271,47.897377777777777,56.943652413249616,186.56065923949245,0.40468503994190264,0.6372592592592593,0.026225925925925927,6.6520565343039406,1.1295835154828151,47.906907823350693,56.789309703848446,93.056330916322324,0.39895575363391883,0.64017062717013884,0.025967068142361112,6.6284147306710448,1.1323141935097432
ISIC_0028130,HAM_0007263,nv,nv,True,0,0,0,0.7712445855140686,0.71631022335892547,0.3681106364066577,600,450,600,450,5c66bf9ffb844fdf7c79e37341e93679233071ece55b8c46131d96cb071c60e5,4990056338e4146783345187dea3a1cf88e6139b1558a20d4737b8ddfac1a83f,173.80359259259259,22.630022709533879,45.703632783484224,0.1839034713144517,0.00025185185185185185,0,6.2807796888610756,0.11978679681354151,54.613751851851852,42.683280026838773,269.68915747599453,0.35780958605664487,0.28170370370370368,0.014681481481481481,7.016785564002026,0.70129914770328616,54.604715983072914,42.436823310822064,112.60521376500895,0.35139612268518522,0.28047010633680558,0.014628092447916666,7.0074080373106877,0.69883717026588688
ISIC_0028138,HAM_0004111,nv,nv,True,0,0,0,0.8539961576461792,0.45511229977218665,0.23388145644501179,600,450,600,450,c5f81b8983a17968cf42287d920c89694b0c7ecfcd6213f778655d80e832ae9c,42839f5ff232270ebae9240043c377c9ccda31ad53db7740d7976743fc5c2e1e,139.35056666666668,36.94476752473436,237.9651370238546,0.42631484386347129,0.00066296296296296296,0,6.4194389140594357,0.23266732265307111,43.110233333333333,53.072732139587188,289.87102221432104,0.35114262890341325,0.68546666666666667,0.015629629629629629,6.3712143601080848,1.1731802200866386,43.120713975694443,52.865582611349893,119.23180469166904,0.34098267399407678,0.69275580512152779,0.014817979600694444,6.3136247590324075,1.1753986296094419
ISIC_0028143,HAM_0006373,nv,nv,True,0,0,0,0.98808741569519043,0.082122559582468529,0.042202647240591667,600,450,600,450,7ef7522eaea0644e905f6a44e70e62e5087605e98899d49b748ae1a998d3e42b,4216d36e7b60b5371446f59f41c95fd9105c8b6fb0dbd16afc579c74d4442e1b,154.84232222222224,20.143145712620868,47.666060135802461,0.43829761801016703,0,0,6.0030974673585344,0.12482349747207275,68.684100000000001,47.774558816936896,901.3069070727023,0.36295208424110381,0.13005925925925926,0.022422222222222222,7.1659450334251176,0.6367500864482456,68.680589463975693,47.161311018886593,304.6956101320684,0.3540529471337146,0.11716715494791667,0.022257486979166668,7.118029744643529,0.6395501421749108
ISIC_0028156,HAM_0007498,mel,mel,True,0,0,0,0.66777956485748291,0.67711765262305867,0.34796963927228652,600,450,600,450,9120a696cc7e93444f598821ab1c5a56c5bca15798f3d1aa93fbe9d2143addb0,14f2126ccf51fe0afcabc72e0af1403ee13e517dbe28903238bf5bbae5456b0f,164.57412222222223,30.193461310293209,148.53641631274354,0.28280248366013072,0.0015888888888888888,0,6.1621858938063347,0.16001879986387371,47.412833333333332,46.545747569321911,481.52027961908107,0.43185105301379811,0.4317185185185185,0.016888888888888887,6.6467398551225969,0.89768517443574414,47.406663682725693,46.222168496177197,156.08203937094888,0.42357826648454516,0.43110487196180558,0.016628689236111112,6.6050266116617529,0.89951083460088255
ISIC_0028173,HAM_0005927,mel,bcc,False,1,1,0,0.6892240047454834,0.94116930586983927,0.48366534617579932,600,450,600,450,b03a3833bb78c2272d7ea79e3353aa0c9473f5a7db1ea963b7d3401b055dd65f,3bada6ddd3f4489e17d4ef56cd4ee14f94da9186234cee4ae8a02169e4d44179,158.03385185185186,23.715482721606005,125.16793933739369,0.32096748002904868,0,0.0022888888888888889,6.5709678016199486,0.14097282690431945,121.37089629629629,43.832029541365884,736.29710084521275,0.18843051561365287,0.020225925925925925,0.024959259259259261,7.4086794843628798,0.31449810251328181,121.37369113498264,43.250090435221281,273.35644472303034,0.18338205507897604,0.01910400390625,0.024373372395833332,7.3940647073247696,0.31442733095134262
ISIC_0028188,HAM_0004877,vasc,nv,False,1,0,0,0.68509024381637573,0.820565696234826,0.42168735110055749,600,450,600,450,f2dbe6b49b15233e2caee549c25b9dfd21e8469f25af4e3f919697effd1ad0a7,6a179a35c738f4f49537e58a151d135db4e5f592ab8c5bf9f2a987d364ccfcd4,181.97048148148147,32.442289772673284,15.527383762908089,0.18709414669571531,0,1.8518518518518518e-05,6.4777252451568756,0.17510990222391576,54.162974074074071,52.379979623679745,169.01046884432103,0.50141600580973134,0.47218518518518521,0.014955555555555555,7.0114174158415583,0.92096502120017887,54.167182074652779,52.248900422892255,71.931332870582025,0.49806339039522057,0.47285291883680558,0.014885796440972222,6.9975807427026178,0.92123576739387325
ISIC_0028212,HAM_0006266,nv,nv,True,0,0,0,0.90874993801116943,0.36913379525299661,0.18969724549316991,600,450,600,450,b0320910c2ec6b419c08ac715fd8fba84a52ee9f2c0ab54945c0301515a6cb4f,b68e2948cb37126bdaff54185c18d6a048961057c81c182d7a7d04b259dcff32,189.62343333333334,39.302903970425881,25.700224236543207,0.19791523602033406,0,3.7037037037037037e-05,6.2730221399382833,0.19984011571084029,38.824577777777776,50.921425720558155,132.96738255533603,0.42736440087145966,0.62175925925925923,0.022822222222222223,6.4634071086831364,1.2428209830941253,38.820821126302086,50.813241052648245,60.24605316512379,0.42451134642224947,0.62197536892361116,0.022223578559027776,6.4629119940770368,1.2416424990890409
ISIC_0028221,HAM_0003930,nv,nv,True,0,0,0,0.92122906446456909,0.39167643805086871,0.20128187225962979,600,450,600,450,fdfc89ff2fbebb0d20e7176d943186ca96c5936da90ee08026fdd5caeac0c8cd,daba30a82dea18e53ab846d60ab130b13a9e2a2309839ac392bafd8623703001,132.57356666666666,27.924077805343703,45.505396891961581,0.43241527959331877,0,0,6.7564819530182971,0.20209441055098509,94.609322222222218,56.12955474006894,884.53402683389572,0.3200459259259259,0.10644814814814815,0.020470370370370371,7.703377025694186,0.53220877602845162,94.606574164496521,55.577753273976924,322.87285895475458,0.31335600809334146,0.102294921875,0.019510904947916668,7.6854709488144799,0.534103241195648
ISIC_0028222,HAM_0001968,nv,bkl,False,1,0,0,0.55758488178253174,1.2290986038172298,0.63163173511064929,600,450,600,450,f4820d4d3f51b879f8eb2567b30cf77f1b289529efe00f833b3d5776c6668e01,84f84ecb0c033ff4c605f1038a7896126abaf8c97eee27a8d399a431bdc7e9e5,108.46907777777778,62.806621903484697,3473.1909506606858,0.16295706608569355,0.080533333333333332,0.0091481481481481483,7.7140955636999013,0.45343504949192304,67.122314814814814,57.444750704746916,515.08610394513028,0.26467570079883801,0.27782962962962965,0.022722222222222224,7.3495385542873439,0.74315937325754999,67.127671983506943,57.015455768597633,244.92839630219487,0.25883188019131265,0.2750515407986111,0.02105712890625,7.3428630993963768,0.74087959579352203
ISIC_0028242,HAM_0000768,nv,nv,True,0,0,0,0.76725441217422485,0.72169493635816462,0.37087783149110354,600,450,600,450,fc16002cbbd67ee7be1c9762d68b22e97e93309097758b0a996f9d6dd23455d8,d358077b7212a9f4f1d69e5b3bde76f781250c9b9632b299d40d7f4e9f3e529e,129.96293333333332,30.97831673192886,148.98521196048011,0.55347478576615827,0,0,6.649061197974703,0.23048438936831703,94.369525925925927,48.164521277069994,1453.0395620295062,0.28561726942628901,0.056322222222222225,0.015655555555555555,7.4839719282574686,0.44696496730790652,94.368801540798614,47.283210961280126,416.83703090374661,0.27848929610906864,0.047471788194444448,0.015068901909722222,7.4359173070653757,0.44683593170877861
ISIC_0028246,HAM_0005538,nv,nv,True,0,0,0,0.97417986392974854,0.13880212867117434,0.07133018384150934,600,450,600,450,5ba104d36d9959d66b823d63b3fd7eb68c1eb3c80b456f67e542042d6f22b0db,aa910762de001d4ad2a85bd00a9dfe6848f56162f33da02bc40743e1ab56ec27,173.60524444444445,27.83886846983885,42.985803390932787,0.31047394335511985,0,2.962962962962963e-05,6.3877688959907371,0.15579944188385922,60.019244444444446,55.771526852231119,669.19748836432075,0.36381904139433552,0.36264814814814816,0.025277777777777777,7.0808475000869819,0.85874361935319132,60.019849989149307,55.351025240171367,250.19813606028023,0.35426448248570264,0.36525472005208331,0.024590386284722224,7.0202987338050962,0.86151675999056765
ISIC_0028260,HAM_0005139,nv,nv,True,0,0,0,0.79536920785903931,0.69323119489083374,0.35625036193340104,600,450,600,450,128070b34e4e7dcfff15f1d2649667555a991f126186ad86448f25376d440944,b20296d901f0b8d484834764facffd0c3323f0d38be50a74d7f35fff66affa44,120.22280000000001,29.662073504804827,478.74217180179704,0.54065449527959331,0.028914814814814813,0,6.4577921480404212,0.20397259594889475,19.470103703703703,32.998816964041033,1008.0050218968994,0.85888636165577348,0.92583703703703701,0.013492592592592592,4.917487194659623,1.5346779621741897,19.466932508680557,32.289750107240941,213.68726213400566,0.85597530190461601,0.92580837673611116,0.005635579427083333,4.8867188597621061,1.5354978740694665
ISIC_0028262,HAM_0004959,nv,nv,True,0,0,0,0.98995155096054077,0.060542044317078082,0.031112456218222413,600,450,600,450,31ec428c2652252ef2982061426f81aa9e8a9deddfbd45b7b1980da95021560d,e2a782b9cf5cbc913c02576a979ae2b1662b07ac2a96aec01042b85d45b3864e,179.36073703703704,21.358706228446344,28.988781134691362,0.35546278867102393,0,0,5.2445019393551284,0.11546315799032109,33.801870370370374,42.250332019535342,306.89406939246913,0.42411985475671748,0.69356296296296294,0.018466666666666666,6.0397844747794887,1.1871162187133131,33.805223253038193,42.014206905877295,106.62640424109534,0.41236689282918032,0.7061767578125,0.018324110243055556,5.9499530930590163,1.188416820715281
ISIC_0028271,HAM_0000025,nv,nv,True,0,0,0,0.73691177368164062,0.57897736924207088,0.29753551032309933,600,450,600,450,7918c4e36882068862d7e11ebc999c9eacf403630eccb6c490473b85630240d2,ad91bd740e96f7db53af7069974a621a009a4cd9c6e7c3b9ccb07c2e85a570c7,119.13952592592592,42.373062799784876,67.350524710987642,0.40258360203340593,0.0019962962962962964,0.00012592592592592592,6.9648272609459543,0.34369861087096609,74.109114814814816,62.688871372494724,305.34252588290809,0.28206230936819171,0.20982962962962962,0.030411111111111111,7.1587498491462984,0.78164831623141651,74.109422471788193,62.458209958232416,153.2704595413841,0.27869990064168032,0.20658365885416666,0.029649522569444444,7.1432318683790914,0.78248974189165421
ISIC_0028281,HAM_0006300,nv,nv,True,0,0,0,0.74206852912902832,0.77787804912466585,0.39975024001098131,600,450,600,450,acc4b9a8b8ef859f204a60041471d94f4452b71c019a8e8818f464e27d1d0800,5af9a6e16234182e67c0fc919e706669ba99703af622d6701bb87d466df7d380,165.44916666666666,26.73513573256902,24.419203264183817,0.14230618736383444,0,7.4074074074074075e-06,6.5214109436723975,0.15555748504737615,65.97815555555556,54.389831469353645,386.56964682710554,0.32211159041394333,0.24222592592592593,0.019114814814814814,7.2814999922899037,0.76156145848811296,65.973225911458329,54.108337502981477,164.46971331329812,0.31430589596949893,0.2405734592013889,0.018202039930555556,7.2643177836218706,0.75890503875492732
ISIC_0028283,HAM_0000655,bcc,nv,False,1,0,0,0.79575377702713013,0.6901135620586849,0.35464821558884224,600,450,600,450,72b5e5ee2626de21e1134d0c32faf077a9377732037200b57bc3a802524feea3,7d2b3f3d29a8b60135356c8eb1003fffd402eb2426ac44ffd22e711d89f52dbd,164.17634444444445,10.767280118740857,14.283062842469137,0.32961867828612923,0,3.7037037037037037e-06,5.4312006453386461,0.057733682023555249,97.313885185185185,51.019196152923861,1078.7860776680252,0.35619019607843139,0.059174074074074073,0.021299999999999999,7.616075218972556,0.41279550363260531,97.317192925347229,50.183783347684596,442.74607761700946,0.34827529807495911,0.0546875,0.02001953125,7.5944101261176931,0.41180284110289239
ISIC_0028291,HAM_0006253,mel,mel,True,0,0,0,0.84627234935760498,0.54849265300377603,0.28186946518062739,600,450,600,450,887a0ea3bb9e04a1453953ce1f9789d11c8713daa47aa815495a4c99627e2ac2,a31a0cb1bbfacf7c3f61278a55d209406a943bc5ed7fe8ef55c8e24178893292,166.01085925925926,29.278020839850335,104.0577553446365,0.25976074074074074,0,0,6.1543375942931569,0.16650901043511879,45.513603703703701,47.712721575324451,517.47055920821674,0.43944653594771238,0.50051851851851847,0.015614814814814814,6.5991980989994712,0.95846648631101905,45.509677463107636,47.377495893891442,164.61588541206757,0.42616535926436544,0.50716145833333337,0.01556396484375,6.5317713059299907,0.95766895369298621
ISIC_0028302,HAM_0007302,nv,nv,True,0,0,0,0.90229558944702148,0.35930225429530571,0.18464483289207226,600,450,600,450,2af351be11525df840bd38f5296aa16bb5d99c18173f3977d3fa9b9497e59c5a,b8a0792380383921433df993b40377cd3721b27eace48f3abf5d08e0e68968fe,176.63382592592592,24.311365157200349,80.562791748916297,0.28547912854030499,0,0,5.7461686831246084,0.13039428068501635,39.232488888888888,39.515986648044048,467.88654840876541,0.46482983297022512,0.48564814814814816,0.01467037037037037,6.1915801756806106,0.93125261648502478,39.23077392578125,39.187623562224864,121.90289355188978,0.45566869000204246,0.4939236111111111,0.014397515190972222,6.1006005349537018,0.93176086463479513
ISIC_0028309,HAM_0006770,bkl,nv,False,1,0,0,0.56071525812149048,1.0225262140617086,0.52547452643592896,600,450,600,450,945d21240da5bc2363ae04d716902c3b5593bc4f48616b7cfd9b758e37c4ccb7,b55bed9b875f2cccb0d759300a96394ab586c768ec95574804cf749831263454,146.7091074074074,18.049863034761476,55.378555221728391,0.23785729847494552,0,0,5.5434890793390093,0.1126078905280111,42.127825925925926,37.489244252275007,502.93145060080928,0.33588126361655773,0.39086296296296297,0.014437037037037036,6.4365281505782797,0.80265011290828292,42.127081976996529,37.067175166059634,170.20282012513945,0.32479793241081156,0.38751220703125,0.014234754774305556,6.3714849649612892,0.80550969898502811
ISIC_0028310,HAM_0000693,nv,nv,True,0,0,0,0.46495822072029114,1.3288179316534705,0.68287733238791914,600,450,600,450,88ce3d99e3437ac82ab46e3a7927ffe40f6a1451f9dee722b7130d9fc08d39a8,e37d72cebfd552c3cd507988fb98ac91508e1d22d688d2a70f3cbff08cd9293e,133.8487814814815,21.490174059504621,41.991369973936898,0.22893876543209876,0.00027777777777777778,0,6.3966389498688976,0.14296617095914166,83.324270370370371,49.479050417407791,585.62466740432103,0.28335724037763249,0.10856666666666667,0.015844444444444446,7.5110144056907133,0.50015043577442475,83.324985080295136,48.992568883033506,232.66792458001476,0.27694482741013071,0.1036037868923611,0.015184190538194444,7.4976488632662779,0.49935593235377129
ISIC_0028311,HAM_0000600,nv,nv,True,0,0,0,0.83708560466766357,0.47874361374014346,0.24602554952116393,600,450,600,450,7d2870cd8c0f4473ca35ae0475249135edfed7736c55809f7f3d80a7d53c8ea4,d94b17033fe033e789ad5e07aff698650ea1808a848517ff32d862ee78bf28d5,144.55758518518519,14.422908560822764,31.748903087187923,0.41131758896151055,0,0,5.7384833465816385,0.094851806065419611,86.544148148148153,50.427744559036,1585.1043750397805,0.49866363108206246,0.075200000000000003,0.020059259259259259,7.4818286750742127,0.51505229705503208,86.540913899739579,49.41630389668731,529.3072285900513,0.49028708597154141,0.06317138671875,0.018310546875,7.4254459678464926,0.51402722151777802
ISIC_0028326,HAM_0002471,mel,mel,True,0,0,0,0.87183851003646851,0.38926154096705434,0.20004086065126403,600,450,600,450,371f8ef861129b593794316a4657fd50d8c68c05779a8d55a68646d2db15dc4e,b3dc1e5fafc249e80a0b98d10acdc868314ea0ce04968c7f85a9093d69cd0ce1,164.35611481481482,29.43737698437398,123.13034745370366,0.18514594045025418,0.0047740740740740738,3.7037037037037037e-06,6.2317070371769114,0.16377162253612942,38.986962962962963,38.336402394515112,244.75081641432098,0.21670291938997821,0.47057777777777776,0.012566666666666667,6.3513540630103664,0.8508578488423304,38.974127875434029,38.072987230063568,102.55217649645093,0.2068335705593001,0.47449408637152779,0.012064615885416666,6.3244998106540837,0.85840756785981542
ISIC_0028331,HAM_0002962,bkl,bkl,True,0,0,0,0.87020081281661987,0.43182328802727854,0.22191327191387386,600,450,600,450,0801c56e002fe0f6ce3c28f9b2037f0e28bb027764c68f204408f688c2e10928,08213a52c27cefe6bf53bc0cba7cf1624366cf969c65b39720217fd6ee0c2601,149.33020740740741,27.226873572806234,136.36170137525374,0.45583838779956426,0,3.7037037037037037e-06,6.7048668784542871,0.17079207848899994,85.80604814814815,53.738074381528762,1349.2059612739508,0.30563041394335516,0.12888518518518519,0.020270370370370369,7.5953920888827078,0.54825975746175803,85.808186848958329,53.000829198774071,367.63584778664841,0.29428649769369553,0.12129041883680555,0.019049750434027776,7.555638316876629,0.54932314235047996
ISIC_0028359,HAM_0001842,nv,nv,True,0,0,0,0.85565978288650513,0.55948086316528856,0.2875162881682391,600,450,600,450,ae9eb1770cfad04c94785d22b4ad0f6bd35906b7cc8026f09b10296dc3613ed1,f7c610fce2c366bfb86beff2783851bdcdd268b20579baf08ed2012d2a9b2c52,140.72157037037036,14.384261045678821,114.31473955506172,0.51494383442265801,0,0,5.7899893476577553,0.093791924574166505,90.596888888888884,44.647346542476086,3098.6427726410971,0.41460790123456787,0.04756296296296296,0.015229629629629629,7.385582930039293,0.40983664941039172,90.593451605902771,42.78504814804888,817.78674461733976,0.40409347766884535,0.030795627170138888,0.014248318142361112,7.294810478002093,0.40959425763312235
ISIC_0028367,HAM_0003912,nv,nv,True,0,0,0,0.95194035768508911,0.22694336541733698,0.11662581929978208,600,450,600,450,b1b12127d43f628f6cbac4c6a0143f27de234b2f81c5bed17525a0a4844fb12d,1a5ab17a7d8e3edfb3377422255d13c42af9a0c942fdb989ca9f7a968c6234e2,148.00454814814816,17.754001574488527,23.764998909135798,0.12876727668845314,0,0,4.8885567373809717,0.11417444811423323,27.226755555555556,37.721346600107374,176.65220383950623,0.558759883805374,0.82684444444444449,0.01708888888888889,5.5923149372601975,1.2855996410542287,27.215630425347221,37.545676194965509,79.57803002105635,0.54791898041768783,0.83701578776041663,0.017049153645833332,5.5257388077807503,1.2821619600371155
ISIC_0028368,HAM_0002409,nv,nv,True,0,0,0,0.97745716571807861,0.12990169918108693,0.06675626788017458,600,450,600,450,eedd875e087ca62ab95c5b23a619042b1aefc0089275fa8cbdd69c1c1d489bb1,e9fb98c2532d17bc4131d1281040567ba5fea1d050309d6685bb28e5b8e6a11b,155.69446296296297,36.297228734238999,80.134029625185164,0.1563927378358751,0.013944444444444445,0,5.2735086497897301,0.22413430875837026,28.357237037037038,45.175709675248399,260.69461849545962,0.37395153231663031,0.85277407407407413,0.013822222222222222,5.6192425926961125,1.4499434161978695,28.353373209635418,44.931735616301332,114.81047130950992,0.3629043213422522,0.85291205512152779,0.013115776909722222,5.5689374880714313,1.4464264190554774
ISIC_0028372,HAM_0006482,akiec,bkl,False,1,0,0,0.4464850127696991,1.1829195586761236,0.60790040036041704,600,450,600,450,4c1a86ab9faa108242333fe18c7edbd85d3c4f5f5386399c6eb174d8bfd88224,9cc069a32acd3ec087c71a1c93f16b236dc4cddae3dd13825235d48e58d1eda6,154.64585555555556,22.798995759427545,32.282386503580248,0.36110415395787948,0,0,6.3945037028455953,0.13785340284713168,76.42793703703704,52.26666779588043,742.35066524936872,0.28306987654320986,0.15891481481481481,0.017251851851851852,7.4781162336789215,0.60256924417371582,76.426581488715271,51.727995222253881,298.14484834666422,0.27455911075367645,0.1517333984375,0.016445583767361112,7.4595399654591095,0.60260734878129041
ISIC_0028374,HAM_0005398,nv,nv,True,0,0,0,0.77282053232192993,0.55593707068298437,0.28569513908588062,600,450,600,450,4d82e527550c8618867290c4b94fd812021ef987249b376639e09bebdc8b32a1,f0ae011317dc96b76d411fd144ae15329cc1d14a81c5abc52ce7d26539f226bc,181.34025925925926,28.766206664395472,37.477720272578871,0.34368379084967315,0.00011481481481481481,0,5.1718074621204106,0.15235089000778143,22.008833333333332,40.637688123788443,84.204242379368992,0.40248824981844589,0.92648888888888892,0.015096296296296297,5.1102821801273866,1.7515324924341422,22.016201443142361,40.554257675168785,39.544582684420874,0.39463451776109748,0.92732747395833337,0.014906141493055556,5.0571973124444938,1.7533492553989829
ISIC_0028382,HAM_0002522,nv,nv,True,0,0,0,0.89457619190216064,0.34150734345426709,0.17550005770824501,600,450,600,450,2ed8e6e20c2bf9b259d738a97a3f4808e3e608e32d21a6297c66153c8e913ebe,dcb2332c09fccc4963bf23516b1bbb6cd43c49c0b2946e99c7ab125810cc48e4,161.52578888888888,29.891201630801156,34.737208725802461,0.43597321713870735,0,0,5.6707871289426954,0.17920461571484952,33.460959259259262,47.901501193191272,179.74267252179695,0.33918701525054468,0.79916666666666669,0.020096296296296296,5.8607237568824058,1.350471844075295,33.4730224609375,47.744984179402337,79.945627861368791,0.32891571776279954,0.80685085720486116,0.019951714409722224,5.7949159502590808,1.3493509255608951
ISIC_0028386,HAM_0005751,bkl,nv,False,1,0,0,0.53572750091552734,0.81419169121838353,0.41841176048835121,600,450,600,450,49ec9ab7dea6c0062ebe7b901d13eea53fe374a6deb55e0b262322300e84083f,0afcfacfb28cd5626d8d848d28ef700397d8e01cdcf965c865fd2c1babb1e7da,158.53274444444443,13.620984424418339,72.846322189286695,0.37306140885984024,0,0,5.4180107818818444,0.079343528556855974,81.70794444444445,45.504178113385272,2595.1968449569149,0.34884820624546115,0.060959259259259262,0.020314814814814813,7.2577295398355677,0.47635462061995437,81.704508463541671,43.905411503056769,729.90182712632748,0.33634325746357574,0.041056315104166664,0.018731011284722224,7.1498798510452408,0.47582811568639244
ISIC_0028392,HAM_0002634,nv,nv,True,0,0,0,0.99058717489242554,0.063111784604935259,0.032433041492472982,600,450,600,450,bf5833d01994c2c313af224791ea63117ba070f42024825283b16ab1745e7bfc,915153b4b9db1e5d3177ef2b729aea5c4029e8784d4c0eacaad5ffa50623df11,170.14427777777777,25.200992092402991,40.559840740727019,0.39602862745098039,0,0,5.8888040996527478,0.14365637210889751,65.842511111111108,60.589266781351036,914.91418057545957,0.38089143064633257,0.27546296296296297,0.032470370370370372,7.1423080324908668,0.85453394553090412,65.837510850694443,60.087957196908746,324.86744726955152,0.36954218047896242,0.26793755425347221,0.030646430121527776,7.0694598789492265,0.85452138130331234
ISIC_0028404,HAM_0000881,bkl,bkl,True,0,0,0,0.39231580495834351,1.3662515630981726,0.70211441353623183,600,450,600,450,ceb2f6bc0e415e685362f9c90a52a7e9a1b334b58f3833ce2e0f457d58a59c07,c29772d84eb3ddc13e06254a5d798055966c9bf395c724a59be7f6f329ea9e9a,167.05730740740742,14.761056908170277,89.185583264183805,0.30275002178649241,0,0,5.6841821063377367,0.078763340206719476,76.16099629629629,47.403637016739559,1513.3742584965705,0.39896848220769787,0.1143,0.014137037037037036,7.3645910744876808,0.52453552574117257,76.156602647569443,46.376451640190268,530.09785383259066,0.38917994281045754,0.1032443576388889,0.012729220920138888,7.320463605975819,0.52302611266255394
ISIC_0028415,HAM_0000796,mel,mel,True,0,0,0,0.67570704221725464,0.65211869147381918,0.33512271457672654,600,450,600,450,610f2f9a62ca9186cd31d3c37de77dabece682c1dea203f831338915a00b1de3,00e0f4a7f5937984a359532d63066f9e7ef622cf606053189b82ecb5e7bb75cb,141.83448148148148,33.499855001201254,70.785859027434839,0.34361439360929558,0,3.7037037037037037e-06,6.5163274570137926,0.22691127807603997,79.776270370370369,64.449660808930247,827.48761400444425,0.33155459694989103,0.19681851851851853,0.034355555555555556,7.4302808386066292,0.74428190890767232,79.772650824652771,64.011328984412842,303.89142131248929,0.32413518901484206,0.18952772352430555,0.031914605034722224,7.3888245019763179,0.74541824070785156
ISIC_0028422,HAM_0002820,nv,nv,True,0,0,0,0.89489012956619263,0.39117249382922575,0.20102289615948066,600,450,600,450,08fe925db3b74a64e86a1fe7276d4c17f526842b43ba7c02a983014212231896,6e1e525d3b59d7d0f31dddd1453ae405f5822485bb162a560bf13e07cf8c37b6,148.03832222222223,38.107335372406475,38.09919510253772,0.44043769063180827,0,0,6.8255931149729063,0.25263592307300725,67.22173703703703,62.374378222250293,442.40511625739367,0.35307571532316634,0.34046666666666664,0.033796296296296297,7.214280299645405,0.88389166956049714,67.225470648871521,62.10793612814745,178.73537852366766,0.34881352443321079,0.3420749240451389,0.031968858506944448,7.1885470940146989,0.8863998579714828
ISIC_0028427,HAM_0002931,nv,nv,True,0,0,0,0.89585834741592407,0.34339431432316031,0.17646976890986923,600,450,600,450,63cd55edcffefcebf9a369606b1a2ea6544000473b942231b408e5996dee43b7,91e8ff2928dbbc851ba9868e74b0508d7806e00f6d41f1d84fffe86d7ae7a357,139.52728518518518,38.444657144082804,178.64451110447186,0.39800428467683369,0,0,6.8505075415299173,0.2480945053843624,66.94445555555555,63.377859202066084,528.60922543592596,0.27174878721859114,0.34704444444444443,0.024855555555555554,7.2255902066107556,0.88672382136596928,66.951070149739579,63.05676758165415,210.12607125422835,0.26234269152539486,0.34778510199652779,0.022481282552083332,7.1963862579755986,0.8886054019025349
ISIC_0028430,HAM_0004267,nv,nv,True,0,0,0,0.99796497821807861,0.017349337643172629,0.0089157958560395316,600,450,600,450,dddd325942aa1705f9707e1ee4789dac18dc5367d6f49aef1ddf883af4128a68,66d118396fe5d74568abe680e582481ada756ed7dcd67dd43da0e7df6641fa5f,171.20688518518517,28.604571675562163,64.134013445047998,0.17128441539578795,3.3333333333333335e-05,0,5.3804301338768958,0.16073729865215658,38.742622222222224,49.735805207541055,431.93677946171448,0.38400647785039943,0.69190740740740742,0.021418518518518517,6.2157100636400475,1.2126898822211114,38.757405598958336,49.418218761381198,172.03236818148034,0.36645071657135075,0.71206325954861116,0.020704481336805556,6.1159096686125416,1.2142915121230424
ISIC_0028452,HAM_0001191,nv,nv,True,0,0,0,0.97880744934082031,0.13643182167053394,0.07011208700297282,600,450,600,450,39001ff758bec378a516147146512198958a8351b67142bdeb3a6b4530b00488,718b98445c7ca819441a72631ddc0db68ade202dec62b5dce2b0d16b76154acf,116.3375037037037,22.694275557986824,67.064052381879279,0.54546906318082788,0,0,6.436157143565417,0.16526017584466107,77.135837037037035,50.489130038089115,796.46803332998638,0.31739779230210602,0.12247777777777778,0.017955555555555554,7.4185440666000115,0.59171217141706245,77.134724934895829,49.945496793736744,278.52964484176516,0.30881079048372823,0.1143527560763889,0.017198350694444444,7.3932497962258452,0.59246217357838027
ISIC_0028458,HAM_0006680,nv,nv,True,0,0,0,0.98973685503005981,0.065859129422804544,0.033844897440294133,600,450,600,450,348cf1e9b6c5cda0418506e57f8e1dfe1314122b6d56306693df92d05a97427a,6aaebf5448121e250a93b96988b119abde75018bf624d61157d4219b24a832a3,163.9505037037037,15.360923550974245,48.713937022098776,0.40832518518518524,0,0,5.1893199606686977,0.086378708718550745,40.823618518518515,34.594853673402078,464.41804055296302,0.39837318809005084,0.35644444444444445,0.014411111111111111,6.14229167612159,0.74802019280649357,40.818311903211807,34.126651947858797,174.00406999605491,0.38713775169355935,0.34834120008680558,0.014309353298611112,6.0423094970744176,0.74363628000673776
ISIC_0028459,HAM_0006109,nv,nv,True,0,0,0,0.88608300685882568,0.44641449030569635,0.22941166657793449,600,450,600,450,4afb48a50cacde3ff395805bd59a7231239bc29ee3d2bbbf56d1f16429da45a0,b80db40d6e99f5283205c55e2dcd5710bff27a9e1dacb3c700b73fe4bcba4a7c,148.16864444444445,21.258087345052392,34.758884465829901,0.40830932461873642,0,0,5.7627506642400093,0.13685758989953153,57.31278148148148,50.531279652314353,610.7907289250893,0.37904366013071894,0.25392592592592594,0.024785185185185184,6.8918901596636744,0.80634170831252894,57.311794704861114,50.111393718123466,224.04880508210192,0.36866088069342323,0.2460598415798611,0.023844401041666668,6.8353878266156691,0.80748485886285171
ISIC_0028473,HAM_0004889,bkl,nv,False,1,0,0,0.65378016233444214,0.96374537693748041,0.49526715167468177,600,450,600,450,13c44f6de4665960da22185a7d718a1c4e0b5050e11b5beb687e4b84eec97c15,b2ff2717e89a1782498a0954826275128455662ec19899bfcb03e4192b97e015,182.64707037037036,17.492263261506867,90.184612722962953,0.18771205519244735,0.00078148148148148152,0,5.4122486108427523,0.085731540511367291,52.522922222222221,41.252411114017043,657.0695034682991,0.49313317356572262,0.25929259259259257,0.015903703703703705,6.72445181361135,0.70321293591253053,52.520968967013886,40.71989061135249,241.61422386061815,0.48564083456733387,0.24964735243055555,0.015489366319444444,6.6700336674584477,0.70265519078637728
ISIC_0028478,HAM_0002154,nv,nv,True,0,0,0,0.71492326259613037,0.79215913721357456,0.40708926750710789,600,450,600,450,b37f98d25a28b047db3cdd2d27f675165b5d30681e88e300d8202b0f95a60c1f,7b26057ac1615fae916ea67b61ce447a83144e02b4160b7f328a6e827a678369,170.46589629629631,28.69438169121435,23.986032613978047,0.29150235294117649,0,0,6.2454474639428614,0.16270617859694309,55.275733333333335,58.42871688060653,429.4262059476543,0.32102262890341321,0.4698074074074074,0.028785185185185184,6.9821753089333765,0.98767481508610599,55.27105712890625,58.153686889241591,176.58195675408217,0.3113569538058279,0.47156439887152779,0.027655707465277776,6.9548274220641888,0.98873241234046449
ISIC_0028479,HAM_0002821,bkl,bkl,True,0,0,0,0.61807531118392944,0.98579627275496884,0.50659907048305708,600,450,600,450,96d691b02fae6f65837bf85c99eddfd85ad4b41ea084f15bff06582f7d580e0c,578a1159794045a039fbb6842e414e351c327c8d70597a77dc937a43a499d6c1,125.94091851851852,29.312631680646021,88.161090838395054,0.24537240377632533,0.034303703703703704,7.4074074074074075e-06,6.3463932587658896,0.22034622910337789,29.760133333333332,40.944814770307786,73.789162878888888,0.59254795933188087,0.81144814814814814,0.01801111111111111,5.6714934012067948,1.2664692027031859,29.747260199652779,40.878339761490082,30.187084892971647,0.58921270765250544,0.81582302517361116,0.018079969618055556,5.6398432616348417,1.2689007864056634
ISIC_0028481,HAM_0000396,mel,mel,True,0,0,0,0.63426989316940308,0.91026593277716217,0.46778415396983858,600,450,600,450,659be340e43738b8b088fe120676db6cb9ca6169f9a7b0c13f458ad1cd6480c2,d7b3420decee3e137ab1ab6450984886705bc86ad0af0897e77fee6238c3dfc7,139.19130000000001,21.244274014050802,63.985986705061713,0.22321421931735658,0.00026296296296296294,0,6.3789706380464208,0.13832411803700401,89.6691,53.486179918059555,865.96699261727008,0.26861716775599126,0.10804814814814814,0.020237037037037036,7.6416291011011115,0.52467469580652903,89.667392306857636,52.950918331678018,297.79693658852278,0.2601113313163807,0.10396321614583333,0.019253200954861112,7.6289201022974051,0.52387321010073784
ISIC_0028491,HAM_0004758,nv,nv,True,0,0,0,0.94732654094696045,0.25560284208685091,0.13135387685342984,600,450,600,450,462c9d80c4adf28206d4eab7431a2cb911cd4bb77eeaa2b624c817205497e915,fddb304100c19ebb31460e84e0d5b3d3076f13e3449a1091c461bb8e521224f9,164.97121851851853,19.083555781246677,29.180029611851847,0.37372913580246914,0,0,5.312333671865459,0.11019431563906627,31.952481481481481,37.599420815939467,248.80702962035676,0.46839346405228754,0.67577407407407408,0.014359259259259259,5.8930881667664359,1.0939229976909737,31.95098876953125,37.376722716330242,95.150530673655467,0.45976102409279684,0.68701850043402779,0.014065212673611112,5.8218579277376454,1.0974253184386547
ISIC_0028503,HAM_0003726,bkl,bkl,True,0,0,0,0.97317421436309814,0.13290442308091255,0.068299362714888998,600,450,600,450,9894f86f511d8b11f551038f8899bbda3d7b7980a01e703708382e86688a83b7,1c7c56ac2b33df94af74454b5d102612e5ed3bb952f5dbb8c06bd677979c8a95,164.17885555555554,31.254999474831674,88.077264986282557,0.30981182280319536,0,7.4074074074074075e-06,6.5648715096232237,0.1854466422060814,90.33078148148148,65.744441381004961,1476.2863701968583,0.22950042120551925,0.1529925925925926,0.022599999999999999,7.5614949649292313,0.67953132930839,90.33062744140625,65.102479244816877,425.64005257685977,0.21724885429432189,0.14017740885416666,0.019253200954861112,7.4972721704150853,0.68007475205839862
ISIC_0028511,HAM_0004889,bkl,mel,False,1,0,0,0.4852043092250824,0.95589722078891559,0.49123399723927536,600,450,600,450,a652fc4e162c88c040761609246d021b25af16849b9eb8b2059443edc3f67d96,f5757a08ffdb26cb9bec77b1489f596c1119570bdc3284966e45dc2c94520312,180.9561925925926,17.513675275389716,43.916648148024692,0.21012999273783586,0,0,5.7184532907275178,0.091392794025313986,57.784807407407406,44.456693487615524,1220.0158846309876,0.46875623819898327,0.23843703703703703,0.016218518518518518,6.986872480340498,0.68597880953143486,57.781962076822914,43.656604557834989,388.29418015020133,0.45780667573018791,0.22496202256944445,0.0155029296875,6.9290004743986984,0.68692124603691196
ISIC_0028519,HAM_0003212,mel,bcc,False,1,1,0,0.64929962158203125,0.93159848363847075,0.47874691649598344,600,450,600,450,1326ea84e3ce0c55167c5bdf3f48298f34f45c3d8cdc299f41168db298c43159,745695b58760bfc8654ebce6eea90dc771db581b72cfc5112e6e8841ede6f4bb,126.69118518518519,15.052207789426667,95.619630855624123,0.41446254175744374,0,0,5.8445464971868057,0.1003122695159324,91.171381481481475,42.815957766922793,1208.792724048011,0.33592289034132172,0.035503703703703704,0.015392592592592593,7.2995416893074072,0.36462522492491695,91.177029079861114,41.886768825911716,432.37165738458248,0.32860022318389165,0.029574924045138888,0.014377170138888888,7.2573882850409284,0.36520039877479649
ISIC_0028532,HAM_0002041,nv,nv,True,0,0,0,0.97754853963851929,0.13199080971887645,0.067829858322571782,600,450,600,450,a848e9c29fa227aa2cc0ad9d22d5aa03f5ee8c657d364bcbc1c7bb2efd87db2d,ae17214d9d4630d544c2f73582f395f5b7f7b380f8f33876a2f77abf6ccfa2d0,171.36205925925927,18.668334700775855,47.865423976282585,0.39162148148148146,0,0,6.0869067485528623,0.10406667700270382,72.172085185185182,47.378867433504908,1181.7548486351714,0.33636685548293394,0.13527037037037037,0.018855555555555556,7.3010887713192378,0.59275144792422596,72.169847276475693,46.562948821516784,407.34753141244067,0.32474862557870371,0.12291124131944445,0.018222384982638888,7.2555072437768136,0.59579217281938091
ISIC_0028547,HAM_0005699,nv,nv,True,0,0,0,0.96485739946365356,0.19666442470544249,0.10106552185922754,600,450,600,450,31bc514952d36abdcfaf1f43d8bef2c46784d9c17d8c45422ca8c780bcaff675,e178285a93af439e948630064363af5dceb79179f988e82f414bf18c2a3d6b88,138.73602592592593,17.032786550891103,65.005514685747613,0.49555263616557738,0,0,5.7311178227553734,0.10612406388529116,57.567396296296295,40.784415850392705,627.98822237792865,0.38356290486564998,0.17942592592592593,0.016818518518518517,6.8297391217030565,0.61797020216445231,57.565599229600693,40.252996925939826,223.62200322963386,0.37423638237847223,0.16883680555555555,0.016384548611111112,6.779842925039099,0.61807477047379833
ISIC_0028562,HAM_0003619,nv,nv,True,0,0,0,0.36748465895652771,1.4456299907886403,0.74290685594628025,600,450,600,450,7d6d5be2d56f1877b3a3667aa81ecd2eb35bb924571b617d05f1e79c6160e4ed,74cf1e607b1a8d72b535862f48b965418123be28068d559dac08e00974d73bf2,138.14894074074073,10.799280239570813,17.26489995224966,0.25902625998547568,0,0,5.3491111333184689,0.072236573093166861,78.58231851851852,43.04060745770412,1278.4210610544719,0.48626466230936821,0.080037037037037032,0.0090370370370370379,7.3009445637901216,0.45266596329032444,78.574055989583329,42.077003999832257,452.89685292578775,0.47888805912990196,0.0694580078125,0.0086263020833333339,7.2543412195578796,0.45193536691418545
ISIC_0028563,HAM_0002126,nv,nv,True,0,0,0,0.93501293659210205,0.25578663525874246,0.13144832785980379,600,450,600,450,3c5949ee5f62a041d7cd384799f2954e9e550d0920a946da3d7862be7107142e,f49157e5b1439fa93f58397750bab17b9b298ce0aa66a100d40b94970665da9a,152.9578962962963,35.126592088083058,200.65242510253776,0.38651237472766886,0,0,6.5804216516751355,0.20139404331714109,40.56136296296296,48.976002261819403,319.26754073986285,0.40269320261437908,0.62240370370370368,0.020970370370370372,6.2973567787181501,1.1436151849460006,40.557759602864586,48.737646871084515,125.55541253195685,0.39392842477702888,0.630615234375,0.020372178819444444,6.2442720007100334,1.1431945607434755
ISIC_0028570,HAM_0002818,bcc,bcc,True,0,0,0,0.45203959941864014,1.2077916037991356,0.62068210312047856,600,450,600,450,b9e16d1247fef2651d5004073bfcadd822fee181e66ddd904f6532d766ed0bd1,957dfb5a1ed9f891ec35682af7999dd093fb9cd618951a434af00f136d9a2a07,167.37955555555556,21.351251602368755,52.380118033895755,0.32036795933188089,0,0,6.2167988914225889,0.11701177748839028,52.669925925925924,41.498344804052053,353.50464675506169,0.49527295570079882,0.29297037037037038,0.013762962962962963,6.9333632752947185,0.70206228270707671,52.674187554253471,41.190970593511466,137.82880134862145,0.48778379353043305,0.2907443576388889,0.013766818576388888,6.9094346913148144,0.70007266455435901
ISIC_0028575,HAM_0003528,nv,nv,True,0,0,0,0.97128075361251831,0.15343137044395896,0.078848126938669674,600,450,600,450,989c279e020f3fca8e9823f12f8247d9c29252365a97c6bd7328a9fb627ca50f,910c6dd7a7177dc2b308314c036c2dc7264119e7ee3bb4af3d70a6e68b0c0eac,148.26972592592594,42.175148595304258,29.68703675259259,0.43833231663035582,0.00028148148148148146,0,6.0803678687444034,0.27972170884370473,40.724359259259259,62.441251766616951,179.54951802331962,0.3946562672476398,0.81169999999999998,0.034585185185185184,5.8552661680257785,1.4713573049873789,40.728244357638886,62.322173030093332,81.700057572604706,0.38833592898965141,0.81363254123263884,0.034050835503472224,5.7997090445924044,1.4739265598994138
ISIC_0028582,HAM_0004302,mel,mel,True,0,0,0,0.62980401515960693,0.74653662176832913,0.3836439324450579,600,450,600,450,ab83cbbf95edfe9352c1a8e4bed3b05fb17febab81e953e91a607c7378d27f06,e5a2680b157aae793fe5d29794fec528f63209fdc61d194b4235b57d09b096ca,150.04272592592594,30.685344137969583,137.10006994061729,0.1583125344952796,3.7037037037037037e-06,0,6.4301147088414528,0.18909123914657655,42.391185185185186,45.452399399678882,295.45259996839502,0.3562071895424837,0.55985185185185182,0.01864814814814815,6.5306551127538111,1.000589726591181,42.386555989583336,45.235222981025892,106.44935299124981,0.34587455533428652,0.56827121310763884,0.018507215711805556,6.4736759622817139,1.0000546720050081
ISIC_0028583,HAM_0004880,bcc,bcc,True,0,0,0,0.962837815284729,0.20142556359074482,0.10351226324017657,600,450,600,450,11efc5ca5a07f69baf53128c6d7d4c46a544d2f3608cba1a3ff64885a3355462,be68cc37c6137a7a8ef8a4f259a091ca4409a95d812e18d8bfced64b9f7c9815,166.77848518518519,32.956299370891969,109.19810674765431,0.32043936092955699,0.0002740740740740741,0.010292592592592593,6.9949548008818532,0.167480427716273,50.471896296296293,40.316621089914818,198.52955542381346,0.25686464778503992,0.29970000000000002,0.013370370370370371,6.8668131074079604,0.64401056879761809,50.474616156684029,40.077586987085105,90.040918614393405,0.24945988540815633,0.29768880208333331,0.013068305121527778,6.8568977693355349,0.64086200720399145
ISIC_0028587,HAM_0001735,bkl,bkl,True,0,0,0,0.97339361906051636,0.13444802550366636,0.069092617441220111,600,450,600,450,41537ea52444e9d25c61730e63f87cbc412cc653fe3dc9b0529873e1777dd433,522f91d5e65ab466175bab0298623b3b14e56c48d531bb250873b02760331970,158.54521851851851,51.838048728962825,101.41072601962964,0.2947549891067538,0.00027777777777777778,0,6.7939201184333093,0.32170656518309021,83.471662962962967,73.233817759823225,820.42810163862828,0.29450551924473495,0.32527407407407405,0.032774074074074074,7.3074219184229552,0.83607154457897237,83.478861490885421,72.886998619862723,256.9823993265997,0.28837039590141611,0.329345703125,0.027621799045138888,7.2566231048294947,0.83789760221618614
ISIC_0028590,HAM_0000295,nv,nv,True,0,0,0,0.9631991982460022,0.20296981863696331,0.10430585334862438,600,450,600,450,7ea95b5ae65af3e4d7df61f37077a1c46b3c64c3d6568a996c275c4180b58287,d67d4da8e0e058df064b44d45d8dd2f24ba46b1321e0256f8f4d7798ea4d0b1d,120.50265185185185,15.103768244709794,76.134943345829868,0.53490579520697168,0,0,5.8345525882470373,0.10834649945618582,96.009600000000006,44.130700371140811,1103.6078247568589,0.2347267392883079,0.031448148148148149,0.022851851851851852,7.2698874921046901,0.37523881850616903,96.013807508680557,43.209846954205112,438.78122456574147,0.22577194180623639,0.026957194010416668,0.021721733940972224,7.2312388586312419,0.3745726403016934
ISIC_0028592,HAM_0001702,nv,mel,False,1,0,0,0.59980809688568115,0.68742591622192428,0.35326703884845401,600,450,600,450,7290b4591e54849ec1eb0511662ad3343cc78ae25794cda57767e859a5b82609,952e14db56ad1e9847f05963afe59de489cd1791fcde6b196ba994a6ff0aa84c,158.14019999999999,76.273000583653925,168.42516261788759,0.30609498910675381,0.036918518518518517,0.28279629629629632,7.2219987514045147,0.47411485438824941,65.350485185185178,68.203237954970831,380.11288512360767,0.32072331154684097,0.54984074074074074,0.025077777777777779,6.9345420964386673,0.9999232033521479,65.348368326822921,68.02653901399691,115.02449815356989,0.318855687891476,0.54975721571180558,0.023044162326388888,6.9267082702418685,1.0023288007339177
ISIC_0028608,HAM_0003434,nv,nv,True,0,0,0,0.8094794750213623,0.6943459611850693,0.35682323848413838,600,450,600,450,ffbd0fbab05a1de3b86dba621d1fcc24c74d2448f3452bde661ed31603a7b330,2ba13dc266cb9ecf20363d14b7fa112777d0d78e1ab16b2917075eaa377e1c4b,130.26027777777779,17.214946130999362,29.315488289492468,0.22890737835875088,0.00042592592592592595,0,6.0544299136763273,0.12250554573605374,79.825148148148145,50.425454376258493,657.91840171500689,0.26567734204793031,0.14101111111111111,0.017818518518518518,7.519312986202114,0.56304435454412727,79.821072048611114,49.934168166480113,266.14305031258192,0.2559841313912718,0.13720703125,0.017544216579861112,7.5044692359773411,0.56466388539884771
ISIC_0028618,HAM_0001633,nv,nv,True,0,0,0,0.87682837247848511,0.49188686632870815,0.25277984523977426,600,450,600,450,30c28f7993235a952927bbea375005b6259e0c2081857fdd3b1ab722ae7b8221,5cf7e31090a90e6b02325b057e8118facdfed6791e218494946afde6bad05dd9,172.97955925925925,25.864600875954267,409.75949800876549,0.15582765432098766,0.00018148148148148149,0,6.3567114100129229,0.1135834418419211,47.88561851851852,37.20700404775998,239.11567906172843,0.26021362381989832,0.31125185185185184,0.014122222222222222,6.7211978392857326,0.65860328528569911,47.886481391059029,36.936958270242407,100.93831131188774,0.25311821831597225,0.3106960720486111,0.013902452256944444,6.7065113815991344,0.65800529063299129
ISIC_0028635,HAM_0002416,nv,mel,False,1,0,0,0.51425588130950928,0.72180946208159535,0.37093668607053326,600,450,600,450,fb10042a470e242c14b948fe9054b62c708202127b5c665df2c7ff4618525dbd,613bac0f6a30b1cf4cc72f7e04dfd749a07e9501d8f7b37d8cc816c1f8650f95,135.86086666666668,28.690234583113362,26.273704715706447,0.24856583877995642,0.015696296296296295,0,6.5639643618410926,0.20446945836812075,30.526022222222224,37.07963897542227,48.069596925925921,0.29653084967320265,0.66046296296296292,0.015288888888888888,6.1165597906368232,1.1343808706395555,30.5283203125,37.021644446010356,24.539557364205891,0.29161438121255445,0.65985785590277779,0.015340169270833334,6.1058649976512687,1.1313474929187091
ISIC_0028637,HAM_0007046,nv,mel,False,1,0,0,0.56006503105163574,0.84400275697083849,0.43373161776281344,600,450,600,450,ff1af5315b8f10c9bb82c55c2f1fc8bbd1340eb3642c4c777babbc59467ba801,fab1f4a0052bbd43d9bb140ac44b85c20f9dc167c0cfacefb3fe1f0d0ef6ecc1,164.16258888888888,59.216797401437034,125.78914804389574,0.32974883079157585,0.0073777777777777774,0.014570370370370371,7.1682839129715896,0.34768346464236149,48.391196296296293,56.91407219313966,243.88859599175586,0.31612153957879446,0.59467777777777775,0.022888888888888889,6.8342597788159658,1.1051980940393988,48.385654025607636,56.73348004299524,104.63057552990907,0.31086420462282133,0.59564208984375,0.022549099392361112,6.8297406235855771,1.1066005170990691
ISIC_0028647,HAM_0005849,nv,nv,True,0,0,0,0.86477392911911011,0.48583799996672367,0.2496713428431343,600,450,600,450,9367b9d876507192e6e1f343efbc72468360504702da60251eacf7af73447c34,8a72f0d8329a5613ab9704f2b911af77420da48ac7d70621eef936f8236d4db2,160.63262222222221,33.830836528750837,33.708673202962963,0.40796832244008713,0,0,6.2639889452256261,0.20442512708616997,41.23295925925926,48.09198917258589,212.30862902469136,0.38569761801016705,0.6377814814814815,0.016307407407407406,6.4368364999966907,1.0944019725632226,41.232320149739586,47.918754795465404,88.843842160370613,0.37785516876021241,0.64436848958333337,0.016208224826388888,6.3958134078560533,1.0963805894685315
ISIC_0028650,HAM_0002358,bkl,nv,False,1,0,0,0.47368276119232178,1.2737816499343217,0.65459427844225404,600,450,600,450,452ea7f3a0bef7faea8b2c6bc36c31d0f60e0c811b2d8f0a86fcbed3c3e71074,15dc37a20cd578ed891e82f972a47b8a9e6639bf59bbc64804ac8d990197c2bf,156.22995925925926,32.498049118629545,102.71978367592595,0.28657583151779231,0.024777777777777777,8.8888888888888893e-05,6.2090053455774044,0.18986471792114729,5.5022148148148151,27.192797567353011,283.09208143307262,0.71239693536673931,0.97832592592592593,0.010914814814814815,2.5003514592700045,3.8115230403557634,5.5077379014756946,26.901667512869363,72.406870319841445,0.71497374557461868,0.97821723090277779,0.0097181532118055559,2.5067460867683637,3.7941843734413299
ISIC_0028651,HAM_0004496,df,df,True,0,0,0,0.99770170450210571,0.018039229024651351,0.0092703298933966248,600,450,600,450,84caecae97f029bdcb4720c5b067e962b35d96521e22eaa7d19974d2b5d65a4f,9f06c0aa462e625640336de9fc667cc68c0d21710fb0d56febaeb3b2d431c811,156.39072962962962,20.025936903801728,89.962695266447184,0.42996543209876542,0,0,6.1903920828009191,0.12023278374810731,63.213940740740739,45.156994369317395,1073.2960696759262,0.30308460421205519,0.16996296296296295,0.016592592592592593,7.0777711923611957,0.63846729382604683,63.218410915798614,44.49679510897915,293.86870475605491,0.28896572137969773,0.1571316189236111,0.016059027777777776,7.0141753125850901,0.63995906317207663
ISIC_0028664,HAM_0002695,nv,nv,True,0,0,0,0.98533093929290771,0.08603589010826837,0.044213701310945146,600,450,600,450,d5d3aeaada24e716b038080bc5be7460d863c81585be82398df691036f8ce1dc,368b5f480ad819b531180215e9d179216d4b77c3836ad66e2efef5a9b625ae82,143.37013333333334,31.136562784872325,56.516248097105631,0.47642047930283227,0,0,6.4484439124085915,0.21109455064246571,68.809014814814816,63.074383943437958,595.90210683093267,0.33955083514887435,0.33430370370370371,0.026155555555555557,7.2249029599607795,0.861585997718463,68.80609130859375,62.738006813848642,218.0530247353017,0.33164559823495371,0.33677164713541669,0.024787055121527776,7.1766873989658935,0.86267308676181231
ISIC_0028673,HAM_0004553,nv,nv,True,0,0,0,0.88013404607772827,0.47229607126014661,0.24271216812833502,600,450,600,450,0bd1ac59e97409c427df0b71cc7cff1df253f62c2e0cb47f4e88742c617116db,b788e4434d9f0b4e74235042b3d28b0b9b816dc3d6f419453ade564fc08462af,165.28495925925927,20.096094932943956,54.077248056570646,0.20520212055192447,0.00068518518518518516,0,6.1818512539696284,0.11106954091623651,65.641959259259252,45.53388347006004,520.36018442249656,0.34827240377632535,0.19878888888888888,0.016962962962962964,7.24088395543715,0.62575739155424026,65.632866753472229,45.116770220725911,209.38487747932473,0.33838433159722225,0.19755045572916666,0.016974555121527776,7.2194354057351022,0.62429822045083683
ISIC_0028676,HAM_0006198,nv,nv,True,0,0,0,0.94615656137466431,0.2353084102817333,0.12092460198944395,600,450,600,450,6f8d0dc5dd4af851d4b08cdbff3bdde2e73154d6b31db812fb715e2ad31e05a3,8c3461c1ef6fd8cac023eabcebdf9f1a0a64d2ae1207605f32b81c8f11e235a4,139.01155185185186,18.813434420723585,140.33635031241428,0.41075090777051565,0,0,5.9069426330097308,0.1038500981226381,51.72206666666667,39.750983930370737,618.16087422282567,0.46510441539578795,0.23649629629629629,0.016748148148148147,6.676522975639779,0.69344076658307519,51.722846137152779,39.233940388685681,209.13257425246232,0.45453721256297658,0.22606065538194445,0.016655815972222224,6.6139233595094931,0.69368547769496192
ISIC_0028687,HAM_0003444,bcc,bkl,False,1,0,0,0.38451299071311951,1.438296889333748,0.73913838726418191,600,450,600,450,5362bbae2c762adb0698e6e698c432a8c58f796168a9c8c9cc9182100f573aa8,411119e54116590c36be3cf2f8d2f62fcc6a62438a5afb71505f22caa7a2cbc9,163.71355925925926,12.009420370191471,36.311070205089173,0.23550322440087146,0,0,5.5600996723232274,0.065606196623113081,94.22940370370371,49.022539108122437,1176.8108445935663,0.35835254901960789,0.081992592592592589,0.012359259259259259,7.5888576559253149,0.43409223964293608,94.2283935546875,48.219306536983865,421.01283621622457,0.35082795053785398,0.077039930555555552,0.011481391059027778,7.5653464878603263,0.43364622761447508
ISIC_0028688,HAM_0006844,bcc,nv,False,1,0,0,0.48728787899017334,1.1894237344713854,0.61124288552008343,600,450,600,450,ac9ee8d4679bd60fc1990f4ffc7d3fa380dbc11c921affc11b249df3c9b8d098,e068cf723ca0f65876a096f75d039132bc91cb8014aeb24949c529483f94b457,165.35613703703703,31.850964281636905,126.15998082358023,0.26814962962962963,0.0036259259259259261,0,6.6911108226347276,0.15619197341297011,45.491066666666669,41.471975921846578,217.51681326661182,0.41767889615105303,0.37444074074074074,0.01617037037037037,6.6383197841542518,0.7890059172339563,45.485643174913193,41.238353062199451,99.54433890068789,0.4123132510382625,0.37113444010416669,0.015801323784722224,6.6197897439868694,0.79071655923773665
ISIC_0028714,HAM_0005713,vasc,vasc,True,0,0,0,0.78313606977462769,0.66553697456176097,0.34201834801306791,600,450,600,450,19b5b3ddfcc12dc3b8d907ad2aefebe8e0b6e17572e0944bed927b4f5bf2e530,c5d048867d4e7973c52dd8f1b07ece5b53ddabc4ec9a1a59ae25384f65132acf,139.84401851851851,15.849868306487293,29.54711849525377,0.23213087872185911,0.00034444444444444442,0,5.7216860584070117,0.10394151209024716,49.157585185185184,34.813302750398329,304.34434152735258,0.59830499636891787,0.25077037037037037,0.011592592592592592,6.6562395670149579,0.61205710285177606,49.160983615451386,34.490461134259348,116.95572715882719,0.59331004157305289,0.24534098307291666,0.011277940538194444,6.6282525227476405,0.61481693301992502
ISIC_0028728,HAM_0005026,bcc,bcc,True,0,0,0,0.46764591336250305,1.0730190553369916,0.55142271386883579,600,450,600,450,73f5fc2fda92c908f0e193f46d1c56d6373cb6f2e6d79d54e1913d2fa9288a38,115ce4fab0f9732d4b35416b35d93e00c900605175e5c0c30e262ad3cc991123,163.62276666666668,22.746574398446771,45.657283909122093,0.27896153957879444,0,5.185185185185185e-05,6.4119977747502919,0.13330785317385607,88.687281481481477,53.900766981576893,828.83826511846371,0.2947430936819172,0.099425925925925931,0.012159259259259259,7.5910665702932789,0.54669099231037444,88.684828016493057,53.38041203023365,282.76975290790011,0.28696592243668301,0.094163682725694448,0.011338975694444444,7.5668686454865197,0.54868568314334931
ISIC_0028731,HAM_0002407,nv,nv,True,0,0,0,0.93650871515274048,0.31624822999890884,0.16251944117380693,600,450,600,450,d8f733841afcf9c5b00dbb24a3883b44312b2ebaf8d2e5998023c1d77d7b36e9,f044c4910dd244b51a4aa0a74d07b1d1152f67b06afa2745fb257ede17069a9a,160.47886296296295,14.565125696642603,37.637732999506184,0.39131770515613656,0,0,5.6208209422725091,0.080779809379648862,71.663940740740742,44.135346015160799,1391.5884517201098,0.53117311546840962,0.11521481481481481,0.016,7.2032162743108845,0.52474892677569618,71.659884982638886,43.111689219273252,462.49536661730144,0.52125371795853759,0.098320855034722224,0.015435112847222222,7.1395602796515174,0.52465626557109868
ISIC_0028733,HAM_0006639,nv,nv,True,0,0,0,0.99163275957107544,0.051296575632172624,0.02636122518661806,600,450,600,450,64da94810946c6a127191c19c27893ba7846e9e89cfb746bd91c6fe60c07a2c2,dd1dc65fc49e30477ecec7956c9e4b7a469e1cbb9365c0f4be2f82e8b4bcb412,173.82015185185185,21.095313833994478,33.537699900891639,0.37642588235294122,0,0,6.0381401478654544,0.11763016034569927,64.326622222222227,49.507972640383777,857.31606533135812,0.35166350036310817,0.24975185185185186,0.017048148148148149,7.2359541741085902,0.70791261833670605,64.322747124565979,48.956649955932782,290.24337318976541,0.34150925181270425,0.24560546875,0.016615125868055556,7.1936471382108724,0.70866029155297838
ISIC_0028742,HAM_0004062,nv,nv,True,0,0,0,0.94432616233825684,0.24820949269771178,0.12755444685779083,600,450,600,450,42ffcb1c68496bb9ea10fea7e6b3f9b4291316aeef3e0691f090fe0f4c9e9c33,7e6fcee5f98d4a05d271471fdba6ef5ce02cd194e0cb5d24e5d4edf049ef9e86,162.74300370370369,32.576251306741639,103.2181054989163,0.36810132171387072,0,2.2222222222222223e-05,6.3483434267583183,0.19068210619113266,64.071674074074068,51.016561688639989,440.18259814233193,0.2782074074074074,0.18411111111111111,0.022059259259259258,7.0514141724275667,0.74693275110868607,64.066019694010421,50.692401059081945,172.34685483390899,0.27184891046262255,0.17957221137152779,0.021091037326388888,7.027814761672154,0.74442432014385507
ISIC_0028756,HAM_0004604,nv,nv,True,0,0,0,0.98529261350631714,0.082212029860848912,0.042248625868342701,600,450,600,450,0b6d03209b380db89e9fb55d2612f3edf670a61efdd722bc7ad8534250ad0fec,ced52ea7c61f8d9c9453c07b53286116f51632f5886273af2fdddc3780f37cf7,169.07193703703703,24.031173255287921,74.48270732607682,0.13387705156136528,2.962962962962963e-05,0,5.3647566984251229,0.13617795372275016,38.829051851851851,36.655267405688043,370.64271787851851,0.28449846042120552,0.51538148148148144,0.011022222222222221,6.2846553661527409,0.85669628739213699,38.834147135416664,36.257730847540998,162.17798847327995,0.27379070606107025,0.52639431423611116,0.010518391927083334,6.2121929636075777,0.85455682421458334
ISIC_0028774,HAM_0004852,bkl,bkl,True,0,0,0,0.69485032558441162,0.97726878935128381,0.50221681089731784,600,450,600,450,8f360ad2bf82623e8db8d3f6311539c871f203cdfdc6c09a0080433af95119f6,86073f99e232762e01b26b0de3690f2c6d3149de4262217579cf99e984f0600e,140.27886666666666,17.603370154309363,42.89098373430727,0.26708381989832969,0,0,6.0908877925814355,0.11680585679695771,92.421103703703707,49.566838277783184,1183.9429394796155,0.32966535947712416,0.069525925925925922,0.019033333333333333,7.5464102119015104,0.46304712465532533,92.426764594184021,48.77025926269166,409.34521062722723,0.31884877323325167,0.061794704861111112,0.01806640625,7.5161437897427668,0.46298455747038858
ISIC_0028780,HAM_0000138,nv,nv,True,0,0,0,0.99370390176773071,0.043573075291652746,0.022392131164332689,600,450,600,450,ce0475dc18cc98278987ac1222a5828d2c12fb9d342179198946dacce07ded2d,7f698ddc821f44ea8d9cfee8d204b9360b6fec1eb6f3c1b7e131aadba41140c0,183.74982222222224,20.028901616623788,20.23446613969821,0.11798655047204067,0,0,5.3147340049616307,0.10523058411648135,34.324351851851851,40.361643227504359,200.63416409480112,0.3304563834422658,0.6807037037037037,0.015455555555555556,5.9791283714062429,1.1042965858541829,34.327487521701386,40.174131815852661,86.415239091962562,0.32194646033326524,0.69064670138888884,0.015313042534722222,5.9335612313533073,1.1043259940753545
ISIC_0028782,HAM_0000528,nv,nv,True,0,0,0,0.73823404312133789,0.57966966310476731,0.29789127899157175,600,450,600,450,92a36f7858e8f5ad9fabbba3f7a043e3576bfb05d1bbafd2e6e3d3df9d4b1449,fdc1f5f01a2ff196fd14a8f9f82a53de7f2c749e9bd43c4ee83a467df7b8b5c3,138.45487037037037,33.719520563321083,85.357821862222224,0.43155982570806101,0,0,6.3923389217664983,0.23395574207204259,50.331288888888892,54.579755942869603,332.20523580246908,0.3481264923747277,0.56347777777777774,0.017933333333333332,6.6632907930133243,1.0145139145384008,50.336839463975693,54.336307905760286,140.21257176622751,0.34112548828125,0.57349989149305558,0.017361111111111112,6.6192424132660959,1.0147989980937793
ISIC_0028787,HAM_0001934,nv,nv,True,0,0,0,0.97346007823944092,0.1468326861163991,0.075457074000915406,600,450,600,450,dd2c4aa948e66e21fb52c9e24d72551a1aaf9af41d1ac076a8dc9baee023c0a1,e12c152768854af9f9cb89c65ea9942fa2c9852b3b1a71bc432de931cc2da434,171.65037037037038,20.59764863989226,44.892702014691359,0.13746684095860565,0,3.7037037037037037e-06,5.756944835671912,0.11208687544486037,42.928937037037038,42.513709575937341,271.4557231841427,0.40494377632534495,0.46768888888888888,0.017925925925925925,6.5930937316699572,0.92304629061262422,42.921549479166664,42.302736492886773,98.637086426034386,0.39756008306100221,0.4695705837673611,0.01800537109375,6.5718620486637631,0.92159482108713719
ISIC_0028797,HAM_0001838,bkl,bkl,True,0,0,0,0.88350808620452881,0.44122558631119391,0.22674509741644391,600,450,600,450,481fbccf3b0fcb92f1b0d9bc0e120e48eefaebeacb2fbdb10a6638a9b433d38e,9067223dc7f58e2dd4bfc3ec1e1b89fea9ebf369f89f229efc8f211e389356e2,156.72787777777779,22.064896149512364,106.36641055691359,0.39949671750181553,0,0,6.323824766483547,0.13557387059551007,67.470977777777776,45.238211584237575,1184.1744211158293,0.44692800290486567,0.12431851851851852,0.018344444444444444,7.107529161394023,0.61787528520527535,67.472995334201386,44.555709387956078,304.39194173940712,0.43698812912751905,0.11088053385416667,0.017856174045138888,7.0536815080694542,0.61816717221586093
ISIC_0028825,HAM_0001517,nv,nv,True,0,0,0,0.82292133569717407,0.54344126117884761,0.27927356329513653,600,450,600,450,9c15a5083179bcbd99b51eb8690d291245c560e7c0071ac11451d02379094514,b9be2e7ca63cb52b46a5f01aa4fd24821a63f305b8a31b9622053eb951d8e552,193.49802592592593,40.331550968323036,124.65726366222222,0.22891208424110385,0.00035185185185185184,0.097422222222222216,6.4882018865826332,0.19816644495602095,45.421070370370373,51.346641850980141,331.28809015039786,0.37829793754538849,0.55557037037037038,0.018285185185185186,6.7338486787046179,1.0402897787948915,45.415093315972221,51.103191486143182,129.4605215014775,0.37103026811853212,0.55654568142361116,0.017740885416666668,6.7181589548836831,1.0409962641275328
ISIC_0028839,HAM_0004994,nv,nv,True,0,0,0,0.9720647931098938,0.13529295913966594,0.069526827436172736,600,450,600,450,a19a8fc366f1ee119df70d66ab43c824e4ef34e2b33d0f0876e8bcd076c8442d,36e4a711080d9c8f11700f6a45461fafd60109e31e88ad57fe0bdea1b4c81735,173.01149259259259,26.014506020216317,59.881629451358023,0.38398007262164124,0,0,5.8179924720190677,0.14602023003593503,62.532551851851849,56.598681567610356,755.52772962895733,0.30253554103122732,0.23385925925925927,0.027285185185185187,6.8422493618208406,0.83151700926125394,62.530788845486114,56.08522440691091,299.9275382595298,0.29283795658020151,0.22205268012152779,0.025702582465277776,6.7571200073465052,0.8331371762831965
ISIC_0028841,HAM_0007143,nv,nv,True,0,0,0,0.99005907773971558,0.06835969389616306,0.035129933378141763,600,450,600,450,7082960ea12e39028cd8b3ac7650b05907f54a001b2a8a2b369fb6fe1f2c9480,59dcd8f9a936780b4317dbc0906e74a03e451f4e6456838156bf8b64f59a9291,171.72289629629628,15.331694073618328,30.492114227037028,0.38602730573710969,0,0,5.1358300679354718,0.084220480105242662,38.548192592592592,38.37754527295516,422.11383285728397,0.42826014524328249,0.47406666666666669,0.016296296296296295,6.1925287905708259,0.91435451836342851,38.547268337673614,37.991922203917568,156.97879360409249,0.41677456192980666,0.47642008463541669,0.016133626302083332,6.1056459527246822,0.92041196897697775
ISIC_0028843,HAM_0002409,nv,nv,True,0,0,0,0.71671211719512939,0.66953884885626913,0.34407490457938777,600,450,600,450,e060b3e671ea112ad35f1b32c90fda3ac03206ec6822c9b659db9cb789ee5949,c8207f21992318687fd826d099ee123bdd5cffbb5f2ec1795ec07d6c5c0d92b8,141.53204814814814,23.051300492546655,51.389670858710545,0.15949073347857662,0.0071703703703703704,0,5.9843254399521246,0.15275528447773246,30.315166666666666,36.045847343528536,178.55046689580246,0.33325114015976764,0.67701851851851846,0.011466666666666667,6.0824944095856663,1.0716814434960555,30.312594943576389,35.866247038878413,71.886722721389404,0.32004833346098854,0.68145751953125,0.011081271701388888,6.0384076254271717,1.069126037568781
ISIC_0028845,HAM_0001016,nv,nv,True,0,0,0,0.91258734464645386,0.29800406645253069,0.15314379576940057,600,450,600,450,bf5d86127b8f25cf385cb74dc2188335b6c1d1bcc9d6b7ea2036bd9b53e848cd,e216868e42bb9b6942f8a8e11fb5ca5eb8354f415f5fd446de08a24ae9d33df9,135.62727037037038,42.399050767163757,49.762334472208508,0.43908493827160494,0.00048518518518518518,0,6.7292561342071338,0.3065676765086609,52.313370370370372,61.765419539276394,322.42330321249653,0.3873072912127814,0.63209259259259254,0.023218518518518517,6.5708624933064836,1.1384540605002609,52.312771267361114,61.565846934560476,134.44185988103717,0.38220754718988287,0.63848198784722221,0.021430121527777776,6.5214430718542378,1.1385515469008072
ISIC_0028864,HAM_0005800,nv,nv,True,0,0,0,0.97074687480926514,0.15063499034078293,0.077411071839011761,600,450,600,450,d12263c0b923b43449a7a8657b78907aa6c9e080ff5f4aa6405c31c7adda070b,edffbc70cce6254e200edb2790c4b978ea0457c0af00c6320259935b967de23d,164.23514814814814,36.926489660970432,153.40148824459536,0.39165295570079883,3.7037037037037037e-06,0,6.2566789658224806,0.21812685118984695,60.948292592592594,60.672603223362472,806.54517703945123,0.41769312999273783,0.33211851851851854,0.03037037037037037,6.9039912071209333,0.94357109638472114,60.945278591579864,60.299938841828933,220.55855273827913,0.4089554398148148,0.33329264322916669,0.028408474392361112,6.8258311851152502,0.9452693143996912
ISIC_0028874,HAM_0001702,nv,nv,True,0,0,0,0.60808360576629639,0.67636332690097734,0.34758199253410205,600,450,600,450,e20d5f0a8f1ca770d99f318243d4fcc2db150d29ddc90be139b85258cbdc652e,e044bd896426c01ac4f7e03d35182833b78d3152c913214679863d9686e92462,164.16087777777778,74.73672340789382,19.762559023854596,0.26948573710965867,0.026070370370370369,0.21909259259259259,6.7532143459727285,0.44879686690450205,57.835685185185184,69.6273560323027,192.48698517283952,0.30443912854030503,0.62959259259259259,0.024077777777777778,6.5539949063794456,1.1603739203957668,57.830315483940971,69.519283718068152,80.803202294595081,0.30332661547691991,0.62938774956597221,0.022969563802083332,6.5487938922799955,1.163423439377397
ISIC_0028875,HAM_0002492,nv,nv,True,0,0,0,0.99606895446777344,0.028687199888842631,0.014742304470105926,600,450,600,450,ba7458a837769f3ee072a954b5df42ec25e03bceefe0a57f45a5cae4490a18e1,b6d878c07832e9170040644be559c4fad3eecac9bd018ecdaa54f3cdd10aa05e,139.39198518518518,32.946077373205782,32.4510249185048,0.47227147421931731,0,0,6.2272581971619463,0.23117684906974362,66.053559259259259,64.662473760962996,492.34102594891641,0.3461165577342048,0.3406851851851852,0.032359259259259261,7.0641488986227721,0.92325191165397313,66.052463107638886,64.38270069576933,194.62438958883286,0.33964069840175654,0.34147135416666669,0.029737684461805556,7.0229755750650344,0.92616897030939116
ISIC_0028876,HAM_0003030,bkl,bkl,True,0,0,0,0.64399772882461548,0.75268956740371218,0.38680592100777245,600,450,600,450,aec7999a97722f3a3e9e1a7a6129bb8eb29bbb4ce17410381f0365a2c9b4b1f3,b85b58e8c179ebf382705771233b5e9a88cd803a3f63c518f475402de5c4e95f,167.8668148148148,42.331748905639969,126.87298558813438,0.27563068990559186,0.017611111111111112,0.0013185185185185186,6.8726957524995669,0.23854008290631956,25.238822222222222,40.306166896296389,40.991741635541835,0.58569410312273062,0.84348518518518523,0.015333333333333332,5.6393285298293119,1.5009909047840955,25.230136447482639,40.264815995729663,19.179514536105188,0.58231520309946894,0.84370930989583337,0.015414767795138888,5.6155480463877385,1.5021491339136248
ISIC_0028903,HAM_0003872,nv,nv,True,0,0,0,0.95033025741577148,0.20025761020862293,0.10291205393313899,600,450,600,450,8b01798b30ac21e87782f254fca1e49d50d90a651dcff8e6c37238f5ab03dd79,229478532a79656f5952cc530159e679de25acb44b5535f15a2fa39f01fee463,141.33090000000001,54.377939678775228,168.60948603654325,0.2773001452432825,1.8518518518518518e-05,0,7.0167072136215101,0.37564670465359928,88.494681481481479,73.30866202072518,778.60551228805207,0.27738251270878722,0.31030740740740742,0.028266666666666666,7.5815852105051107,0.77638485744000219,88.494174533420136,72.864007631336946,334.46699232962209,0.26989756731685732,0.31085883246527779,0.024509006076388888,7.5629326801059529,0.77844221030800764
ISIC_0028908,HAM_0005281,nv,nv,True,0,0,0,0.99633562564849854,0.027089472884534178,0.013921235211032423,600,450,600,450,4bac199f8a3a649288e71ab6f29da0f46e68c763c53ea4efd6ea1d0bd5b3c2d8,809895da72e331576ab31110e8008dbe6c1076334a33acc2188639165b355522,158.56248148148148,32.180794475921644,30.266936014691357,0.43600804647785041,0,0,6.6434160642642457,0.19864239507314055,74.313281481481482,62.960754641949222,681.35333936899872,0.37098572258533041,0.29635185185185187,0.029892592592592592,7.4701426656225944,0.79956566048658551,74.309977213541671,62.580847316978215,254.13351072794129,0.3636010263480392,0.29852294921875,0.028706868489583332,7.4378232029874072,0.80137562884349678
ISIC_0028911,HAM_0006058,nv,nv,True,0,0,0,0.9514315128326416,0.22828979476592809,0.11731774711014104,600,450,600,450,0b006640abb37431545703b8fa03c68724ce2cdcafb3f44e72e991a11353c880,463efa38f2c4f5b985ca0448f0632a75d17e81b07d29a602d550a779d08c1a93,173.90222222222224,19.642608888602787,29.927562913580246,0.40206689905591869,0,0,5.1256700565089623,0.10817654224325823,30.381566666666668,37.378286173248483,258.41452514891637,0.42839875090777052,0.73971481481481483,0.013674074074074075,5.8856993389579806,1.150539988180229,30.3897705078125,37.137588172272615,98.704870644910841,0.41683418755957247,0.75330946180555558,0.013644748263888888,5.8015835902027382,1.1527804191984319
ISIC_0028938,HAM_0001689,nv,nv,True,0,0,0,0.58940905332565308,0.78116260218872346,0.40143816638602597,600,450,600,450,fea67a588be76361cce85808b5453ba1786e46709a57efba45a4b2489aff7aa5,66d3574865a1c5601c6418172b70c83911461e731e3810390604349c8932d376,183.17445185185184,44.992050778088029,214.44686917661187,0.20000265795206973,0.009622222222222223,0.028929629629629628,6.7493547419792774,0.23408773291633286,27.784292592592593,35.511685712821929,46.216455752208503,0.48383851851851856,0.71034074074074072,0.011814814814814814,5.8784999068132677,1.1840135065331714,27.780815972222221,35.457944501368665,22.307367433690363,0.48119973575367647,0.71019829644097221,0.011834038628472222,5.8591116740028619,1.1810234173048699
ISIC_0028956,HAM_0000786,nv,nv,True,0,0,0,0.99345123767852783,0.043364960515922028,0.022285181326062019,600,450,600,450,17bef38548616cd5e4a2509c09236ee0433ac3d8ac331626b8549ba17c266528,a6c8f12fee136b447c87bda2fadab93c216b3cf8e3a3cfb623062352ff198217,181.8681,15.942068926248538,29.02034811105624,0.357263543936093,0,0,5.269159290968414,0.083430411450634748,50.734159259259258,45.102719460966391,874.92174217216734,0.37872323892519971,0.32179259259259257,0.020129629629629629,6.7067988983946423,0.80581840339311051,50.72955322265625,44.520896385087347,284.26957177412174,0.36466896871595861,0.31205240885416669,0.019544813368055556,6.6169151665864909,0.81139424463125531
ISIC_0028963,HAM_0002423,nv,nv,True,0,0,0,0.83698475360870361,0.58713152820604675,0.30172591909810598,600,450,600,450,0ea2fe58565acd7fb71c6dffe42dd5454fbfadf91febc7ed7e61beba17795d5d,123efafdc255a1f7a27d8c19ee619c01877019fadf853b3cd38c28e418f218f0,178.51147777777777,21.466262800752897,29.09855120060357,0.17361106753812636,9.2592592592592588e-05,0,6.2570844411674367,0.11463056231562453,52.027051851851851,40.52768877059485,305.04480300377236,0.53694026143790852,0.33211481481481481,0.012340740740740741,6.9528354260166907,0.72271145384663371,52.021653917100693,40.265740021326799,124.13614569751569,0.53034944555078978,0.33331976996527779,0.0123291015625,6.9349953412692358,0.72258914196683321
ISIC_0028967,HAM_0001449,nv,nv,True,0,0,0,0.86332952976226807,0.44959053746866351,0.23104383195027148,600,450,600,450,30effa0eb57d3d56eaa77d431b109b98953295670a4915b077d0fde1bcdc510a,98be2033cde3b89101de45547d367b5bf72c87060b13f9bb80675bf8e7ec69d9,160.48354444444445,40.755294174975177,212.60464788311387,0.4600449818445897,1.8518518518518518e-05,8.1481481481481476e-05,6.9066622754450808,0.24776396600753062,71.009114814814808,59.106513539931264,783.21984806681769,0.35984961510530139,0.27632222222222225,0.023066666666666666,7.4157607052074415,0.79438246779244037,71.011196560329864,58.745462648141952,210.01794518985682,0.35223548240910951,0.2734035915798611,0.021436903211805556,7.3876152553169385,0.79583681179417731
ISIC_0028978,HAM_0005026,bcc,bcc,True,0,0,0,0.65313142538070679,1.0321633988290799,0.53042705971299209,600,450,600,450,009568a92a3c522f83fe9b566b65a9f27870ff9c547e858a884b47cd0ab3d04f,11a5a2c0083b5a3adb0c977f87b80f69aa109bcbc09e3c8fa576464e7e0f0c15,167.12831111111112,29.896353474522275,62.874854122962965,0.21010031953522149,0.0018222222222222223,7.4074074074074075e-06,6.6446923424300364,0.17438745161415323,48.567655555555554,41.601572002704089,267.63727567296297,0.31018427015250544,0.35129629629629627,0.012944444444444444,6.8056051055191737,0.79762268610266307,48.56927490234375,41.384352533072878,101.72301788959238,0.30166382633782679,0.35017225477430558,0.012891981336805556,6.7813701883395243,0.79548119553606733
ISIC_0029002,HAM_0003401,akiec,bcc,False,1,0,0,0.37140589952468872,1.4744791896400824,0.75773241141473169,600,450,600,450,ee3fb5d7fef0750e5c9f4585fb421ad84894260bd485381de8ec5e61920a81fa,5d4dc6cd61cf618126d5afc87a54b09d128d52576f4454b291d5b3972e306eef,148.60669999999999,17.9621792045583,86.628833580192037,0.36182528685548293,4.0740740740740738e-05,7.4074074074074075e-06,6.0263708137639913,0.1005921584588261,77.390500000000003,39.193552409685203,664.57780460488323,0.38460339869281041,0.069451851851851848,0.011303703703703703,7.1523742360856168,0.38187828137998647,77.400051540798614,38.574636707441059,245.38425699092537,0.37735763250612747,0.064731174045138895,0.010965983072916666,7.1257232861559059,0.37983858383502545
ISIC_0029005,HAM_0007318,nv,nv,True,0,0,0,0.99736881256103516,0.019847433397074944,0.010199563123050844,600,450,600,450,3bf018b2378d1fd67dd61da39ca8b92931e96bdc232ab494620d9acb7739cc25,a321b3f0fe4849369b21c2d28bc74b829b4ad4b8ee92edbf05b4cccfe04e7b43,169.01374074074073,28.501787664652419,49.089388834444449,0.4075703848946986,0,0,6.5679082609409409,0.16471315913974879,79.267337037037038,63.443181764395376,803.88931647998652,0.28828769789397241,0.23649629629629629,0.032092592592592589,7.5496431062031331,0.7621107647526455,79.265889485677079,63.024818995809767,284.36386462714938,0.27921182470383987,0.2311740451388889,0.030904134114583332,7.5246003080688446,0.76454003185437036
ISIC_0029008,HAM_0000629,nv,nv,True,0,0,0,0.97549915313720703,0.14099593350507045,0.072457576509131302,600,450,600,450,0ec195cf29a939405e2a764d7b7396f6a81e735e46e300f2b0ff223c2ba24595,ebf8fa73468f6e09dc70d2f85e7b5559a06917e59690544c096714a97749d361,184.56747407407408,27.619086312382045,91.316823913731142,0.36689167755991281,0,0.00020370370370370369,6.3398435093917778,0.14491836313570589,56.24377037037037,47.822812142237254,1033.5071382712617,0.39998140885984024,0.35751111111111111,0.012492592592592593,6.9905114555512728,0.79169268564249551,56.242628309461807,47.227800700540335,276.50513076115357,0.38782283475456153,0.35185411241319442,0.01202392578125,6.9133798349116349,0.79356746001199807
ISIC_0029010,HAM_0003293,bkl,bkl,True,0,0,0,0.45866766571998596,1.3482738307548603,0.69287568668543653,600,450,600,450,cd8bdbc26cda27c8769eafb0f168d60481a5f3f39b4c814e31324dd79405def4,e641235d0f81467ee2f0159a511b74910fc1561c830903e01ba1afbab7fab070,153.06738518518517,22.752231798867779,125.70356559888883,0.16692756717501814,0.0013111111111111112,0,6.3299920388491575,0.12156485338136042,66.19786666666667,42.975806164037103,552.66054558266114,0.30059263616557735,0.14710370370370371,0.014733333333333333,7.1329647852426437,0.53861303380602932,66.1942138671875,42.482829464519732,213.13731674974167,0.29450098507284855,0.13926188151041666,0.014417860243055556,7.1129441639927959,0.53874091514639877
ISIC_0029017,HAM_0004980,mel,mel,True,0,0,0,0.52123075723648071,0.69635710436837994,0.35785676163230995,600,450,600,450,77f39913ea8c76193c3a519ff7eee8f63c5b5abc4c72eecea1fa5a7ad5109185,9b99b67bf09ab0ddb48b5a469a5b7518b7bd98c830a68ba4b6a53bf06a3b6a6e,165.37970740740741,20.021528322254373,150.33855265294926,0.19000364560639069,0,0,6.023500864075265,0.11075946508327859,49.084174074074078,38.640184033369479,704.6154522191357,0.44254178649237469,0.29791111111111113,0.012437037037037036,6.7238059351945791,0.71327932358619617,49.080986870659721,38.162761536628956,186.45172520584345,0.43091814959490737,0.29444037543402779,0.012159559461805556,6.6667432035388146,0.71586842664262096
ISIC_0029026,HAM_0002905,nv,nv,True,0,0,0,0.4345671534538269,1.1444236758195796,0.58811742997237892,600,450,600,450,12db355827e7056441e62a1d9b9fa98274ff32cdb51091f6e1f777006617a5e2,f3ab1591eb8e82f6c9430aa5d8aeefdab9f58e90a9f5d77f2f12873f3ddd9469,158.64185925925926,21.182407839442813,30.814087251796973,0.19730072621641248,0.00028888888888888888,0,6.3080997703381323,0.11727731302282646,65.835548148148149,44.482103018199979,277.54031407010973,0.33434338416848219,0.16941111111111112,0.016785185185185184,7.1910736072987369,0.58243025626243028,65.84039306640625,44.190000089717877,124.21176702280839,0.32934479890046298,0.16535101996527779,0.016682942708333332,7.1793425999251292,0.5803055227046553
ISIC_0029036,HAM_0000955,bkl,bkl,True,0,0,0,0.95533603429794312,0.22375894346451664,0.11498935013682186,600,450,600,450,88bc9a4ac18d63429684b48cae839bb1580db77d05e10555a7a6796b6414223f,bfeaea661cadf35fb51cdb2429a3b2f0ce4985aa05b12d59b4a9a4e704ccdb4b,195.53032222222222,25.162877989430932,212.67310818348426,0.26843677559912854,8.8888888888888893e-05,0.041581481481481483,6.3211319413444222,0.11686839028766434,68.434766666666661,50.658446812956178,972.54654927401918,0.2944190559186638,0.17214074074074073,0.023151851851851851,7.2237346868512313,0.63824708816034559,68.438151041666671,49.960993352624662,370.56541798801885,0.28325958584388616,0.16259087456597221,0.021986219618055556,7.1816057337722903,0.63686170067838743
ISIC_0029040,HAM_0001721,bkl,bkl,True,0,0,0,0.50012016296386719,1.2852519098048079,0.66048882597624714,600,450,600,450,cb53836e197ee2381a320e96aadbf6dcf168b7f2c5a223a3ba0454640205af6e,48ca5ceac55947e4be71106151c49d3c97a9c4f54bb1725f498b6b2d70fe6156,156.24495925925925,17.643999256861186,22.348688825459529,0.15249782135076254,0,0,5.9422519023315576,0.10348142697196427,74.308418518518522,50.488242124600156,669.59788095451279,0.27589872185911402,0.16232222222222223,0.016807407407407406,7.4360538169237342,0.57142990269579053,74.309353298611114,49.968165493621264,276.09025292701011,0.26588174657883989,0.15655517578125,0.016587999131944444,7.4175518370114002,0.56731394282451419
ISIC_0029041,HAM_0006898,akiec,akiec,True,0,0,0,0.52429497241973877,1.2765489939079206,0.65601641192305338,600,450,600,450,cdfbbc880215d924a23dec7a238b8070fefdb8f76922b40bca97ebef99f0f12c,44a28463dcd5e4e232a18716b312b6dfd57ca2a7ed2cb174a557363c10f2877b,146.58118518518518,19.640263672208032,50.332014174814795,0.23178140885984022,2.2222222222222223e-05,0,6.2651011701449164,0.10529412976651317,87.379977777777782,50.477767770679186,608.75747339061706,0.26633488743645606,0.10118888888888888,0.016866666666666665,7.56769425991516,0.43891402831208015,87.3829345703125,49.971781534832573,247.86739350979528,0.25957563146786494,0.097601996527777776,0.016181098090277776,7.556075674657829,0.44013128314155947
ISIC_0029046,HAM_0004170,nv,nv,True,0,0,0,0.8673403263092041,0.4451264141253809,0.22874972636402444,600,450,600,450,e0f99f84a964d3f056ccd7ca15f62cca0222e7a40be6b486e28fb05a5ca12f2d,f3895303f904bea3ae3263f2c6fba768f432de94b085203e7c18a531e6aacf8e,165.79013333333333,20.381979887399808,35.003574035541838,0.11393860566448802,0,0,5.5411922380487413,0.1118873853983394,50.08406296296296,48.489436994926272,444.53801515740747,0.34881073347857661,0.36254814814814817,0.022551851851851851,6.7534212157709934,0.88472009737936108,50.076056586371529,48.14025225204886,190.42082266160003,0.33672297857945266,0.35924614800347221,0.021626790364583332,6.7124476207877066,0.8862143090038328
ISIC_0029058,HAM_0006292,nv,nv,True,0,0,0,0.97714430093765259,0.11643160421611418,0.059834008406111951,600,450,600,450,629dc56bb26f9dc5e63bf6ceb0af4e4a503b78760918e11e86df98317774dbc6,5ba55ed832832cde7c8c6a269df95f32c54b24c94e2dc3fb7fb16bd26338d774,158.06799259259259,23.738980273271217,34.826892049368993,0.4213228903413217,0,0,6.1004883498508491,0.14440548810000925,71.067133333333331,54.931862882868089,844.08332164377236,0.3233459694989107,0.16914814814814816,0.026766666666666668,7.2610253367567612,0.70660956992591828,71.063713921440979,54.410250487616665,300.73053533165353,0.31417518233421843,0.1628078884548611,0.025519476996527776,7.2171340666396011,0.70810532462919529
ISIC_0029064,HAM_0000134,nv,nv,True,0,0,0,0.99342769384384155,0.04653809048100449,0.023915847555241683,600,450,600,450,90a3ec0a3ac8028295b531d69a36d3a5329e023238cb20ec02c4b5e517167ad5,7d5351633b206c1209014a64dccb8cf1861dcaad5f5481a9cf584d4c2d4865a3,151.79480000000001,18.138654151879116,30.791351841851856,0.42678737835875091,0,0,5.4816947522295623,0.11334467922894477,54.255088888888892,46.248117359395238,536.41244834533597,0.38884502541757449,0.23707407407407408,0.021562962962962964,6.7264794930359884,0.78551597741324408,54.251308865017364,45.837980369842299,200.10676404387675,0.37914528441584971,0.22660997178819445,0.020955403645833332,6.6612374129854794,0.78781438447429575
ISIC_0029067,HAM_0000498,akiec,mel,False,1,0,0,0.8580816388130188,0.57519786033338216,0.29559322695995249,600,450,600,450,61466f484356a760d1afbef7d64af11fbcaa9033aaa3b3aaa6ca06bcd7753081,76be8c39ce6c030b3e8762970c9b2aba2449ba89ae259ccea18014f88ee16aa5,166.20993703703704,19.988648921318802,72.573216777777773,0.30666736383442267,0,1.1111111111111112e-05,6.0844333057000792,0.10568608744154732,64.921292592592593,45.371545920522635,655.690055615912,0.40729299927378354,0.1832074074074074,0.014496296296296297,7.184454437826945,0.5873539437713533,64.925550672743057,44.870320106502447,241.15779847403368,0.39892878646684365,0.17664252387152779,0.014139811197916666,7.1568763792970715,0.59010726171602068
ISIC_0029068,HAM_0002761,bkl,bcc,False,1,0,0,0.66394251585006714,1.1437972484184369,0.58779550996931673,600,450,600,450,c9894a8a57f1013b745db3d022b223411ef6911508b454ef8389dd5bcaadcf00,55bae41d7c6b35f13546c14ecc8bfccb2ab3e7f538a0501d92b516af7502200d,172.65078148148149,21.772325241607149,49.294072531358012,0.25829140159767611,0.0013481481481481482,1.1111111111111112e-05,6.1955983348620745,0.11918544838860985,52.187555555555555,37.325554556008683,274.63083443204397,0.44049557007988382,0.2645777777777778,0.011559259259259259,6.8052784359393428,0.64452290976759496,52.193400065104164,37.058911834398401,107.0292337933716,0.43329910577512254,0.26307508680555558,0.011623806423611112,6.7777568721872816,0.6421600295639992
ISIC_0029087,HAM_0000911,nv,nv,True,0,0,0,0.98375827074050903,0.086329993471770797,0.04436484054193441,600,450,600,450,f5214676b080828ec07762cc0719ecaf16c7dd3b34973b3ba09335df15dd47a5,b160c2597841be950fbeaba2fd5d12434579198511c803084443ac66dbab1309,164.75155555555557,31.805539020665275,26.548144061879288,0.40559719680464779,0,0,5.8619713269439977,0.18763492867558049,55.11877037037037,55.420497119806939,287.08550362447181,0.33640657952069719,0.3997148148148148,0.020248148148148147,6.686578008827464,0.94043494618618817,55.122734917534721,55.219767680352795,119.21821166367994,0.3322985015403731,0.4009738498263889,0.0196533203125,6.6502391558026712,0.94213133328257503
ISIC_0029098,HAM_0000333,nv,nv,True,0,0,0,0.98458141088485718,0.093946945306908031,0.04827917946392167,600,450,600,450,554c7a7beb519827990863bc18527b7089df639b5e40321bcf533875530354c5,0c55cb2c823bb48b04e3aa4a757ba43e3ce8119a5254c0a982075d348a0b44a4,186.6519851851852,8.9356620380943106,37.647259087187926,0.33688181554103125,0,0,5.0719950996169558,0.045076802905941064,87.311740740740746,46.536791927417475,4183.3310417717285,0.3774143500363108,0.05751111111111111,0.0094296296296296298,7.4172949098829308,0.43627329447531044,87.31719970703125,44.020193734793168,1159.5097133449196,0.3578207178053513,0.034586588541666664,0.005954318576388889,7.2983835036089753,0.43509328776753625
ISIC_0029105,HAM_0005047,nv,nv,True,0,0,0,0.82280516624450684,0.57880654429118883,0.29744772366400563,600,450,600,450,40c6ff753b1f9d4dfd4b9abfd76fadfd326ec3f699bec1b4eaa3efe7d81c28e0,d0c7ff30e9445b385505bc3e0afc818e0b3b16168700f679ef4668fbe31af375,133.10091481481481,29.94142586562667,226.15399091220851,0.41763859114015978,0,0,6.5151631722559058,0.18801949874191998,49.128733333333336,44.587393563269941,384.40498089370368,0.32434226579520697,0.31902592592592594,0.013785185185185185,6.5341208081890843,0.8114220615402099,49.12841796875,44.252079229062986,151.68370213258416,0.31590235757931645,0.3127170138888889,0.013373480902777778,6.4936700485728647,0.81292812137874437
ISIC_0029121,HAM_0002368,nv,nv,True,0,0,0,0.82415091991424561,0.5052942002121017,0.25966985189804798,600,450,600,450,a6dc8738b8e8cebb3eb6cbe731576acd31a44dc75c6168dc2196bde2eb59cb8f,9e31068e3f240d6f36cceb7c34ccd7f09b29dd1b8dbfe89a36ca067ead22c95c,149.77854444444444,38.222733564472037,35.907503657558301,0.30794425562817718,0.00080000000000000004,0,6.745874093080487,0.24198995863226014,44.936555555555557,45.145352297459461,124.39779998924553,0.25541771968046478,0.5180703703703704,0.015729629629629628,6.6839584088400974,0.916682523715727,44.931471082899307,45.009217663924247,67.262305905007636,0.25081832320601849,0.52043999565972221,0.015625,6.67463752681223,0.91906422357250983
ISIC_0029124,HAM_0001626,nv,nv,True,0,0,0,0.59110808372497559,0.76381404847940526,0.3925227733922948,600,450,600,450,893ad8907540cf795be5b5d36c0f40d6b83e7048f627df586d6b33647ea88a01,623adea0cfab52db017f51d26f86bca137885a13b6ef2a5c0958e431560df068,148.36418518518519,17.26267710996019,24.868655125802473,0.3976816702977487,0,0,6.0192675133887894,0.11235744658432616,122.36675555555556,51.651426798903337,1413.1431266847603,0.36432580973129991,0.045033333333333335,0.024322222222222221,7.6859776913633446,0.37146836023531321,122.36311170789931,50.825803165861146,423.02044370655477,0.35872486255787034,0.043416341145833336,0.020582411024305556,7.6639782905277913,0.3739241406592636
ISIC_0029130,HAM_0000049,df,df,True,0,0,0,0.9999624490737915,0.00046134160994339244,0.00023708268861610148,600,450,600,450,d6165ba17c9839e3286939a1dd5f19735c5c11722fd5b218965d3f32fc4ed6e0,5ae72c7101f1c02b47c4f4f0ecfe20fa7a98fb643f540918fb1154d74a63607b,148.71921481481482,19.560209147706033,85.243383120109755,0.42630037763253448,0,0,6.266519595445061,0.12492277134236024,104.14433333333334,59.103489880353401,2194.7530982062967,0.28181238925199709,0.072351851851851848,0.033444444444444443,7.7901489358192881,0.51002296178157336,104.14506022135417,58.069700090867457,609.12680115960075,0.2710172632421024,0.062466091579861112,0.029859754774305556,7.7551475013465136,0.51020674877374506
ISIC_0029131,HAM_0006985,nv,nv,True,0,0,0,0.96562564373016357,0.16086525518188044,0.082668387982855307,600,450,600,450,c8e3bfd3478527f0b4c15f97b9d26b115398280123609feb57f697d33fe18c8a,28c266f80e26dfd2bb965f6066863496f5c599ddbcbb7061e0de0e19a7d660cb,106.63436666666666,29.222170256293044,303.31627775899869,0.52963424836601314,0.0014222222222222223,0,6.3585271522411793,0.18854254264091991,51.358125925925926,49.487156484610132,502.9951469462826,0.35536605664488019,0.3469740740740741,0.021040740740740742,6.7268452566725205,0.87639573524922187,51.360114203559029,49.076226390611986,205.11422390293009,0.34393757340175657,0.34358045789930558,0.020317925347222224,6.6835173330965203,0.87447415044083587
ISIC_0029142,HAM_0000016,nv,nv,True,0,0,0,0.94447565078735352,0.26471366383155226,0.13603591304565815,600,450,600,450,7c304575304f118212aab2ccc32e8bd182e8da2c9dc81d2513e960871bba14c0,2da3a54ef8d7c730fe9d2274a6280d9c634990814bb57bcfb8add26156666c7c,195.7081,23.094886357622144,129.72392770061731,0.33606261437908497,0,0.0008074074074074074,5.592731798886553,0.10928441215919299,60.693022222222226,49.832566491828096,1651.6245793461724,0.34508264342774148,0.2004037037037037,0.020640740740740741,6.9029333206297592,0.71827331291624619,60.691134982638886,48.865193502514686,470.46052076856108,0.3270249044713372,0.17359754774305555,0.018934461805555556,6.7751555712307976,0.72008373790325797
ISIC_0029155,HAM_0007379,nv,nv,True,0,0,0,0.93518424034118652,0.25024206618873102,0.12859898300557032,600,450,600,450,3aef1588a9e14cb5fc15594e49cacb0e39b2952a06dc837aa158e38eb8c07dd8,951840fc6e755ce6b0a297d81e917cf79be575cfca6b5dadd4501680649c5304,113.98926296296297,20.54484236198951,37.343040534636486,0.59210078431372548,0,0,6.3513925107073694,0.16992800406105754,87.66248518518519,52.966119555682177,966.9312603390398,0.29559536673928832,0.11127037037037037,0.021751851851851852,7.6097219505141709,0.52963685084631384,87.666347927517364,52.275789840762023,382.84368986843361,0.28656346273318356,0.10662841796875,0.020677354600694444,7.5912620359037488,0.53002945150683922
ISIC_0029167,HAM_0000213,nv,nv,True,0,0,0,0.99068552255630493,0.059524284226498171,0.030589430994743309,600,450,600,450,e483380c8748a94805605a951cea5f7b6941131386d02a97212c72e1d6493dbb,a7962969c79e269f8a1454de2cc73352facba72e5d3570b170a3994d244a5536,164.60666666666665,35.149271843256031,40.640635543209868,0.38502264342774151,0,0,6.2768655918117489,0.20917709147541369,51.692077777777776,59.832526724812752,433.25456092443068,0.35463430646332605,0.58540370370370365,0.023551851851851852,6.7003588306785451,1.0969380868001146,51.692823621961807,59.561708192690347,177.31081116305273,0.34355705444069989,0.59507921006944442,0.022840711805555556,6.6347866835197502,1.0967960742088647
ISIC_0029168,HAM_0003147,nv,nv,True,0,0,0,0.79324883222579956,0.66664975391491266,0.34259020347807584,600,450,600,450,cf3762f7d9fab3f6d39435372ad7aad1f57daf4d855b17b7d7abda5a0bf816ca,63b1286598d79309af1febfe367a25ef6e54a4832c18d30344cc05a2499bdd3d,142.68585925925925,55.960091573623608,35.768236408834021,0.43364063907044298,0.00042592592592592595,0,6.9607489541509082,0.38689692401956527,63.36761111111111,68.355347612722838,351.88169233513031,0.42933314451706606,0.55083333333333329,0.029251851851851852,6.9763932577155687,1.0341948998917987,63.372836642795136,68.14534517771142,153.78645118735267,0.42725026913977399,0.55069308810763884,0.027147081163194444,6.9580554907375669,1.0355416735147309
ISIC_0029172,HAM_0000396,mel,mel,True,0,0,0,0.73388344049453735,0.73264740801625983,0.37650628852105034,600,450,600,450,1c315072366838c1cffbbefefa5ff646de57d1455311681ec6f813d7f6744c9b,56d3dc549b648b16756bf6fad7cec3ed09b0680e1b32f2a2f6ebad4e8a7d7814,152.02658888888888,18.346147856679227,60.146018072702319,0.27050976034858387,5.925925925925926e-05,0,6.1474971146700774,0.10898075135073433,90.955985185185185,54.007374288247817,1184.6067966458027,0.31707891067538124,0.10639259259259259,0.022670370370370372,7.6574650710867971,0.51650305381401784,90.954318576388886,53.302248497521795,401.03941865536711,0.30903408075469774,0.10120307074652778,0.021341959635416668,7.6407223528826442,0.51644229093949634
ISIC_0029176,HAM_0002761,bkl,df,False,1,0,0,0.60918295383453369,1.1794518088014447,0.60611832944806665,600,450,600,450,dcf0eff8456f9dc582748dbfb31b167b6b3ae7005672387c13d13bec2d6d8507,bffc3db9f9e94c228731f323fb4c5ad7e095e6bb09fba12c2c890ff5c955a257,177.86138518518518,10.003710089898821,30.069621737393692,0.24808720406681192,0,7.4074074074074075e-06,5.1945387756076888,0.047516954478517795,95.076555555555558,45.250765886568018,1496.8280166162413,0.34575308641975305,0.041859259259259263,0.012362962962962963,7.4602245420216127,0.36141755306959183,95.074334038628479,44.177628773058466,473.98558476010771,0.33643732341026689,0.033474392361111112,0.011149088541666666,7.4184194237050303,0.36059117973344867
ISIC_0029180,HAM_0005595,nv,nv,True,0,0,0,0.98903334140777588,0.062975140312711217,0.032362820217204762,600,450,600,450,6fab1071c61454c135e89ffa80aafadbbd64cb83be77d308c330e5bf17911edd,4ca09530a9768bfa0548ef93d35b8bd761d15e8bc8e4642f9fd5a0456a8f6dfe,138.40505925925925,27.838288467042407,38.452492506982175,0.53793093681917215,0,0,6.0228259169233338,0.1969672390659428,72.16513333333333,62.948976144564014,672.54556970644728,0.31339344952795933,0.21662962962962962,0.035792592592592591,7.2673029518223178,0.83011449912934498,72.164265950520829,62.567158424811709,256.4270759485662,0.30553302972664759,0.20985243055555555,0.03369140625,7.2269307680407371,0.82952748064317872
ISIC_0029195,HAM_0003129,bkl,bkl,True,0,0,0,0.98978161811828613,0.058891792910465743,0.03026439475587098,600,450,600,450,030761e57127bbc3f35b5c3e89c9c746cb1a933ddfc8cc2891aa6d01a6749384,15bf04efbec0360a0b0bc759e96556f61075d58fe477b4a147f000ca6bd82d6b,132.76004074074075,16.525218694081751,86.456397783209866,0.45929266521423384,0,0,5.9186091810184553,0.11537635769677164,84.186403703703704,51.768395960527037,2023.9939082085048,0.33736004357298477,0.089837037037037035,0.02462962962962963,7.472191383980614,0.54406764678422248,84.189737955729171,50.684026823339408,562.1307088743298,0.32359302662037037,0.074327256944444448,0.022535536024305556,7.4104491758114825,0.54524106204709888
ISIC_0029200,HAM_0000849,nv,nv,True,0,0,0,0.90174335241317749,0.38532710049766578,0.1980189582158928,600,450,600,450,a5cfac0fe6b359b439dfc4e8a8b568fff99e20c9c64cb15b58e41f2a83b31930,8ff5f470c8e97c4003421e7368ba7e1a8f3735c52a2f7d4609cd6723770753c8,138.11882962962963,38.063471916444207,70.846980255130333,0.43616212055192449,0,0,6.8985872979673717,0.26970939524281168,66.995240740740741,60.339139833676533,475.27410064768173,0.36170809005083515,0.38024814814814817,0.022729629629629631,7.2489116209407438,0.86215148816743614,66.999688042534729,60.052027657988724,187.54637278285293,0.35554353468818084,0.3842434353298611,0.022203233506944444,7.2221182268915456,0.86334252736646877
ISIC_0029217,HAM_0002316,bkl,akiec,False,1,0,0,0.90868967771530151,0.36364514674663923,0.18687663812390265,600,450,600,450,75fbbdd9cd28b87a73eb5b4682cee97f86db11b3e7d845e1d2e6eaa4df4efce9,aed96e4ad74bb10cd6aecc959ad43327629817c5459ed7b61e96b3a5691a91e8,159.26940740740741,28.281565079615692,30.554669688216734,0.15033343500363108,0.00022962962962962962,0,6.6414361298418001,0.16850390952137231,78.029081481481484,53.835209931247682,427.62462537172843,0.28078804647785038,0.15619259259259261,0.01915185185185185,7.5208148967253914,0.60963241301462134,78.031751844618057,53.478202607667662,187.88801993190506,0.27546660645595045,0.1522488064236111,0.0185546875,7.5103909702766671,0.60808725561635568
ISIC_0029218,HAM_0005633,nv,nv,True,0,0,0,0.90839940309524536,0.31222704659382172,0.1604529616875679,600,450,600,450,30972ad3f444b04fd193871e099687c33fcfc237a74e95c46cbc21b303559785,c94b5b267550727ceb8214db94c3f119ab2030448a7e830dfb57a60359777b9b,178.0430111111111,16.474225605580983,27.61556219895748,0.32577565722585328,0,0,5.6492173551538034,0.088026497218444216,70.403629629629634,49.691851796586711,1122.5468672960769,0.49856454611474216,0.14899259259259259,0.022092592592592594,7.2533106164934491,0.63447624044814621,70.398200141059021,48.967373381527644,381.96586430620073,0.48948304419424021,0.13646104600694445,0.021070692274305556,7.2026354735443121,0.63714422278044902
ISIC_0029220,HAM_0002258,bcc,nv,False,1,0,0,0.91032415628433228,0.41265547743909053,0.21206296582574669,600,450,600,450,8dfc3e21e82c86fd2a29dd94ed5ce7d98afcdc48c33f4115a5d70e503e80fa49,9303bcbae3ab2cb40b170bc97fe072c5655928aa48e8bbff0ccdcfa0a87cd81f,199.83759259259259,15.407879710309023,32.24442562765433,0.15189382716049382,5.925925925925926e-05,0.0012740740740740742,5.7380312114223022,0.066595837328085841,71.076470370370373,47.455486983857284,775.6075037310153,0.32678111837327523,0.16644444444444445,0.014685185185185185,7.3602157128167063,0.57544497708963704,71.077311197916671,46.881976669204505,296.47994730207648,0.31763530390454797,0.15887451171875,0.014492458767361112,7.3351728323827388,0.57636912110118166
ISIC_0029248,HAM_0004756,df,bcc,False,1,0,0,0.42152863740921021,1.5808828524621605,0.81241307736106749,600,450,600,450,b2b6db34e00d75394368837d5af00ba28022e4d5a47f352c5b76e7cc25bb516c,898070622fc092e8ac1abf4db6bc8eeebe01c2e355347eeb14d38e6105a0cdb4,163.24700370370371,15.344632319550978,117.87772572839505,0.38252106027596222,0.00017777777777777779,0.00094814814814814816,5.8664046096162314,0.07117774568112073,103.35184814814815,46.161473345195162,1885.8856253602744,0.35023053013798111,0.038633333333333332,0.017866666666666666,7.5040731303888988,0.32755923059290976,103.35378011067708,44.831036428006492,638.210236242478,0.34218263314440361,0.032667371961805552,0.016160753038194444,7.4599267555895157,0.32687448835762711
ISIC_0029256,HAM_0001783,nv,nv,True,0,0,0,0.95792621374130249,0.19810088534258588,0.10180371659953492,600,450,600,450,f8413586529fbe61e2eda6266f44bfd5d7e3a06c4096b47fc249797ae67be720,b7748498d9206378b59adf92560dafd121edfe2230790fd40c3de2c796d645cd,161.17436666666666,32.435822674349609,71.238447966735265,0.40901891067538126,0,0,6.3265391827848632,0.19126759265338647,55.569255555555557,56.411351136108756,391.85449625015093,0.38380762527233114,0.43637777777777775,0.024118518518518518,6.9318635498730732,0.95811492583897895,55.570048014322914,56.155659849188297,157.95612856741121,0.37679900790611381,0.4391140407986111,0.02386474609375,6.8975671665773239,0.95930996055795703
ISIC_0029265,HAM_0001272,mel,mel,True,0,0,0,0.89022886753082275,0.46708970834394897,0.24003662685592569,600,450,600,450,ebc66a51bc7bc03362fc3feac17d83b88909ec8f2edea7ce87e32d5b96ef9b30,0e7fcad9911426ca760297970d682e70ef22d79b1173e3d1ea31be97b3009cfc,165.6472962962963,33.803527102091557,152.02799333024689,0.19299272331154685,0.00081481481481481476,0.0010111111111111111,6.9590104252603808,0.18594007579484378,68.663025925925922,47.155459763535745,466.44372499916324,0.38472687000726213,0.18198888888888889,0.013433333333333334,7.3056223071435671,0.58903497882271594,68.659701877170136,46.786844563348971,183.50332975051839,0.37843179806644878,0.18010118272569445,0.012864854600694444,7.2885578034411349,0.58702932734272328
ISIC_0029272,HAM_0002911,mel,nv,False,1,1,1,0.55764567852020264,0.71578148482809412,0.36783891855211642,600,450,600,450,bafeba218354f96403edd686861591af627b866b311043e11913cc0881437059,0d70c522660750e6ba74ed003721e5c5c1316969871db2704f2aa2a342857a38,155.00639629629629,36.800010062075735,23.547073619698221,0.26176180101670299,0,0,6.3966783089682266,0.23026305661159718,54.736651851851853,62.56518955496869,268.14686664340189,0.29136971677559914,0.53368148148148153,0.026648148148148147,6.850009599348784,1.0666710667227557,54.730611165364586,62.378220445775206,135.13215575983494,0.28250626042517701,0.53670925564236116,0.025478786892361112,6.8258850642708522,1.0657231334629274
ISIC_0029305,HAM_0002459,nv,nv,True,0,0,0,0.99158406257629395,0.054093087192126105,0.027798347841695999,600,450,600,450,9a3cdab598b19dec2dda0e9dc2d24896c522b0ba9a321df1efe903d2c8df9d74,0619514174ae854e5023f4a873ee59962f1ad16ebb0f43023beecad023a22f82,176.14853703703704,31.242732720742264,108.10927036871057,0.38474737835875089,0,5.5555555555555558e-05,6.4852177504878581,0.17293356430772927,50.140525925925928,49.181077517653847,638.9339102944308,0.38232913580246913,0.43103703703703705,0.018325925925925926,6.8098243141670505,0.93900395120306546,50.13916015625,48.826519031478114,168.36987269071886,0.36920158037173206,0.4410739474826389,0.018168131510416668,6.7385486936593484,0.93973860810585697
ISIC_0029330,HAM_0005768,nv,nv,True,0,0,0,0.98952227830886841,0.065110769878890432,0.033460316711180084,600,450,600,450,cb3a71f7f20a67ce8614cdd1d7b462d7ee56653437af3891af83dc417d891f42,d8a8423da2f79d7f4cd273954d9074839bea17b943b542ee8e76c87f9ce27e80,177.23819629629631,13.131820257114832,40.95521851839505,0.34931808278867105,0,0,5.3175280892227077,0.06935678508294528,77.545248148148147,43.744338943937947,1747.6447919482991,0.49678153957879445,0.064644444444444449,0.017414814814814814,7.1649875127980041,0.48004961392040502,77.541490342881943,42.46717659317887,609.95641522160099,0.48709160964733117,0.049201117621527776,0.016520182291666668,7.0737537776155577,0.48316361884108122
ISIC_0029335,HAM_0005119,nv,nv,True,0,0,0,0.98341518640518188,0.10430852554211653,0.053603978371126487,600,450,600,450,cf22bd10b3f2c493792a85e821676a8026661bef7f33bb77f1009232843b81d5,89cc2cfc94a70e56bfc3feacfe27443a23909bb8288108a2c45032d422b7ff2c,172.66406666666666,19.965585592584429,101.14750354370371,0.40643763253449527,0,3.7037037037037037e-06,5.7960181692967998,0.11032270288430397,74.613818518518514,50.687125483590883,2020.9484718926615,0.45365400145243284,0.10754814814814814,0.020374074074074076,7.2594055206910699,0.6227800996047691,74.604844835069443,49.606563725767323,534.84998305565057,0.44163586984272873,0.081244574652777776,0.019022623697916668,7.1530880840301467,0.62320872816577766
ISIC_0029346,HAM_0004625,nv,nv,True,0,0,0,0.55782389640808105,0.90880499676235915,0.46703338137352302,600,450,600,450,c6eedba233913a2c785bcd5698ceb88e882167f3607f1a91667dc4fc31fd53e2,761c31824f86f95415acad2e7611c2b268b68820963e88b16ee1c5637e766122,157.66431111111112,20.290069501539019,46.624637036982186,0.31344395061728397,0,0,6.147423354135193,0.1209422684481713,70.107918518518517,46.71814127256917,699.01571155323734,0.24541031227305737,0.11311851851851852,0.021570370370370372,7.1641548534862389,0.59338487606280355,70.111131456163193,46.185450060756594,255.83759616145198,0.2348361811087282,0.10394965277777778,0.021314832899305556,7.1323586969036157,0.594683273249063
ISIC_0029353,HAM_0001744,mel,bkl,False,1,1,0,0.31293773651123047,1.5282836580211772,0.78538243852786194,600,450,600,450,3983f4385fbc1d0fee5246216e7c8161ad24101c57e5c26e087646535263a3db,f976f4652189167812c14bbdfd60fceedcc2ab4ae8f6c6cc566d0dcdbfc80cf0,171.94395185185186,15.294708940285597,48.954792935185189,0.29052621641249093,0,0,5.7508531747904907,0.075950725360206889,71.007211111111104,43.34186902941358,1140.1080738216735,0.35595639796659406,0.12276666666666666,0.01455925925925926,7.2107331239492849,0.48743223025493404,71.007988823784729,42.507879633392186,395.58634660599961,0.34556297019675924,0.11219618055555555,0.013834635416666666,7.1703102843533504,0.48596203567408325
ISIC_0029356,HAM_0004876,nv,nv,True,0,0,0,0.99324208498001099,0.044186236209946689,0.022707233543849861,600,450,600,450,9b55980ef9df68a0466b4c719a3b1a6d4ff3fbb063774a4756c62afb499b7684,76b20fc0c645471e679aa75e701fb9c22f6c972b76ffd9ce5e11f7d933ba395b,167.81974444444444,24.439561593810442,49.411988789780516,0.3764390994916485,0,0,5.9704387609986096,0.13911462556008564,43.167985185185188,41.614939930534597,338.62614073936896,0.352897618010167,0.46039259259259258,0.017188888888888889,6.37306381116084,0.88501275288200165,43.167161729600693,41.308348508640215,136.42701412406231,0.34323036343443625,0.46571858723958331,0.017103407118055556,6.3043175393028257,0.88064951784661349
ISIC_0029368,HAM_0005522,nv,nv,True,0,0,0,0.91453707218170166,0.35617237393752577,0.1830363925643935,600,450,600,450,45d76467b121c11554e977121bbbd36b87f36ecede4cad8f2d1ce15cbc672dcb,3a75d308f7a9a1572bba0102accf8a9eb8b9fa5b745a127059de22569edd8723,184.38875185185185,23.752200244232665,35.603455461056249,0.16752082788671024,9.6296296296296296e-05,0,4.8837199553298394,0.12144978313626703,20.663,35.455663099352897,109.32880367076821,0.45015801016702978,0.93346666666666667,0.013314814814814814,5.0854329543313677,1.5778933068880396,20.654208713107639,35.333184530851504,49.492729890493706,0.43955719060627724,0.93520100911458337,0.013088650173611112,5.0151932847690546,1.5853744840870947
ISIC_0029389,HAM_0004575,nv,nv,True,0,0,0,0.47595295310020447,1.5929319663570543,0.81860509701867767,600,450,600,450,ad9f8018332c00d4441aabc3d973302a2470dfcaf331fa125dcaa16ed33ee4e1,e344793067b90f392bcc40396d352d70cbeba2bc8d4cb8cc2850118be2581680,131.47071111111111,28.542828533267443,46.61440395851853,0.32033914306463324,0.0073481481481481479,0,6.7324093029715666,0.20411008236217443,43.59777037037037,37.751088826964242,79.65491150068587,0.41759073347857661,0.39216666666666666,0.014237037037037038,6.6263886684257649,0.77829757400190613,43.605014377170136,37.656377673499975,36.891556479266761,0.41526035815802015,0.39093017578125,0.014248318142361112,6.6220756739563331,0.77977829074204696
ISIC_0029414,HAM_0001422,nv,nv,True,0,0,0,0.98267823457717896,0.096336175969140334,0.049507001140781833,600,450,600,450,0a73321ab6d733a93c9cac0057c3a4b62dac2241a6e489e30d4db77b0fa7d85d,aac1f12fab43a15adf460c1a3a8d4fe0d2d8d78d643b342724c8ede7e8a7fb3c,121.9367,31.290506733329178,217.41065808965701,0.51142766884531599,7.4074074074074075e-06,0,6.5364293802569176,0.21085536335425625,60.462400000000002,53.532311194226949,471.79636720987668,0.38948769789397242,0.31843703703703702,0.016885185185185184,7.0988499593728891,0.82550779241141992,60.4630126953125,53.222532143155519,171.52758612382556,0.38234982958026958,0.31836615668402779,0.015896267361111112,7.0663469628898454,0.82799173637782786
ISIC_0029423,HAM_0005177,nv,nv,True,0,0,0,0.65769708156585693,0.72330597612118608,0.371705742154812,600,450,600,450,7ceb2b2d449f778bdeb91608791303954ab41466ab91d1e858f1810bfd41817c,33a0fdb5b83b0a3dabea6c1ea9325f77525f09eae4367789912e8521a90bf425,175.73918148148149,23.886753333417012,31.103648125089165,0.3645941902687001,0,0,5.3609876671001926,0.13047064779877632,29.516329629629631,42.04973889039745,153.61789620406034,0.3046083514887436,0.81011481481481484,0.016214814814814814,5.7654493357171868,1.3406900283764538,29.531582302517361,41.91551575361445,58.947377177990148,0.29461207171670756,0.81982421875,0.015950520833333332,5.707428475829512,1.3422688217957999
ISIC_0029426,HAM_0002250,nv,nv,True,0,0,0,0.98697030544281006,0.082712393883036806,0.042505762109926522,600,450,600,450,a207a50d20ddb6434e6f768af54e648e7053379aa8b8c62ec099ed87ee9fb61c,a7b83ff5a7e80e568fec501875f95c61ce1afcccee66b7286637ec831bd08232,182.99623703703705,14.117137756383279,94.639244029135824,0.37233709513435004,0,4.4444444444444447e-05,5.4313993095175803,0.071361023946107521,78.258788888888887,47.561556162590854,3210.7751623473114,0.47855070442992009,0.086125925925925925,0.021966666666666666,7.2692839737219455,0.52357511508595045,78.254509819878479,45.730466618304774,841.72872083160416,0.46363075937840414,0.053053114149305552,0.019626193576388888,7.1287056738680716,0.52505612212376629
ISIC_0029476,HAM_0004069,nv,nv,True,0,0,0,0.67642694711685181,0.87877581366358126,0.45160143395634333,600,450,600,450,d04452d679c2f35a4ad018a74a34b82960cc2499fb00cee7eb6ace32d6377301,24c1fdefb03f449050c42af37412304674cb2080d0380115e1b096e6c4d5fbfb,152.6361,19.498474084010134,93.759840240315498,0.31324583877995643,3.3333333333333335e-05,0,6.0040578877035964,0.10380520687648107,54.530725925925928,38.183240413957385,484.55777451434841,0.33818733478576618,0.19436666666666666,0.015444444444444445,6.7367619651007367,0.57972280920601604,54.528388129340279,37.715787488308457,193.13867700757621,0.32948963439542484,0.18610297309027779,0.015279134114583334,6.6970993931313263,0.57966007123082763
ISIC_0029499,HAM_0000397,nv,nv,True,0,0,0,0.55650836229324341,1.047306632361392,0.53820914232336525,600,450,600,450,140bf3a71272fe507445486020e6785a99d49cd1c12ba1b519cd0b8c7c7a8853,46ab4770df6f23b9b9df86afbc365fcb2cdf673877bdd8bf5654257588846475,177.58698148148147,36.306761090581269,80.119011111111092,0.37543297022512712,0,0.096477777777777773,7.1522684948264672,0.18558318505956667,92.916203703703701,55.420414914468466,559.46725535802454,0.44982180101670294,0.073055555555555554,0.026737037037037038,7.6086773169323321,0.50872897480667412,92.927001953125,54.991742756863616,233.63660277187091,0.44560520280160676,0.070726182725694448,0.025424533420138888,7.5968884136586539,0.50899065420702605
ISIC_0029509,HAM_0001826,nv,nv,True,0,0,0,0.9557877779006958,0.22913183306789009,0.11775046919773115,600,450,600,450,6d5464a831bbab8183815c4c1b06408d78ab7a6f6ae0bda57fbadc9be9dbfd43,9197afd575f53d37c4c637fe56ef373938182e2bae3c516b1e24c169bc836b33,102.07962962962964,25.504317424119261,241.50590335253779,0.59057509077705161,0,0,6.4772568723244088,0.18798441255870837,94.197392592592593,57.222223336495738,964.29876218990398,0.27742650689905596,0.073840740740740735,0.023977777777777778,7.6227632203698459,0.55313646263520067,94.197252061631943,56.607993996526794,374.70160931992683,0.27000503706256812,0.068440755208333329,0.021348741319444444,7.5978258443861835,0.55332382843775418
ISIC_0029514,HAM_0007614,vasc,nv,False,1,0,0,0.85644036531448364,0.59398794188179505,0.30524941872067429,600,450,600,450,b0c8a6129a418fa88355ddc82feb4e1f998056f34ccff02cd414c06a32ab133d,430832027cc1a349ec2de9016d3cdc8516f2c5aea208bb208a0f122bfaf6d8d6,185.81172962962964,19.072839390499482,44.033619829903991,0.15895236020334061,0,5.5555555555555558e-05,6.0459140801208822,0.095397436582157352,57.361318518518516,40.250149813873819,552.10843359336081,0.38926836601307191,0.22371111111111111,0.012433333333333333,6.9966927206009304,0.6207539859548723,57.359578450520836,39.816997284857699,193.93527969883547,0.38018227039079516,0.2181057400173611,0.012288411458333334,6.9641627004860389,0.62141085377560801
ISIC_0029517,HAM_0004031,nv,nv,True,0,0,0,0.92823231220245361,0.3290399047033622,0.16909306160055856,600,450,600,450,8525b4587306558416d97bf623ddc1e0dc6661a9ed8953cb3956c95e6c9c055a,caf2799051ed68f73b0b45c3306eb95ec05ea66654a7ac5b83c6cdcb9aab83f8,121.96121481481481,24.487080481842355,62.666551525871057,0.53298052287581699,0,0,6.5726469273110117,0.19198819225377012,95.322896296296292,54.809992845827075,1092.0904280427433,0.27561066085693536,0.060781481481481485,0.028551851851851853,7.6327428312420977,0.51326112186378769,95.321933322482636,54.091281583280363,427.35915125184397,0.26790574682563995,0.055223253038194448,0.026319715711805556,7.6073500389337232,0.51425239234794684
ISIC_0029519,HAM_0005546,bkl,mel,False,1,0,0,0.69751441478729248,0.66824745872886615,0.3434112613335627,600,450,600,450,e0b2b059328d9f9fa6837fb8fc499d12844b152ad70485d29850ff9597c7191b,81f5f660d9c9ecb5231c12782b94218f1760f75f2a595e984134e91fa76e895e,142.44452222222222,26.730985696196218,190.59513151714674,0.17736441539578793,0.0020703703703703704,0,6.5656467036982953,0.15706469532859677,40.662922222222221,35.89344132879404,229.51198147751711,0.31534493827160492,0.41257407407407409,0.014503703703703704,6.4913769387313422,0.78808627276474608,40.657002766927086,35.66934975762868,84.625708393430642,0.3061874489379085,0.41105821397569442,0.014560275607638888,6.4733341765291943,0.78187763612802874
ISIC_0029527,HAM_0003030,bkl,bkl,True,0,0,0,0.47175845503807068,0.94172192324719961,0.48394933532998946,600,450,600,450,c724a3daf79760716b088d346920878489815bee515c4878e29224b4b0b14103,61cc288f8f0de8d8b3c462c2764935669ef53516884ea4214f09fa55e350515b,178.77826666666667,18.805712810975521,130.66567651839509,0.26747850399419026,0,5.925925925925926e-05,6.2050868520742268,0.087529161681980605,97.157174074074078,48.424130922193093,1542.635385149945,0.26517506172839506,0.061885185185185182,0.018570370370370369,7.5619042809189576,0.36687360788977802,97.157491048177079,47.270020713972023,553.07426533061607,0.25356461269403596,0.054172092013888888,0.017306857638888888,7.5288499570226763,0.36538141375185651
ISIC_0029531,HAM_0004412,nv,nv,True,0,0,0,0.87953901290893555,0.41016630024456635,0.21078378179161614,600,450,600,450,2c01f33b3d7c90dff196506a5891b61f0b18f434c7456e22a64300267bb542bd,3273715c436326005383d84eb6b8a3f59ce6a3b80e11fd118003d9397fb6c4b4,151.30292592592593,28.485010462848475,292.68051851846366,0.27773452432824985,0,0.001562962962962963,6.0393791556502645,0.17439790983097742,99.126007407407414,48.424661339414463,558.33647386990401,0.24949551198257081,0.046818518518518516,0.032629629629629626,7.1035515407596561,0.4207740800947104,99.127332899305557,47.942090543324788,240.51121651128298,0.24280814376531862,0.043389214409722224,0.031297471788194448,7.064739278723021,0.42147525216303866
ISIC_0029538,HAM_0002534,mel,mel,True,0,0,0,0.5035700798034668,0.99117930148363032,0.50936540002364505,600,450,600,450,f9dc594d97eba2660815706cb7098e0f00a664c24d45aec05259d8faa8461dad,764610b173cbe741436335ef3c43c8678c73aa88633db0f24b8f0a77c2922834,188.9344851851852,29.423514538699145,59.220404580027427,0.15884300653594771,0,0,5.8173201950510585,0.14833171799574277,31.613244444444444,42.59469274181793,168.39137606187933,0.42972039215686275,0.71606296296296301,0.020507407407407408,5.9378605613772564,1.2600567804849212,31.603712293836807,42.456722623772407,67.307903229776358,0.42138985694104025,0.72010633680555558,0.020392523871527776,5.9071703655527488,1.2596982228524196
ISIC_0029547,HAM_0007165,mel,mel,True,0,0,0,0.71789020299911499,0.88928859506002622,0.45700393488967195,600,450,600,450,216995e211db5509f57923ff8bd5fdaeb1e47de4c07eda7ff737e4b3bffc997d,0d23441c8017a18d9f334ec93ff190e63bdfe11881165450dc92dff699db81e6,145.13755555555556,21.654568176566816,76.53829750320989,0.24077124183006537,0.0026925925925925928,0,6.312877096303164,0.13646575355260182,52.465255555555558,37.478538849654498,398.09749029397801,0.29938627450980393,0.24935925925925925,0.011566666666666666,6.8229800283208286,0.61992686643211004,52.465311686197914,37.148472511491391,128.57361882478918,0.29019767412173203,0.24639892578125,0.011406792534722222,6.794136312524488,0.61941309578776937
ISIC_0029571,HAM_0006152,mel,mel,True,0,0,0,0.63808971643447876,0.66393397228735662,0.34119456780143659,600,450,600,450,759fd3de0349410a76266a4a011216a3795350abd0805490aac320a18c727a74,a9f8a29889fd5b74284f36dd61ae4981452d2954972d03d337caa6c24ba69355,148.9795037037037,24.778431225077835,81.123104613319612,0.18055896877269426,0.0022407407407407406,0,6.007460567805297,0.15644017236032351,40.028281481481478,39.993420294149281,328.67586531681752,0.30558236746550471,0.48534074074074074,0.014111111111111111,6.4943015645073849,0.90841552230223599,40.021775987413193,39.708398324496919,120.79896453680632,0.29434141603690089,0.4887966579861111,0.013631184895833334,6.4608682632154029,0.90844905529542364
ISIC_0029584,HAM_0007115,nv,nv,True,0,0,0,0.993316650390625,0.046436960987535809,0.023863877276183436,600,450,600,450,6164909e5aac49095ff79ebc7eb043ff5f244bbfbf1df585fb4227e43c02d1da,60b2d4ddf3c7c3bf29da8840efc60fbfcc3f388c0a3828e602b1edbb5dcf4dae,156.84237037037036,27.198764356666871,74.435583654924585,0.41956026143790848,0,0,5.9470394927278507,0.16671542960634578,42.876459259259256,48.173754464094429,373.91375155555556,0.39933439360929557,0.52552592592592595,0.024618518518518519,6.3039128499996302,1.0413421497089721,42.875576443142364,47.87999319810374,150.50061034493979,0.39124654798985564,0.53366427951388884,0.024441189236111112,6.2326237103145337,1.0418330388363246
ISIC_0029588,HAM_0001721,bkl,bkl,True,0,0,0,0.38667714595794678,1.4542044397696536,0.74731325106435698,600,450,600,450,aa899dad89261b9afec58a82364dee2666856fce47e332acd282b088cec699c4,1f63d839e32917a89ec0e447424e6f90ea10852c048be377c09439634780c406,135.81748518518518,15.448277244529715,23.667938702208506,0.17807543936092957,0,0,5.8248261638001972,0.10094723006794472,81.954240740740744,49.593415170891525,818.56538737689982,0.27639600580973128,0.11393333333333333,0.01688148148148148,7.4940984237377446,0.48744611681564221,81.957567003038193,48.945038469178492,338.02270532532793,0.26584560419219772,0.10805257161458333,0.016242133246527776,7.4751377835524746,0.48416368965231982
ISIC_0029589,HAM_0004069,nv,mel,False,1,0,0,0.7083202600479126,0.75709139429097838,0.38906801254853712,600,450,600,450,84703c686ea4f46b5373affdf29b1acf59a9af8adb93a834658f16df6470f532,1c9e30b89c7224caffc067258da135fd1533b38c6a48792eb37d7ab70153f01b,162.33201851851851,19.380692683403911,34.126568175582996,0.33317766158315176,0,1.4814814814814815e-05,6.0063298264146896,0.10702925779127358,62.985574074074073,41.820685064930117,399.79262514237308,0.32251529411764707,0.1284962962962963,0.016018518518518519,6.9446158908067961,0.57562829060664888,62.985670301649307,41.45336473064372,160.68011090485959,0.31419066053070532,0.1230740017361111,0.015482584635416666,6.9192410569831768,0.57608079337753615
ISIC_0029593,HAM_0004229,nv,nv,True,0,0,0,0.97098070383071899,0.14015018163573612,0.072022946025424264,600,450,600,450,fecf327ad02353f3ffe21842707e936948d926fd1566c5050005b30b49f6f703,d3c2bcba79513ce82b3d0f64905b3368df364e08951badf8528968c197472d76,144.16749259259259,29.466223003352134,73.444790611796961,0.42383012345679016,0,0,6.4471073073142158,0.18981596491890662,49.478129629629628,49.141129294650597,430.68033826829901,0.41162891793754541,0.47333703703703706,0.01474074074074074,6.7514182013689386,0.92973512744938225,49.48248291015625,48.832862600258899,156.53964002632807,0.40324268216401143,0.48024495442708331,0.014173719618055556,6.6956937931235903,0.93036486776402161
ISIC_0029598,HAM_0003401,akiec,bcc,False,1,0,0,0.52929079532623291,1.3567865395641274,0.69725035363159527,600,450,600,450,545fbad812c863b2de654b1c843ebfd17cb6461b4bb11588c3a5827138f5dcac,fc8c54c17ebc03264f4b4d0f4aa5583e2bde2e8e668d716492d78f7898c31154,145.78107407407407,21.601286594785705,78.017952031550053,0.34091899782135077,0.0031925925925925928,3.7037037037037037e-06,6.1873476704637085,0.13231562425374532,49.159911111111114,35.636354911796268,220.98875293331957,0.58758188816267243,0.27280740740740739,0.012355555555555555,6.6694680075366346,0.61889679019831922,49.163933648003471,35.392127512095165,90.852365176940765,0.58222528594771239,0.2710232204861111,0.012200249565972222,6.6495296359103007,0.61321038181582233
ISIC_0029608,HAM_0000502,vasc,vasc,True,0,0,0,0.99969267845153809,0.0031711819450786455,0.0016296651449287977,600,450,600,450,19f0854ff129173f113d143a388f2603664e36d8f3e91af03a49741d11fe0ff6,676610b5d3ec403a91866c2db6cd6066a1846c34fa23131d8697968d68751141,191.02097037037038,27.993804689329156,23.402181341550065,0.24389838779956427,0,3.7037037037037037e-05,5.1428292012533499,0.14220324428240438,47.476829629629627,50.539655901969617,525.50378008558289,0.70613680464778505,0.37882962962962963,0.023285185185185187,6.2848326050636514,0.9984548360761466,47.4635009765625,50.244366335792819,156.10453223722217,0.70213091150088514,0.37016465928819442,0.022671169704861112,6.1933666212513572,0.9992541646273313
ISIC_0029615,HAM_0006735,nv,mel,False,1,0,0,0.80911421775817871,0.50171119712749745,0.25782855255216419,600,450,600,450,0224d1b5eaac3e457f3130915643ed6a7a8596bce880136ae390c1a0565d0ea7,b41456005a2b5d34f79b4db6bca52b4b998fb5d69eb9f15834559b09d09da9b8,145.79724074074073,20.866223898777079,80.173853260891619,0.25760749455337695,1.1111111111111112e-05,0,5.9016789723958656,0.13237976368273546,57.793129629629632,45.759929351775583,691.04001522913597,0.30092390704429917,0.22869259259259259,0.017996296296296295,6.9717742157446416,0.69954204932479414,57.794264051649307,45.242879614882227,259.70365311021419,0.28799461082175926,0.2223239474826389,0.017239040798611112,6.9328458479923309,0.69870529958324468
ISIC_0029632,HAM_0005535,mel,mel,True,0,0,0,0.87792438268661499,0.39391848388698092,0.20243405589832486,600,450,600,450,791b12c1a4e983ad6c3b408549171a9f20d9fd7769b0dcc6be3284d565c4fa4b,c2ce2299157b2118d2f4bc63bdf6f00ac59472d18f7bf9e6eb348acacc3e879c,165.26407777777777,18.244345647692302,243.13634399862823,0.32308395061728395,0.0011444444444444445,0,6.0405023015513333,0.090267011158331717,82.934792592592586,43.99627761857036,1452.8781886238546,0.43201260711692085,0.059933333333333332,0.014048148148148148,7.3180813870080197,0.43063598899510719,82.934488932291671,43.017709099749055,447.65293606122333,0.42461222064780774,0.049716525607638888,0.013461642795138888,7.2689041634838603,0.43112739326815985
ISIC_0029635,HAM_0005485,nv,nv,True,0,0,0,0.7382882833480835,1.0257924265207456,0.52715302760445548,600,450,600,450,d4870f4a3ff0809eed9da9aadba26e23b65537c4034c3f265692ec729a5b6d96,7f2f58e4a8fe2c71f40795aa3013ea4378bfc40aeeb38853841971770a4c4049,172.24084814814816,20.989271058732385,37.635725212839517,0.37246774146695716,0,0,5.8723367309478789,0.11727169492207576,67.595270370370372,57.103684818519596,1052.0263804101508,0.42784482207697894,0.24021851851851853,0.019633333333333332,7.1761527732436292,0.78258642521226296,67.590962727864579,56.536588716462774,321.29338737476013,0.41781657432938452,0.23065185546875,0.017991807725694444,7.0888398842717377,0.78337291658221375
ISIC_0029636,HAM_0001220,nv,nv,True,0,0,0,0.59399223327636719,0.72531750722417476,0.37273946465426311,600,450,600,450,633724fbb648168977dc6cd2417d3b893e9a4f3b93a3ebb38ebb3cc7a18443ec,fe2015919f8cc50337b841d66f16019f9ef4221c7d69bfd73772cd191630fdea,167.98707407407409,19.929490607725075,56.666020580027435,0.17022923747276689,0.0018259259259259259,0,5.1732524692014632,0.10660370950054857,25.472151851851851,32.521194263625944,184.46764945508917,0.46836262890341318,0.80924814814814816,0.012448148148148147,5.563021611103685,1.1352638421600678,25.461541069878471,32.325714356702328,69.78330880329932,0.45592740459899239,0.82004123263888884,0.012301974826388888,5.4910183948589335,1.1383195653798217
ISIC_0029668,HAM_0001902,nv,nv,True,0,0,0,0.82934343814849854,0.52356799340038285,0.26906072392631331,600,450,600,450,cc27ac255b6d4295ffada8960fc08acbde13277ff76d443f60330e52fc341abd,8a06c0265b08ab047ec15671c212b0fe08f2c567f46f4295b199f2869da85fa7,154.12125555555556,31.93037687626968,122.62675904196156,0.31565732752360198,0.013092592592592593,0.0001037037037037037,6.5677902960978702,0.19421794386328711,32.142777777777781,37.752986927044326,101.3287814001509,0.53869851851851847,0.69855185185185187,0.015329629629629629,6.0531118315408561,1.0600533472378681,32.116204155815971,37.639016940640197,47.012601484441092,0.53496096409483929,0.70144992404513884,0.015631781684027776,6.0284814200773553,1.0593078888787959
ISIC_0029672,HAM_0006880,nv,nv,True,0,0,0,0.98878967761993408,0.067346580413198576,0.034609296038613867,600,450,600,450,f1a700fedc1915e1d821c38d0b96197502021f28953d8ee6668bce267a2f7e89,bb8ccf326e85a6fb0d39deeeccebe2e3403e05a1dce24b153da0af6ba4aca8f5,161.58162962962962,17.976207205427269,33.660836408834029,0.39596194625998549,0,0,5.3101316807992314,0.10622484024473693,52.562044444444446,43.538880735178516,572.01062897772306,0.46202749455337694,0.2485,0.016848148148148147,6.6970463562510902,0.76283508990791216,52.554172092013886,43.113730889212064,198.4303771499774,0.45501341975592324,0.2383151584201389,0.016411675347222224,6.6333747796135363,0.7649914458736764
ISIC_0029675,HAM_0001314,nv,nv,True,0,0,0,0.96873515844345093,0.15432096775073764,0.079305289519999836,600,450,600,450,08c6858187e7d54cc4ee22e87f254abddb079169c7f6f68e1e89adcca4a05d4c,6e1cdc690cc677e9f31b11d0a8559ae14e507cddde42baf429f649a847fec594,146.23707777777778,16.48554983573624,156.82204806681756,0.41157686274509803,0,0,5.5788483033823546,0.097530373410802548,40.720744444444442,32.930434387163558,671.69118269580247,0.30406672476397967,0.33727037037037039,0.012570370370370371,6.1211870517369826,0.7254927134520055,40.721856011284721,32.394449809104067,170.18814300589358,0.28824731498502182,0.32989501953125,0.012295193142361112,6.0086923391768643,0.72812804341611759
ISIC_0029679,HAM_0000366,nv,nv,True,0,0,0,0.64423465728759766,0.89770025431345535,0.46132667263658839,600,450,600,450,d33123544957befb1172f335e01e1da81389db0fc87570bb9a8caf1135b7646b,d294d3525c889dd8eac7751fcfb60e2fcc4fe1bb25412f0ab467ba0a7521c05a,136.5448074074074,26.597384716880018,63.14063467652948,0.31485783587509075,0.00041111111111111112,0,6.598044649566905,0.17741109944653458,77.14305925925926,52.318309598395139,555.50372475780523,0.31341607843137254,0.1600148148148148,0.018740740740740742,7.5048791277746751,0.59209969359275161,77.137220594618057,51.924310453804104,219.74737517807031,0.3073696959252451,0.15561930338541666,0.018107096354166668,7.4972798016904036,0.59195247240201887
ISIC_0029683,HAM_0002774,bkl,nv,False,1,0,0,0.39898648858070374,1.0823857700742305,0.55623625304575319,600,450,600,450,10e939f787741a39b05950dbdb2879f5bd41d35397dc2a6f35cb7ff31cf5a77e,25e003d398d8c1e4345b1a636b1a359c730a306d0c6dc4e413d1ed2e381a47e9,163.59707777777777,66.328992250313121,142.39402207950624,0.25165760348583877,0.017955555555555554,0.17343333333333333,7.3424393948955684,0.39272590361339366,49.494114814814814,55.418977049531023,262.84792179246921,0.58002769789397235,0.5726444444444444,0.017648148148148149,6.7498225079411007,1.0285525118489394,49.495992024739586,55.214214728937172,115.91828703838918,0.57696687453193085,0.57135687934027779,0.017374674479166668,6.7443508968387258,1.0317996150859849
ISIC_0029686,HAM_0006530,nv,nv,True,0,0,0,0.92295968532562256,0.28732653810195202,0.14765663164943216,600,450,600,450,284a6a2fed18f8c777e12f941770327df475615ea2e5cd380f0caa6b2f168c01,9a3184ba09e0cb73cc4f82fabe0291f7c523493eb9e32eadb7fc7b42d3518581,149.73153333333335,25.253165106004257,44.570014360438961,0.41066498184458972,0,0,6.2983154278863083,0.16165400945871194,59.827422222222225,50.717538443811577,536.06089991603574,0.37105385620915032,0.27628148148148146,0.019544444444444444,7.075591215285888,0.76973397946266753,59.822930230034721,50.332156857401728,201.17825576534239,0.36309040543300658,0.27204725477430558,0.018764919704861112,7.0315026439493202,0.76895375362501084
ISIC_0029696,HAM_0005183,nv,nv,True,0,0,0,0.62049084901809692,1.0529976701026302,0.54113375718495127,600,450,600,450,c566055e46396f289a13eef4a48aba25de590fdc8f961f929c3f1afa5bdaf0c0,101a00a579936098cb723dc5403bb6e9d516e49131d731b3b47bce351382ef45,134.68842592592591,22.060032724785042,45.692337606529506,0.29234694262890343,0.00045185185185185183,0,6.4248493482928684,0.15122826027452599,66.49591481481481,42.279085692750805,406.33684641941022,0.26397953522149598,0.16951111111111111,0.012455555555555555,7.1857978250419503,0.56233188024721592,66.495836046006943,41.922516204677549,164.53963000079,0.25826809619247004,0.16643608940972221,0.012200249565972222,7.1762808987077014,0.56205722886824028
ISIC_0029707,HAM_0000774,nv,nv,True,0,0,0,0.89684879779815674,0.35008706821901897,0.17990916404283969,600,450,600,450,ceca6ca2b9b56f2c78d3d0928a6ca6d7b04806cb23767e88a32d118ddb361047,f5cb40f1e4b6f000b332ee3ba58ba07ec21439bdee17ff1bce573b5d4c8b40ed,163.36873333333332,25.566753704530967,52.807155531358021,0.36762644880174294,0,0,6.0200485542641236,0.15008217561824533,43.207155555555559,41.851431382905233,350.26864053320986,0.41287355119825708,0.42532962962962961,0.016596296296296296,6.3442458872292491,0.89643151919203601,43.199774848090279,41.552984975662994,142.39605034703825,0.4043776701218682,0.42854817708333331,0.016425238715277776,6.2793757966594157,0.89890270881103129
ISIC_0029716,HAM_0000098,nv,nv,True,0,0,0,0.98510855436325073,0.0870879710462725,0.044754363961024279,600,450,600,450,22dd9297ad6426f3c5b66fe174afb1de7c6ce833f11fe5317260e5d8c9d795fe,8cb594ef7133c214a456929c325f6affac199ab63c062102ea741faf10db581c,151.88921851851853,30.675500383199243,34.022673952866946,0.47053771968046476,0,0,6.426697840896975,0.1982477083509902,60.865296296296293,58.056412949318862,460.69382501990395,0.35955231663035586,0.3731814814814815,0.027707407407407406,7.152917158803584,0.90339449602435751,60.867451985677086,57.775851181001769,174.24167768155905,0.35112224902982025,0.3735012478298611,0.027153862847222224,7.1195729286639251,0.90287888963217178
ISIC_0029720,HAM_0000230,nv,nv,True,0,0,0,0.92628186941146851,0.32136532514260446,0.1651491078859004,600,450,600,450,f57c4062be622b7604d0025c48c128de93861ae0a50e1e9be1103dbd24749530,ade7a087d2f23d043ff7e8392bff92b680d7ed13e9831196e2592bb9bdd259b5,131.56428518518518,13.527122302446148,19.236259258765436,0.11489336238198984,0,0,4.6991568276388289,0.096610424613082987,29.595555555555556,35.982228878457875,295.85467035543212,0.68734726216412501,0.70903333333333329,0.014911111111111111,5.8171576351085843,1.1109728939614036,29.594706217447918,35.702306266794118,110.02340952260994,0.67586390676062091,0.72102864583333337,0.014824761284722222,5.740335611291103,1.1178148769860807
ISIC_0029729,HAM_0003008,nv,nv,True,0,0,0,0.9853324294090271,0.092340849889739285,0.047453809691350997,600,450,600,450,fdeeaad9296a8c0f38df940c1a004226053bddbcfb73ca2eec390abb8cd6d043,935ac261afadac79de47e34d8de4555741701b9c60ce6996ff920b922f8224b4,178.70158518518519,18.275936224844827,163.28739213821677,0.35646055192447346,5.925925925925926e-05,1.4814814814814815e-05,5.5609886114197797,0.086320876077379358,53.339366666666663,37.755278619007555,960.71013095945136,0.32114286129266523,0.16785925925925926,0.01602962962962963,6.5204537450466349,0.61876589491420819,53.339152018229164,37.033219463821659,256.61357716866479,0.30736865872651148,0.15189615885416666,0.015679253472222224,6.415371836958653,0.62208974895480795
ISIC_0029741,HAM_0005096,bkl,bkl,True,0,0,0,0.98658573627471924,0.078089034960579215,0.040129825623495173,600,450,600,450,8ba4fc162b48893365a183823400c3c1819c305853e39adf6ea41f3c961df2e8,915ac2c45d2d4497ce63bbb2ea3880b201e399fbf8b597002c10edf306872981,177.92129259259258,8.1621548509377018,79.344348404883405,0.27858957153231667,0,0,5.0514985382108621,0.038587223008084613,120.22057407407408,49.231895514663407,6719.0959168592044,0.37187708061002178,0.029474074074074073,0.019503703703703704,7.644336263636645,0.29026505573892292,120.22346327039931,45.463251808013943,1798.2291289435493,0.35692463128914759,0.017510308159722224,0.011847601996527778,7.5304871268626137,0.28976745033878759
ISIC_0029750,HAM_0002395,nv,nv,True,0,0,0,0.98807656764984131,0.065579128510084128,0.033701005435385095,600,450,600,450,36513e223abfbe5b354febbd21f9ecf5f59fa5211aac4e72d61af7b0bc00d410,b84331092d40ad5c6b0359f28973075a8be3af7256c18655e38a34479aadb4b1,170.24714074074075,26.896803802452055,32.874396121138552,0.38193228758169939,0,0,5.6370129801893647,0.15407821657061649,48.277537037037035,52.108298470487121,398.01038718266125,0.40252567901234565,0.47391111111111112,0.018903703703703704,6.5872140190500286,1.0228936863577409,48.273444281684029,51.848059714944149,154.17250561930331,0.39380906713813996,0.4765896267361111,0.018561469184027776,6.5259635742712554,1.024551660457101
ISIC_0029759,HAM_0001765,nv,nv,True,0,0,0,0.77581095695495605,0.57730644959410071,0.2966768274857744,600,450,600,450,dd61b22dd4b90c2ea5ab7c5504c1bc8468d408bb9354c6bedc958707a9d831da,4f6f381e4538fb076da3e883528151a502343395ddfc3f9f2fcb1b5f5303e913,183.98298888888888,19.175133865771237,48.997813791920436,0.18704707334785764,0.0012592592592592592,0,6.0016339805123158,0.094539632711820323,70.285188888888882,39.270196651855869,878.28955509891637,0.44762777051561364,0.13287037037037036,0.010433333333333333,7.1465611888806713,0.49339315862776389,70.285495334201386,38.554131854023737,333.07854768298108,0.4354627289283769,0.12721082899305555,0.010335286458333334,7.1133316954284265,0.48674402218024776
ISIC_0029761,HAM_0005948,nv,nv,True,0,0,0,0.92544549703598022,0.26947507232758244,0.13848279297911331,600,450,600,450,9713be5da83e550237abd5a9d28b6d90006fc8265f428996644cad1d818bc6ad,c8d12e593dae2539d641ffb0ab555fe5dbf33a459c8512ee68e6bd1ea2a06a50,140.19172962962963,30.697141122300877,32.900399888888892,0.46097885257806825,0,0,6.0799979719345023,0.21425187793501449,46.418166666666664,55.863343705619897,288.40337236475989,0.31060915032679737,0.61527407407407408,0.024759259259259259,6.4151674002112298,1.1553678063975523,46.414564344618057,55.669189742032167,119.86347720022371,0.30059476698665583,0.625732421875,0.0245361328125,6.3517919495365494,1.1564156328653565
ISIC_0029770,HAM_0004928,bkl,bkl,True,0,0,0,0.66770797967910767,0.90070044016050421,0.46286846317018798,600,450,600,450,42fc847b95c958d08b748afbf9dba50b9a678969fe54f70e051f21f41cfa6ebc,2a2fff107fb3877bf0bcc2881e3a011718d827f4eb9e5cffea31f47c1defa7f9,179.57565185185186,20.688093259728824,134.3023564839369,0.29034399419026868,0,0,5.9470568335574878,0.10547465855911617,61.800340740740744,44.16776932664024,574.82671999438946,0.38828289034132168,0.15067777777777777,0.01868888888888889,6.9133572589033472,0.62948264321734637,61.799730088975693,43.71324075990178,214.39052500474594,0.38103157658462694,0.14063178168402779,0.01824951171875,6.8710243031075642,0.62725002359061877
ISIC_0029772,HAM_0006805,nv,nv,True,0,0,0,0.92383188009262085,0.33465217286000748,0.17197719690319313,600,450,600,450,4d99eb0efe7b1e735f0e1412fd88166289279ef6fa68c62979b4346a68a5f2c9,5d393a30c8fc75ce3614e088f4fabd2a288b3d8291a4c19619793fd712c22d81,174.34993333333333,23.37249519943062,34.853696274348422,0.40203498910675378,0,0,5.2163501537205903,0.12696266471313325,24.367866666666668,36.898408477732879,112.13233950617283,0.42776090050835147,0.86689259259259255,0.013314814814814814,5.4327999865237775,1.3766612859718046,24.374823676215279,36.771714487883415,49.890687747502035,0.41783160041360295,0.86899142795138884,0.013156467013888888,5.3409018732552482,1.3714687779550752
ISIC_0029780,HAM_0001596,mel,mel,True,0,0,0,0.85727262496948242,0.5552069805158647,0.28531994695921736,600,450,600,450,502f3f39fb5e7e7e3152f3b651ebeea1d03b91f32ad44347e5d2c2b37a74d810,682f4c378e38cde215379d1cb36f82319d0d49a5ef21227e6d5eaf7de7314c1b,126.99188518518518,30.905494850067655,174.92157219418385,0.39894119099491648,0.00079259259259259257,0,6.9272495593338501,0.20523938549998519,63.145785185185183,46.579259714691354,404.0397696951303,0.2421135802469136,0.21734444444444445,0.016096296296296296,7.2099978403168583,0.59647969578641813,63.147569444444443,46.210715891334353,155.48050237138884,0.23335333265250544,0.21418592664930555,0.015245225694444444,7.1965424723597957,0.60104861413593347
ISIC_0029816,HAM_0003074,nv,nv,True,0,0,0,0.99288880825042725,0.047565021858505765,0.024443585887867072,600,450,600,450,8bb6cc5b77f61a4d3691e511d4db5d99f93578ee2f5a5f5261d129013c872cb7,b0cbeb569144a3832d230c20fdb5df150dc59ac6953c5d9db81d0befc5e8dd29,173.88338148148148,23.357704972933881,33.717777776899858,0.36608615831517793,0,0,5.5690434836355394,0.13001264091359815,31.329774074074074,40.290546830179451,213.34907025677643,0.35552196078431375,0.74919259259259263,0.013596296296296296,5.9243868526209909,1.1891398639231829,31.324551052517361,40.083626449922129,91.472756468541476,0.34405945755038131,0.75814480251736116,0.013393825954861112,5.8626751892688,1.1887334285850704
ISIC_0029819,HAM_0007586,mel,mel,True,0,0,0,0.45211780071258545,1.0463392887310186,0.5377120260352144,600,450,600,450,bf2797c5bbb5dac06b7eaa76d0acae268455b2af42c0cd0f8c5e875463a3d2bc,c9295e5740bd39b75a171332423c397766a3208f1e9d8b755ac96c64f99d08c6,101.54855555555555,33.748200360066754,50.566726018093277,0.38754643427741464,0.0039629629629629633,2.2222222222222223e-05,7.0975257752838727,0.30620535752835276,82.816629629629631,51.260618460343423,321.72294672426614,0.4232820188816267,0.12461111111111112,0.01924814814814815,7.5372187964405253,0.54440821631889968,82.819349500868057,50.950977830389647,158.80827029835848,0.42044363915270971,0.12235514322916667,0.01861572265625,7.531600798217025,0.54544075049103447
ISIC_0029826,HAM_0005159,nv,nv,True,0,0,0,0.68665850162506104,0.73899871887281776,0.37977021664211047,600,450,600,450,1335550806e3ba3258a1eeb392dbc230f4cfb83f2750f4f222cd5878b86a767e,3db4a9f05e5687db28a388ca8dc64aebb330a9d622d7b81f57167b2cfaabe3c4,189.64187777777778,36.484959310397457,181.91672027209873,0.14858355846042121,0.0014666666666666667,0.006840740740740741,6.513402402676304,0.17963419438359374,37.59728888888889,39.58227036773777,278.38867341015083,0.36063057371096585,0.61194814814814813,0.012985185185185185,6.3210819235663251,0.90555282182160368,37.601033528645836,39.25313334145342,129.72502943303115,0.35426107834626908,0.61498345269097221,0.012274848090277778,6.2900939269928413,0.89845037895017443
ISIC_0029853,HAM_0001485,nv,nv,True,0,0,0,0.9899865984916687,0.058052945307489702,0.029833312363200755,600,450,600,450,c75a2a859594ab3647d05d63dca520365a3cab590b23bd39f31b04ca8a802163,2c9d45be1e81e17bf2bd6ab92873624756bbf80dedf97c2e65057280966355a2,157.06526296296298,35.195573953706884,41.275171665829902,0.43575318809005081,0,0,6.0790915117840783,0.22075409325035034,60.191574074074076,59.42461548298035,379.18495100444437,0.35225673202614383,0.33968148148148147,0.030622222222222221,6.8545788624904684,0.94374630940948678,60.191257052951386,59.186241911546404,150.72231654694048,0.34734748391544118,0.3365207248263889,0.029880099826388888,6.809698077730582,0.94553403544624792
ISIC_0029882,HAM_0007440,nv,nv,True,0,0,0,0.85595911741256714,0.44511291214074494,0.22874278771650131,600,450,600,450,8901388e1dda694e62309c605c812be427599fd2399a13bb51f2007a96c9a3b1,fd8183aa0dc4261cfe160c4e11acea53567bdb4209f4bebb4f62884d32879ee7,160.09731481481481,43.806046008100921,68.964074197187912,0.4458956427015251,0,0,6.5126394613830003,0.26507817748323809,53.672548148148145,62.140547725144941,376.57053694703694,0.33280167029774876,0.61420740740740742,0.021511111111111113,6.7026906756752265,1.0909462102645384,53.67132568359375,61.90364554845668,151.57748048131666,0.32502260561342594,0.62008327907986116,0.020521375868055556,6.6626630212917393,1.0914830317164939
ISIC_0029886,HAM_0007459,nv,nv,True,0,0,0,0.85048443078994751,0.5417736177667648,0.27841656411000337,600,450,600,450,1b4fbf87bc8824459a4b520350d1aecdeb47ebfb19d0944d4213375570ae8c95,0643171264271a7033e3b6ad9e7e47d2fc4592c88eeb1a2c823506d27ad05f21,164.7682111111111,17.938003001693517,31.009096289657062,0.35965814088598402,0,0,5.8629399227509307,0.10388003264922489,63.408262962962965,48.765899734431521,887.51095899422501,0.57263035584604205,0.19107037037037036,0.021496296296296295,7.1013881019694116,0.69644470868683417,63.399563259548614,48.197292392310615,289.22506742050621,0.56409409466911764,0.17963324652777779,0.020351833767361112,7.0545711167121832,0.6990251032199899
ISIC_0029897,HAM_0001809,bkl,bkl,True,0,0,0,0.63719236850738525,0.96747753975929884,0.49718510396226828,600,450,600,450,5b68cb5a3efe8182644abbb49baaaf9a7b6b7c443dce2526776b2557e8b5ce35,cded1f91639589ab923f10a22d18b2be6f42a4a6f58407e3619bc6dbda9f33e5,118.87985925925926,74.787704200194213,682.40954907587081,0.32348412490922296,0.23494074074074073,0.042937037037037037,7.4685074711503718,0.56572214386395958,58.146111111111111,64.390656267087166,737.82031310385457,0.27578325344952798,0.47406296296296296,0.02541111111111111,6.8934084369731004,1.0137245588601684,58.143900553385414,64.098692751698579,166.20043845511512,0.27385862928070537,0.4745144314236111,0.021945529513888888,6.8851810053707272,1.0134953771509716
ISIC_0029902,HAM_0000138,nv,nv,True,0,0,0,0.83381545543670654,0.54006845798880798,0.27754028532663577,600,450,600,450,159bf1c8b71acad9acec684ea87bfd7a7522da6c5c8476b1ac12b4416c16da96,9796518ba5b46f1505edffb70c789fd4220748cdc5a4874a4000c2eb69d67835,159.55713703703702,29.268130850929765,31.920535560987648,0.12221375453885257,0.015551851851851851,0,6.2207310848486008,0.17428662816433843,19.894959259259259,35.530200609223613,27.725112212839502,0.32591647058823531,0.89951481481481477,0.0141,5.2944583671237968,1.6336054812701646,19.906270345052082,35.488649043036098,16.077310535228918,0.32158477051845047,0.89946153428819442,0.014105902777777778,5.2773019558436509,1.6259583321990589
ISIC_0029911,HAM_0000647,nv,nv,True,0,0,0,0.91195619106292725,0.39478151355333652,0.20287756541328092,600,450,600,450,de119f10294be0f8f575752c61a69fe421ffcb45b498261fe2f98e7d442da777,5ce5bdfdf03ea7e81c6cea4bbb95891e4256447ae5fdb7aab3cb6a65490d2a0d,169.94864074074073,10.710687774221537,104.97379928691358,0.35396926652142335,0,1.1111111111111112e-05,5.2606810096541246,0.056810209167947177,91.179299999999998,42.135776252477989,4150.3756550606176,0.4982538562091503,0.043633333333333336,0.018059259259259258,7.2897268117435301,0.38034289010942546,91.171820746527771,39.51838479424034,1061.4722519545919,0.48590231502757353,0.023464626736111112,0.017042371961805556,7.1541601903681427,0.3826235016979137
ISIC_0029922,HAM_0007121,nv,nv,True,0,0,0,0.88391250371932983,0.37000148606204764,0.19014315036163071,600,450,600,450,bbc67d4df878df42e36d4035e8383713bb3baa79cf0694b0324ece4b8a9471be,a188cfb68f5f43c716a0f320f449c6d78d1e648a0a516a545ff0aced96dcc39a,122.39094814814815,40.521690080164063,51.48603994401919,0.52202896151053013,0.0020111111111111111,0,7.0058272308618204,0.32420116448755965,59.565374074074072,56.278021697910098,368.22154807303156,0.37566742193173569,0.41949259259259258,0.019366666666666667,7.077397450340051,0.88225368747617883,59.573465983072914,56.003107265854055,163.96065075529947,0.3717358558006536,0.42344156901041669,0.018154568142361112,7.0595838913707682,0.88264552733103829
ISIC_0029925,HAM_0004061,nv,nv,True,0,0,0,0.9567713737487793,0.18207115673467134,0.09356606563929068,600,450,600,450,fc8f065b52199eaf5dad23a29a434c4e85ad3a64a3be573e4f5be9f4aa037048,1a2add9ddd4c57018743254d82a0f6d7586e50e504b1c644f982dbfaad262bfd,183.39160370370371,31.291054310658481,47.843670319327835,0.32913638344226576,0,2.962962962962963e-05,5.7567046344342128,0.16552607368165548,29.090399999999999,40.991615742409245,130.40013271681758,0.43503854756717503,0.84858888888888884,0.016566666666666667,5.3470808621044306,1.319232092206208,29.083550347222221,40.848699564387992,65.605875110874578,0.43002208967354305,0.85077582465277779,0.016208224826388888,5.293193191751504,1.3170446982489115
ISIC_0029934,HAM_0006317,nv,nv,True,0,0,0,0.98413598537445068,0.091553113192791455,0.047048993108565682,600,450,600,450,9d22774c47592da75428ccadd189aa27aedda01a08962a5d63d27756f63e2fa2,c0d71e203466f82e831c378e6f64b62f274e11e839a162b84249e85378eb6a5c,165.31555185185186,31.226609634268897,45.758825890246925,0.41156732026143794,0,0,5.534588174380171,0.18323166457731649,32.340574074074077,49.799872880658022,244.28709999142666,0.49022002904865652,0.83284074074074077,0.025155555555555556,5.731182679901611,1.4487277972951838,32.33868408203125,49.588908232900565,119.82140433452562,0.48332586018348311,0.83895534939236116,0.024400499131944444,5.6704859126974512,1.4490156941308183
ISIC_0029937,HAM_0000766,mel,nv,False,1,1,1,0.59905713796615601,0.9500636012296686,0.48823610981776255,600,450,600,450,27c1c98b8e58a61b52ebc1bf22c5a214dd37e4eb1f60a30e84b55cc5d5e28523,13459c9c1f846d49b964ffe54eb07ff359e7eab81083633759136fd62942f49e,161.81406296296296,36.289627045782126,149.59263183187932,0.27845198257080606,0.00017407407407407408,6.2962962962962961e-05,6.7594692111415426,0.20702647603746499,53.955300000000001,54.034050564699648,263.9233314013581,0.34923822803195353,0.45694074074074076,0.020677777777777778,7.0482206066508644,0.93302167129542068,53.947428385416664,53.850937835441556,109.87957388930666,0.3413225294458061,0.45985243055555558,0.02032470703125,7.0309313070882613,0.93160818399189615
ISIC_0029946,HAM_0001374,nv,nv,True,0,0,0,0.89528632164001465,0.35666806781636284,0.1832911288270507,600,450,600,450,29e37bb68fef5709ec8d011bf6ba8e3ae8d060558300179a9348b682e2a32900,90036aa63aaa3dbfd37adcbdc13bbda93aa6e090fa72db4c9a7e9d33972f6b41,137.02095185185186,37.278162531979021,40.847791879506183,0.46063394335511981,0,0,6.7066328692048165,0.26686157380082848,66.955733333333328,57.853136376607715,488.4093290007682,0.31377558460421207,0.32224444444444444,0.020011111111111111,7.2106976668301241,0.81336519836212751,66.957797580295136,57.54242674303056,191.58786321845321,0.30696287466809641,0.32189263237847221,0.018839518229166668,7.1836389886839349,0.81352148858814177
ISIC_0029950,HAM_0000232,nv,nv,True,0,0,0,0.76477748155593872,0.75538200875199357,0.38818956215358202,600,450,600,450,974c6d3b233dca283e5ba1f2caa5e7f13e8bfdf36c0415c8f6020b984f7e6c79,9c43704f0d5416d9a327c50ab737c1af012c29725845122d1525bd0eafaa4dcb,117.18007407407407,25.406829119755162,104.05374968986284,0.50452049382716047,0,0,6.2020348174497277,0.2087403701576151,54.197222222222223,50.035134319376262,996.32984289216711,0.42916265795206976,0.30020000000000002,0.019496296296296296,6.728272827424159,0.82414134212801027,54.1939697265625,49.362509138726644,323.75075837841007,0.41798787168947443,0.29246690538194442,0.017917209201388888,6.6255962815401519,0.82472943211326699
ISIC_0029959,HAM_0007066,nv,nv,True,0,0,0,0.74960201978683472,0.63304294381382942,0.32531971947479416,600,450,600,450,2c19cad39e4ce0382260afe4d95112e2adf43e681695d5168b0dcdc494beb156,04ce0ca5ac0afd2922316401561c205dfb681d5cc0070a854c4906b881007091,194.17465185185185,31.593191256466667,65.733386174814811,0.20789159041394337,0.0024185185185185186,0.0074370370370370371,6.3255043778673752,0.15364462097622364,27.081611111111112,35.008738205448857,83.92581479286693,0.31186164124909221,0.74931111111111115,0.012611111111111111,5.912372231290183,1.1975062474701048,27.070278591579861,34.910731690518816,40.574560880247091,0.30480188440393519,0.74991183810763884,0.012627495659722222,5.8992067241225872,1.1935373865125563
ISIC_0029972,HAM_0002997,nv,nv,True,0,0,0,0.9157453179359436,0.33870354964090954,0.174059192715214,600,450,600,450,b2849e33a570167bec42527677cb531a065a9b3a6c646f1aa7f72929091fb4ea,02df53bbac1c7357dea9f589bbaf46686d91a20698efabd32ceb8520439f05c7,132.14811481481482,21.638328283176623,27.769521721796973,0.42278814814814814,0,0,5.8534351925283481,0.15961495754501112,55.016262962962962,51.083413688148866,517.24709146270243,0.31094065359477124,0.32067777777777778,0.018037037037037035,6.781369391658294,0.8751929348095735,55.015096028645836,50.741368847926331,181.5918164952302,0.30072633165679463,0.31590440538194442,0.017083062065972224,6.7174745797817366,0.87411790506812459
ISIC_0029983,HAM_0006619,nv,nv,True,0,0,0,0.65897542238235474,0.7919768890372888,0.40699561047141469,600,450,600,450,8c442feca59531d113c24f629acd55f466a3cbc7d693556599e9c48d2fe284c4,fb00be2340bb0f10bb545a4007d37a69f007dcf4be5b20c3e9906fabbfd056d9,161.97594444444445,27.809066118215551,30.472812037037041,0.22501468409586056,0,0,6.3253094058751476,0.16531354169285511,59.446970370370373,55.285207877700927,331.62471599438953,0.32780858387799566,0.33162222222222221,0.027129629629629629,7.1708013215610702,0.86848282426364909,59.441351996527779,55.062052472439326,140.81387247789058,0.32074652777777773,0.33144124348958331,0.026285807291666668,7.160270488243234,0.86790779572024668
ISIC_0029998,HAM_0005401,nv,nv,True,0,0,0,0.95714801549911499,0.19595720863047775,0.10070208469060592,600,450,600,450,35b2ec23cd25989785b03826f73ce3c18d1ab239f12ce64aa9a57bd2bb625383,c37ffff551fc6b651078a77afd278d462129639dbbf7d23e078684c8f8f56853,175.25062592592593,36.436106298571595,193.97635190320986,0.32605892519970947,0.00080000000000000004,0,6.1668642384952319,0.19588029305908516,24.072892592592591,38.530944966393939,184.02251723407412,0.69040097312999271,0.88267777777777778,0.011744444444444445,5.356965636112557,1.5187960073454727,24.073079427083332,38.37298996190011,62.604787128759007,0.68280563853145426,0.88350423177083337,0.011420355902777778,5.2587516345401353,1.5207233295846028
ISIC_0030017,HAM_0002643,nv,nv,True,0,0,0,0.9789658784866333,0.12614696258558813,0.064826714967712709,600,450,600,450,eb1c1a057c2d23893cddb3076f27c3a0e6b1d705d9c0e3ea1ebfb4eebe4fdbc4,8c09311e4e59afff355888baab4c19dad46b3fe7eb859ece12695f765c9b74c5,163.58467777777778,23.913626211071367,33.868496118024687,0.37815016702977489,0,0,5.6828034859074554,0.14085898926679014,38.903785185185185,44.746729594195784,322.81512552010963,0.46578605664488015,0.59966296296296295,0.018025925925925924,6.2907147877053955,1.0784537111156365,38.898186577690971,44.492549008619591,125.08960564926633,0.45650921989889703,0.60848659939236116,0.017795138888888888,6.2259184608695675,1.0777668993100191
ISIC_0030018,HAM_0002573,nv,nv,True,0,0,0,0.75791054964065552,0.61260891410991236,0.31481870548201696,600,450,600,450,a494eab2d48e67924a452dc361d43d41e8677e810695d2980000f801c6ab6c07,c54d1e0973d5f454d7ca5e69fdbbf299ae74142a843ce2cc4703e9c4b5369484,153.20760370370371,27.763886361375882,55.769634524224955,0.40006938271604942,0,0,6.0166276344474419,0.17491635373140924,65.197000000000003,52.33776044862617,584.08729880883391,0.3524616122004357,0.13301481481481481,0.026792592592592594,6.9081082569334971,0.72998920461189853,65.197475857204864,51.886724268913952,248.95436187543802,0.34647791245404413,0.12165662977430555,0.025655110677083332,6.8557293954792788,0.73047725097408311
ISIC_0030029,HAM_0005437,nv,nv,True,0,0,0,0.60306864976882935,0.6905364773827144,0.3548655510728238,600,450,600,450,4fc59337c6ccae58e1a3b24781a3a819c31134ddc033471d2bc06eb3f3994ddc,2b027392105130e165eca04c0067f6a703e050ff763a3f2938dc7d3933a3bedb,140.18406666666667,31.097222232433129,24.160866666611803,0.40117491648511261,0,0,6.4988324903867571,0.21837619518306214,58.902077777777777,55.091738374862715,318.01900369052117,0.37059169208424114,0.35889629629629627,0.016970370370370372,7.0887260372895575,0.89363916044350633,58.892401801215279,54.911261028819837,100.97992313786608,0.3646914945448666,0.36045328776041669,0.016255696614583332,7.0655531468595623,0.89612699888536174
ISIC_0030032,HAM_0005724,mel,mel,True,0,0,0,0.87479382753372192,0.38181636108670552,0.19621479505210815,600,450,600,450,e4da1d49785803ed553ff18a57bc11282b880e724f97c217249042954c36988f,c5825a61998fff5b1abc16c7f37bf0aee52f547ca4b0689e274c8b3801a2f42e,188.87796666666668,45.571992134696231,110.2047861480247,0.19294562091503267,0.0074925925925925924,0.009474074074074074,6.3073566522820972,0.22979764458112209,28.998696296296295,46.049384020535243,120.2443406195336,0.31833384168482204,0.85295555555555558,0.018385185185185185,5.6690920541793499,1.4645624044235868,29.009406195746529,45.930705040136104,53.217034148903167,0.3133664864600354,0.85390896267361116,0.018100314670138888,5.6520198363568692,1.4633027090147812
ISIC_0030058,HAM_0005794,nv,nv,True,0,0,0,0.8976016640663147,0.4682543149199947,0.2406351162448685,600,450,600,450,ef60266dd9e04b29010305f5467a756ddd754ad353e21572b90e522d11dff32c,343bf02617fa488fd7c2054109f3d496685419a296bbeeb8fe79470082ec2f3c,178.39218518518518,20.901752142640412,27.196725309410152,0.24382668119099493,0,7.4074074074074073e-05,5.2768579098935433,0.11217051637312363,31.657733333333333,38.980374665778214,134.90767352537725,0.38025753086419756,0.72011111111111115,0.014996296296296296,5.8214382740214212,1.1523308131026551,31.663235134548611,38.82680114295848,67.719692629750483,0.37140932436342594,0.72754584418402779,0.014960394965277778,5.7617628644587153,1.1487450223471343
ISIC_0030079,HAM_0003241,nv,nv,True,0,0,0,0.78465729951858521,0.53230907691433926,0.27355275225465109,600,450,600,450,652d0e40649ca79c2eac1306703e4abd0a98d00fb0faaf855fca2141deebed6a,e5594330305504a7bcd6e448d27598648d9a01555c5d8afd23aaec026010f35d,161.5369,28.383563603509064,46.912533041961595,0.24129403050108933,0.00051481481481481484,0,6.4771664595222944,0.16148277181121173,40.295877777777775,41.613945588609212,136.89083585135808,0.37843542483660131,0.48533333333333334,0.017570370370370372,6.5470154297804637,0.94521747258965372,40.281704372829864,41.471479451182503,66.399816837529698,0.3720364040798611,0.48571099175347221,0.017354329427083332,6.5366989056743581,0.9447161139838034
ISIC_0030104,HAM_0001122,vasc,vasc,True,0,0,0,0.99788540601730347,0.01751204208411131,0.008999409398534117,600,450,600,450,d2661f8d008bb0552cc949c7431aa0f3ac1110146a1d73306c79f12d71789953,e6edea7b1d2dbcc09d6e5be737743074c86d60d6f88a5fabaea9e7292c8bee99,145.9286925925926,22.788941284826695,81.969183745185177,0.38271952069716775,0,0,5.5075519807846192,0.15065669490653871,44.258381481481479,48.665492053279443,861.02788711764038,0.66575250544662312,0.46182962962962965,0.024314814814814813,6.3043104296285462,1.0315572357430896,44.248867458767364,48.17366135868307,242.71017722123199,0.65462457661015794,0.46888563368055558,0.02349853515625,6.1413421875610625,1.0315821653463979
ISIC_0030112,HAM_0005152,nv,nv,True,0,0,0,0.99857079982757568,0.011388262580829723,0.0058524092627598532,600,450,600,450,e44cb0d3bc43c7a1c8a3c2e595b6e1040aad86d6a018e77d20153fbc2f0ab239,7f3e81e17e404267f365592430a68f8d79db4c68ecadd75cdb1f724e4e0ca517,158.33945555555556,31.001270396906296,54.996874045048017,0.44173195352214961,0,0,6.0041404628375288,0.19180439337689284,54.078770370370371,55.960287331211184,533.98676552097402,0.40090852578068265,0.47241851851851852,0.022274074074074075,6.7922459675563305,0.9794143936636347,54.077419704861114,55.606675168064051,208.2155285506613,0.39079076563351034,0.48124186197916669,0.021443684895833332,6.7057011952865242,0.98003365207509252
ISIC_0030114,HAM_0005998,bcc,bkl,False,1,0,0,0.3809012770652771,1.4989025202672734,0.77028352053919347,600,450,600,450,e4bfb03f962dc4ae0a4cc3e7ff9282b9ce841b6d29fcdf62232a40c5e29632a0,44f31e26da4d7820819ef5cec95be21674d2651857100b01665565b8de66c675,133.29126296296297,19.36431901905128,32.247187588422499,0.24369716775599129,0.0054296296296296297,0,5.8751855289078163,0.1327621098889239,41.519485185185182,33.837563363836239,166.56731698414268,0.41675909949164847,0.34920000000000001,0.011188888888888889,6.3275423722712709,0.70753991233543745,41.522867838541664,33.637344421573644,73.611178817388449,0.41057386876191448,0.34620496961805558,0.011223687065972222,6.3004098035781659,0.70850247271696087
ISIC_0030118,HAM_0003613,bkl,bkl,True,0,0,0,0.54266858100891113,0.79644711904677357,0.40929285426330042,600,450,600,450,4d6ecddd996f3b618a3936b5ef91f387f23e6ddb77dbd9c1ee727212ca8eefae,27cb824825c44742368f49ab99a6434bc948178c398de9e66bae366f3cc6b323,162.81343703703703,52.946421291662233,655.49979057728399,0.23951108206245461,0.029322222222222222,0.081492592592592589,7.502248503369203,0.28005557870165221,26.544866666666667,37.057219044047521,50.46335936702333,0.47802297748729117,0.77407407407407403,0.014933333333333333,5.8804217503524168,1.2312939427761886,26.5516357421875,36.981845087626418,27.462379289997951,0.47381184895833334,0.77438015407986116,0.014899359809027778,5.8704165111523272,1.2397463227278149
ISIC_0030127,HAM_0004698,nv,nv,True,0,0,0,0.49059119820594788,0.91759301782524383,0.47154953083044993,600,450,600,450,5bcc81962ff95aacfe6a64cf2720f85858f97f28b2c921ac5f8c176e3c9b5c12,8faf1dcf290c8555484dbb6859eac38916216fa8ddd2f46e14ff08315eb619d4,196.56274814814816,33.6401618946689,764.82899922172851,0.24919893972403775,0.0065111111111111107,0.031492592592592593,6.362496518122482,0.13605509892765957,20.484937037037039,33.165778700504688,68.139417681632352,0.59088406681190997,0.9282407407407407,0.012996296296296296,5.0783966834772025,1.4082978832389312,20.490098741319443,33.073994768370014,30.144933110723894,0.58276484204793033,0.92976209852430558,0.012959798177083334,5.0176664997304163,1.4014364484806552
ISIC_0030143,HAM_0005978,akiec,df,False,1,0,0,0.22472801804542542,1.6542512150504449,0.85011695727756964,600,450,600,450,9f8eaef3f048bb05287ee5b75913b46b100d1502e88bafc3e214c79481849846,dcde1707cb92d88c22df36ec22bc8809d080de61a36ecd5bbcc70c50b47a62b0,166.93484814814815,18.600382603967535,25.360686379574751,0.22372923747276688,0.00011851851851851852,1.1111111111111112e-05,6.2159469119072863,0.099921598933747247,94.83017407407408,52.61888627183415,650.19303557920409,0.23388092955700801,0.085781481481481486,0.019948148148148149,7.6519446486084819,0.45265612675651301,94.831807454427079,52.090947858530726,272.07560920673939,0.22632612506808281,0.081963433159722224,0.019144694010416668,7.6401975373441271,0.45276434369597474
ISIC_0030154,HAM_0000293,nv,nv,True,0,0,0,0.97777086496353149,0.11625687637075847,0.059744216056017818,600,450,600,450,5ca9c0ac7690a7d18ed3ed5d2b151e7d10288bfb9885da34101aea040eb58c4c,3ccdde43ed866b5a2fbd0175e9481aaa6f6d0b0ea9e1c69ed39b278a09c990a5,168.1663037037037,27.150795406880491,29.791807391550076,0.40080775599128537,0,0,5.9006770356597205,0.15753148983449905,51.174951851851851,51.701991823489742,406.45181024689975,0.29186980392156864,0.3918888888888889,0.023670370370370369,6.5325134773633113,0.94852876475678627,51.175238715277779,51.425997889677269,152.66330280716036,0.28331546160130716,0.39142523871527779,0.022969563802083332,6.4641137613088553,0.9468797960402473
ISIC_0030161,HAM_0000622,nv,nv,True,0,0,0,0.87805765867233276,0.41381300282704014,0.2126578162038649,600,450,600,450,7805538e19ccfad460836c303f872fe1a83ac5a236d538f332865d6b792f7303,568e41169bbb5c178f8c94dbd9674cd79add026b24c1f0324e43b1d2be7b657b,161.12202222222223,25.599707308502335,60.424944320644705,0.42239477124183006,0,0,5.3546273485888536,0.15135098984386686,31.64018888888889,44.911032782535187,240.24612810851852,0.40805131445170661,0.79713333333333336,0.023262962962962964,5.6789066292344392,1.3177407289997067,31.648796929253471,44.688694565559253,103.93863688998016,0.39855672466469222,0.81114366319444442,0.022908528645833332,5.5921106777578666,1.3188085802344383
ISIC_0030171,HAM_0006253,mel,mel,True,0,0,0,0.4951118528842926,0.77139431103993583,0.39641825775687889,600,450,600,450,023c3e4c7a30a84c7c0a625195733c100ad5743875710c56e055b01c0157447d,622d7545627af9dfc5cfc8222dec94d836babb6d9a2a6451aff5984a57785660,164.06070370370369,17.964038260255187,100.79919977666664,0.1912360058097313,0,0,6.0099573603423782,0.09687636240241719,62.513948148148145,42.221316867688486,983.70981032098769,0.46397885257806826,0.19771111111111112,0.014285185185185185,7.1202644404714839,0.57820833259515247,62.509996202256943,41.548918199231871,283.44931113867108,0.45022289134837962,0.19080946180555555,0.014031304253472222,7.0734989971140356,0.57693223200836452
ISIC_0030227,HAM_0004917,bkl,nv,False,1,0,0,0.43684488534927368,1.1815514982689517,0.60719735638490968,600,450,600,450,4f51a05c07e9c086df06ebbd96b01cdf5fce22821418035c668d371a8487b86f,fe065a8609c1891d933b96f105af35441867fa7276193a45785ffceb433e3adb,180.46402222222221,20.117888714779365,89.641704408216725,0.17993860566448802,0,0,5.8128521916720297,0.10350919891694885,59.549788888888891,46.775388459220594,573.43931071467762,0.37731956427015251,0.2273074074074074,0.019688888888888888,7.0073134377269133,0.69372601391716759,59.548272026909721,46.354170792347695,211.98242769399545,0.36809196389059096,0.21986219618055555,0.019422743055555556,6.9645181387445421,0.69350900310749009
ISIC_0030234,HAM_0002152,nv,nv,True,0,0,0,0.93535906076431274,0.24987757157521526,0.12841166982788185,600,450,600,450,6609f02e74aa306440fea370aaa5049338cadbcc379bfe0921497b7f742a5dfb,ece657a18b3d706f69f212bd0dca58d962f8204b23348edf49bb3ecce680f9c6,108.86522592592593,43.891476803007635,117.14707033183815,0.56795690631808271,0.0042444444444444448,0,7.0069699127035179,0.37819646448317734,83.991011111111106,67.357200148109399,495.68922217283944,0.30315954974582426,0.27843333333333331,0.025062962962962964,7.4964371483476722,0.76492571577279689,83.996805826822921,67.085520933915191,197.82267196954766,0.29950320840141614,0.28052435980902779,0.023078070746527776,7.477052236722062,0.76700387339172915
ISIC_0030239,HAM_0001648,nv,nv,True,0,0,0,0.99257612228393555,0.04975265427805893,0.025567806561989769,600,450,600,450,cada0a8dd33208c1ee25c2e2f10f2e0935308b46d17ce9b5bd6b9fb2178c8422,915211a8ad0e3b01faa5d3d6a4f83a5ce330ac0ebf71425b0c717a2b565aeda7,152.26055555555556,39.73113462953981,56.405503015418368,0.45958753812636166,0,0,6.8130780267228426,0.25640382934080674,56.702514814814812,59.55137056271608,471.29536006035664,0.34436625998547565,0.51901481481481482,0.024781481481481481,7.0104751922269335,0.99185151342397238,56.7071533203125,59.241983924692128,199.85584082826975,0.33681582116353487,0.52187093098958337,0.024163140190972224,6.9790006830899323,0.99257664746502394
ISIC_0030241,HAM_0001294,bkl,bkl,True,0,0,0,0.5396958589553833,1.1760599466326118,0.60437525710195672,600,450,600,450,e25e3519b1fa45ac7c14c01f79d31fa0c470629f00576a118a62e1d3a0478cb0,16d6343a338d18dc9dbce5ab9d3a5cdd9de456c0a39db1f0f48b5fde58344650,142.44958148148149,29.006414338690771,103.36075272854593,0.28044018881626726,0.019037037037037036,0,6.4121186969343773,0.18543006563785114,26.253496296296298,36.018923200404707,53.526061060685869,0.5230008424110385,0.83258888888888893,0.014507407407407408,5.640231955978769,1.2459999390472063,26.255750868055557,35.953893936143274,26.457803295672306,0.51880143441925386,0.83643256293402779,0.014451768663194444,5.6162699117376302,1.2472584307029235
ISIC_0030242,HAM_0006898,akiec,akiec,True,0,0,0,0.82415735721588135,0.61432198285623052,0.31569904867111526,600,450,600,450,d21da15b541845d4401cece15bb8dc8ef138cbde8dadcac034ccc263f0aa7638,4e9c191039ef0bd1735150850b03ce28c6de997ccfb1092f8c0a74acf65d13ca,156.91279629629631,21.190973776307079,38.429098568875169,0.37765270878721863,7.4074074074074075e-06,0,6.336267451298764,0.11537105221617747,77.599637037037041,49.831311499840979,494.36327865629625,0.45339728395061729,0.13261851851851852,0.013718518518518519,7.4363844185684496,0.5200518461461201,77.605855305989579,49.436169345693337,194.17660094259514,0.44807035824312363,0.12950303819444445,0.013136121961805556,7.423874757915855,0.51873809635383983
ISIC_0030244,HAM_0007526,df,df,True,0,0,0,0.97916197776794434,0.12743840074947424,0.065490382899406813,600,450,600,450,be717e903896c7728b1636a6a7dbd8a0711de3a8ca7d347afcfcc11d7d7ef19d,494b5435e55de36f3873c0fca97eadf52ed31774d9ecfb4a5c99bc31d21dddc6,166.2570074074074,34.771229898782984,149.29319999999996,0.16455969498910675,0.0067000000000000002,5.5555555555555558e-05,6.7566754498186068,0.19896139221206677,32.204222222222221,40.480509584822585,73.031494152414268,0.36942745098039215,0.67426296296296295,0.017948148148148147,6.1217797796336679,1.1599152950752432,32.205763075086807,40.403861261253851,35.085545550847861,0.36251356336805557,0.67531331380208337,0.017910427517361112,6.1023809286921402,1.1591266724982738
ISIC_0030249,HAM_0003444,bcc,akiec,False,1,0,0,0.45117703080177307,1.3051449802378192,0.67071184189641631,600,450,600,450,d54fde174acee3af1395256496fd1cbc958e4659626ff43e1a786a9d795fef4f,279a7ca968327f767fb2ccac1fa872c59b6b4caba649f57e0835dfa6398732d9,167.62698148148149,12.635255854875895,44.586248795829903,0.24594659404502542,0,0,5.6395669249213514,0.066412834907579085,95.793614814814816,48.152828515511167,1385.7833775760764,0.45486675381263619,0.060222222222222226,0.014192592592592593,7.5623095184323432,0.39350712689143508,95.791863335503479,47.169893660948922,506.35948453305497,0.44827684057563999,0.053656684027777776,0.013461642795138888,7.5340496120075802,0.39239842332367342
ISIC_0030250,HAM_0002163,nv,nv,True,0,0,0,0.92012059688568115,0.3444427520324933,0.17700855931077339,600,450,600,450,5349798b8d22800a52cfb297bc0ba888adad50fadcaf67f12b7f4525d165c68d,08b2c7035dbdf66813a768aeb4b1b7a924fa6ad2bf6ac126c3c65ae211c2c0cf,139.82135185185186,34.980486618948319,44.457047736282583,0.43993321713870731,0,0,6.6182204086398233,0.24431290051288077,120.97359629629629,69.592830430216551,913.13247978513004,0.20692858387799565,0.069359259259259259,0.050459259259259259,7.81256760255968,0.53797585828833805,120.97794596354167,69.112003957235444,349.45548176724037,0.20138992608762254,0.065233018663194448,0.044508192274305552,7.7832566886767216,0.53975394893065409
ISIC_0030251,HAM_0001989,nv,nv,True,0,0,0,0.87136858701705933,0.45123328838506338,0.23188803892313575,600,450,600,450,6a8a2415d4bc022111caa20b94b4ace95e9357eaddde9151f8a5ba9af5b2774b,e4274e2666a9256944aa9a1edf681248d136fb57d7d6c7ad268c5e34e5214dae,198.04820000000001,25.793479273961793,47.762845000809342,0.10466081336238199,0.00023333333333333333,0,5.5091918336140751,0.12171415510518058,19.018714814814814,32.641596300042764,44.454154532661192,0.37307363834422658,0.93178148148148143,0.011992592592592593,5.1728343710773679,1.5779418322052017,19.02642822265625,32.580093366754802,22.09673105768951,0.36843298951525055,0.93244086371527779,0.01202392578125,5.1641623775221603,1.5672566312334246
ISIC_0030277,HAM_0004047,mel,bkl,False,1,1,0,0.47108066082000732,1.0404425718839905,0.53468171302210288,600,450,600,450,1ae5217a6ae9365c74aeb3925a1b490b35c0339863aab0f44be46cab5a10b23a,8236692d3ed501c0392f812aabffb16cdb1b617ba1fb660913664ef261b5b32c,146.20094444444445,18.31159304508391,103.33725514500688,0.28499315904139433,0.00038518518518518519,0,6.1278742127300809,0.10571195238912534,90.390600000000006,52.009228117880944,1322.2667739396297,0.30027724037763254,0.088085185185185183,0.020074074074074074,7.6071224184568385,0.47948133206483939,90.385633680555557,51.180647528266825,440.6378400325774,0.28913281675517427,0.08013916015625,0.019009060329861112,7.5826044561660879,0.48069685144794505
ISIC_0030286,HAM_0000793,nv,nv,True,0,0,0,0.86030006408691406,0.59396382684883842,0.30523702604521169,600,450,600,450,e9d99e81f3528579ac74a098882f3d3b7c13b815584fe11098d693953343c75e,d9e38a1ba894e9cda3b4c623b44ecec2b4f1311cdb94252b87bbf2d136cfbe5d,139.39013333333332,30.203455708295419,159.72879629080936,0.46207886710239648,0,0,6.8304444734837126,0.19484154130907877,93.559725925925932,56.795743413136243,934.02473623471872,0.31856932461873638,0.093033333333333329,0.028177777777777777,7.6913096097851117,0.55885132960606221,93.553310818142364,56.250224664605987,331.00129471866438,0.31384543292143241,0.089084201388888895,0.025865342881944444,7.6780408380294602,0.56087469691539593
ISIC_0030289,HAM_0002836,nv,nv,True,0,0,0,0.98028838634490967,0.10894736786787375,0.055987871752847758,600,450,600,450,a73fc0c7b174032783c8516c88d33af52f937fb07617dafb277ca63f1ac7ed3a,d18f4f6d22241ce3d50382b6b26871744c3b9725fbab3305381538a6ba2103c7,113.27258148148148,32.386362002861603,262.34899746370377,0.51846530137981117,0,0,6.7286133266421633,0.25929263049894763,87.031540740740738,60.339335164920705,1165.1090380971057,0.2754155265068991,0.15278148148148149,0.022240740740740741,7.6025495205632208,0.63414054466759406,87.030680338541671,59.74430533878418,352.80227519387819,0.26538862506808281,0.14598253038194445,0.020677354600694444,7.5650351077029896,0.63664450448040433
ISIC_0030297,HAM_0001621,akiec,bkl,False,1,0,0,0.4018402099609375,1.4084415061530395,0.72379575533680207,600,450,600,450,16eafcfca46c2fc7834f636c9a58abb70437a3c2b3873a75355a9d7a60bf6b5d,6a20f6a316e0a959307a9168c842e1fdb6ee7923cb6ce0e8d97d31bdb99b78f2,162.13549629629631,27.463305552405764,59.364028641481475,0.41718612926652143,0.0016814814814814815,3.7037037037037037e-06,6.7312924316763496,0.15092690708482465,49.78824074074074,38.319905264726309,214.63808391764059,0.44161189542483664,0.33577777777777779,0.011962962962962963,6.8627036967381967,0.64314007409639529,49.787163628472221,38.086163224341419,91.303723744220207,0.43633501306338507,0.3338623046875,0.011983235677083334,6.8480706365234605,0.64703696069981065
ISIC_0030307,HAM_0003798,nv,nv,True,0,0,0,0.97868502140045166,0.13663050476785438,0.070214189917342684,600,450,600,450,89e61d6d7e521ba26d907563c90c7a75399be97657a63150ec4c37d6e12366db,a01f936f1acf4909e343452422b4392a50ef7204094f0f6d4217a6c246280393,157.63550370370371,16.606958878455952,79.101914314389575,0.43795061728395057,0,0,5.7761853853500149,0.089042973982872822,69.675688888888885,44.587077434555653,1229.6211696951302,0.4566101089324619,0.14722222222222223,0.016566666666666667,7.2386314179743856,0.54052472667198115,69.665669759114579,43.726529608906233,373.84413088982302,0.44741822618804467,0.1366238064236111,0.016072591145833332,7.1938125043898609,0.54199935421040657
ISIC_0030313,HAM_0003902,nv,nv,True,0,0,0,0.95152640342712402,0.23535061507743305,0.1209462909639941,600,450,600,450,78f31ae5acf972f7420504e6df877d41b22ad01d1788b17d217a3d00a9e0f487,615c61d2f0d526f71364356cf3873c01c72c1e43b892b7d2d8faf5edf0a2b7f2,198.99053703703703,33.734105767513881,37.995137172839499,0.15186036310820625,0,0.014507407407407408,5.9575503821242997,0.1644422508362251,44.087248148148149,56.443608951451253,124.81451098731141,0.47493175018155409,0.59872592592592588,0.031803703703703702,6.5193661243187391,1.2252042438929633,44.078728569878471,56.350640644659819,59.714836879966811,0.47129310491557735,0.60060628255208337,0.031358506944444448,6.5032069230049556,1.2233987004462972
ISIC_0030320,HAM_0006646,nv,nv,True,0,0,0,0.9972342848777771,0.020530402039382851,0.010550539576223397,600,450,600,450,9db7346abda568beaaa14ac540428215aca1797dfad21f8c90fe35e781168c7d,5112d4eb1cdfc784654d297c598e5fa03c9fc78ac28c0f3f3e88b3e0e231af21,117.26747037037038,30.635599305157374,84.71672671438958,0.55933875090777052,0,0,6.6604309399944288,0.24661916200165282,99.496229629629624,64.128687928367412,900.57464736591226,0.26170595497458243,0.11147037037037037,0.030825925925925927,7.7857418092233015,0.59069498535903431,99.49420166015625,63.597971928643659,353.69686832467528,0.2551546915424156,0.10605875651041667,0.027798122829861112,7.7663289231124324,0.59111457883862639
ISIC_0030334,HAM_0001497,nv,mel,False,1,0,0,0.66884839534759521,0.75835312901458996,0.38971641593151146,600,450,600,450,864322106bd7249d29214ccdd6e432dc4b440865fad32848e54a8bdf56e3d71c,9b8e757cabfbe571f0ab4c3d67edee72024c0e619a7f4c51f138f9208b760499,148.66795185185185,21.229853010374953,35.223631604595347,0.21129969498910675,5.925925925925926e-05,0,5.8724324223690525,0.13151059390122932,32.738325925925928,35.018545150487562,149.56055621222225,0.29428045025417576,0.59586666666666666,0.014059259259259259,6.1103877780080014,0.94880743879747753,32.738932291666664,34.834893144548566,68.08106277147192,0.28573466116047114,0.59830729166666663,0.013814290364583334,6.0848154620665191,0.95168751266501783
ISIC_0030339,HAM_0000915,bcc,bcc,True,0,0,0,0.28601199388504028,1.5631118709979737,0.80328059944433827,600,450,600,450,d244bfa5f7b5fb8a9ae2e5f34087db935eb4122b1a0925e34df1eb4e96722f38,b91a736bd8b7f62d9560132c65ec201891cc80e62609e5e09d9ba3a58445542e,140.98331111111111,16.98895336081074,20.039872488340187,0.32395909949164847,0.00029259259259259261,0,5.9615598058528034,0.10998956705230463,67.320129629629633,46.363773717381221,626.48058631550077,0.38219722585330429,0.19853333333333334,0.013144444444444445,7.2964689751901828,0.58560772815884254,67.319200303819443,45.880507644502551,237.39085328537553,0.37505026424632354,0.19432237413194445,0.012593587239583334,7.278285491430676,0.5878159380817366
ISIC_0030351,HAM_0004017,nv,nv,True,0,0,0,0.99030393362045288,0.059271053514783935,0.03045929615175625,600,450,600,450,dc2fcb2d418f29ed1c5416206755d1a15ef27aaa2e1d762d5588d1a5c7d089e7,a3b26c67e4cbdb2b831d3a87c39dc1b46578c02976e7d8a904b46d6c7fba75b3,172.2748037037037,19.438148954473075,123.90375433739369,0.39845260711692088,0,2.962962962962963e-05,5.6165117785833214,0.10646481381224997,70.273981481481485,48.227245842523637,1649.8974727568591,0.3943650254175744,0.080770370370370367,0.024892592592592591,6.9384211765530495,0.60966061272079108,70.266743977864579,47.222234959276811,473.45274594715892,0.38346356826150596,0.058634440104166664,0.023213704427083332,6.811341795820355,0.60983889172611228
ISIC_0030353,HAM_0000737,nv,nv,True,0,0,0,0.96131116151809692,0.1903246666327861,0.097807530694664177,600,450,600,450,031b98d5c3a57200eec3de8fdcec6e2101f6b68eabd244fc3bc22d28ed566e42,539f88963d22df72769416014fa27e475e506984371782a1c73c26d25fe7c876,145.07404074074074,22.716146391005662,96.96666617146775,0.44628357298474947,0,0,6.2611405927777346,0.14257212737336353,70.862499999999997,48.998630680507937,871.57413084395068,0.36333577342047929,0.13128518518518517,0.020899999999999998,7.2486332347347391,0.62016162178255552,70.855129665798614,48.406796474027644,305.60742183360782,0.3559714988425926,0.12055121527777778,0.019931369357638888,7.2154457036864184,0.62155130262002645
ISIC_0030364,HAM_0001709,nv,nv,True,0,0,0,0.83273100852966309,0.47206042100911888,0.24259106785495282,600,450,600,450,c36558edbc73f31255cc5d901da09e7619ebeced34d8646e45e2c0dad7c57811,8d92b12dcd18649a87cc4552cf3b184032095d360caf444344e733cecf847429,124.51334814814815,15.25228918984441,56.617229532839502,0.5444094408133624,0,0,5.83465741167233,0.11266414263828212,83.627562962962969,48.156754707795429,1450.8787423258027,0.31337840232389252,0.069148148148148153,0.021477777777777776,7.3890555744609827,0.4877632108714991,83.625264485677079,47.091371300636673,540.42302463212877,0.30213027322474129,0.054673936631944448,0.019877115885416668,7.3342074503572006,0.48822201070103999
ISIC_0030372,HAM_0000881,bkl,bkl,True,0,0,0,0.49336346983909607,1.2758738004796255,0.65566943113947362,600,450,600,450,0bd04751bbcc6181b0f1f187e3c4cc41622cc2be98a73dd1d5eb289c5f9d0dd3,dd8bc081ab5afdb36b1d16b81beba2ba04d015c5ab177adca198bb142cebb9c6,161.26859629629629,12.25497421729858,79.416698962620032,0.29721526506899054,0,0,5.5415329559280773,0.065869190573714459,85.75792222222222,46.580850164560225,1627.5952376646912,0.41035766158315179,0.081911111111111115,0.0083111111111111111,7.4615803948623016,0.45048426499250566,85.756612141927079,45.443874899451721,585.96895552339186,0.40117261965550105,0.072699652777777776,0.007195366753472222,7.4193615185041653,0.44962560354091446
ISIC_0030389,HAM_0005645,nv,nv,True,0,0,0,0.99250495433807373,0.048385949079038003,0.024865459025704795,600,450,600,450,aacf3f527ba056f114e0817c8c9ce0097a60f76f31e9dee2c12834ffba7ec6bd,c2e812862e4516808b7c8262cc9c7de60ad45d092a10323d1418c5bfc73497d6,145.27063333333334,35.685813010095224,44.191910594842248,0.46215333333333336,0,0,6.4885209152103229,0.23864096948229913,70.137696296296298,61.623963434362253,464.52746798506178,0.32407209876543208,0.30038888888888887,0.020766666666666666,7.2138841796864561,0.82877993826986873,70.139180501302079,61.339790590270873,186.70618987083441,0.31911722154139432,0.299560546875,0.0198974609375,7.1794102605843353,0.83082466807872468
ISIC_0030403,HAM_0004027,bcc,bcc,True,0,0,0,0.94636470079421997,0.29290389405164047,0.15052282562678312,600,450,600,450,7a200de50fb1ce60567ea02e7f612c54c41ad3137af8bcee3d70a7f81005b665,29b256e8424df43d84eabb6c34ebdb42b1a93af540d0e86f412c938bceba1d02,184.09037777777777,14.032057556349011,32.836283199945136,0.31656566448801743,0,0,5.6958385228824167,0.070851186672786712,82.520366666666661,40.182082426895846,1972.1606679091358,0.51498575163398697,0.053544444444444443,0.0095259259259259255,7.2381959863199867,0.37638271326070954,82.51806640625,38.566060153483186,722.33119197681901,0.50666307104439001,0.03924560546875,0.0090738932291666661,7.1634060600387102,0.37642367359911083
ISIC_0030407,HAM_0005550,nv,nv,True,0,0,0,0.82351899147033691,0.47439763189505657,0.24379215665500475,600,450,600,450,1b5ef49af047f8a6aa0bb10e989744fc10ecfb8e2c28c020cf1d843633f13263,35458f51ac0f99af462de1f946ab2fea41200c28c12c5fb3a5ac188fc29187a1,156.92266296296296,35.339344778208215,80.29027180246915,0.39285920116194623,0,0,6.3589425077264545,0.21651425376455871,35.536959259259262,49.191224947046528,171.16847207237305,0.41963297022512708,0.74665925925925924,0.020785185185185184,6.1525831309464252,1.3182537343997403,35.548624674479164,49.053514619819346,73.675332133370787,0.41272358281420207,0.74877251519097221,0.020806206597222224,6.1117567096285761,1.3205737542925096
ISIC_0030416,HAM_0003026,nv,nv,True,0,0,0,0.55534595251083374,1.2813963706749647,0.65850747080847905,600,450,600,450,aa166121df1e3a74f93faa741294aff821d5edcc22ef8aeb0586fdbd39b3c54e,40f481888be23c1722a92ec0dbb9bbedc77e4331c1f3da05654bc71d0f90088d,149.14423333333335,24.662387325589702,73.877048531358028,0.23743312999273783,0.0005888888888888889,0,6.4832019061299846,0.1515507057942343,74.747,52.547364016419259,511.9075182419204,0.24130082788671026,0.17408888888888888,0.017992592592592591,7.4731681749512529,0.63336439790959398,74.745585123697921,52.17525109301242,195.11465568559959,0.23282561125578702,0.1700168185763889,0.017144097222222224,7.457467588857317,0.6331675791619833
ISIC_0030418,HAM_0005283,nv,nv,True,0,0,0,0.84843796491622925,0.43587269350205365,0.2239942546749438,600,450,600,450,62cdc96b2587994f3bc7c205dab49241ccb3298eaf509e3d216f067f2f6152fa,cd525797df003e07d637b2a4a5b54e6e62ee4179434fa5bea48b296e2db334c0,164.13606666666666,28.759351663145058,25.955581445802473,0.35124235294117645,0,0,5.8199025309128647,0.17023111720602691,38.69947777777778,45.291323931090687,174.82494812395061,0.43404440087145968,0.66723333333333334,0.015318518518518518,6.2851960154867843,1.1024961999447818,38.704481336805557,45.115147221088264,82.741582989646702,0.42848490796058009,0.67418077256944442,0.015190972222222222,6.2456931254326573,1.1037435132334605
ISIC_0030432,HAM_0006735,nv,nv,True,0,0,0,0.70873278379440308,0.65746842499612024,0.33787193376595698,600,450,600,450,35fba8f41c6a2e7b31b03644c7fcde0ff447839796d6681bb789ce74be3e7da5,d19a136187cb6bf66fe9d550676f9c0eea89510ef9b47b390fcd88feaa13999f,147.67295925925927,34.116056661514577,59.424081473580245,0.23608922294843862,4.0740740740740738e-05,0,6.2182975091519932,0.22256325937826932,67.528337037037033,61.093942755863907,525.53409996969833,0.2206523021060276,0.29860740740740743,0.019477777777777778,7.1835260835384425,0.82781505862732574,67.530524359809021,60.750818072656152,223.79079858885132,0.21316572201797387,0.29682752821180558,0.018452962239583332,7.1571410104277158,0.82977699615234091
ISIC_0030435,HAM_0002877,nv,nv,True,0,0,0,0.95238339900970459,0.21974578036200815,0.1129269922707833,600,450,600,450,ba2a3dee9b8a83db266ce4029b88eab4610fdecece23ab1f6f03440f1365446d,c50d16ae6f28b27c65ab33df7517c26bd20c5cc740d1094268b33ee566654b35,153.95009629629629,28.67933115583909,175.00454639010974,0.52197029774872916,0,1.1111111111111112e-05,6.3805105872888248,0.17923982541161917,86.022240740740742,57.620497813819803,1555.4063938732372,0.29562505446623094,0.05357777777777778,0.034066666666666669,7.3116443084304592,0.61113122667663633,86.016432020399307,56.8339564007306,440.16508527923327,0.28579891429227944,0.039571126302083336,0.030978732638888888,7.2251117151817361,0.61067054441518498
ISIC_0030440,HAM_0002509,mel,nv,False,1,1,1,0.68893975019454956,0.73362406903512001,0.37700819299969973,600,450,600,450,48bedbfb1beb339ce8d27618cc014ab8a2f79011bc06e1c14a9080472d733270,c93f594d8592a46636b5a69e70fdfc177e27829f047dd04f68c09eeea92016dd,163.54512962962963,40.505790354039739,72.420055109739366,0.20926775599128539,0.025422222222222221,0,5.9071058142911967,0.23275694204926012,24.506266666666665,43.320498842789746,100.98084340801098,0.42064501089324624,0.8604222222222222,0.014818518518518519,5.3923456167973312,1.5666944212208562,24.507697211371529,43.192911759915098,49.850345103645033,0.41719999957448256,0.86020236545138884,0.014499240451388888,5.3735154583094022,1.5614026519783364
ISIC_0030442,HAM_0004756,df,bcc,False,1,0,0,0.34035658836364746,1.6599806348592201,0.8530612966200396,600,450,600,450,451434b3080817d56ca048cf05696dc29c58c7045f369c75a5a6c4003fde8a32,c85dc465c000cde64196bbbcf5f67bc69bd7cf8cb5481eb9a7a5a18f4d716228,157.35969259259258,15.41603214724074,134.75289603506175,0.39211289760348583,8.1481481481481476e-05,0.0020074074074074074,5.8688612730122323,0.069403635349199966,115.05625185185185,44.94681851909457,1798.5572398270378,0.3078918809005084,0.018614814814814813,0.02108888888888889,7.4762604221681936,0.2738717041926067,115.05686442057292,43.580429860900296,632.31351629892981,0.30122184670309093,0.014302571614583334,0.019314236111111112,7.4324109483247467,0.27347240268166573
ISIC_0030458,HAM_0004494,bkl,nv,False,1,0,0,0.60416179895401001,0.97881158573262184,0.50300965140030152,600,450,600,450,b60b9ccb880a7284a2cc95cdd6c782a01f3076ce21eec40c462b84c601f370e5,0b36244308a10f8c680f67b325bf60c0e7a06ac29430efa2ee29c580d9f1ce97,181.36752962962964,16.034034164893562,107.58303189397806,0.24076519970951343,0,3.7037037037037037e-06,5.7158557918650619,0.081100882726697507,77.370066666666673,48.853937241491145,1192.9074473776541,0.50039780682643431,0.098348148148148143,0.021662962962962964,7.3440558022662774,0.55513740941906087,77.373697916666671,48.076786629142475,427.67997908035727,0.49355684168198527,0.087578667534722224,0.020555284288194444,7.3067601100843218,0.55505922304232935
ISIC_0030470,HAM_0001876,nv,nv,True,0,0,0,0.96615391969680786,0.17061700561774903,0.087679796367051671,600,450,600,450,456b2506fb584b86b10946c223a8c8aeab2a56b8a1c3c4d0a470aa3c66181df5,416ad35a18a8e2f3564ee4d01442708012c05b3c01204683fad96db8db590a8d,135.8219,27.205287388143532,158.45900793743482,0.51587985475671749,0,3.7037037037037037e-06,6.5402381858838234,0.19120455348880921,71.839007407407408,52.641279886148254,1153.0301293869823,0.30513565722585329,0.11794444444444445,0.027396296296296297,7.1892172842031812,0.66996301257178237,71.836412217881943,51.994624320419597,327.97201583998987,0.29504828027130992,0.10536702473958333,0.026021321614583332,7.1373339936368856,0.67175473443535416
ISIC_0030474,HAM_0005399,nv,nv,True,0,0,0,0.99777752161026001,0.018291987909673971,0.0094002222654289754,600,450,600,450,c97f62c951730d96bd293d7b788c38fe10a9f69bcae4e2262846b957870fc0dc,3539243cd5dab19a7b752066542a0f453f7e596aac12bc60b1edd7dbd447ed99,157.27188148148147,21.457102573050207,37.654662956913576,0.43135750181554106,0,0,6.0130235056253634,0.13060032723613105,65.510559259259253,50.198829110424469,769.01337027358022,0.37748161220043575,0.16897037037037038,0.022514814814814814,7.1314840770718595,0.70002613028777516,65.503302680121521,49.675956413131267,281.07010152600247,0.36982421874999999,0.1557956271701389,0.021402994791666668,7.0894994666386175,0.70150069056149278
ISIC_0030478,HAM_0000894,nv,nv,True,0,0,0,0.94990044832229614,0.2337501421196766,0.12012381056399545,600,450,600,450,477e0418b99793988c86c29f353be74e70714acbb155511e9a0a63d4233c10ff,63b982af9da3cb41c9231f8b771d349e7bd38d0d4ae5ec1bb1bf6ba70bcbca21,146.22467407407407,32.616177128065267,270.914934875048,0.51222573710965857,0,6.666666666666667e-05,6.5590872165596927,0.21267524611284225,80.053274074074068,49.756576178271587,1017.331114666173,0.3346972258533043,0.047870370370370369,0.021118518518518519,7.1686222182333328,0.54327882895771096,80.052659776475693,49.085390046985417,326.46943586066732,0.32776110281352128,0.040805392795138888,0.020378960503472224,7.117126088307181,0.54467603623352057
ISIC_0030500,HAM_0001836,nv,nv,True,0,0,0,0.84850436449050903,0.44547725358762397,0.22893002218210903,600,450,600,450,0cf6aa1560a4960add60b4ca731001560ecb0c830d62e80e48d2621ce79cbbea,9562b8e0d2f5cf668b3d424702d542b2d4ec720a8f80d0a4ccd786513903a1bb,138.47886666666668,35.720751589558738,65.199588803278459,0.48111835875090775,0,0,6.4682814210882329,0.2498073606455411,74.913066666666666,61.43443145762383,577.70117135768191,0.30200268700072619,0.15725555555555557,0.032785185185185188,7.2338151827000399,0.76521013899262336,74.91961669921875,61.068349777677739,234.321426972149,0.29685617085375815,0.1482272677951389,0.030788845486111112,7.1991741000896283,0.76626659248177875
ISIC_0030507,HAM_0000517,mel,mel,True,0,0,0,0.68654197454452515,0.80193169971674616,0.41211137117819252,600,450,600,450,b1788515a7abb672dce4c7c4685d585dcb5a44a37f0c4ea46c69a1d1a877729e,368b2ea9736b65a128823d74a09a505b9dd1ae5fbf4a0c02beb8d20af10ae597,161.34575555555554,15.493248749036018,51.344551790274338,0.23796052287581698,0,0,5.7680690511885597,0.085764776278754909,62.238377777777778,42.607554169787292,998.7070036696299,0.30237163398692807,0.20283703703703704,0.013696296296296297,7.1334607017653013,0.5728429130961229,62.23681640625,41.890837915184491,327.57207879713837,0.29019950916564541,0.19367133246527779,0.013427734375,7.1028894785499341,0.57485878116808053
ISIC_0030515,HAM_0004361,nv,nv,True,0,0,0,0.86643332242965698,0.41531298558995933,0.21342865485931226,600,450,600,450,ad41ccd1f647b3ae32d4a8a99eedbbe02274250ca6ef55dd46df7e35c884d7c3,77f23a2c83a63bc2600e5a89f3228b13d4ca46232210f387c37ab77f448a9ccc,156.00708888888889,31.908235116755879,81.022248148134452,0.38867946259985475,0,0,6.2474689504570389,0.18832726402319083,33.805118518518519,48.10082657818338,141.41129191043899,0.39870826434277412,0.754,0.022103703703703705,6.038685113054405,1.356300358339698,33.808661566840279,47.982311915866411,60.021416278349015,0.39159853068831696,0.75818549262152779,0.022040473090277776,6.0043106588625754,1.3596858178624753
ISIC_0030546,HAM_0006810,nv,nv,True,0,0,0,0.79827308654785156,0.58371234976091668,0.29996880896288725,600,450,600,450,c0ce729c7b26ee6a603b80bacda5f437d67927715a2987af25a18db014e8851c,21084baed65f480cff698cbfaf768dd9d2916cc44dc69f9acb2699b3d0b4170f,157.78988148148147,28.486968271813108,30.056139782043907,0.29691279593318809,1.8518518518518518e-05,0,6.1768871142104089,0.17394752105420752,39.531055555555554,45.200005555521074,221.27087153469137,0.37469414669571532,0.59245555555555551,0.018318518518518519,6.4230057298798293,1.0675389045527452,39.523715549045136,45.015058324789408,88.211875317825218,0.36750618595962692,0.59743923611111116,0.018052842881944444,6.3966632478146446,1.064650318973166
ISIC_0030561,HAM_0004377,bkl,nv,False,1,0,0,0.93663376569747925,0.29627441038741914,0.15225492838466995,600,450,600,450,2d74faed5c412e65d1a9bf895e711032ccbfb24ab83fd0369400ebf3b032bc4c,5c351e5296f8c9707232b11bcfb1196169ec5f2949f216cd22491b0f97d8f7da,158.96860000000001,19.844779870637872,37.0489060137037,0.13314116194625999,0,0,6.1630450524320928,0.11895450897212317,72.621703703703702,51.158447722675191,817.67802826061745,0.36241400145243285,0.20067037037037036,0.015377777777777778,7.4501577233950069,0.64573497274259606,72.619004991319443,50.613655446444987,307.42314491554362,0.35226207724843411,0.1963161892361111,0.014594184027777778,7.4324615615630165,0.64418222191137375
ISIC_0030565,HAM_0004852,bkl,akiec,False,1,0,0,0.33869951963424683,1.1132242170105924,0.57208407980760712,600,450,600,450,94162ddc147fcb126f5f7c4fb63a1b00d909fa22ed4b8077c1864a5914b8e535,916270bf082ce9f2d0842396fd38832756aa6ed37c74cc96b76dc99924936476,136.33332222222222,12.834620858929535,42.166685180233195,0.28784216412490921,0,0,5.6176215000980001,0.08008203295485275,84.219437037037039,43.411801126150088,1262.951414780521,0.33139044299201165,0.065855555555555556,0.015285185185185185,7.330566850647573,0.36687494072255944,84.222303602430557,42.451962588999649,403.7691187792355,0.32180526833129086,0.057257758246527776,0.014261881510416666,7.2925945825475775,0.36593422651974267
ISIC_0030569,HAM_0003924,nv,nv,True,0,0,0,0.74447011947631836,0.74487481676996226,0.3827899336110554,600,450,600,450,fd0db5b69fb6f7024ee486c0d42029b750d962bebab52089d197f3c878319cc0,8009c2c578a1b0fcd7942ba885e7d897306edb87856da03efeb8691945e36c4f,150.17972962962963,35.294289185533763,163.7662567464472,0.45760082788671025,0.0010481481481481481,3.7037037037037037e-06,6.8318428489621361,0.22228429925345225,45.501314814814812,47.529807237659192,462.06823108475999,0.39746810457516341,0.52629999999999999,0.013918518518518519,6.6179436655195154,0.98136176152436383,45.506598578559029,47.23602720412751,133.3461475591233,0.38867687482979307,0.53616672092013884,0.013502332899305556,6.5553720101685196,0.98353320723101623
ISIC_0030578,HAM_0002789,nv,nv,True,0,0,0,0.95692723989486694,0.241506418847897,0.12410974831758899,600,450,600,450,025ddeaf5c2e4e5f0ae85dafe1530c238de165eb8260a3a476761768c5966ebb,5d35daf593f0d533c0dc6dec79dee9a9e9e5596f1a23080ae10909eb6382008f,163.77325925925925,12.072432160344409,51.432003697654324,0.41609413217138702,0,0,5.3027395781201001,0.06336672462959228,80.590914814814809,45.309553825101617,1921.9106703603702,0.4597378649237473,0.076999999999999999,0.01875925925925926,7.3208373745554916,0.46408571668387288,80.585401746961807,43.901621300459702,693.82783102989185,0.45020499302151418,0.0595703125,0.017856174045138888,7.2483357249960898,0.46282838975105917
ISIC_0030579,HAM_0002546,df,akiec,False,1,0,0,0.80569857358932495,0.67631599458657088,0.34755766853618808,600,450,600,450,9380bfb62f0c40b45afb0847c709eb6b7c4cc9a84842c3ef36557b27f3566ace,0084fb97f1711a5a679f7e913d84f44651649b7e4bf83e18b42f4a1a13123f66,176.93644814814814,29.45501419388771,36.166355407187936,0.28063093681917212,0,1.1111111111111112e-05,6.5123140019056285,0.15872559155829552,69.878829629629635,53.843318502586492,535.86309827126217,0.4605127378358751,0.21132962962962962,0.015507407407407407,7.3067207810130981,0.68139423916708375,69.875888400607636,53.458389508711818,210.61990531212018,0.45612957856753816,0.2069091796875,0.014804416232638888,7.2855205108254202,0.68188139847542828
ISIC_0030612,HAM_0000467,nv,nv,True,0,0,0,0.98965293169021606,0.058706667947870966,0.030169259344462265,600,450,600,450,4257f06a14ffd8ecdf0bd5174f106a0545fdae07b4977cf217d61d91a86ebc2e,fce6ffff184c33634b495a35534b3c75f714b997f46c44b370393c2a70179353,171.04225185185186,29.585461644310048,38.675248148134429,0.41389180827886707,0,0,6.5296151554128397,0.16938269836789116,78.927866666666674,60.955642619470368,911.46742991768167,0.27717771968046478,0.24591481481481481,0.02052962962962963,7.4766708709614091,0.72708948529091744,78.927029079861114,60.449849164439556,322.92476266824906,0.26818613621663945,0.24505615234375,0.018914116753472224,7.4357454684158917,0.72896384975914941
ISIC_0030619,HAM_0003379,nv,nv,True,0,0,0,0.94204515218734741,0.29277112854026216,0.15045459765056193,600,450,600,450,28d5978f8e02ef3759bc3a69431b518c18a52d09da86f2eb5a34d1864ec9e826,e7a9def0f8d7a6baadecaf796a424be23c7fab5d0180174a26df67c69e2f1770,151.42466296296297,20.309987469161992,31.800218473950622,0.4554093246187364,0,0,5.8550949511640589,0.12958337881703827,58.541200000000003,46.441889444257029,592.19037774875176,0.31312222222222219,0.20182592592592594,0.017444444444444443,6.8920264327513037,0.72262088909594557,58.542995876736114,46.001221527698014,210.1539063707086,0.30382822074142157,0.18859185112847221,0.016886393229166668,6.8366289172711321,0.72046429403891987
ISIC_0030626,HAM_0001031,nv,nv,True,0,0,0,0.74243360757827759,0.62972551747948347,0.32361489958064005,600,450,600,450,b3f29e53aa443215a3e7807e18e2f0084bc24e395c3aadbf86f3791a94e40d85,3535976fd23a73d3dce385c9cb8450975e7468fde99418383291c8d2e95a91ba,158.57122962962964,37.791313626270281,80.610580927283948,0.27131288307915763,0.0023999999999999998,4.8148148148148148e-05,6.5762659715156122,0.22838707860740864,48.424729629629631,45.471287818279635,252.09978674862828,0.41999834422657956,0.46137407407407405,0.014651851851851852,6.7834879050443533,0.8695131815188587,48.427863226996529,45.259038646038256,98.563005506256474,0.41486547798372819,0.46656629774305558,0.01446533203125,6.7620173639519106,0.8688078787109107
ISIC_0030645,HAM_0003911,nv,nv,True,0,0,0,0.52403563261032104,0.86041877190514704,0.4421677806258717,600,450,600,450,bf4dad2839ed5869f912d9259163d414e2ac65d97178c99afbbd242ef9fe33dc,d13f9d6134c49a481896b83e25ecaf59f62917c96e7a784f023f8f428222ebb6,159.08973333333333,54.16422907133316,151.14236488986282,0.28271754538852578,0.050192592592592594,0.077140740740740746,7.5083208249070941,0.31095189539769347,38.268255555555555,48.827284400423871,36.642928034554181,0.44091867828612924,0.59596666666666664,0.030629629629629628,6.3699461088179286,1.1592312884324356,38.267896864149307,48.782144758421097,19.368650621838039,0.43991321572031589,0.59520806206597221,0.030687120225694444,6.3677754201164722,1.1606922019997876
ISIC_0030657,HAM_0005639,nv,nv,True,0,0,0,0.9759829044342041,0.14104622042253911,0.072483418872661326,600,450,600,450,c5407cd30bdb4ea597427f03e79e7e000cf44158ee4650d8806dedcb4df24ef1,42fb08b24784eb318a80f79d8e046cfe281ae8640fa2a6c1814976a9d15df938,147.47524814814815,15.877637265147722,43.39376969432098,0.3977438779956427,0,0,5.3524024288508913,0.098384536970629349,39.598755555555556,34.908707646695674,426.55443701048006,0.41977170660856938,0.40182962962962965,0.012007407407407408,6.1860141837411007,0.77770183884119259,39.601955837673614,34.466290867101385,173.60733108604211,0.40762232030398965,0.3971286349826389,0.011861165364583334,6.0925500350747281,0.7812039514477237
ISIC_0030663,HAM_0006104,nv,nv,True,0,0,0,0.7842411994934082,0.62954459317317546,0.32352192287953396,600,450,600,450,9998ac118cff1ab4de666c9ebb6f30b94ea1559a62531ce8521c7417731550cb,8b68f18634b455daf08fddcea1077e8f85f48f4f44ff459deb8021fb01da8fb6,145.08760000000001,19.709372285022919,32.297681090315507,0.15696925199709513,0.00082222222222222223,0,6.093605634852497,0.12556362921305148,53.174514814814813,42.09616864929373,356.96323867209873,0.43984900508351488,0.31340000000000001,0.013970370370370371,6.9986441311890157,0.71329300526703165,53.162773980034721,41.782675019956102,149.21437236625292,0.43153546900531048,0.3102688259548611,0.013882107204861112,6.9826846033329018,0.70957418254290006
ISIC_0030672,HAM_0007255,nv,nv,True,0,0,0,0.84491938352584839,0.53207060184610111,0.27343020031238696,600,450,600,450,52bd0edf13bd354da731f8d81f417e48292c794cd437e2046ae0cb5dd4505738,0f73b707ecc08d821fec8f9d3faa1d371c29f44f40236ccbdbe53ccfbf34ec35,189.84152592592594,17.294336389495594,46.245366537599452,0.18386679738562089,0,3.7037037037037037e-06,5.4100707589768682,0.085104979503713041,65.599362962962957,46.692042873945148,1012.1811895106172,0.4357538562091503,0.14087777777777777,0.017029629629629631,7.0239960107514241,0.62666872818825536,65.59991455078125,45.993976287728742,357.88845883691573,0.4252172000527642,0.1299099392361111,0.015530056423611112,6.9657810857101001,0.62554109244717249
ISIC_0030699,HAM_0006688,nv,nv,True,0,0,0,0.76337200403213501,0.79807024302104101,0.4101269749831371,600,450,600,450,50c8217e0d3883011b5c4829628abeb3cc5386f50663ce9536e9660a801f2d2e,9658026507f7f18b8b94702776ea671e51221572fe30101bf4ec023539692ef9,147.88210000000001,30.859418028723116,62.657617555212617,0.47545047204066809,0,0,6.8663597331002606,0.19795327822833583,73.647785185185185,52.43707965268473,550.04993982765416,0.29640714596949891,0.20534814814814814,0.018962962962962963,7.4465265091483639,0.63496597614392303,73.647820366753479,52.036458461017645,214.10858111911352,0.29077619166156049,0.20310465494791666,0.01824951171875,7.4319921863325114,0.63605410556913256
ISIC_0030706,HAM_0003089,bkl,mel,False,1,0,0,0.68748819828033447,0.75345758763211768,0.38720060533005646,600,450,600,450,4e8a088c0f1414008153dea46abc5b6ac8b6e342e304e0c3b5dbea477a5e74a2,a36e7109ae2f4c85a8b0bd891c6def98d6b434672eab93b3e085956c874aad82,173.70724074074073,21.438835119366381,51.200361842949242,0.2776369934640523,0,0,6.1562044040849697,0.11559349677823667,53.347166666666666,41.723653622398068,578.55270728283961,0.43524066811909945,0.25536296296296296,0.014848148148148149,6.8260774969283746,0.69317436554976219,53.342502170138886,41.281248872250536,204.25496323530874,0.42705426517395151,0.246826171875,0.014451768663194444,6.7792387354521795,0.69417164764997341
ISIC_0030712,HAM_0007248,bcc,bcc,True,0,0,0,0.93341261148452759,0.30934986058009944,0.15897438056442659,600,450,600,450,52f026737229fcea25444fd858d03892001e2afea6337466734e931347a4e596,40bbe17135312cf20664b6e414092ccb9da83f9777b5172164bbd38233f0daf7,183.45082592592593,15.203856371891495,28.205899930850482,0.12409456790123458,0,0,5.4632232068096265,0.074531305456584693,57.42247037037037,40.264692697764609,670.31667128883407,0.311658198983297,0.19651481481481481,0.015722222222222221,6.9008504859221107,0.59057411900527401,57.419508192274307,39.695295214289793,248.10889929491611,0.30110107953771786,0.18739149305555555,0.015489366319444444,6.8595532862730177,0.59276650138274289
ISIC_0030719,HAM_0000633,nv,nv,True,0,0,0,0.87734824419021606,0.45673016334227257,0.23471287385185935,600,450,600,450,afe03294f6736aa332732d84c70e646cee5769e52b410e6a3bc52e595e1862e9,91e44312d71ce73a16aa9566b17236c947cdff296a384a57728d79c7e5bff6a4,165.60531111111112,21.786042727352406,31.591685151111108,0.38550210602759627,0,0,5.8585108792581169,0.12573044638649772,46.442740740740739,46.727832960978198,419.84277124740743,0.41997902687000727,0.40090370370370371,0.022388888888888889,6.5638015094445619,0.93290010979593629,46.441901312934029,46.411705296616255,156.77193282043311,0.41066984953703706,0.39952935112847221,0.021904839409722224,6.5132416013575236,0.93260430991752186
ISIC_0030726,HAM_0002255,nv,nv,True,0,0,0,0.97029143571853638,0.17619559339798466,0.090546623380078906,600,450,600,450,e421b904057edff473c0c0d49e060a051b5c3675a9c4e74b72a4a75dab0256fb,e68279520a9a954bacb64bcbe3fa0ec20b7f7ff36224a34f4f52203d88900d43,152.57868518518518,14.500130821024255,44.341843862331956,0.46333466957153235,0,0,5.6262566540924253,0.085630159348954391,67.846488888888885,43.527075067920599,1148.6392925112623,0.4148274364560639,0.14215185185185186,0.01681111111111111,7.154514237565567,0.54349746517984221,67.837863498263886,42.66178767922699,397.44311280143859,0.40550994540611379,0.13112386067708334,0.016289605034722224,7.1049355419943589,0.5460168826143188
ISIC_0030739,HAM_0002678,nv,nv,True,0,0,0,0.9001610279083252,0.43656760038069276,0.22435136616797777,600,450,600,450,a8b6fae6b3c38cab91b5e729f7dd770334146d9ddff277dd209df50d7828df2d,98ca5987f7bb841a9a456fa3e9ebdf4215a2bb3f7f0bfe05d1bf0964555729f4,174.54238888888889,13.754341113931813,40.289992513360772,0.38041161946259988,0,0,5.1181667806350619,0.074290666575920192,61.035725925925924,42.820833255499053,1350.381325765926,0.51751007988380537,0.14756666666666668,0.017674074074074075,6.8907087098008191,0.61868164849660501,61.027058919270836,41.813636471930153,463.62807046001154,0.50761928849230664,0.11900499131944445,0.016805013020833332,6.7691567974276605,0.6176064922411556
ISIC_0030740,HAM_0002319,nv,nv,True,0,0,0,0.97089356184005737,0.13812021477460926,0.070979749420425647,600,450,600,450,7a8ce4f1c39a81dbae6cbb76a029e7ea685e55437658cccf71b2dd32911c6552,143f05b350bf45ae33291dd36b5440b602546a3ac5629dc7e38fef32ec035271,191.08995925925925,27.146998604958146,23.510996295185194,0.15540318082788673,0,0,5.3736395426055434,0.13754481405738103,33.984440740740737,47.443779658452819,238.49354073146779,0.47337003631082064,0.7596518518518518,0.015248148148148148,6.0294263165611151,1.3187047298397694,33.968336317274307,47.258435888806375,98.907591216358099,0.46366833788636985,0.76614718967013884,0.014431423611111112,5.9696846334056985,1.3196437301619428
ISIC_0030741,HAM_0003912,nv,nv,True,0,0,0,0.75188148021697998,0.58383617094244433,0.30003244046282457,600,450,600,450,a5b91acb33d9463ce4cfc1a7a1694187fce669647542e997a42848612d0c2e80,02296c9b6a281cecf7f27b909efcbde363ee9137631470b7d8f1cccc1b01f7ad,138.20875925925927,21.795490043546629,33.183745130192037,0.14336644880174293,0.0062851851851851853,0,5.9700691026616974,0.14907434298253969,25.606492592592591,34.564774405427457,86.55380030941015,0.29794381989832974,0.80091481481481486,0.011651851851851852,5.7391477331931782,1.2087786988038913,25.605801052517361,34.465442238538735,39.985801670286392,0.28667279411764707,0.80438232421875,0.011644151475694444,5.7009869551647601,1.2044529088945672
ISIC_0030745,HAM_0000115,nv,nv,True,0,0,0,0.87214016914367676,0.48674947349714881,0.25013974757953367,600,450,600,450,e98c54e8eed853089c447316200a70c8c8dee128b4f3556250a270d33ebc4c5e,82b7c270426d40f7f61b5406be2e386339a263e98d60c6527b3c03d57cad19e2,169.31842962962963,31.79326580770088,24.371314724814809,0.40692153957879446,0.00056296296296296292,0,5.7289290135383695,0.18327718040594659,30.374807407407406,44.460157204699712,98.553514809862847,0.41487982570806098,0.85193333333333332,0.016903703703703702,5.593497799103754,1.3889481171444888,30.374233669704861,44.368172375471346,46.453918140197601,0.41045081444035947,0.85561116536458337,0.016689724392361112,5.5657131641172457,1.3870910083239734
ISIC_0030752,HAM_0001483,nv,nv,True,0,0,0,0.98170667886734009,0.098537575968527386,0.050638296951359608,600,450,600,450,a7e175b87fc63c17143fa709d6e65b1f7017ba9a520fb75e1cbf6cafbf251c77,9e3d2d8fb4ef8a55e8a87f50ffb1f233b81e20925a8456de006573ee0db7e2d9,148.43392222222224,39.746272460043649,30.95599584689986,0.41515834422657955,0,0,6.1711485999430851,0.26241811254958042,55.248044444444446,59.515047831603269,195.61334259685873,0.28329708061002179,0.42373333333333335,0.031981481481481479,6.5232995621243486,1.0366805600426929,55.256612141927086,59.389588225975189,77.842148621141149,0.28035000404241561,0.4246826171875,0.031297471788194448,6.4904443596492341,1.0385743310762103
ISIC_0030775,HAM_0006665,nv,nv,True,0,0,0,0.96327787637710571,0.18531288976460591,0.095231986869779323,600,450,600,450,3d8d25a5668247487558f4b586578a042cdf61aae45b0337806ddad6be5e2639,be2fab13caa5c5839e46bd4e16de568a255fa8b4c6e4cc97171a08d3cd9f9bda,173.66735185185186,16.62803079659454,25.700996227146767,0.36331151779230209,0,0,4.9284231037292363,0.090916601339923048,35.524585185185188,39.668115323852319,364.84697547187926,0.57418178649237472,0.58345925925925923,0.017918518518518518,6.011078791378865,1.0323583992499776,35.515346950954864,39.375035244921428,123.2160222787916,0.56325502748842593,0.59517415364583337,0.017835828993055556,5.9059926951144606,1.0374902599225873
ISIC_0030777,HAM_0001224,nv,nv,True,0,0,0,0.98658722639083862,0.074320138100942679,0.038192995774765398,600,450,600,450,a859add4336fdceaac58e6b3e243b40e86dac0808897f024831d0285c790f20d,f2d8ab6737573f4506f56dda6b8f0d001117400cffddb74a6bb9aefff57f69c8,136.97752592592593,32.785841548252286,43.655832164389579,0.48890671023965138,0,0,6.7391816606890966,0.23219903203369754,77.447237037037041,60.115135776300733,759.24870417545969,0.3994137981118373,0.23783703703703704,0.023011111111111111,7.5115953787374234,0.70360906349533892,77.443617078993057,59.644703108856611,296.03801797330374,0.39217574508101855,0.23473442925347221,0.021626790364583332,7.4775034041123547,0.70346211032005501
ISIC_0030789,HAM_0001223,bkl,bkl,True,0,0,0,0.99023306369781494,0.058799938995689631,0.030217191181327367,600,450,600,450,1397186fdbfdd55eeed111765a8d6a22643d761c9963a40110c7a6601855f2f5,964e7ac1e41ef9570b70c3139d90f9c0be53592b19b69a757fc1a2273b5f65be,133.90312222222221,46.598898054367744,109.85093050595334,0.45770069716775597,0,7.4074074074074075e-06,7.283232035498159,0.33949949728929329,83.677159259259255,60.747652048549774,646.11329425245549,0.29506212055192443,0.17612962962962964,0.027137037037037036,7.5620605633512135,0.67752547878094638,83.681674533420136,60.413977081887971,200.2030590640174,0.29110139335682189,0.1720920138888889,0.025180392795138888,7.5404921214822433,0.68097407275620525
ISIC_0030791,HAM_0002265,nv,nv,True,0,0,0,0.97188478708267212,0.15417822027223935,0.079231931827422095,600,450,600,450,b5ff2730a6c6414dec353274d372a84713a0e9f73a8949af37583b9a1c6c2cd4,7893594e2655430163cac948999ce0a3e050519c8ff724d38abbfe9941067c87,144.95080740740741,27.069790913282542,107.67411396432098,0.54242030501089322,0,0,5.9283938416893607,0.17906670363474203,40.127259259259262,47.793042007599723,499.12976810924556,0.42254701525054467,0.63207407407407412,0.018955555555555555,6.1869549116616316,1.1214144009197855,40.129862467447914,47.488962437992171,145.80110661611877,0.4110006893382353,0.65016004774305558,0.018174913194444444,6.0673435220664533,1.122390482891032
ISIC_0030797,HAM_0006691,nv,nv,True,0,0,0,0.92300385236740112,0.28009062503217919,0.14393810791734429,600,450,600,450,9451017e1f89b3af29b956da5b9a5596e715ff13a724d77cb01e5e402dfd4975,48e31d7ef1968b472b096e5b504ee50c06c87dcc5602589574e587d469dec9b3,168.65258148148149,37.16684823576513,44.596629592537724,0.32810824981844589,0,0,6.3513048994556858,0.21610822926158188,65.164511111111111,59.615087039783717,407.36585517299051,0.26326660856935369,0.29284074074074073,0.024929629629629628,7.1608929101851331,0.86379397448033068,65.167032877604171,59.358905780884392,164.9454616659585,0.25785305712997003,0.28999837239583331,0.024197048611111112,7.1423026039826469,0.86513778174659273
ISIC_0030802,HAM_0004058,nv,nv,True,0,0,0,0.63716250658035278,0.95921182786755599,0.49293736832259566,600,450,600,450,5979f7ea8bd8c55c099418c89f3d868b921973ee55d1824290beb5001731a083,749ca782a533c85effef989b63006f8ded6f927f651a7ef634d2f1f827e6bbdd,145.7364037037037,18.01532337350174,31.327210151426613,0.15952133623819897,7.4074074074074073e-05,0,5.6684962136870869,0.11353906103278358,52.637696296296298,42.27065117597666,446.65589629320993,0.47483577342047928,0.2765111111111111,0.016103703703703703,6.8403759193643241,0.71032230033854526,52.632039388020836,41.892623098470423,171.69007654207542,0.46700737315325436,0.27016194661458331,0.015692816840277776,6.8115339060142563,0.70400606330487636
ISIC_0030810,HAM_0004956,nv,nv,True,0,0,0,0.35845473408699036,1.3117932159627608,0.67412835921514713,600,450,600,450,2fd0e435d7063392b2cc66bb31f69c9b25eadf24bfd3c4ec12d828f77c19570d,b8f6f3c2b7510587b67254b13cbd6710e9aaff2ace336d3ca0b5b08fa3cdb046,162.65574814814815,20.369421570259206,38.842799633689992,0.20564880174291938,0.0001,0,6.1719652802686928,0.11550698739869145,70.872699999999995,46.200804128471695,488.98067706138556,0.31311917211328977,0.15604814814814816,0.014177777777777777,7.3111038459788578,0.57378207692435867,70.868462456597229,45.810410246094435,194.61932452059824,0.3065988179125817,0.1524319118923611,0.014112684461805556,7.2973284759216446,0.57496096877588621
ISIC_0030815,HAM_0000305,nv,nv,True,0,0,0,0.81581628322601318,0.48320949640083821,0.24832055921771279,600,450,600,450,794f6dcf77c2b40f2e88a4223092476156674a6f9370c2b25b3f00df0ab0260c,0fb85bec3187fb1b7e61224cbc5c7300f0c83352b5dd0785256d80176b7af04c,162.38085925925927,43.497153822624767,39.816792517476003,0.41022800290486561,0,0,6.2749743104531932,0.26215504876374213,54.645248148148148,60.222805013683981,302.81295541283959,0.35533841684822082,0.52718888888888893,0.024862962962962962,6.7418122988910643,1.0500588271416746,54.659918891059029,60.019244856101949,135.29373486133088,0.35197243285334967,0.52838134765625,0.023586697048611112,6.7165930664872109,1.0523573488509215
ISIC_0030818,HAM_0002838,mel,mel,True,0,0,0,0.58943402767181396,0.68276822468320419,0.35087345888743615,600,450,600,450,5b73cab095f88ac1851e2a6bbff5ad7ea141c93c8809ff62be1b237985767d6a,53939b3ffaec3546448e20e9119e9a5691ac33f0b5ff7425bcd5544455aade90,165.233,24.170634154784693,41.662274054266113,0.24472871459694989,0,1.1111111111111112e-05,5.4401995559337299,0.13990361231954562,37.503100000000003,44.783683015849356,273.50751823407404,0.34809413217138707,0.60958518518518523,0.018355555555555556,6.0493899366737427,1.1171284761833615,37.495137532552086,44.572252726540114,102.68558055157831,0.33816098813657408,0.61656358506944442,0.017706976996527776,5.9917828147140764,1.1194609509376803
ISIC_0030828,HAM_0001456,mel,mel,True,0,0,0,0.53858274221420288,0.78261206539506123,0.4021830431250889,600,450,600,450,4ee46749666190f801504b2075ee30fc80450f28cb62b6e691d03bb9538a9832,804880d889bac4af3591ba0e729d6f10b6346a173c58ba2764eba095750a9897,192.16601481481482,28.247772547513843,24.302724641851853,0.099313551198257077,0.001,7.4074074074074075e-06,5.2825893496724232,0.14122349326921704,22.606444444444445,37.080616618922434,73.451845942373112,0.42458180101670295,0.9069962962962963,0.014396296296296296,5.3141789873410108,1.5487927144181646,22.591030544704861,36.995812173648076,37.863965914573186,0.41774764050585511,0.90833197699652779,0.014390733506944444,5.2787871009733802,1.5403191867870325
ISIC_0030837,HAM_0007531,nv,nv,True,0,0,0,0.69713097810745239,0.77257496059537112,0.3970249916063367,600,450,600,450,41b0ec73b8afeeb3fd1a3b310901ba7bdbe8ad5e7b00dee6a7a16bfe205669b3,97c34ff64f75c42f4c22f5cb0c6bcd6e51b37c2dbb6c630041dedcd1cae82b1f,197.20333703703704,11.371388005009772,133.48634798814814,0.30352769789397238,0,3.7037037037037037e-06,5.1679793700279406,0.041848665963177073,98.928825925925921,43.708391907505231,5514.1190416322506,0.50561446623093675,0.030548148148148147,0.010592592592592593,7.4123648224089926,0.34476718100377413,98.926337348090271,40.58743755217322,1237.3097016016641,0.49416450716571353,0.010274251302083334,0.007134331597222222,7.2652906031689382,0.34524841068440182
ISIC_0030840,HAM_0002154,nv,nv,True,0,0,0,0.88059890270233154,0.4590331560033144,0.23589637796285845,600,450,600,450,56a4175955757f6dd2363e7efffd18618b0ccbc84c2f64cb009bdef0d97d4bb8,8169f2ce38a0181c2659c2d63006b551f0ee36baa05edca6d37bdbfec96168ad,159.39859259259259,30.629265808130796,27.934762194224966,0.18585448075526509,0,0,6.1915859325139468,0.18447908620722769,50.165970370370367,54.863209103145067,318.97694094617276,0.33611413217138708,0.4718074074074074,0.026492592592592592,6.8020541311823539,1.0164262908144246,50.159891764322914,54.633278007665368,133.5100186194903,0.32861349400871465,0.47179497612847221,0.025831434461805556,6.7877272272202571,1.0173138200724685
ISIC_0030845,HAM_0000093,nv,nv,True,0,0,0,0.81310182809829712,0.6071576602408022,0.31201731515484454,600,450,600,450,c61732c7b24fb0ddde7251e5a6bc177086c7dc573d211a298ee5859b56fe483e,2f17216c7526eed017f2e145bffbe32e23e029396f60409f22cb1ed01b9bf237,180.56373333333335,53.974129031684143,56.223448147037026,0.16551846042120552,0.028125925925925926,3.7037037037037037e-06,5.6442763300665568,0.29233815821572023,26.085333333333335,46.828436909717652,167.56961481212616,0.46170026143790849,0.82574074074074078,0.015588888888888888,5.141953940508655,1.6520175781743274,26.093024359809029,46.650653597472214,83.424255084062423,0.45949459699244283,0.82543267144097221,0.015150282118055556,5.1347594323565975,1.6519413041283553
ISIC_0030850,HAM_0005944,nv,nv,True,0,0,0,0.92786800861358643,0.35580441807210333,0.18284730065508767,600,450,600,450,58c18a9d17a4d88ea6736c1ca840ea547539942248e0d734e34c6b28cb76e519,8a7ba417fb4ac414dd790fe760606ba2e6cef33d854ed037086c22d7af91878e,149.45184074074075,30.326919455307536,40.522392428518522,0.47076732026143792,0,0,6.6860294532597218,0.19653028962401353,81.249107407407408,59.252786034978833,814.78844591358006,0.3250258242556282,0.20241481481481483,0.023244444444444446,7.5989907488301949,0.67355536181981046,81.24798583984375,58.787061952729765,295.29242108467918,0.31753714235260078,0.1980862087673611,0.022203233506944444,7.5772215284375513,0.67575580434179683
ISIC_0030900,HAM_0006262,nv,nv,True,0,0,0,0.99741709232330322,0.019360322203831416,0.009949237488293244,600,450,600,450,c30d07a749bd70c292e886b4b7eb657d773396f5fbbfadc1cb22ed50c49c066d,cf3656f05eae57ec65154757df9d961c807850c38080b96011fdf5344cc7dac6,165.54944814814814,18.728492436785153,29.01174442764059,0.33208079883805375,0,0,5.2293179572320021,0.10075135719909327,30.943755555555555,35.955286010794367,154.68233900224968,0.31985587509077706,0.66817777777777776,0.01784074074074074,5.6923171528196912,1.030178841584116,30.944010416666668,35.746092184824938,79.037402728779441,0.30938970694614654,0.67966715494791663,0.0179443359375,5.6226516843975931,1.0402204224258835
ISIC_0030906,HAM_0004847,nv,nv,True,0,0,0,0.65256732702255249,0.82705280298120987,0.42502106450429977,600,450,600,450,597ae0a56e19b60a77648537750eb061305891ddc5c86ee41ed322de89e37212,82e7526cac9c9b3530f2caf06e2bb454f60be8fb687c4a473443eacf44b4e8f8,138.73401481481483,37.627225073024945,85.083951145006878,0.4998368336964415,0,0,6.762783035849985,0.2634175864636803,78.876792592592594,59.963269417152517,782.35290884998619,0.26683764705882351,0.17578888888888888,0.029077777777777779,7.4951737430732184,0.70892714057785211,78.881720648871521,59.580660365465413,224.94152584488006,0.26034193516816451,0.17203776041666666,0.027777777777777776,7.4697982065699957,0.71029097584986578
ISIC_0030924,HAM_0004049,nv,nv,True,0,0,0,0.81142264604568481,0.721191989628585,0.37061936800047229,600,450,600,450,bffa3844033499eee9a2cdaac9d4c552de524e60b08265549cb1216a33d2c9de,25a01adee174fbf62fd73b577f0525129f873bc0821281ab20c508c786444410,143.32438148148148,19.356654965909964,162.11045009377233,0.4721343790849673,0,0,6.1688500144181271,0.096812016182484931,102.85895185185186,49.776434163291533,2539.2618615698766,0.38440594045025417,0.046907407407407405,0.015529629629629629,7.6218892900919233,0.37538259893654424,102.85874430338542,48.15628427614827,802.81711565450189,0.37377073333673749,0.036573621961805552,0.012837727864583334,7.5717300122947826,0.37354906359625062
ISIC_0030956,HAM_0005713,vasc,vasc,True,0,0,0,0.73957961797714233,0.75093849144370284,0.38590604597456013,600,450,600,450,771dd9162a7e049029ad3a772147b01f915ad70610fe9dfdc303471fbf82d52c,a5c25d376a110ea9c3c27af1a852dad9dc46dae236f275fac37f5c0f5ee94334,158.38820000000001,21.999206316087356,34.965358867475999,0.257759825708061,0,0,5.6902617127284145,0.13231022172333073,44.314407407407408,42.404411106811772,289.32603513876546,0.6667807116920843,0.40480370370370372,0.015922222222222223,6.5210369900719263,0.87786044968892307,44.316175672743057,42.156494301413531,108.14766428205702,0.66250542534722223,0.40382893880208331,0.015326605902777778,6.4917301847958173,0.88084323497750416
ISIC_0030958,HAM_0005999,nv,nv,True,0,0,0,0.95111978054046631,0.22575664030615478,0.11601596323229699,600,450,600,450,1ca1d682f189697e9b734840832f811c4a4b1202804a032d4bb995e778802619,686f2309ee75277cd69d9d488a0d4029a1e677023bbffb011a20771a4f9f9f33,183.88614814814815,18.566312603254204,35.055184994183819,0.36602140885984019,0,0,4.9750279177977283,0.096587254493996147,37.266300000000001,44.346399902472356,449.26618679175584,0.37364637618010166,0.66076666666666661,0.016974074074074075,6.0679353870139972,1.1060656936911211,37.273050944010414,44.049514588079518,125.9921890936884,0.36194145518450438,0.67201741536458337,0.016771104600694444,5.94113792077993,1.1080405700001617
ISIC_0030961,HAM_0004412,nv,nv,True,0,0,0,0.91562837362289429,0.29304692193458731,0.15059632741874215,600,450,600,450,d3d85a298cd090a657934db907f1d53e4b214bdc6c36070cf55616035a0c7636,3b89b179d1cd46af46d52f01a7a3a32fbd28e886ff5c0ba3f2704639bb519fe9,151.8285962962963,31.704222794331024,261.85780305776416,0.32289488743645611,0,0.003425925925925926,6.1583169459501494,0.19574877396119356,96.255337037037037,46.129438572320787,454.64734364772283,0.28639272331154686,0.049570370370370369,0.027377777777777779,6.7101982880275708,0.42075266466755046,96.262518988715271,45.734696174233932,188.03314985716599,0.28109949980426197,0.047465006510416664,0.026923285590277776,6.6377268075335252,0.42174554695414845
ISIC_0030967,HAM_0005881,nv,nv,True,0,0,0,0.95207118988037109,0.20440110191827646,0.10504138745435275,600,450,600,450,5b549839a76ab144ba8503246a6120ff2e7d1da79cd5b6e37cf3485bb8b26873,cd3c5ab9b3d9f4105f80c8b5608ea568ce33a0b3183e594908dbb31799f102ac,130.39317037037037,24.339773014414003,30.899057577558295,0.23416485112563543,0.001411111111111111,0,6.4158820468414497,0.17457769331220441,50.435914814814815,41.529355041055922,197.27296135632375,0.36521867828612925,0.35667037037037036,0.013503703703703704,6.9435279743570639,0.74528043418722512,50.427334255642364,41.321368824809234,98.489514946523627,0.35882940687125542,0.3555569118923611,0.013332790798611112,6.9336937093043503,0.74282247458905293
ISIC_0030975,HAM_0005767,nv,nv,True,0,0,0,0.99114054441452026,0.053657996304983004,0.027574755356012975,600,450,600,450,e4146327682bf83b2ba073434e7f23a2c8f2cedebd76640704f2f7b89935e33e,afb044bebbf1f07698338f105e151d616798c08cc3ee2008ec60ca74da170e3a,181.16822222222223,13.758547154495242,33.146722219135803,0.34415363834422658,0,0,4.9906390403073351,0.071530640151673652,46.996337037037037,36.904403198962463,807.03853643784623,0.41209535221496008,0.27775555555555553,0.013818518518518518,6.4751987464273393,0.70372054689849317,46.989040798611114,36.211256561911881,282.04285207721915,0.39872703801572712,0.2623291015625,0.013637966579861112,6.3587085098604472,0.70453678415073484
ISIC_0030988,HAM_0006723,bkl,nv,False,1,0,0,0.5103728175163269,1.218708066606911,0.62629205526193532,600,450,600,450,b567e75144cf7b83b3c87e3b6827e44bdef88f8b19b6dfc46470df127b369331,4c207955eda8c723a784d0d82155618c2af18b40bb6b23e56c6146d8db076289,177.0715888888889,16.19352239704445,20.805423850192042,0.18060992011619464,0,3.7037037037037037e-06,5.2312829045404206,0.085410617399829913,34.432103703703703,34.935285215035989,216.8959613602743,0.32434482207697896,0.57448888888888894,0.012996296296296296,6.1305019824129223,0.91701981955536915,34.436374240451386,34.710859941808913,86.360996496346274,0.31464301215277773,0.57708062065972221,0.012953016493055556,6.0902770610068915,0.92006024212897453
ISIC_0030994,HAM_0001569,nv,nv,True,0,0,0,0.97426390647888184,0.13800373405789579,0.07091989017318856,600,450,600,450,adeadea84f4cf23731ded381a6e0d79cc0a456d670dd0500f8528cf2aaa4acbf,8e4bca05c2a167033ed0bd0009e7e25b854350893e765d2e42d4394b83edf9d5,146.70382592592591,37.693376805374179,35.561011007283952,0.44979471314451708,0,0,6.4539530825538129,0.25128686022300756,55.810992592592591,58.921947950437101,265.3276812773114,0.44262342774146696,0.46963703703703702,0.025007407407407409,6.8452893466008442,1.0040163150476753,55.809746636284721,58.745335899661157,116.49029482289413,0.43819803474775326,0.47437879774305558,0.024088541666666668,6.8172620866115663,1.0024826649183556
ISIC_0031003,HAM_0001578,nv,nv,True,0,0,0,0.95154643058776855,0.20469072756657822,0.10519022559492279,600,450,600,450,b75c8cd0d3dc1b655c0358368f9b2e37f71304fc204e69b6ea8cabb6d503c534,4e84300e16855463db9f5f7546ad2fcdcd66edcc3caef4f02b5ad7ee2c7aaa98,155.83898888888888,37.149867821108089,43.509581474224966,0.4118901234567901,0,0,5.8211779189091857,0.23422654737713577,48.294577777777775,57.347460031643834,231.94571480755823,0.2871374872912128,0.60570000000000002,0.031314814814814816,6.177646093941993,1.1413337402773802,48.307657877604164,57.177266274250073,105.06875875256495,0.28154342086226852,0.61560736762152779,0.030870225694444444,6.1170662679601655,1.1412339555621422
ISIC_0031005,HAM_0000517,mel,mel,True,0,0,0,0.85785520076751709,0.60012741634582767,0.30840448447076207,600,450,600,450,d4269b7530066778688c851d50d0d6d4a5c72bea709adf451649303bb4b9fdbd,751a9886496e339400f71b83f9d8da679e12bc4b8603dfe7a1af17188bb08d29,152.67808888888888,20.346616496758688,83.163776690246905,0.20266553376906318,0.00041111111111111112,0,6.258883499531863,0.11583698848989597,69.914562962962961,45.645937028166799,741.9894844830726,0.28336829339143066,0.17443333333333333,0.013451851851851852,7.3164990037329201,0.55164183138053502,69.91058349609375,45.120391829707621,249.10295232063467,0.27384222026484206,0.16859266493055555,0.01312255859375,7.2970657038319668,0.55346620018761061
ISIC_0031025,HAM_0002911,mel,mel,True,0,0,0,0.58781123161315918,0.69856555621701411,0.35899168137652643,600,450,600,450,b01afad69f350d0351ac5ff63127be8c67bf3e11bb250c8b56679f3ddc743cd6,5d1499011c0863ecdc33acc89d2ab5e0408ebb9111d522911eb4b2411bec2809,160.81449259259259,28.686719955697473,33.37751988245541,0.21685421931735657,5.185185185185185e-05,0,6.0545846096246798,0.17017462156253646,48.176166666666667,51.572757509729954,260.26095828135806,0.27679185185185184,0.42104444444444444,0.024218518518518518,6.6821569086739148,0.99652511911216912,48.167683919270836,51.368006492164817,119.28931792793267,0.26803026386335782,0.4205322265625,0.0234375,6.6625184003752693,0.99792727140738224
ISIC_0031040,HAM_0006898,akiec,akiec,True,0,0,0,0.49581003189086914,0.99226442584571328,0.50992304363458452,600,450,600,450,2f36d55286788d91fa7c55437e73ef8d5416680d9cbfb1dd46f2f558064b427a,56d14f2b2702c55c5030bb0d9bd4bcd04aac1429b798273ea592e9ff235487a6,172.7798925925926,18.072827387164448,34.138618378587111,0.26163317356572258,0,0,6.0548617402937648,0.08980660182140561,75.499692592592595,48.087651990709361,594.56158146270207,0.3885589687726943,0.12577777777777777,0.01395925925925926,7.3972783935291817,0.51907774467870138,75.504869249131943,47.63047974851186,223.73129334199581,0.38225871566074343,0.1209716796875,0.013583713107638888,7.3838470719777503,0.51545367074750192
ISIC_0031052,HAM_0007174,nv,nv,True,0,0,0,0.93018525838851929,0.26480525990213938,0.13608298411450045,600,450,600,450,7e759eea987abcc97fb6f40c37b1d6c6082c30440ccedf367695400eebe2c289,15b188b5be8627afffd03b12b2a3ce4ff13573eef79bfa9d94d36b8368a5b178,146.10999259259259,33.95341369626292,35.321049385788761,0.45437212781408859,0,0,6.6266675068428134,0.2273679533961972,52.310618518518517,52.592348420965664,306.331359964321,0.39663324618736384,0.4840814814814815,0.019066666666666666,6.8820039340438006,0.94563521189996202,52.312303331163193,52.369350803046579,130.4631658084231,0.39143632876327616,0.48805745442708331,0.018602159288194444,6.8554973860734414,0.94641349723348855
ISIC_0031073,HAM_0001800,nv,nv,True,0,0,0,0.99684047698974609,0.024635991114978193,0.012660394996623201,600,450,600,450,a142728b9f2f83bddc1b374e2e2f460a6f5c7d7df51d63e352b5f03044554f74,30cb84ae6e27adacf01a7cb25503d2ada9b9fa02aef907e40e2126227ea3ef3f,128.64229259259258,22.017241498163742,60.875144061879276,0.51502116194626002,0,0,6.0553585664164906,0.16396680663925944,109.39921481481481,57.032894518525545,1577.0903498054324,0.3193172984749455,0.033688888888888886,0.02855925925925926,7.6598421580386704,0.4513371714592998,109.39583333333333,55.991932726871035,633.57419184825301,0.31264558015046295,0.026963975694444444,0.024943033854166668,7.6095437757301223,0.4525279460801197
ISIC_0031093,HAM_0000502,vasc,vasc,True,0,0,0,0.99804049730300903,0.016229624367117321,0.0083403770595453057,600,450,600,450,c826f50d35224f3173165d7834e35b7d85607bbac8a10eba47c399414b72e2c3,2df0c5769e68bedbcd51df69b21e8a83f3ca7ab1fa94e6c9777f4c13d73a4d86,183.07394444444444,17.190635122730036,33.578915968395066,0.18502376180101671,0,0,5.8437066806035141,0.08715810475462428,49.048474074074072,32.468887077353308,488.62130630447194,0.64114713144517066,0.25292592592592594,0.0099222222222222229,6.650371951752124,0.58378111339907723,49.036634657118057,32.020881208324468,158.90079294637215,0.63563985055827887,0.2486911349826389,0.0097859700520833339,6.6101983592717151,0.58118633875324677
ISIC_0031096,HAM_0005773,nv,nv,True,0,0,0,0.9790273904800415,0.10894058822665713,0.055984387706464682,600,450,600,450,e622c0c1c23114732d874222f5cfd4471ad44a1ec2fd17071b803aa002d1c9cd,a431dd12fcd3681d88f97c1ca0917594c4b07e5dbca5f2623e4258f4ced79be6,151.57908518518519,15.803861376966488,49.13179510253773,0.40566069716775599,0,0,5.1958036976600388,0.093331266952381572,37.748018518518521,36.261502667475888,374.56738373320985,0.42967047204066811,0.45772962962962965,0.015259259259259259,6.0807325850596561,0.85292883933038166,37.742323133680557,35.90051626849354,143.01765999818841,0.4185683838422522,0.45817735460069442,0.0152587890625,5.9912414770548459,0.85784958104479681
ISIC_0031111,HAM_0000922,nv,mel,False,1,0,0,0.58412259817123413,1.0167653132040864,0.5225140090346404,600,450,600,450,d0e175de8c7c2522d88f012e461d608c1875aa6d07b1ed9275394b72bbec5437,91b6f2122c8c13075d46971b6ba6233f5cc4bf313c3fb597d00e5cf85fbb8d39,159.3920925925926,32.685176281978634,77.408499560480095,0.24888107480029048,0.0012037037037037038,0,6.4695485881288617,0.18867463012023888,40.973762962962965,45.616370605008058,171.96477406550068,0.28417863471314453,0.53306666666666669,0.015685185185185184,6.4822775731449731,0.99741725778607782,40.979560004340279,45.449095807789618,77.893968353622867,0.2775499663841231,0.53481038411458337,0.015482584635416666,6.4655572021946437,0.9919505904967757
ISIC_0031126,HAM_0003434,nv,nv,True,0,0,0,0.78781646490097046,0.67456266024818734,0.34665663292607279,600,450,600,450,6d5e1f2eb927285376caa56c887064a06246448f8c8c9cc1789a9fd97f0d7a61,ddff3392899ff1e7f45c1a533280268898940a58474158975e76eeafb19c073a,139.98302222222222,12.630811265969546,19.513851843950615,0.21826826434277416,8.1481481481481476e-05,0,5.5589836881165295,0.081310998516602673,72.286303703703709,45.242997008790148,827.77411811270224,0.38089141612200433,0.1473962962962963,0.013596296296296296,7.3221918463439657,0.52586811312077875,72.282803005642364,44.558748502254524,334.92418066619172,0.3710088592728758,0.1396213107638889,0.013448079427083334,7.2950482610356246,0.52530050415201879
ISIC_0031127,HAM_0000144,nv,nv,True,0,0,0,0.62785220146179199,0.70346148457241908,0.36150769084273016,600,450,600,450,2a197912c6decf79c7cb0be308149e29f7c18a9f8b1cb081b91cffcb3f6b8f15,1af3009d2251c6ec3c12fb193afb885ad4b120f7b079744bd89eb31195897721,195.89517777777777,50.27682690278732,51.400970264142664,0.16058596949891069,0,0.19232962962962963,5.867798496810968,0.24969811659945004,43.516185185185186,58.828392844836806,239.72558148080932,0.37383477124183007,0.74247407407407406,0.021474074074074073,6.337531046618647,1.2688477698244567,43.517144097222221,58.658828481064141,103.17873100987005,0.36887709673713237,0.74419487847222221,0.020460340711805556,6.317426627456209,1.2682401565763395
ISIC_0031134,HAM_0001934,nv,nv,True,0,0,0,0.80078738927841187,0.63268163023087964,0.32513404102344062,600,450,600,450,43c20d886d6cc659913c34a54f1c780dd75e8f9e8c64dfe8161847d13aaf7ade,2646e45d5a3edf49b295f14e9c85378c94de3976e54c155fd979d462fd4940e4,180.43199629629629,22.410402791428368,39.681022158518516,0.13131565722585331,1.4814814814814815e-05,0,5.9707147545393031,0.11538913664082354,37.084074074074074,38.375139016204642,146.9222619903978,0.42021898329702251,0.53735925925925931,0.014251851851851852,6.4311342291745257,0.96030977277446739,37.075086805555557,38.228723941479579,63.63644805987493,0.41358637259157133,0.53859456380208337,0.014173719618055556,6.4186612490337485,0.95640768899451289
ISIC_0031145,HAM_0004267,nv,nv,True,0,0,0,0.75794786214828491,0.79118154524919615,0.4065868846170998,600,450,600,450,b640c1437e6844da287166732f683b2220a64f36311f509e2af76ef31250cd6d,cc27841f7fbed12cfc95043dc8989f1c121e9727117cb59cb755d25f8d544861,143.66241481481481,26.401761570405132,63.755492959876548,0.16739795206971678,0.012151851851851851,0,6.2245222439241781,0.17393716505553214,23.760722222222221,34.899747662208142,80.639094709410159,0.33068373275236024,0.84533333333333338,0.013014814814814814,5.6439625025118021,1.3331359510143683,23.769151475694443,34.808313748717254,35.66427065151526,0.32007226881638068,0.84857177734375,0.012993706597222222,5.6016181034989518,1.3314792710308538
ISIC_0031163,HAM_0001031,nv,nv,True,0,0,0,0.71850103139877319,0.72798149296254189,0.37410848250930662,600,450,600,450,95400cfad75353cc9cbc163c0f4055777a1dfab85be966f7453f1854162163d3,60d0e27a0eedeb3d659924e408c9448eac038278b1e07c9aacd51889658bd448,171.99417777777776,45.057476415313616,104.93482264580247,0.32426528685548289,0.0023037037037037036,0.00034814814814814816,6.7012127158063137,0.25263405808761952,43.986677777777778,48.521137932061094,221.84460359987654,0.3419674800290487,0.60967037037037042,0.017829629629629629,6.6312111358599877,1.0287750900618429,43.987962510850693,48.336033932602128,88.448879584670038,0.33476839086328974,0.61264377170138884,0.017632378472222224,6.6088717809916098,1.027451159214213
ISIC_0031164,HAM_0007230,nv,nv,True,0,0,0,0.89367634057998657,0.37794572216393968,0.19422568012578695,600,450,600,450,c440ae81d3c0e43353d059b91210aaf1d80251e3cb85d40f0bb8adc34aedff23,d84b2af1a1f45baeab5f90354c044a8dd48ee4b73c6bcf0eeb6b52c46b11d3d2,176.35855555555557,28.961952195088948,32.458829024691354,0.30912745098039218,0,1.1111111111111112e-05,6.1789824964462037,0.16033072172332652,56.335322222222224,50.627211535854627,376.53464987105633,0.35681173565722585,0.31341111111111108,0.024425925925925927,6.9561491643670568,0.85222104839065371,56.335991753472221,50.356979887039316,145.68933920171347,0.35137330431304464,0.3090481228298611,0.024013943142361112,6.9253172921486197,0.85481958294589266
ISIC_0031181,HAM_0001721,bkl,nv,False,1,0,0,0.30480131506919861,1.5493551366426157,0.79621103646269886,600,450,600,450,4466332d6c1793aca8f502bd5d1f9d6485f298ac680ef5e56b93a7ce51e2d6b8,f3b6643e4ea2db54d43c738a0cc4ce1b32cd4977d6ed671685a4894936c54e28,165.40403333333333,12.19917929961168,24.779914781879285,0.36426355846042119,0,7.4074074074074075e-06,5.5385111607192119,0.06643708547660844,89.892274074074081,44.718897351232499,1434.4123809425373,0.36863844589687728,0.049951851851851851,0.013307407407407407,7.3981794546291839,0.39337978385382827,89.897840711805557,43.668337652444777,503.96438411977368,0.35930098656215959,0.041612413194444448,0.01251220703125,7.3563914001151325,0.39097638659325734
ISIC_0031185,HAM_0000329,nv,nv,True,0,0,0,0.90620088577270508,0.34612582709246725,0.17787348879417789,600,450,600,450,4e401ebc630bf4589693fca4acc3ad10c3db9de63cb63ae4b3d0ada2b11cea97,637a9762bea3aaff212a18dccf5ad4c9cff452320b16a1570598bc7ec9f3b392,144.32558888888889,50.458600441769079,201.01607996949249,0.52199180827886715,0,0,7.1761442263782582,0.33997270565273391,70.387488888888882,53.756739461635625,706.07821037913573,0.46524515613652873,0.26780370370370371,0.013248148148148148,7.3734848041165328,0.70408397667444322,70.377678765190979,53.316308908752639,228.63375047396545,0.45885823567708334,0.2641262478298611,0.012403700086805556,7.3429571730824357,0.70668213068759034
ISIC_0031193,HAM_0002281,nv,nv,True,0,0,0,0.9520803689956665,0.20979945887001564,0.10781559414337173,600,450,600,450,a042c2f52eab18c94a4fa2dd2af689a6c9fbc5ed6217e82575d1296d32c3bc94,1de476a7c51858175dbf3ffbd4def75b62e9ea749a3301ade4b83988b271252c,166.58237037037037,28.037410991781769,31.548188759821659,0.31961233115468413,0,0,6.1241812215509812,0.16339308074918119,39.275211111111112,47.032110893947952,205.42525135665292,0.43071918663761799,0.59745555555555552,0.021248148148148148,6.1861398033625736,1.1399139268799678,39.267605251736114,46.869882265242737,82.114608216018951,0.42260196993293847,0.60618082682291663,0.021152072482638888,6.1311369795082857,1.1404845351618287
ISIC_0031196,HAM_0000734,bkl,bkl,True,0,0,0,0.90212422609329224,0.34742556663814728,0.17854142279221524,600,450,600,450,c359820398e992da22e83bfec504c15c2954e19505eed6149f855401e56bd565,661795f205254d54a40cea0a1c022fc79198d65db50297027e6649a582f36218,165.80294814814815,12.531115059792398,81.54983968821675,0.31013679012345674,0,0,5.6426836143457697,0.065786911153765198,103.36881481481481,47.218703192569023,3006.9931250665431,0.27061997095134349,0.033177777777777778,0.018014814814814813,7.5230618045877247,0.31715412977096485,103.37154134114583,45.199720366903037,936.23395133827944,0.25723850358285677,0.020941840277777776,0.016120062934027776,7.4471926397839541,0.31800704365241644
ISIC_0031197,HAM_0006889,vasc,nv,False,1,0,0,0.69378632307052612,0.73108962103438224,0.37570574437329829,600,450,600,450,2b094d9aa76ec8bad50ce86a6783f6c3dfd306a85311f89440f9718afc9f2b05,9ffc497d1562da1270003b3015f5f892bba1def59ebadb5ba08ea3d5200bd393,193.52227407407406,31.131944535031714,53.333535623580239,0.18354531590413944,0,0.00029999999999999997,5.6925035159774682,0.15393703012810217,45.574540740740744,51.339588356032408,394.18105909617282,0.55901119825708057,0.51055555555555554,0.016055555555555556,6.5714336371421904,1.0296876655228651,45.5667724609375,51.022560103631982,164.54240150138003,0.55409228090107565,0.51287163628472221,0.014797634548611112,6.5352206714691139,1.0260457233693427
ISIC_0031205,HAM_0002920,nv,nv,True,0,0,0,0.77135419845581055,0.56437337212907202,0.29003054041475657,600,450,600,450,2bd3e76864201b904f5494bcd4ee886570cc05d94ceec7cbd4ed0a4a2977516c,67682c324eb9fe5df876c0b56193f83528b61b5e021b6b9c4dd26982100ec5d0,190.6818111111111,22.47173690515914,27.505562077969824,0.33027718228031955,0,0,5.2823202868046781,0.11198526750590707,30.987470370370371,42.848549507074715,277.66647670644721,0.48104569353667392,0.82421111111111112,0.016703703703703703,5.5896674806447972,1.2708299452708625,30.982998318142361,42.636950506030153,93.369717822950577,0.47306128940291398,0.83521864149305558,0.016445583767361112,5.4842327005199358,1.272396926102936
ISIC_0031212,HAM_0001665,bkl,nv,False,1,0,0,0.62635904550552368,1.0250657743934979,0.52677960228078347,600,450,600,450,653cb2ff0c00afd73b5212cb9e5e2c16c5e8572cef7d6dc5492f54f8edcd376e,b85f57138a1e545f17bfcc900969e70123db4e257d9ce14ed3c7a1406a9aa925,150.72318148148148,16.174040163530847,50.302352180850477,0.19334843863471315,3.7037037037037037e-06,0,5.8982279506821467,0.095069935189836072,75.321485185185182,42.358042035173014,1040.3842983482987,0.35955785039941907,0.099500000000000005,0.011911111111111112,7.255304759718805,0.46304943420710498,75.321919759114579,41.536357904704424,386.28935643460278,0.34943315759463506,0.091227213541666671,0.011549207899305556,7.2176443250697027,0.46198845582909948
ISIC_0031229,HAM_0004489,nv,nv,True,0,0,0,0.99458897113800049,0.038191085622462352,0.019626335594684623,600,450,600,450,0ef155de3121b5a59a88eeae60bd0c315ad21c857f1ecbaf3befb080904d64e3,b8f5904076c4dd98b498129738bb862a5879d8ea2a98d316aaf3ce99065b316d,144.84887037037038,23.847073751337181,132.80428099665295,0.48523879448075524,0,0,6.2478997871344939,0.15776956917699667,73.094492592592587,52.439841660441417,1563.9218794376404,0.37309270878721856,0.13324814814814814,0.020925925925925924,7.2974415686089866,0.65983381582719647,73.090325249565979,51.62337249878523,420.80714575449628,0.36154106987847223,0.11406792534722222,0.019748263888888888,7.2193276358961826,0.6612826992615366
ISIC_0031243,HAM_0003738,bcc,nv,False,1,0,0,0.40760686993598938,1.2823162381383728,0.65898018917312429,600,450,600,450,86210a7bb6882264ff8a4c841557477701892216561cbc63db2880f191d0c95b,d93725c25552f2c1154577b8c350b5d8722653fa93e3fba788a5193bfcc8087d,176.93778518518519,25.395877247472065,129.45191194973935,0.2699659114015977,7.4074074074074075e-06,0.0017481481481481482,6.3044432615471591,0.13134377913564343,66.984840740740736,42.423694940670607,539.6767931226201,0.49183761801016701,0.08823333333333333,0.015070370370370371,6.8413454984274402,0.55371113954230167,66.988518608940979,41.960277003435074,206.90172631633871,0.48664574716605391,0.081943088107638895,0.014506022135416666,6.7999450870805624,0.55400676923180325
ISIC_0031261,HAM_0004383,bkl,bkl,True,0,0,0,0.53486114740371704,0.90408394519560542,0.46460724079912619,600,450,600,450,83c0e80dbab0d078aa890445271e6e1bf63f9afe353fbe531d844c8dc5caa1b3,d6e6a99504bb865947f3a76349a5d7ed914f2848e697a33b2c8e186e3745165d,166.44796666666667,16.260115140554021,87.720508885541832,0.19812822076978939,0.00072962962962962966,0,5.5377050588337751,0.078188625310178728,61.09165185185185,38.268577477615679,616.94941686469144,0.39675731299927375,0.18129629629629629,0.012125925925925925,6.972241976740726,0.52945830872016675,61.0968017578125,37.715598065356154,222.49162829069445,0.38783916398590684,0.17298041449652779,0.012064615885416666,6.9367552541236668,0.53138874044402595
ISIC_0031270,HAM_0006889,vasc,vasc,True,0,0,0,0.94800251722335815,0.26550816717114178,0.13644420699488044,600,450,600,450,e429118dd080595af85602f1c504489b96d2b5f21df5bf0424d561d4fed12438,21e41569ca47018ca140a0b3222fbbd2f9dd017bfccac86366003a4a13852b1d,174.72720740740741,30.757427030471192,57.410599901179694,0.17723419026870008,0.0074111111111111114,7.4074074074074075e-06,6.5238781850912737,0.16648676856630437,29.908485185185185,34.953233081024806,65.406167790617303,0.38676322440087146,0.67654814814814812,0.011307407407407407,6.0950282429386631,1.0675845662829648,29.9051513671875,34.866337566101087,36.124369981802182,0.381086228979439,0.677001953125,0.011318630642361112,6.0853172338013577,1.0642482804785398
ISIC_0031271,HAM_0004090,df,df,True,0,0,0,0.87603765726089478,0.40452781114764769,0.2078861715912397,600,450,600,450,5eda0ad617b16c70549924ebfe94dc2c517a1bd26ee6f7c9f28e24e2d5773d63,cb78f97a94a26919afef2311eddb2eae10b7d6617980c6e688b80851e1171526,166.48015185185184,19.210029559598411,108.80763205727023,0.33622763979665943,0,8.8888888888888893e-05,6.2827505735635079,0.10796668774641364,108.0373,52.867786430333304,2688.5601101063244,0.34783877995642704,0.042588888888888891,0.027614814814814814,7.6720955702069631,0.42506497243307989,108.03312852647569,51.451761818863467,735.73224923180214,0.3396276137408088,0.033399793836805552,0.02435302734375,7.6197812136631073,0.42669097214837443
ISIC_0031282,HAM_0003042,nv,nv,True,0,0,0,0.99178832769393921,0.053781575406627993,0.027638262451499876,600,450,600,450,0f4b352e7739cab710728450ff55580be1437f966c13c351582b7f9718ced9b9,583f2a8fe3a09f21fd60bb7fd2881cde20caa3c812f795fe6b34fa5321d4c1d6,150.63521851851851,34.322659036847028,166.26575145074077,0.49948140885984021,0,0,6.4233285472153643,0.21828044317119491,57.993359259259257,55.82658085513242,696.80649973327832,0.36484803195352217,0.35264814814814816,0.023003703703703703,6.9508632888312363,0.9038170019252727,57.995517306857636,55.451922210066918,202.41816446939367,0.35438349439168032,0.35353597005208331,0.021938747829861112,6.8914651984409918,0.90528013216340342
ISIC_0031297,HAM_0003323,nv,nv,True,0,0,0,0.91314893960952759,0.30827955451341071,0.15842435205092698,600,450,600,450,e88f5eaa2cb1edaaed6506a7c77417c974d9c2cf1811b6b7a7a20f8852b8abe0,508dcedf296a787a8d3e8340857178a35dc215d759751cfc384ea0164fc271a9,153.99054444444445,25.015365711969515,127.6208961362963,0.43095606390704433,0,0,5.8665408774085659,0.15386801577187534,46.398992592592592,43.737840609789508,630.66154801315497,0.38465724037763255,0.33777407407407406,0.017507407407407409,6.3616277513931667,0.85450836145433418,46.397630479600693,43.305068651297852,181.89661322143155,0.37383277909688184,0.33270941840277779,0.016960991753472224,6.2685023580746559,0.85787907384037054
ISIC_0031301,HAM_0000922,nv,nv,True,0,0,0,0.70444691181182861,0.72666569020729321,0.37343229365449876,600,450,600,450,f5220ab32b25ee8c5dbc48c1cad98a028d419f962e1a084c594a3a04f5d57ea5,c70875888bfc0ce7396cee49cb6a7cfeb0d3581a7c072073a6f9945c65c16f6d,157.39242962962962,41.477719486497847,39.253436720109718,0.2402842265795207,0.00037777777777777777,0,6.5530027651861875,0.25351735108822859,48.574051851851848,54.974144811945173,185.431058152867,0.42976351488743647,0.60099629629629625,0.018307407407407408,6.6639085791434569,1.0463634034165517,48.566202799479164,54.8248238483826,83.995509649316446,0.42578627642463235,0.60490587022569442,0.017862955729166668,6.6427306528591883,1.0461322247543789
ISIC_0031305,HAM_0003655,nv,nv,True,0,0,0,0.99869686365127563,0.010687149324713924,0.0054921083226284863,600,450,600,450,db28be7b43eeb17f8b46120802c563908586eda15e09a84c97b587decc110677,ca1d5ac635b3e348a65d689a99279799f82ee7b7d0565997ffc3771a4b65341d,128.21542592592593,34.748818938150471,164.92376244669407,0.49270559186637619,0,0,6.809193006293297,0.24461736267673481,103.08585185185186,65.402443208244762,899.89776889459529,0.27347872185911404,0.094944444444444442,0.031340740740740738,7.7490357783920949,0.59238719411985019,103.08578152126736,64.917049223010039,333.73202117872825,0.26878773807700163,0.089545355902777776,0.029262966579861112,7.7255123770379681,0.59485131976797068
ISIC_0031314,HAM_0000204,nv,nv,True,0,0,0,0.66545134782791138,0.74740976030183448,0.38409263689008544,600,450,600,450,d7cfd7fb2c49c2213d0695458fa5b35c452df5ede3ae896e20fac48752a4950c,b741f55323ec449bd46233917d945d9c1a47ff1de6ae75c20800c8901fed5c15,180.62280740740741,18.914830547403334,36.866999847681768,0.20196669571532316,4.4444444444444447e-05,1.4814814814814815e-05,6.0349603172990163,0.096248367617473227,79.806703703703704,52.630555899777612,749.13057717838126,0.30996797385620911,0.14045555555555556,0.01715925925925926,7.5320703942191756,0.58030497143453497,79.804789225260421,52.14203292820298,280.11280541287528,0.3029008586941721,0.1346435546875,0.015896267361111112,7.516844974838353,0.58105861736237219
ISIC_0031318,HAM_0001424,bcc,bcc,True,0,0,0,0.70258969068527222,0.89089578885952947,0.45782986911910362,600,450,600,450,e5a125b6064766bbf9355552577fe7aadc5a4a4dbda89ba6bf4f8c035bbd9ff1,f25753a0f49ac606d55f85fab0ea12dc6352bcba0a246655c3c63974210af1ba,148.98721481481482,12.442225873499806,44.810777161262003,0.26213693536673927,0,0,5.6062066476695653,0.074723378861684384,89.276137037037032,48.156136990193247,1309.3032515265297,0.29417173565722587,0.079000000000000001,0.017474074074074072,7.5120077251064199,0.45280314367130536,89.275621202256943,47.254814693166502,491.81722669354014,0.28561102175245096,0.073065863715277776,0.016621907552083332,7.487269741038169,0.45316092407141889
ISIC_0031337,HAM_0006312,nv,nv,True,0,0,0,0.74101155996322632,0.57847158303236434,0.29727558762833767,600,450,600,450,836e7b8e4e34f5f3223edb38a2618198d121a91141a3e11d5deace2902216fbf,2567f50490932055d5bcd7670792fa7b688e8ffd9eb5f10be857cf661e29b443,162.60322592592593,18.380550407893271,38.582256823580238,0.18417989832970225,3.7037037037037037e-06,0,5.9931334630517545,0.10713136759858904,61.322170370370372,45.456348523251073,626.65478377282568,0.47177889615105301,0.22786296296296296,0.015599999999999999,7.133458837500342,0.68430710066905642,61.314527723524307,45.027941773479277,213.66082016291256,0.46248771318423204,0.22529432508680555,0.015292697482638888,7.0994714064660434,0.68596475894553299
ISIC_0031339,HAM_0001744,mel,mel,True,0,0,0,0.42030104994773865,1.3529405871552986,0.69527392506386521,600,450,600,450,49187244bb3d30866b052dda06de12451bf9397f1ab1fe1b51924fb2da8f4197,66ff6e18480da353e17a9894f3d00b1f29460d86517e117cb7ae9ac54a13b1db,168.61925185185186,20.862874373968179,114.07707842545952,0.33482816267247639,0,0,6.1602879270733881,0.10782295873330446,66.934955555555561,45.510032418157294,1091.641412159122,0.32980962962962967,0.15041481481481481,0.017488888888888891,7.1609579716094043,0.57094895773066456,66.933315700954864,44.801547881534532,326.42648498805949,0.31873771318423205,0.1365695529513889,0.016974555121527776,7.115824268978197,0.56863750125232437
ISIC_0031345,HAM_0002691,bkl,bkl,True,0,0,0,0.62209004163742065,1.1703289641654588,0.60143011471193664,600,450,600,450,23bb4a4384e7853da8a77370ac04f6c44e6bf965c6101bdc200b1a92d02cbb64,63613198ffacdf7fb65075d7c60244a9d8e49b5d930693a857c5893164576cd7,156.6525037037037,18.879576512385633,115.23887920987652,0.31025193899782133,0,0,6.2686445047203714,0.11330047941964487,106.02618148148149,48.086644943658058,2032.35080182978,0.31755243282498186,0.059155555555555558,0.02067037037037037,7.5597537911075818,0.39710890677146471,106.02170138888889,46.901637003118452,543.31006890296203,0.30888187848924292,0.055080837673611112,0.02008056640625,7.5219903787130171,0.39492027917430467
ISIC_0031351,HAM_0006274,bcc,bcc,True,0,0,0,0.97530442476272583,0.14381767337733586,0.07390766395208713,600,450,600,450,56353f953f94b0f4ebcfe3903696937ff010b8d81a24313fbce52478c1dfc5a4,ac987829d1550bbf094efc7edf5bb6a9cb9b297f399e42763b5ae8f03e99f7fb,173.58741111111112,13.538282758104705,28.565272755829913,0.18526852578068265,4.8148148148148148e-05,1.1111111111111112e-05,5.7422249026454288,0.065933148305669778,89.173855555555562,50.604275037032004,913.25567436640608,0.29153642701525051,0.085481481481481478,0.01825925925925926,7.5660426823927613,0.43960700731715363,89.171474880642364,49.871729812862924,383.50492205424814,0.28429327405875543,0.079949273003472224,0.016954210069444444,7.5481051382018123,0.43986487202308566
ISIC_0031354,HAM_0002823,nv,mel,False,1,0,0,0.46462947130203247,0.95049701420845334,0.48845884002912154,600,450,600,450,473156c726569c935ec4e67508dd4cf673545c9841cb47025fab57db13f385e1,9fa1f70b4fa641008ce44568e5a3b727cdceff5870b8876d2d1c74d3a0e46cd3,118.13713703703704,23.287543103630387,43.390304312537722,0.34177324618736382,0.0017814814814814815,1.4814814814814815e-05,6.509411084570524,0.17935122285467694,63.83978888888889,44.219140432034912,369.41428435356653,0.33501975308641974,0.20838518518518517,0.013592592592592592,7.2043836876099716,0.60431972957398183,63.838589138454864,43.87344851338851,158.75769508174722,0.32782516978145421,0.20616997612847221,0.013312445746527778,7.1963051034839145,0.60604111070265687
ISIC_0031359,HAM_0002408,nv,nv,True,0,0,0,0.47024250030517578,1.4422605150806742,0.7411752879653013,600,450,600,450,9c87b578e5fa4b273893e57284eff91099d1ea8cad6c04ca8c86263e85ff22d0,5c0d258178dbbd108465b3b6bb4a29e58c5c397329d282359be28fe952f9d755,181.56177407407407,20.32788375699365,113.64530833333335,0.26731064633260709,0,0.0073185185185185185,6.18281947249032,0.096188858944339303,92.06635555555556,40.097187449803648,587.17547872834007,0.35267161946259984,0.022537037037037036,0.020429629629629631,7.0178127439539946,0.36779835026227203,92.066433376736114,39.527310720179912,236.7520369357533,0.34821662985940904,0.020189073350694444,0.020033094618055556,6.9912561812673983,0.36755616216108977
ISIC_0031366,HAM_0000014,nv,nv,True,0,0,0,0.87534993886947632,0.45085055706149396,0.23169135393038046,600,450,600,450,16abcc1337ef39a3a5db6ca53e74c2298f936493218bbc3d798c939549952fbd,d80cd4811fe13f71c08837bed2ce44fd24a2b7bd348eb02ba792931832bcb4b8,182.45731481481482,25.247165154633421,91.850057228518523,0.22686031953522148,0,0,4.9923377157401907,0.12957263043705353,41.524548148148149,49.458682617689199,412.60152763444449,0.57944653594771245,0.62196666666666667,0.019940740740740742,6.1984338107216495,1.0771866478980412,41.517937554253471,49.185473246727675,137.52833570963068,0.57254612077035683,0.62968614366319442,0.018792046440972224,6.1391707492009795,1.0790115192374197
ISIC_0031380,HAM_0007295,nv,nv,True,0,0,0,0.65098971128463745,0.8331431318797925,0.42815087442976796,600,450,600,450,568af48312d649e6b580d589f54e34a636ae96b1db1d16e96c14b440d4876b9b,d35bf3b525e4613b35821ed706d67f7334a7e7be252f2230b97797896f7e44e3,147.67658518518519,41.446725947250002,48.708879888888902,0.17567273783587509,0.0047962962962962959,0,6.5969638366643659,0.27179632963946443,50.255903703703702,55.360077693075176,244.28007975506176,0.36952822076978942,0.48801481481481479,0.017514814814814816,6.8100743621504236,1.0380447996683952,50.261013454861114,55.176838630732888,105.96316739585663,0.36668025662956155,0.48834228515625,0.016818576388888888,6.8025268883951346,1.0378907367617043
ISIC_0031402,HAM_0002505,nv,nv,True,0,0,0,0.99054211378097534,0.061176669860829661,0.031438589233181852,600,450,600,450,7994e4c7dc5e8c49d02d510722d84269644a41ba53cf2f059dd6ab6ae5173bf4,52294b382a67610b2070e7044f7b84e7a64601d3f00af5e50fff4c3fb3a59ad9,162.83009629629629,35.343218839215155,137.46895874829903,0.40276078431372547,0,3.7037037037037037e-06,6.5649304656271728,0.20963513817513954,55.247277777777775,53.727772165322136,728.30641617426613,0.40392412490922297,0.40603703703703703,0.017096296296296297,6.9012895858415817,0.9011963912198141,55.250969780815971,53.319236250414704,214.40905847147476,0.39344418594260622,0.41016303168402779,0.016031901041666668,6.8261806306019439,0.90184300033372511
ISIC_0031406,HAM_0000060,mel,nv,False,1,1,1,0.76015263795852661,0.69382883383239058,0.35655748759480271,600,450,600,450,2ba0330b46cb37c9673cd8146f28e40dbaabe4170a12ae3b7f6acbec65876e72,89935b4ad370b7814961d793b91cb609db8f9c3508522209109e1cc29c9af0e6,169.77843333333334,18.969228904972898,72.325657294430755,0.17516251270878722,7.0370370370370365e-05,0,5.8717512115116337,0.10078941356429197,41.169566666666668,35.535541922674376,381.99102715192038,0.4346123602033406,0.4118,0.012359259259259259,6.4845829727069937,0.74475518582597033,41.167975531684029,35.191966657739073,135.35952366557387,0.42181590626702065,0.41375732421875,0.012173122829861112,6.437335961375517,0.74156187712743238
ISIC_0031409,HAM_0003403,nv,nv,True,0,0,0,0.98451262712478638,0.081133770906533842,0.041694510379074845,600,450,600,450,bf7e23c2ebd02380ae1364920f2b904f0a8446abd68e74202a320596532ff3d8,443d2b492482fd23559b1672d2673a099ff07e1ce81071ae26f915766add24ed,138.26586296296296,27.338591131092926,71.040357350768161,0.49337281045751635,3.7037037037037037e-06,0,6.4833917867508246,0.18642434872077607,50.64458888888889,45.58358205881224,380.9978530646913,0.37076644880174292,0.37828518518518517,0.014748148148148147,6.8755233398103535,0.8305423794454202,50.650173611111114,45.277472284764713,150.91611703342681,0.36227923623876634,0.3786960177951389,0.014533148871527778,6.8437998807554532,0.82735933156997654
ISIC_0031413,HAM_0004521,bcc,bcc,True,0,0,0,0.72542864084243774,0.84865459622130879,0.43612219024260068,600,450,600,450,97e820577413ccfb6b29207b27b49469034ece909a147c44e1174b63987d8215,4e8cc0003333ba28a9744a726fce341ef7e032c5e7a71c77c7fe19b70f532493,161.5271962962963,18.059077567353491,28.295988092167352,0.17357400145243282,0,7.4074074074074075e-06,5.9387363645309383,0.098252624710220893,62.030814814814818,44.660208223824206,387.4337063242661,0.24659782135076252,0.19753333333333334,0.017740740740740741,7.1359016979519287,0.61175621480551867,62.033291286892364,44.298463465195759,170.08877181841268,0.23965615000340415,0.19178602430555555,0.017537434895833332,7.121685089143126,0.61121781863337532
ISIC_0031424,HAM_0004928,bkl,mel,False,1,0,0,0.3588111400604248,1.2393860050646384,0.63691841355898515,600,450,600,450,d2eff0bbf1af6fb60d1bc1e31b71ccd76c2cc6e3e81d4e15867c4eefbe831d97,2d5b22c680577df203aa9187b7e6002e4eefad1a99787d0c5928c8b2f6208fb9,176.75042592592592,29.188607712409951,64.368319230603547,0.17783750181554103,0.00023703703703703704,7.7777777777777782e-05,6.432767225633607,0.15232570683663524,47.829462962962964,43.907707609135876,235.00482227950616,0.27036058097312998,0.35887407407407407,0.018725925925925927,6.7592996018167124,0.83108406707682281,47.823404947916664,43.688765233567317,99.482332386306382,0.26360772824754902,0.35740831163194442,0.018710666232638888,6.7471277477657043,0.82925636560010496
ISIC_0031425,HAM_0007087,nv,nv,True,0,0,0,0.89690220355987549,0.37257945100933842,0.19146796227473076,600,450,600,450,b53641cb3dd182d34d9515d14de3c789dbfa801295df20fe7a17474a1509a4f1,73c95098df5bc973a99fa09befcc64121132df2d0994487026a1e9b5a16d6964,161.94521111111112,26.332181304474727,45.178129364595343,0.38956657952069718,0,0,5.3657103514924049,0.15531696729306108,25.190555555555555,41.049969726007994,144.95242588443074,0.45908946986201887,0.89782222222222219,0.019381481481481482,5.4011641682401841,1.5140856080491805,25.195834689670139,40.892170677018377,70.53464715454129,0.45009145965243735,0.90258110894097221,0.019259982638888888,5.3314481333250745,1.5145082012056044
ISIC_0031444,HAM_0006892,nv,nv,True,0,0,0,0.868510901927948,0.47147046823698291,0.24228789210327573,600,450,600,450,511567291dcffd1389a8bcd9c64c70f83ca2b10f4e77d4a00daf82a26414b54d,90954b9322698a90f4a6956853e6486ea2620e9817119830b74790b20e3cb92e,124.24404814814815,32.305105314644535,135.98392522529494,0.49794549019607842,0,0,6.5517213685250324,0.23287807896876428,59.071844444444444,56.175487680603013,462.3749587423319,0.39440371822803194,0.35212962962962963,0.018085185185185187,6.9807612006321627,0.89321422975134512,59.072475857204864,55.865376428926844,184.94332482707171,0.38638820274203434,0.35182698567708331,0.0166015625,6.9389961527060597,0.89367443246082445
ISIC_0031454,HAM_0002408,nv,nv,True,0,0,0,0.79781073331832886,0.82043897593540316,0.42162222974873947,600,450,600,450,1884464d22ec9e3dc3bc6402087f727ed3cc654aed858444468d37fb335e5817,a5534a511b8014c478815a81d0e4732ba16195aa39e8beeefb48fc37eeb61a1d,184.15495555555555,24.688988471356321,44.771731980850475,0.26471952069716775,0,0.014037037037037037,6.1608054433114088,0.11999344741041816,95.645048148148149,45.42458933870811,353.85421054582991,0.36396175744371823,0.024822222222222221,0.022925925925925926,7.088679432183123,0.40380240371727777,95.648288302951386,45.046570255764273,169.74526836801272,0.35996870319308283,0.023301866319444444,0.022237141927083332,7.0697114637333041,0.40195923120707566
ISIC_0031459,HAM_0004494,bkl,nv,False,1,0,0,0.38611984252929688,1.1656560251655308,0.59902869910587875,600,450,600,450,8415253afae66cc8e122b2ddf661b99836bd43d29cdc1e4d4110be7f742eaf79,fe2e868c7600ffa572787e88648b1f6f4bb5cf52c31779560538248a456f4efc,155.89814814814815,20.92927411758858,39.302868956913578,0.17338142338416848,1.4814814814814815e-05,0,6.1888063722452786,0.12400716579176564,69.298151851851856,50.604093871784208,609.44792464148134,0.31042206245461146,0.20214814814814816,0.020355555555555557,7.3570150016842337,0.64899216208967658,69.294969346788193,50.17128277420283,228.9379013897736,0.30231282020186545,0.1982760959201389,0.019626193576388888,7.3435385781716906,0.64907324375085185
ISIC_0031462,HAM_0002861,nv,nv,True,0,0,0,0.38970240950584412,1.2717015900197326,0.6535253391001169,600,450,600,450,62afbe70d4f103a54d5d4db4986c07629ae3f4d41b95eb0e949b144ed40f4224,276d54c698210d93bcabc3782015f69a4bf51606a7cba98a51765f4d3c6f45f5,159.07639629629631,17.091069269975396,75.140265560274344,0.21454562091503268,0.00053333333333333336,0,6.0299166097869863,0.08780337154315089,94.585122222222225,50.362452858364513,944.16986669518519,0.27671740014524326,0.07011481481481481,0.017344444444444444,7.5973991948812012,0.4482316609813195,94.588656955295136,49.682309888706236,366.46810055938028,0.26847631250851034,0.065958658854166671,0.016133626302083332,7.5791627033564382,0.44636330996191526
ISIC_0031467,HAM_0002642,nv,nv,True,0,0,0,0.79012489318847656,0.70906267092691766,0.36438613122561103,600,450,600,450,520f4de115c8c3942cc0e0922e5c6e1652f67bbaaf0e26c07131b5df3928e3bd,39bdc411900a32d0629d87bb017f90b80ad74338c9d54787da5913be7087ab70,168.01216666666667,19.326022088107006,61.305470097654315,0.37899188090050839,0,0,5.3340567617425645,0.10463215649600735,32.140411111111113,36.353934112563621,237.67128136027432,0.377359883805374,0.66515925925925923,0.015677777777777777,5.7656467719649935,1.0306786069839118,32.147216796875,36.118411658945703,94.400518969943107,0.36752022803479029,0.67973497178819442,0.015584309895833334,5.6788761100860663,1.0386934286074394
ISIC_0031470,HAM_0001424,bcc,bcc,True,0,0,0,0.96494770050048828,0.19493228478467781,0.10017537802519411,600,450,600,450,f71e1d2083c523a97d49ab6b65a27e36e67cd3aa253d94df3d641303eeedd900,395e993a2c691e5d389ea5225535e17e88f96ac20ea86081072bbcfb35190b8c,153.89636666666667,10.961121400406276,55.02202166249657,0.24138827886710237,0,0,5.2519637049725985,0.059507037392613614,71.90976666666667,42.204543139918712,1401.0423109392455,0.37970503994190269,0.10781111111111111,0.012937037037037037,7.1848322921049483,0.45677136282336095,71.909844292534729,41.100461821014477,530.035218636011,0.36885499642565361,0.094706217447916671,0.012566460503472222,7.1294945813098272,0.45554249946330844
ISIC_0031476,HAM_0004170,nv,nv,True,0,0,0,0.74854826927185059,0.76442768127443783,0.39283811826848575,600,450,600,450,1a3d940bb2964d77257f277658b2880c21a68335b413ac9a2c781d2e88b6581c,aec8ffa31402254ef588851f9ee2a342b3f160b97b43d4cabeeba8dd42bf879f,153.39377777777779,19.496042100391733,56.747943361303143,0.11848599854756717,0.00030370370370370371,0,6.0446356239955641,0.11020097807059338,60.934625925925928,45.441621037620742,620.83953087648831,0.33263661583151777,0.24165185185185184,0.018303703703703704,7.1607533878690788,0.65575554014644299,60.929816351996529,44.955967337195638,249.1912370776229,0.3212823606004902,0.23613823784722221,0.018229166666666668,7.1371228200284857,0.65541500002605524
ISIC_0031478,HAM_0004658,nv,nv,True,0,0,0,0.74994790554046631,0.74072661393393702,0.38065817904980853,600,450,600,450,001cf7f6ef35908471ac7c52b126a7c3376f8ee4d5c2a8efa9606c22e82e8206,659410ca175eb8b67138919a60f531e096172b9a8df22ef78fa81ab3e5f4b2f1,166.1184814814815,29.094965186017721,35.506254577654317,0.4244191430646333,0,0,6.567406231603405,0.16790906130429206,66.715696296296301,56.526603971840068,729.54609303259247,0.38377603485838779,0.3085,0.02191111111111111,7.3484683855238107,0.77806917047782675,66.712748209635421,56.077903685057471,264.70744655732017,0.3738821391186683,0.3072238498263889,0.021077473958333332,7.3134013358777992,0.78149071954209259
ISIC_0031479,HAM_0000274,mel,mel,True,0,0,0,0.79423832893371582,0.64286385313121031,0.33036666849355983,600,450,600,450,a18daa95bf3315279f3083360364b88dcac820c0992f0119eccf45d1b872ea99,2ebfbe841c3cbb9e15ce6f5e239185a12d7581633492ab0023fe2643bc092044,125.69052222222223,44.431583417503177,90.973386245253792,0.31958303558460421,0.0038074074074074074,7.4074074074074073e-05,7.3789139962955579,0.33660496938506362,85.528433333333339,53.942163530584963,386.42142627257886,0.29918242556281771,0.16690370370370369,0.015996296296296297,7.6357615899366991,0.57207008275597149,85.532640245225693,53.671997241699536,148.23459990745712,0.29436511203873911,0.16590711805555555,0.015143500434027778,7.6267496866389735,0.57303342164324012
ISIC_0031488,HAM_0001633,nv,mel,False,1,0,0,0.49816545844078064,1.0914125417448861,0.56087509604425334,600,450,600,450,6e8fc281fad952056868776eee1abf32c6774be07163f2021ac575e5cf60966d,48c47d45e5c1629b4506d9e968a13ef249a51fe67211612212d9c2a799b340cd,164.0656925925926,36.931480489549088,949.93469141969854,0.20240151053013797,0.0089259259259259257,0.00052222222222222221,7.0212225638117527,0.19279530435543188,36.667533333333331,36.843289946253492,85.48428738434842,0.4423455628177197,0.52820740740740746,0.010870370370370371,6.3295156875598781,0.92154125964469691,36.673136393229164,36.742572782110869,37.50773283466696,0.43797860072848582,0.52888319227430558,0.010877821180555556,6.3156494993578107,0.91807714556349473
ISIC_0031497,HAM_0004774,nv,nv,True,0,0,0,0.98703151941299438,0.074033921623034987,0.038045909601209724,600,450,600,450,8a19415d6b3a3c589a60bc72fe0b0171e88c3fec0ad2cfd6e9d278a582ee628b,1128094165ed8f7856059e2fc6ba70778755495381b3f3f295fafe3181c06c80,160.9542888888889,32.001520556088096,41.698751586817572,0.39675458242556277,0,0,5.8865948989183341,0.19420331928184695,36.05301851851852,52.953859371815646,226.74952862220849,0.40438026143790851,0.78951481481481478,0.026785185185185186,5.9679806745827051,1.4103195506084147,36.05755615234375,52.792680635115737,97.129278404431204,0.39321432674632351,0.79866536458333337,0.02630615234375,5.8910520213169031,1.4113730800810107
ISIC_0031503,HAM_0002808,nv,nv,True,0,0,0,0.53464984893798828,0.80172905915085024,0.41200723452728177,600,450,600,450,d61375d94ce070ab44bb3060f125c65b44a47acf2f27a5418bcc1d21a7941be7,0aa0bf39434a7fdbbe5cab2741ca0d4288f48a4649fa7fb6e9419c7bb5ad8c94,89.319299999999998,15.737388816740193,125.87151506167352,0.69442110384894706,1.1111111111111112e-05,0,5.9041010950115371,0.15643703063212458,114.43638148148148,50.856992571571148,2661.4126145046771,0.2376272040668119,0.048707407407407408,0.016525925925925927,7.679654867477824,0.3559277590249551,114.44045003255208,49.311716178367703,774.95687655492873,0.22471735004765794,0.042724609375,0.014444986979166666,7.6393454078692828,0.35678635339843423
ISIC_0031506,HAM_0006902,akiec,akiec,True,0,0,0,0.69600313901901245,0.96397439118004913,0.4953848417143169,600,450,600,450,96e2fa850f63e68be4c9cd908f7f22929b026a74b885291b59fe7fb3990a6353,a9753e4bdba84fa2497c012dc7884581722a91560c37b25cbbdfd0d5981f7b51,120.32068148148149,23.219039291272519,176.84597060344308,0.34609975308641977,0.0039851851851851854,0,6.4353926008002116,0.1377431881634843,100.63379999999999,51.484123706792325,952.70511469432097,0.26297873638344227,0.063351851851851854,0.022548148148148147,7.6457425397760836,0.41690390351552631,100.64048936631944,50.764902391527201,377.31483183304465,0.25451317082822716,0.058810763888888888,0.020860460069444444,7.6280170595339341,0.41619819704209221
ISIC_0031508,HAM_0003453,nv,nv,True,0,0,0,0.92937219142913818,0.28471965689022399,0.14631695971597028,600,450,600,450,0d28be7546979ecb750791a640de1f85bb712eaa2a631f6a6b8b83c2104b0733,da2e15b295bc8facf95fe3477c1016980e1a8570f0a80f9562cefe09e7bdc347,166.46539629629629,26.084588659717312,39.835628744636487,0.36498976034858388,0,0,5.7012267990895564,0.15034917829928418,34.910218518518519,44.812460593798775,198.12554488142666,0.32320274509803926,0.71250370370370375,0.018962962962962963,5.9893524042609396,1.2047923970825929,34.912807888454864,44.642899749762762,85.447864753044698,0.31370809717116011,0.72121853298611116,0.018846299913194444,5.9298102771315415,1.2032990276568625
ISIC_0031509,HAM_0000560,nv,nv,True,0,0,0,0.99589633941650391,0.02880974423229557,0.014805279805073179,600,450,600,450,05ec72c4d79e02ea9196966ffc690a3ba4a782d284bb2d0cab8fe8bb68478916,ff56ab245319544fb81f63ac5b1441f91bb01fd9a9a6d46a6b441ea5bbf796e9,150.30477407407406,35.407471247904446,33.091158748299044,0.46576591140159768,0,0,6.0785093957991112,0.23016405869875528,50.996744444444445,62.247028491872811,263.86023664060349,0.30958226579520692,0.58430740740740739,0.036714814814814818,6.6188648913286707,1.1718864955279695,51.005628797743057,62.07315032278116,118.2714834632237,0.30111708963099126,0.58993191189236116,0.036390516493055552,6.5773319192400184,1.1724503183799715
ISIC_0031529,HAM_0001657,mel,nv,False,1,1,1,0.44165518879890442,1.0326213193067397,0.53066238428739865,600,450,600,450,335dd576a6eea404418cb220b36993cddbe3e1e7f6ce6be24091a7689503d9c4,0ba490819517ade3f077bf65a3cba2aca3c15f5c8a3486ac1a81fd23bd504aea,187.10746666666665,42.28628311644858,25.194140245541838,0.23819173565722584,2.962962962962963e-05,0,5.598466433430672,0.22102217348219128,25.57005925925926,48.972766912924158,104.42125543175582,0.47652348583877996,0.8541037037037037,0.018655555555555557,5.1963115367674702,1.832267541601859,25.560879177517361,48.887326020112326,51.024250211355117,0.47204499421296298,0.85395643446180558,0.0184326171875,5.174040811132989,1.8371660150153852
ISIC_0031533,HAM_0001013,nv,nv,True,0,0,0,0.78473281860351562,0.57316419018182219,0.29454812724013896,600,450,600,450,4d964d5f8c8510ba9407202bfa5ecb614c57bf2d951ec0aa5d6508d682e2e2ab,1df8dd81ab694cbc4762b20e59de732c12816eba15956578acc9e15c083ba652,152.27497037037037,34.674037979646052,132.19774372508914,0.35942633260711693,0,0,6.2242866350109072,0.2075290720181486,66.121022222222223,62.243316210505583,482.57327282299048,0.28841689179375457,0.2306037037037037,0.033014814814814816,6.8970740366920262,0.87224896550322339,66.118089463975693,61.948015779287964,190.67166437001694,0.28240448197508167,0.22157796223958334,0.031467013888888888,6.8494968164565648,0.87272317346796868
ISIC_0031551,HAM_0001674,nv,nv,True,0,0,0,0.96988499164581299,0.16479583646550286,0.08468830718905844,600,450,600,450,da05e67bdaa232ad638e66dda9d4118a9ba8c794cde860e9a6d24b81ced57cbd,5e5d1357de780835233d34e115022e61094b5e21938ddd46d84509839710b17b,123.26668148148148,34.143711305717417,36.911040641632376,0.48964203340595497,0,0,6.6088715569594942,0.27165420870833124,71.995685185185181,65.566504772246631,589.11971851846363,0.32637208424110381,0.32226296296296297,0.028151851851851852,7.2724777402425804,0.86335764186479591,71.997707790798614,65.233051031622111,243.37663043754895,0.31843538305078972,0.32110595703125,0.026204427083333332,7.2270665302797523,0.86560000580863428
ISIC_0031553,HAM_0001285,nv,nv,True,0,0,0,0.99506467580795288,0.03195312668182225,0.016420658835319107,600,450,600,450,2ded09f8b39bc51b2a962c50745c607ec8d01d5f0e82cf385d4b0c67e9fdb3c7,3095ee10f0faf41fbeeb71b215b2572135d9f8f7652df8df10db564b839f5f83,169.53267037037037,34.991399145052505,40.594814277037024,0.38242509803921571,0,3.7037037037037037e-06,6.1713212949139358,0.20234948606257977,48.42272222222222,55.824056794843841,329.54863068969814,0.40324435729847496,0.5570518518518518,0.025551851851851853,6.6869662805052377,1.10134129551632,48.423936631944443,55.608394061330216,128.25973161498521,0.39449609162241284,0.56464979383680558,0.024820963541666668,6.6395299110176875,1.0998397604481671
ISIC_0031563,HAM_0001869,nv,nv,True,0,0,0,0.88506585359573364,0.47069808911635269,0.24189096775350286,600,450,600,450,d925e7fbaab7225db4d8398fb78ab8ed58d3187b9831e09daeccb8b31fe90429,14b24d1e6c0cb4dffcb796c51fc87b50265bf2f15ae989babff33c431ec8650d,149.43476666666666,13.155612665787263,40.696962875171472,0.22000100217864924,0,0,5.179735818592377,0.078132706640090269,51.767192592592593,34.823192579828131,618.47881818895758,0.56577918663761806,0.19701111111111111,0.011696296296296297,6.5909428113860304,0.55547835828754955,51.773661295572914,34.17055552072766,245.5716939623249,0.5579209537547658,0.18425835503472221,0.011427137586805556,6.5278983996702449,0.55480419935875758
ISIC_0031591,HAM_0004249,bkl,mel,False,1,0,0,0.55248856544494629,0.97249365344813032,0.499762876472097,600,450,600,450,db4ba6c77b8b7c7fa0e3721320ef92502b8b7bb9681601212daa297cfa1ef3b1,6ee122e8707f87948bdcfd8454b38a3461de3b963118e1e0f5a075287f4ac321,138.28942592592594,24.36089168615371,215.27390982703699,0.23022198983297024,0.00052962962962962968,0.0001037037037037037,6.6132965770244212,0.15079037432581985,98.639985185185182,44.607848135266956,1148.3790500938132,0.29098849673202615,0.034281481481481482,0.014322222222222222,7.4410722518582553,0.35190652887616247,98.644660101996521,43.620603557071384,451.04681042384027,0.28198798019641885,0.028245713975694444,0.013271755642361112,7.4055125791781862,0.35120685597239976
ISIC_0031604,HAM_0004792,nv,nv,True,0,0,0,0.92399215698242188,0.30762750948144729,0.15808926718985053,600,450,600,450,9a3071f056a90b2000e06506351eb0fdc1e01da8c2a7f314679219c0e04d1573,23813a1671289923f369843661d777830ccd78a68e71b4cf1f4a9c815f515516,163.35753333333332,29.45091634600287,109.68452297262003,0.36252939724037764,0.00081851851851851855,7.4074074074074075e-06,5.7910589671477979,0.17311824464721604,32.965166666666669,44.124936402954901,306.38551103395065,0.33260198983297024,0.77190740740740738,0.018451851851851851,5.7486216539060493,1.2621698678720816,32.967515733506943,43.911481221358045,93.28684061098798,0.31959154050074895,0.79083930121527779,0.018039279513888888,5.6394989119126215,1.2598218961728314
ISIC_0031609,HAM_0004363,akiec,bkl,False,1,0,0,0.60420691967010498,1.1519723863688016,0.59199669981065317,600,450,600,450,0ac4659afb9e500982068d8402dc46eb6e16322c51316e0f20b7979f60b2f7d7,e0536f14bd0c9731ef65bffd82ff833b4cb3993d7c165e8e79e3a84639473e81,183.32655925925926,14.366018281779203,85.739113286364869,0.35330103122730572,0,0,5.5652780234837405,0.068488471795285527,62.962248148148149,39.537948868442932,751.11583622035675,0.47560679738562095,0.12610740740740742,0.013937037037037038,6.9208564718576913,0.50738905674888934,62.96661376953125,38.91047837209971,251.05308410152793,0.4675325148505583,0.1148410373263889,0.013278537326388888,6.8739451045598745,0.50538336886335877
ISIC_0031632,HAM_0005072,nv,nv,True,0,0,0,0.99139046669006348,0.058784980619838063,0.030209504096772703,600,450,600,450,790d7064652312f6b498e469496bf69f2d646c620e4e123d998e5db980c95267,ea02730aa850b703e1d3df78aed07252fe3af9dd797cdd048e708428e81fe448,182.6266925925926,26.434607523337814,110.09115842764062,0.33223729847494554,0,0,5.8567076554233619,0.13923211335974725,39.491100000000003,42.945825589978064,587.2923284608504,0.42674305010893249,0.57394074074074075,0.017162962962962963,6.2539735099566354,1.0251895343110486,39.4910888671875,42.582346590121425,152.11884511676101,0.41349900854438998,0.59988742404513884,0.017055935329861112,6.1181035743665673,1.028142087611114
ISIC_0031636,HAM_0003469,nv,nv,True,0,0,0,0.94543343782424927,0.2451891790510515,0.12600231268133538,600,450,600,450,94eaf08386da37b8c6f469f8b06a389faf0ae78646124792183c189e15d5a595,6000575fd75b3d41b81229dc295daf71a3b11c866daf0dcc5e971998339209d7,178.88709629629631,24.558102098485051,31.750465941015086,0.25963661583151781,0,0,5.776802355266117,0.13157144552558372,57.679444444444442,51.727131140124662,520.15561922358017,0.26679445170660854,0.25444074074074075,0.018848148148148149,6.8429884253249922,0.82748569947571005,57.687486436631943,51.35624472518974,198.5507518156075,0.25660051998229849,0.24568006727430555,0.017388237847222224,6.7901775663725932,0.83026899885966277
ISIC_0031647,HAM_0005088,nv,nv,True,0,0,0,0.92434048652648926,0.28679560238525942,0.14738378466471894,600,450,600,450,cd2a7d6540766af72301d99d5feeefc4cd3e97c4f0cdfb9840606dde64570602,c1326ac7a8c1582296177a905f081e721f1daf5689e9ec0e76784ef08d4032d4,182.71262962962962,19.267433945983203,100.09653640294924,0.37938444444444441,0,7.4074074074074073e-05,5.9271841024860148,0.10070715205502688,70.872911111111108,50.510738391541715,2338.2643946445955,0.37876175744371821,0.13768888888888889,0.02205185185185185,7.2341251614901703,0.64670285781792214,70.868252224392364,49.262040013206637,624.63692592134998,0.36224187048951523,0.10278998480902778,0.020846896701388888,7.1002421051432467,0.64866324285294763
ISIC_0031655,HAM_0003854,nv,nv,True,0,0,0,0.92950987815856934,0.31498511278963198,0.16187032733374085,600,450,600,450,1a449a9ad69270b46a7805cc920966fb1ebfc7fd7a0bedba68e5f13db93eceea,8b4862d26ab53b3a436f763c364852bdc24958ed00bab7aa3eee30297647aea9,134.74908888888888,16.403525341045469,57.983443368998635,0.4928795787944808,0,0,5.356033382640554,0.1124213670297194,50.055451851851849,41.321098179038714,608.96484013002748,0.30460716049382719,0.24967037037037038,0.018751851851851853,6.5524487381716181,0.74981718138882525,50.061075846354164,40.792756261692936,230.96735854055962,0.29376098366864112,0.23967149522569445,0.018480088975694444,6.4779888619740627,0.74300263500163743
ISIC_0031663,HAM_0002946,nv,nv,True,0,0,0,0.73124128580093384,0.90605772203875268,0.46562156144702732,600,450,600,450,d02b871e06c15600d97205de6bffaf9eddff8cafc4ae1997358a86370f72cba4,3fc20a90678a740343204349e77e61beafcc08571f625f410b1f5df111fce59a,180.07031851851852,30.506720263441615,49.570658707475992,0.14765247639796658,0.0065185185185185181,2.962962962962963e-05,6.4362965145277684,0.16163792240726269,22.251085185185186,33.629829306625147,46.542460668299036,0.27894569353667392,0.86819629629629624,0.012940740740740741,5.5041264763835089,1.3695119779218354,22.257615831163193,33.569916746293323,23.701372158702139,0.2721610540917756,0.87025282118055558,0.012932671440972222,5.4774483868658068,1.3681719249576183
ISIC_0031666,HAM_0000775,mel,mel,True,0,0,0,0.45871031284332275,1.091511775348488,0.56092609202865173,600,450,600,450,139930f86ed5daf8b01a8db1e7757e38922ac9dad78e728d57f17972ad93ab6e,a6993760c2601bd19e0bd2683dd87ad74e0c15ebbd382bd56eda7db0a5766c1c,137.33172222222223,38.523168800623836,78.907394185336088,0.28659039941902686,0,4.0740740740740738e-05,7.186464778721664,0.26723362282545499,76.874740740740734,53.478168952970101,462.2327439495059,0.45634628903413216,0.1846962962962963,0.017277777777777777,7.5335818891857755,0.62949295115902371,76.877509223090271,53.124339097425192,193.79612425259421,0.45230593213848042,0.1829494900173611,0.015740288628472224,7.5230987776236251,0.62935623366750115
ISIC_0031675,HAM_0006939,nv,nv,True,0,0,0,0.98697507381439209,0.085047876070246428,0.043705962534567627,600,450,600,450,95bdde05abf16b4e562213f0d969181f6c82369f110793cb76d9ace2794211fb,d0f600d84256b6e227b937fa38ee65a2b081dbde99f60fb4cfa0778e179550cb,153.07297037037037,18.318285980161296,34.051762132839507,0.40839647058823525,0,0,5.8053005165112008,0.11471256439828914,71.87930740740741,51.659348441944573,1109.2595343978051,0.48699265068990555,0.15392592592592594,0.021462962962962961,7.3170571720097746,0.65768323086969616,71.871331108940979,50.990193391312026,369.78227912055121,0.47811563861655776,0.14152018229166666,0.020548502604166668,7.263117925740163,0.65984257397692703
ISIC_0031696,HAM_0006113,nv,nv,True,0,0,0,0.66713672876358032,0.64640639106134068,0.3321871728636358,600,450,600,450,6066de1b2eccda2687e0d4bfe86b32abefc2fd0645dadebcd85d7ea86f4a184a,7d90213e6c5f4fbfb04b8ac29f4e1a192a4a66d849ebf49eec40cba501a9e321,169.37478148148148,49.988946499946081,51.795170268916316,0.3903958896151053,2.2222222222222223e-05,7.4074074074074075e-06,6.3215866874952171,0.28915695860950508,50.461674074074075,66.151664277468925,351.72250703395065,0.38290949891067538,0.70378518518518518,0.024262962962962962,6.4360863007785056,1.2489691279720347,50.473341200086807,65.927727541740254,159.51711351764794,0.37722604124114922,0.70432535807291663,0.022603352864583332,6.4079137455251134,1.24906714748662
ISIC_0031729,HAM_0001401,nv,nv,True,0,0,0,0.96221923828125,0.1737657663618622,0.089297939293970369,600,450,600,450,739a36d101cfc765c6bd4b7686c496dc4cd171e36bc74c2ff65adbeb70b416d0,dec632c210b4097f5692d3372ac519a04a6c8876516ca0dda087a2dc78304522,173.04913703703704,39.406134749832567,305.45062562138537,0.27212634713144518,0,0,6.3258243037419257,0.19701954176056793,37.702707407407409,50.323604785387452,209.46404066764055,0.38133875090777053,0.70076666666666665,0.02201111111111111,6.1891420176205596,1.2734576706253842,37.709086100260414,50.162667363938873,84.672499434401587,0.37284472762629356,0.70665147569444442,0.021708170572916668,6.1502011834220092,1.2734679017313542
ISIC_0031739,HAM_0001748,nv,nv,True,0,0,0,0.9854503870010376,0.087691151869819517,0.045064337586394318,600,450,600,450,4e45b558cf225f2be5cab1bfb6255c7b4005e340803175f5a862d88c275cdbd0,f79456308a2269cac8daa445d71303a427fe1d5b5f7578cca934fcde060c2e5e,176.17659259259258,19.688179953237331,29.455762262331966,0.37324319535221495,0,0,5.3664179267352345,0.10789362145997081,37.801833333333335,43.494308188394456,379.38788884048012,0.40708310820624549,0.5884962962962963,0.018722222222222223,6.2226173290809097,1.0853707760499118,37.80364990234375,43.20009408286117,139.49441143244871,0.3934937853179466,0.59819200303819442,0.018649631076388888,6.1318726266608374,1.0843504091966047
ISIC_0031752,HAM_0007331,nv,nv,True,0,0,0,0.97935950756072998,0.11750645714179185,0.060386373542908989,600,450,600,450,7017c536ffe1b6e97491a38b9db502f68a55b0221330037e2569e7f3e0bdadab,e240ae815df316c95c4371b33f1463257124d218d75572a699ba834f91f394ec,155.94954814814815,27.465953250232879,36.097707278340202,0.40377282498184458,0,0,6.0482294283562599,0.16923988308329543,61.451811111111112,55.369194905630103,526.00207327072712,0.38105430646332605,0.29464444444444443,0.022933333333333333,7.06403655542994,0.80689797129226903,61.446804470486114,55.012562851537105,202.02222342913353,0.37417500148931099,0.28733995225694442,0.022257486979166668,7.0218033030977498,0.81078604553580613
ISIC_0031763,HAM_0004551,nv,nv,True,0,0,0,0.98100703954696655,0.10894648728549963,0.055987419223025386,600,450,600,450,b9f903a8a901d5e28a4077c86e7740ea666f23a9c9baa119ff913c8b0fbc2832,de7e79621fea1572da4d4d76caf61a648879f52cb6bce496d0416af21ba826af,124.51679259259259,28.772524694021786,34.71316801925925,0.54014476397966593,0,0,6.4700984371234078,0.22680309060196438,68.818696296296295,58.624287117867233,643.04265836432103,0.33280244008714599,0.30248518518518519,0.021148148148148149,7.2965783220020644,0.8043788803153008,68.819722493489579,58.224188179476592,259.72999247503873,0.32268824359170756,0.30218505859375,0.020121256510416668,7.2487280070774176,0.8056751391240039
ISIC_0031777,HAM_0006909,nv,nv,True,0,0,0,0.91722732782363892,0.31095754938547165,0.15980056917655378,600,450,600,450,6e388fa8bbfe7be1a20eda61c8bde669c74df611d55ba1e289ead6455c863400,d93480d2c6625a0a8bf56fadaa904f0564b0609de4784d1a717d9747a95b5a29,143.86647407407406,26.955645606929259,91.771739588134437,0.44893763253449526,0,0,6.1473766908066603,0.18128059703111349,59.532455555555558,53.90015184449053,953.93425801644742,0.3120216557734205,0.28355185185185183,0.020744444444444444,6.9379725488915014,0.8490798138875334,59.532002766927086,53.3957150241568,271.88374273791726,0.29867116225830609,0.27869330512152779,0.01959228515625,6.8498384657227103,0.85091611440222081
ISIC_0031794,HAM_0006616,nv,nv,True,0,0,0,0.83891689777374268,0.54088469886796031,0.27795975016140656,600,450,600,450,907c93e3c7439d5516bcf3464aa33ebeff1895b8d77ff737b402889c58ee299c,d8a066bfec65ba7be9322f0b2805e3eb551780fd2e4ffbd1b75c01adb9d141eb,142.3866888888889,25.54379966514065,30.464178113525374,0.12924348583877995,0.0001037037037037037,0,6.3468289513054588,0.16930819533494409,59.310388888888887,52.250683527663298,314.36845061728394,0.31636717501815542,0.31246666666666667,0.02177037037037037,7.1927336261177031,0.80209666955021008,59.304640028211807,52.011964661460013,128.33892773091793,0.30965985732400597,0.3131374782986111,0.021518283420138888,7.1849406111105969,0.79997893108262697
ISIC_0031827,HAM_0007526,df,df,True,0,0,0,0.95825880765914917,0.22873736301242795,0.11754775169011465,600,450,600,450,96cb7277b1c0bb8f6096a9ed6f90908dd223ddefe255b4ce9fd6714ca0d66c04,176e6eb741125d125d6f49b63f9be4c8e91318ebdb90c2437d702e897c1ea87f,179.53098888888888,22.923059610597093,61.564140543209888,0.1872886274509804,0,3.7037037037037037e-06,6.2255274582052831,0.11990801431190611,78.599362962962957,57.066652267989788,647.4768589168176,0.30733096586782865,0.16192592592592592,0.023277777777777779,7.520519634715197,0.65262987886621204,78.598402235243057,56.622485133049928,253.40234248266546,0.29956232872923477,0.1568603515625,0.022074381510416668,7.5023806501501031,0.65248492796890911
ISIC_0031837,HAM_0005975,nv,nv,True,0,0,0,0.8001478910446167,0.51570053412592098,0.26501764964650587,600,450,600,450,844a32ad73f651c20fa01c3dfc193ddd0c286c545d46d473de9e7113b2447284,7c3f40680bc643bc745c916f322f844f636f39f3aa329854d426f69a8965025c,125.65685185185185,29.407418270708877,140.93456664986283,0.53324856935366738,0.012551851851851852,8.5185185185185185e-05,6.4536101348464445,0.22243339354598721,36.121074074074073,42.980194150523971,328.51647440982174,0.45559424836601309,0.67307037037037032,0.0154,6.012399123177147,1.0969934956081866,36.124654134114586,42.711559181110246,114.53994829120276,0.4482357515488834,0.68200005425347221,0.014634874131944444,5.9515189348406157,1.0926484168924948
ISIC_0031846,HAM_0001286,nv,nv,True,0,0,0,0.85069185495376587,0.52560688429740854,0.27010850657856761,600,450,600,450,2e962abe6e9839c24913fda6c00d36d17cb0a8d5111d41ab163cb3f63444dc36,1d4460db73b41af195bad3f0360d27235e4680ef7d135c9058ea065f1d492603,141.67834814814816,40.762943130725887,38.610071418381345,0.43355103848946985,0,0,6.785002487844551,0.28172471024179851,85.961311111111115,67.887376447669965,523.08188707138538,0.26487037037037037,0.21241111111111111,0.02795925925925926,7.4955060025163354,0.74610488969931865,85.963670518663193,67.581691880767252,224.5000999039614,0.25980748527709696,0.20908610026041666,0.026299370659722224,7.472838413419872,0.74847759044153905
ISIC_0031850,HAM_0003271,nv,nv,True,0,0,0,0.9215429425239563,0.28712678355665006,0.14755397811972065,600,450,600,450,c3b9d5ec9401e3f36e50eb6a4d734649d2de1df4e032b9a5d7ebaa9854cf67bc,a43d60d484c551d94eea200caa855059ecb2e8b754dea9064b32196d46866ed2,135.90532962962962,18.953729539246357,88.397337032085034,0.51168345679012339,0,0,5.8873870257146406,0.12817145311957331,71.455985185185185,42.775183742183486,789.69374175274345,0.30540246913580243,0.053981481481481484,0.020077777777777778,6.8750629872972375,0.51127830809993213,71.453389485677079,42.058889098753419,316.78443986136045,0.29742261433653328,0.045579698350694448,0.019158257378472224,6.818635307715458,0.51671143848042189
ISIC_0031854,HAM_0007593,nv,nv,True,0,0,0,0.98864972591400146,0.076188289742955065,0.03915303580689089,600,450,600,450,fbba3d67e273f5a2dfd661baf73cb15432102d1fdd80bb25dde2fc9f3703affd,1ac7253f16bc38bfe705798454dd4ff5c3e5a2872298e87d7236d21c8472aafd,161.17446666666666,12.649367949837272,43.929091540068598,0.385300290486565,0,0,5.4721574469274588,0.071794094207515938,92.768003703703698,49.914049643287598,2671.3511413540605,0.45776748002904866,0.052303703703703706,0.019566666666666666,7.5227905880561758,0.43634198607032465,92.756388346354171,48.120462855867281,937.017175613684,0.44685087848073257,0.034552680121527776,0.017367892795138888,7.4396348226805902,0.43585362111371101
ISIC_0031856,HAM_0007197,nv,nv,True,0,0,0,0.98820787668228149,0.064999381226266792,0.033403074267238,600,450,600,450,4a621e58df85336c03e7f87bc670932d0d9060ff5dfb3e596ee6b87af706385b,8f1c9dbd70d9dbdf99a8c68831e369aae864f1566bfacd2dabc8df3e2d6afcc4,160.59855555555555,23.773394048394664,38.337496294924549,0.39631035584604213,0,0,5.6661159187247137,0.14383884972811509,42.091418518518516,46.322119127175625,400.5906073933607,0.37939125635439364,0.53500000000000003,0.018422222222222222,6.3448994011194833,1.0387239228474683,42.091539171006943,46.027274511357788,151.37392317733645,0.36763918675108931,0.54080539279513884,0.018337673611111112,6.2616278411276003,1.0372271608736767
ISIC_0031883,HAM_0002946,nv,nv,True,0,0,0,0.50916773080825806,1.2023328687937564,0.61787686824977839,600,450,600,450,c45c2de8de93a58dee7f17af2a39b09d9e1d826b3c09f556a866ee5c19ce021d,0e6a38df06f8dadd1639c3c66a58e1120be919c2b8450389c8338814b6185aec,205.15210370370372,18.85900506046719,43.835529209533611,0.1499121859114016,0,0.0022111111111111112,5.2538146856391261,0.086322617033237847,40.278937037037039,37.816704491187664,558.94571094703713,0.61508807552650691,0.39609259259259261,0.017814814814814815,6.2098214332985933,0.84993508722753564,40.281107584635414,37.316635830997789,214.31465181335807,0.60147949750646779,0.3902859157986111,0.017381456163194444,6.1008567583239852,0.85077020492574751
ISIC_0031906,HAM_0004893,nv,nv,True,0,0,0,0.83707398176193237,0.61324406240166918,0.31514510713630978,600,450,600,450,970aac155a665c188f489846c001c26cfea5d6243262a20b6ab5b001b9e09046,01d4ba466118c2906b95c4a5453b69ec819e34f7a853bbb331217d5c36af2904,88.264474074074073,31.515708630795206,68.107019296076814,0.60855317356572258,0,0,6.6550452868916921,0.3413246095038332,126.07200740740741,59.748909428509585,1041.8011186172293,0.28852931009440813,0.092899999999999996,0.038692592592592591,7.8132685631231329,0.40393889235626984,126.07712131076389,58.987930067652599,495.71077574550378,0.28278399033224405,0.089952256944444448,0.0357666015625,7.7923761063990549,0.40438850881997979
ISIC_0031907,HAM_0004177,nv,nv,True,0,0,0,0.98302286863327026,0.0899761938746306,0.04623861688491198,600,450,600,450,3d6f2fa4429dccc426f02966809df239b7166a5949328ecd90ff8fcb96442854,b26a55ae8b1491d85535e317d3074c28d756429072a41c2ea29c7a8671900eef,181.08062222222222,25.766488501286194,24.838488734759949,0.29682201888162674,0,0,5.6516363474766811,0.13846074271338171,44.725574074074075,52.549279919336762,376.7058396108506,0.4256217864923747,0.62874074074074071,0.021318518518518518,6.4457479870659364,1.0996733027936436,44.726426866319443,52.273030199882761,142.83758501874075,0.41537769458912038,0.64340549045138884,0.020833333333333332,6.3572376616901858,1.1008402270584703
ISIC_0031916,HAM_0000938,nv,nv,True,0,0,0,0.9915916919708252,0.055243983827208819,0.028389791714703929,600,450,600,450,71dd576bad410736c8fbf7949f68dfdb8d8607ff64aa1e3d2f308905a7a459f9,c4466d9b896757a3db040f79c84c5ff3b8563044c01955b243b96c25679f070a,159.03354444444443,23.66756924632325,34.799032509945128,0.36202396514161223,0,0,6.0923696275014869,0.14411763534238042,78.80927777777778,57.893253805128815,884.72103042950596,0.39342952795933184,0.16344074074074075,0.025674074074074075,7.4968689539229576,0.67388063844795243,78.805555555555557,57.385981015554435,291.72178604867725,0.38577902135246461,0.15540228949652779,0.023973253038194444,7.4634430131098739,0.67392863867166286
ISIC_0031924,HAM_0002423,nv,nv,True,0,0,0,0.72823715209960938,0.68102116957571879,0.34997565016367077,600,450,600,450,effda2138c24cb8dbe94e9b89bc19fa7e277c00330e1680da654866259a6ceb2,665ea14e3ffc2fde3d469d689095628372f5bd02f960ddd8c9fc8f774de9f855,184.27457037037038,22.250179608110948,23.327246769698217,0.169460406681191,0,0,6.0752024596902228,0.1161897899780495,37.228929629629633,38.734691343121604,212.05802021913581,0.54470367465504721,0.55191851851851847,0.014685185185185185,6.4143138638076174,0.97348395904601859,37.224541558159721,38.530326793641009,95.475008891274527,0.53647607209116288,0.55510118272569442,0.014600965711805556,6.3833757301748673,0.97631722758491313
ISIC_0031931,HAM_0005692,mel,mel,True,0,0,0,0.78912830352783203,0.71707535976679726,0.36850383873834974,600,450,600,450,70fefe9388a120a0f09b29673469925f5bb156f9acbd546606f1d32050e77816,66e614dfbc0fb0962ab3c6d133acc9e44395b00a1afc99d30a647b96c8048bc0,144.3871,20.711988876484792,76.607657361851835,0.21899670297748727,0,0.00012592592592592592,6.3370885708180964,0.12790415292231341,99.492462962962961,47.647047192413041,655.73570527978029,0.29414637618010164,0.033366666666666669,0.022177777777777779,7.4777320702263763,0.40207093409130307,99.491597493489579,47.146880913998096,244.70908819139004,0.29093102681610838,0.030782063802083332,0.021063910590277776,7.4626428943412915,0.40163103817502055
ISIC_0031940,HAM_0001234,akiec,akiec,True,0,0,0,0.60100460052490234,1.2444664294671284,0.63952923523795957,600,450,600,450,0707767fa4c91cd581d251a5ff3615bfabb52c981335d092b061558e91d3826e,0ff4725177feb93641c0853c808dda8d4f441853e9c1e4e2403877ef8f83f063,171.27444074074074,30.447254161640345,39.697021134691369,0.28127055918663763,0.00018518518518518518,0,6.7812426550401295,0.16822020048765451,62.435814814814812,48.763407868284489,295.77012260691362,0.37038458968772697,0.25933333333333336,0.015414814814814815,7.241448621080373,0.69732308508023322,62.429924858940971,48.517159932327914,122.14230822854572,0.36570393348311547,0.2569308810763889,0.015313042534722222,7.2357119650670043,0.70092806574965771
ISIC_0031953,HAM_0000060,mel,nv,False,1,1,1,0.86700832843780518,0.39957127646625268,0.20533901663457263,600,450,600,450,d77754e8546d8f0a6414166973e5bbf92846b7ea9a2793828fa974afbc59e239,4d7c0bdb1903fd629437495a205c233605547060c1a037175ba37aec85b52468,175.05151851851852,22.83841901006474,37.428785169327838,0.1841349019607843,0,0,5.1561390904227613,0.12561008135497545,35.795699999999997,42.506118322464275,303.56159624185182,0.39321850399419028,0.66145185185185185,0.015188888888888889,6.0267943041903287,1.0995620972494802,35.791917588975693,42.241029922132945,119.90195396427573,0.3824649852345452,0.67171902126736116,0.014872233072916666,5.9527508769414714,1.1003426862350947
ISIC_0031970,HAM_0005421,nv,nv,True,0,0,0,0.91418927907943726,0.33164938648370929,0.17043406996192301,600,450,600,450,0d421777c9509fe88a75ba0c08d2089c5897fbf1f9372439a4faeab4e480c62f,1b9e6a26b697ffd6d47ab39ce14cf84cb1bfdd96c4f69586250fed3cfffd835e,159.64775925925926,40.041503891187325,163.22856600426613,0.28194946986201885,0.0089407407407407404,0.0015814814814814815,6.0953527876162035,0.24251301132984396,62.83568148148148,47.432176133483523,258.53426722303152,0.29764486564996367,0.052348148148148151,0.021974074074074073,6.1058110391067286,0.7091857844919609,62.843899197048614,47.212376375445757,105.30459792948795,0.29356537862540849,0.051561143663194448,0.020833333333333332,6.0662245354862714,0.71049628799529274
ISIC_0031973,HAM_0000378,nv,nv,True,0,0,0,0.48993337154388428,0.89458146959936213,0.45972393434180775,600,450,600,450,d53c4ba1863682186c75c5bac1955a31979aed8a055a22c2dec7bca4727483a9,7513c696c2377e5057d4872407cb243c0d44e42f6a939d3e821036f71eac118a,165.48572962962962,41.608392806164538,364.0215106567353,0.26024779956427013,0,0.0014481481481481481,6.9522882630929406,0.22666082758301351,54.048618518518516,47.772591738619774,438.76341760163251,0.36830582425562819,0.28134074074074072,0.018362962962962963,6.7031865497636876,0.76260751929019432,54.04864501953125,47.348811816095406,199.84151741733524,0.36096303104575167,0.2762451171875,0.016682942708333332,6.6724046744553105,0.76308692467563777
ISIC_0031989,HAM_0007100,bkl,akiec,False,1,0,0,0.90555357933044434,0.41437671042966001,0.21294750460643247,600,450,600,450,d43edc1a296b70abd3a087222c4fe55523f4f15797a9c2665a22272148fe9f6f,f4000085858cc4941171cb98d5856188037c06569f328ede26f990da0a433e3f,154.33891111111112,22.902981821059949,40.261866531673526,0.32979976761074803,2.5925925925925925e-05,0,6.1242319306962649,0.1360821171910355,58.538370370370373,47.670475857237022,376.47779891290804,0.31659437908496729,0.23171851851851852,0.021070370370370371,6.9947153314459447,0.71702799570513964,58.536688910590279,47.337037242481301,161.80920208659438,0.30920763867613016,0.22627088758680555,0.020338270399305556,6.9725973801934469,0.71986422335564815
ISIC_0032039,HAM_0005654,nv,nv,True,0,0,0,0.95650017261505127,0.19208951261499957,0.0987144821194616,600,450,600,450,246aeb45de42f4567c3dcf9c3b69d5b0e6b065bd50e11bd8fe618a30fda08b11,a461c9d1d1151f7bef4d1d859836cb7daa4975cea733f999413d0ee2cb7eda2d,183.17760370370371,40.094854401993082,76.529681481262017,0.25117265068990563,0,3.3333333333333335e-05,5.5281459469983423,0.21124328931649944,43.268300000000004,56.777120883774479,201.55064814506173,0.31897462599854759,0.72597777777777783,0.029003703703703705,6.0117285272352525,1.2619370697568195,43.279222276475693,56.634554666403965,87.584206421756051,0.31556510842184093,0.73310682508680558,0.028333875868055556,5.9744241382471781,1.2612027750776731
ISIC_0032051,HAM_0001947,bkl,bkl,True,0,0,0,0.76505929231643677,0.71782330647162085,0.36888820731013949,600,450,600,450,a57f154c604ee18f7e38f2de02e704e5faf12686b24b00e48c1731d30bea4695,af794b1574e5b5005d6ec483a5f1334091e9634d7c197a58175c0326223ee2c5,153.10666296296296,23.274621627455534,93.530752633401931,0.1443056790123457,0.00026296296296296294,0,6.2984658900157378,0.13668388795585015,74.277188888888887,53.048743619931365,682.81384329183811,0.25910287581699348,0.19677037037037037,0.021703703703703704,7.4780459210291061,0.64040700290885666,74.273139105902771,52.628108789956265,235.89998202853732,0.25099911492374727,0.19273546006944445,0.021436903211805556,7.4688804824422252,0.64327873146716541
ISIC_0032054,HAM_0005350,nv,nv,True,0,0,0,0.76095253229141235,0.64668938137916498,0.33233260111887242,600,450,600,450,29104bdd4a2b4ffcfc669c0eb43decdde9285dcd9adea0981dbc3c242b4180d3,590eb659bf052349a5524ea1ab4f2cfd12fc3502fe1c5ca09a1003748cbfcb5f,148.46851851851852,29.85497380283854,68.81362953739368,0.44238861292665216,0,0,6.0538612222343264,0.1939188913935774,49.872544444444443,50.394852282379397,368.49951830074076,0.3187906753812636,0.39035185185185184,0.024055555555555556,6.4772640335181331,0.94660804464663428,49.875983344184029,50.089858700984763,166.83447942758605,0.31099111519607842,0.3923611111111111,0.022989908854166668,6.4247544433241899,0.94886391984472629
ISIC_0032065,HAM_0006924,nv,nv,True,0,0,0,0.75153094530105591,0.81669455058811935,0.41969797576964307,600,450,600,450,67a3120d57d40dfa4758dc677db7c4a64160edd81c3b92d20c9a4165c154d9ea,f1817cd03a94b8f952bc25a92e274fcb71e3fbf36a5984305cdbca9071250f74,155.6046111111111,12.129294391734335,17.335524896076819,0.1817882207697894,0,0,5.5262160213462472,0.06915782102864805,88.891514814814812,50.995606759233418,1063.2008217571467,0.35996339869281047,0.096474074074074073,0.013070370370370371,7.5942578977347912,0.46814809700829207,88.886684841579864,50.241600240788188,410.45183897441552,0.3514112817436002,0.090793185763888895,0.011359320746527778,7.5734418017755152,0.46801086456177521
ISIC_0032069,HAM_0006535,nv,nv,True,0,0,0,0.88030624389648438,0.425460531377573,0.21864346181868807,600,450,600,450,904e0f9d3e89fa84e8385dd1cf27e8d969a5f0b4964e35cc7cd7745cf1b398d1,45dc4222f5863fba3313d4f2997a934b7ecfc861d68647866a70047934820ba7,140.92197037037036,20.881605769792898,130.67276756212618,0.50261267973856216,0,0,6.0392840966873012,0.14016431885319691,74.661455555555563,46.617803850109496,1465.1402971579701,0.33421282498184463,0.069755555555555557,0.018622222222222221,7.1174944808391007,0.54121131319331783,74.66021728515625,45.683832501145496,420.32510278176193,0.32402936814916938,0.05438232421875,0.017829047309027776,7.036468923254187,0.53976145131818587
ISIC_0032088,HAM_0007045,nv,nv,True,0,0,0,0.99424535036087036,0.043546590837174388,0.022378520847077692,600,450,600,450,baf03a89b92ea8a24f4bb5c8c650314863a962e5afac5acb7eeee1f9ae6add76,a704830346fd9d7847cb76fb08337b53cfcfd07f042d5c4d60e8e0cbfe930a58,177.94688518518518,19.405037459805307,35.101911018875164,0.35965699346405233,0,0,5.627626838249161,0.10546436312287426,75.403559259259254,58.307709253946726,1426.7480402038955,0.42981799564270157,0.1662925925925926,0.024077777777777778,7.3519903774977404,0.71118922566427589,75.396375868055557,57.552473404554796,471.83388109836312,0.41865947116693897,0.14990234375,0.022406684027777776,7.266884871116539,0.71280462137457079
ISIC_0032106,HAM_0004526,nv,nv,True,0,0,0,0.986916184425354,0.082407211762292557,0.042348929523955171,600,450,600,450,26ad1f4c2ecb50418992b4f25d7ec213b6162237c42a611508162eb68362db75,c68ff3e1eea251fbc930aa4ea3776ef11f72cc54a8133a4a00104f41a1ff570d,136.7535037037037,19.89626046061553,45.416981041961606,0.53372091503267982,0,0,5.7030210426059114,0.13762578502098616,50.354629629629628,45.782655466120495,486.22321287550068,0.32387787944807556,0.28515555555555555,0.01875925925925926,6.5622125420544632,0.83532680144757931,50.357686360677086,45.393474818225293,188.79003703428646,0.31419818687023421,0.27457682291666669,0.018113878038194444,6.5036922203330603,0.83377764251371334
ISIC_0032107,HAM_0003313,nv,mel,False,1,0,0,0.61193019151687622,0.73625066469145894,0.37835799615356791,600,450,600,450,f58f1b56d43acdf11b5933cef4fb9dc9de19a366ae746892a1f9abf8c6807fb5,afeac09c6147310723f82f3a1275877f03bf5e44423ccd01bd03bb771653bdf5,162.6354037037037,50.592025421081871,52.340269816172842,0.32447243282498184,0.00022962962962962962,3.3333333333333335e-05,6.9188490236294147,0.29968580734647654,76.130055555555558,71.554415297138945,327.93062035982149,0.25447715323166303,0.3550962962962963,0.037262962962962963,7.4324471802053633,0.86931422380995405,76.1258544921875,71.354400964883638,143.49704521889856,0.25038527943729572,0.3540988498263889,0.035590277777777776,7.4252613512080075,0.87009638929837596
ISIC_0032108,HAM_0004823,nv,nv,True,0,0,0,0.95490419864654541,0.19016790647378892,0.097726971908805915,600,450,600,450,96bdf970cea0a44fc11bda32308d52942e5293789fd1a122c53d07bf59e4adaf,be040e608823bddbf61d8f6f6fb6fc6cd04e768a14c05cbbbc3458385995a68c,148.25342222222221,29.62256271192161,54.898503674677649,0.41259005083514888,0,0,6.3073830360287992,0.19206010902824575,61.839448148148151,53.788852322892879,523.66066202851846,0.37038569353667394,0.25742222222222222,0.021388888888888888,7.0200340391842992,0.80275576248289482,61.838873969184029,53.416321263483084,209.1227467499765,0.36385569852941174,0.25145806206597221,0.020365397135416668,6.9725118687447489,0.80291889802031402
ISIC_0032110,HAM_0002834,mel,mel,True,0,0,0,0.61567771434783936,0.69585644956200587,0.35759947595721486,600,450,600,450,3d9a10169e2750ecf453796480ca961a6a2437601c8fd1a9b3eec44555aa2196,ce79b0bf174c93436f68f63a80153db954968fecb108de24f4a48821db34735e,123.64002222222223,47.623145490085768,99.147540735253784,0.50606833696441533,0.0029333333333333334,0.00089999999999999998,7.2552611998869239,0.35907407824514792,79.774037037037033,62.263384638688692,404.50193253320992,0.27305931735657224,0.20145185185185185,0.030181481481481483,7.4912525284848996,0.69750525464204272,79.776828342013886,61.977622960198211,180.50547403097158,0.26815430219396785,0.1991305881076389,0.029493543836805556,7.4778598765355673,0.6987953246636518
ISIC_0032130,HAM_0004072,nv,nv,True,0,0,0,0.98205488920211792,0.099685875044591851,0.051228405943093851,600,450,600,450,f1ec594e4e9c145e91c55d77b75be774fc685463822235299547f095affb0304,01e6ec6f791d7c93b552cf052bdeff8b527ee6f61f6d10a01c64a7dd4927f080,161.91406296296296,21.606372602727362,105.65599339319617,0.39244740740740741,0,0,5.634325529247354,0.11975129162236145,54.871170370370372,46.367799282842149,647.38262143209886,0.44959032679738564,0.20725185185185185,0.020066666666666667,6.6220551947300379,0.77895206893180602,54.863755967881943,45.872035096612599,245.83568344472184,0.44094847303070533,0.19337293836805555,0.019694010416666668,6.5406323592882982,0.77631081059565421
ISIC_0032139,HAM_0003738,bcc,nv,False,1,0,0,0.57422184944152832,1.1783955732965166,0.60557553177293189,600,450,600,450,baa3181a23d86e6a81ff49a50fd2588aec02cfde437d3ee51a9cb7e12b8f0d82,103404d64ec4446600c60db08665ce76733bd646d0880495396919d99c46662b,162.01692222222223,24.628023460365654,122.67542386962963,0.28709570079883806,0.00094074074074074079,0.00016666666666666666,6.5495584798529825,0.13938828091311328,70.902370370370377,41.07893000891869,587.64054348476009,0.38964884531590416,0.10165555555555555,0.01324074074074074,7.1412057684271124,0.50036977554892059,70.90228271484375,40.597573791039537,208.74665634426071,0.38309520314202067,0.096143934461805552,0.012864854600694444,7.1167902625085038,0.49984023837359093
ISIC_0032150,HAM_0000230,nv,nv,True,0,0,0,0.83220112323760986,0.53338414350949803,0.27410522719584024,600,450,600,450,7931cc08a36b175a881be3c6f9ad3f1fceabad5b3e2860fdafbdf2aa624c917f,f849b914bbed407d022b790ed9ba55fa8ee55a885df82c4c34a334937e550204,136.31004444444446,15.804338780674154,36.460083068257887,0.09935453885257807,0,0,5.8697833611729839,0.10988429844371153,63.744766666666663,43.593105813466352,875.88901161037052,0.38179423384168482,0.20507777777777778,0.012122222222222222,7.1985425983477249,0.61468250234743971,63.748636881510414,42.970656383373907,307.62029593074584,0.36907099971064811,0.1993747287326389,0.011847601996527778,7.1619686045046178,0.61031441402087161
ISIC_0032166,HAM_0001960,nv,nv,True,0,0,0,0.65848863124847412,1.0212178986943037,0.5248021853373227,600,450,600,450,09cb5c3317ca21245789e1f1d988ce0a4498a53f80ce6598d004a014e7d34a1c,5fd8938325b96d66eb231d2e8df5319d33893d1951c75aa0daf359c693f12e67,180.70138888888889,16.599529386364107,35.148492515432103,0.32395960784313726,0,0,5.0925091424829825,0.085879594575122953,29.943940740740739,33.303101817890543,329.48037775796979,0.41182551924473493,0.6879777777777778,0.011766666666666667,5.8107551918509408,0.99554112386443783,29.953240288628471,32.97131401625731,127.7290373819386,0.39826726643348309,0.70248752170138884,0.011555989583333334,5.6917522509895004,0.99911867353449868
ISIC_0032179,HAM_0005903,bkl,bkl,True,0,0,0,0.64676576852798462,0.76994533255622821,0.39567363011597212,600,450,600,450,ab142d722b8287aca5df29db96f4ff4fd046ee3e8191a5e1494d5a48e3ad40e8,212371c27ab20beb45cd01c2c4ba0415f4ddd93f7af20aa8649d900175bbf8af,149.39620740740742,32.976606933938797,47.879233020562431,0.30449594771241834,0.00089259259259259261,0,6.0108555932524501,0.21284074700777364,47.609092592592596,53.33039883168869,358.77170601150897,0.30881943355119823,0.54894814814814819,0.018800000000000001,6.6584125794282842,1.0492333318558995,47.619154188368057,53.100862601548442,124.51853647331394,0.30105472473277506,0.55372450086805558,0.01824951171875,6.6303622325192588,1.0509745913625441
ISIC_0032183,HAM_0007351,nv,nv,True,0,0,0,0.98908013105392456,0.06482848241997495,0.033315249653971653,600,450,600,450,5da6c487028bbe44d1787824e2b92710e2fd900ea21c01d050a27499eab1a863,41cf96d85a6375db5290b7fcaec36cdbc784c3a785ffebae109407a78fa3a753,150.83369999999999,16.106960763928765,34.668588748957475,0.45619417574437182,0,0,5.0991294519658119,0.09930831029105229,27.861166666666666,32.732903416078088,177.54008858842249,0.37125545388525777,0.7697074074074074,0.01331111111111111,5.5280736599341909,1.0524840366025763,27.870083279079861,32.515962895999948,77.453270744210428,0.35977248646854576,0.78884548611111116,0.013203938802083334,5.4287736122281567,1.0471988887259576
ISIC_0032201,HAM_0000227,nv,nv,True,0,0,0,0.99187248945236206,0.054136337943000136,0.02782057433087641,600,450,600,450,9ba77a70e50b2efcbab392b473cb3d8c769658376c4685ea1aca8a3abf0cea12,869058e3abaaf36f57cce92fea23066185aaaf06505e11f0c825e33748026d22,165.33315555555555,22.081989811664826,206.3528459203155,0.39302968772694263,0,3.7037037037037037e-06,5.903519052231224,0.12317642223026072,49.149985185185187,44.559056950255098,934.55340489459536,0.39877135802469132,0.31244074074074074,0.01864814814814815,6.5621285167447665,0.84499202572916998,49.146247016059029,44.002927985832407,239.59023343026638,0.38515840418198527,0.30460611979166669,0.018324110243055556,6.4395295092701863,0.84395980159333994
ISIC_0032231,HAM_0001591,nv,nv,True,0,0,0,0.73259633779525757,0.81454623001824933,0.41859395738990801,600,450,600,450,20826467463dabece7d531166eb1792118caaaa1e6547e61c26c36a6b29736d1,bf7e4a752110bff5fe3017b3d52e6aa456790712bc206034ff8cfcb6e6e51877,141.2709111111111,22.60648071091207,144.45121851839508,0.43580811909949163,0.015366666666666667,0,5.6777685095412398,0.14567338107941827,16.580214814814816,32.014101100721035,121.22941416290811,0.65841407407407404,0.95888518518518517,0.012974074074074074,4.51120588751865,1.7832507277376937,16.584235297309029,31.882944879087802,42.432552774701236,0.6514976351868873,0.95890977647569442,0.012885199652777778,4.4083709762722796,1.7893901593108326
ISIC_0032241,HAM_0000882,nv,nv,True,0,0,0,0.979483962059021,0.1156628342938895,0.059438938817416971,600,450,600,450,3957813ef134abc7d3ed27482655fe6a632b21cee735253782982335270ec8db,c3d0763dd0f1d57ec0fd5c0a425313f69347a3aab25f8e301e49293237b78c9a,168.82221851851853,20.946156485680614,32.718684401632366,0.40558550472040666,0,0,5.6366014066618,0.11971736895369341,43.213562962962961,44.103127609444257,373.79232279171464,0.37414724763979668,0.45632222222222224,0.017566666666666668,6.4800776256830179,0.95369650229841996,43.217739529079864,43.817810329763539,137.77394865765984,0.36444847090311816,0.45832655164930558,0.017347547743055556,6.4341113769114013,0.95202160727384577
ISIC_0032244,HAM_0000152,mel,mel,True,0,0,0,0.8108481764793396,0.57502268174706328,0.29550320297482452,600,450,600,450,6885501c8361bf4d03a8231da9baf5a9a1737b0df677c5aafb82c7ebab96a806,ead98d7e8d9ef67a2a250770e49ab823800958ff913b32db18bffbb44e826415,140.08915185185185,42.759224996691437,310.98298344788759,0.31330156862745101,0.019448148148148148,3.7037037037037037e-06,7.2213580637378456,0.28593686949188413,34.097162962962962,39.102926528104419,111.39812572175583,0.44067344952795934,0.62411851851851852,0.016462962962962964,6.3203408868998956,1.0113003167711272,34.094658745659721,38.966107522949983,54.262618302149171,0.43525906564882899,0.62346733940972221,0.016696506076388888,6.3055317252446077,1.0143567590927467
ISIC_0032245,HAM_0004979,mel,nv,False,1,1,1,0.59262692928314209,0.92066891226299041,0.47313022788331222,600,450,600,450,ff86c497a24f21ad125d540e1e42818078b8fee276fdafc95f3af131eb4a6f4d,a058a9deb70101d42d91c1e80e686304d0e191f4076abfb6b40dff073357b171,166.06835925925927,37.480898606423608,55.743584636488357,0.38884171387073346,0,0,6.6813782885816515,0.21768125219866208,60.993670370370367,56.073426801552998,356.11533510802474,0.29637275236020333,0.37632222222222222,0.018307407407407408,7.1974915508728134,0.85844671743536527,60.990186903211807,55.836970715849759,132.47098892922571,0.28919241579010074,0.3767971462673611,0.017679850260416668,7.1774201129587212,0.85926576405081656
ISIC_0032248,HAM_0002119,mel,mel,True,0,0,0,0.96433883905410767,0.18875451632561605,0.097000633054538141,600,450,600,450,deb491c70fa92a4edb5727d00dc7d9ec723d75d1c66db75841cbc1fa2ca93a66,5434a90727201cc670c9e23d83e452293df09d3829fc6652917d3bba68680240,169.4166888888889,31.605500107363326,155.33671249765433,0.30837726942628901,0.0003814814814814815,0.00031111111111111113,6.5362172155013161,0.17060528218938936,60.436633333333333,40.82876744811459,257.41830303978054,0.50826684095860564,0.11986666666666666,0.014196296296296297,6.8040555653893833,0.57415679953038168,60.445502387152779,40.531372650072967,122.57455427981452,0.50548348354098582,0.1146511501736111,0.014017740885416666,6.7836621214239381,0.57732129906793417
ISIC_0032268,HAM_0000487,nv,nv,True,0,0,0,0.98171722888946533,0.11868507727051394,0.060992064473342891,600,450,600,450,b05ce0e0b3388f97a7f8ee9c7f45c7d9663d892e0593b918e65176cafdbc27f6,3e45259d7846cb10c88445abba0cee2b62cc99d17f6aa3aa37d0c735237ec5fd,161.28647777777778,15.808964666168777,45.159099955432097,0.35082034858387801,0,0,5.7426090270489816,0.08908170029691008,63.253433333333334,40.416990528704716,865.77495322950608,0.4525770515613653,0.15276296296296296,0.014855555555555556,6.9988225506805577,0.54700219828791985,63.248752170138886,39.728891139756932,289.69732445437046,0.44409852536934913,0.14320882161458334,0.0145263671875,6.9536079694415873,0.54692365357642536
ISIC_0032319,HAM_0002352,nv,nv,True,0,0,0,0.9974219799041748,0.018591092066796218,0.0095539313959699997,600,450,600,450,baecc0b3f082072f9ecaba8647f535d90fe6ad034194c37869cd74657e23116d,1c2346cf057c3789832867a30142a38ecca77c79c6802ae915be1cfa30920f88,162.48904444444443,34.629909979106039,39.377925783209868,0.39925979665940453,0,0,6.212393769367818,0.20910693234691999,52.098533333333336,61.727690125415023,430.74652175274343,0.39684962962962961,0.57753703703703707,0.027885185185185186,6.6838341250338278,1.1370475133908247,52.099846733940971,61.475648213965208,185.62979453098444,0.38763794743157676,0.587646484375,0.027025010850694444,6.6312051405690262,1.1396858536165588
ISIC_0032329,HAM_0005027,akiec,akiec,True,0,0,0,0.45858418941497803,1.1082626998008933,0.56953436433790372,600,450,600,450,0ed6a56c2be92f69b6a3edaef914315022a710c3e49288ab62bc0b3eb6bf4b48,77306e1e44be3de92395a763797245f21b74b3678d3a462e2646ac6c2caafbf2,171.07532222222221,18.277485357873601,101.73225923389575,0.2801579956427015,0,0,6.0972321066843671,0.095254828293347985,74.206718518518514,42.268022595347041,1098.1319473801923,0.34962216412490921,0.086403703703703705,0.014692592592592592,7.1638933293076468,0.47257618601737483,74.20648193359375,41.440657893650553,377.64888007731901,0.34103416160300926,0.077311197916666671,0.014044867621527778,7.1175586260995063,0.47355199991908592
ISIC_0032337,HAM_0002038,nv,nv,True,0,0,0,0.92166250944137573,0.32430110848872007,0.16665780208102593,600,450,600,450,caf00c550fe88255a3e333760602888c319586a186fb2de74ed1748bac618237,f14df0fe0257129e8142548769d627d16465aa7358e7911c814971eef0084670,139.70293703703703,52.685418900366983,185.6858328223731,0.43429317356572256,7.4074074074074075e-06,7.4074074074074075e-06,7.2064905566955684,0.3657693245218025,73.720933333333335,58.807230308954097,644.41944590912215,0.3780066811909949,0.27887777777777778,0.013574074074074073,7.3037765425732122,0.72771345417553313,73.715074327256943,58.430569484491755,219.21294969867591,0.37417029420275055,0.27686903211805558,0.012037489149305556,7.2723755107110879,0.72813791680961337
ISIC_0032340,HAM_0001881,nv,nv,True,0,0,0,0.67012280225753784,0.64022898853768417,0.32901261594657805,600,450,600,450,293146c9e595adb5b91b5b034c79204ecc641f5aa762a68ba18d402e4f1a9a98,c1ecc1f13cd3c8bd4d45287b5e2d94b50e1f0bbe3a92d123eff13549fc8b5f82,157.96314444444445,18.14565678575849,13.446786061728394,0.18651038489469862,7.0370370370370365e-05,0,5.6862596545085022,0.10808014574513772,42.387692592592593,40.025420741883025,168.39162083813434,0.49018489469862014,0.43464814814814817,0.015703703703703702,6.5671094410066617,0.86668637815461735,42.381503634982636,39.847055921623948,78.870481564996794,0.48456991357741014,0.43507215711805558,0.015658908420138888,6.5518918785386369,0.86468039121721396
ISIC_0032343,HAM_0006071,bkl,bkl,True,0,0,0,0.50708401203155518,0.9067109351812358,0.46595724659816357,600,450,600,450,fbc8b2e71d7fef7fb3d1392bd505b501075819e4b8d78344c3ba2beff871dc25,27c5dd265658df503c16f6b0ef154b58c86e0765fe3c25917a42807337778280,121.79069259259259,65.297120077452135,48.784167490315497,0.32216716049382721,0.1716037037037037,0,7.2577675267023718,0.51686186798229727,26.686603703703703,38.906080851274552,276.55514534912209,0.70746549019607841,0.71705555555555556,0.012281481481481482,5.6217379605822781,1.3592001068648936,26.689439561631943,38.721467587187519,71.059357620867686,0.70747854860260084,0.71687825520833337,0.010226779513888888,5.6286425234780681,1.3537109240652228
ISIC_0032352,HAM_0004244,nv,nv,True,0,0,0,0.67118769884109497,0.63699731071627708,0.32735186207108385,600,450,600,450,a8e0fb602f515564444e6e584f96354bc43c4c2a771806f1cc819b8c9b221ac4,561a8c2c792fb99acdb5b2667d2af165181e5cdc62e7267484007d47d9b3627a,124.81374444444444,43.299132674333165,28.571648109615904,0.48279003631082062,0.00018148148148148149,0,6.6384302927865591,0.34091306459304427,61.344677777777775,63.7883078875387,314.53460241085048,0.33942675381263615,0.54262962962962968,0.021107407407407408,6.9987102578558362,0.9894592303435642,61.356160481770836,63.585681965636013,142.24861285380192,0.33404575588916124,0.54677327473958337,0.020480685763888888,6.9758054989018738,0.99046621773753785
ISIC_0032355,HAM_0005888,nv,nv,True,0,0,0,0.81725805997848511,0.57544907265332634,0.29572232455475467,600,450,600,450,ae1058e49a60070c9cbd606f84d6d9c0fae07833173e57b8a46fd2899bb44c27,f1626e9b195cd87121a8ed934ee8efecd40bf4561d293ef80698c47b17586d54,145.95209259259261,37.498884492923899,273.98150718615915,0.4863377196804648,0,0,6.7418039743170759,0.24979874120383935,75.231700000000004,61.450912300122994,1267.0681929892867,0.27669302832244008,0.23569629629629629,0.025174074074074074,7.3550933059111117,0.76749732973317941,75.236158582899307,60.947178120440029,266.33870808872172,0.263441005199823,0.23089599609375,0.024332682291666668,7.2877619219932441,0.76912347501352019
ISIC_0032369,HAM_0003079,nv,nv,True,0,0,0,0.70959150791168213,0.60545646671121489,0.31114307461993951,600,450,600,450,648c4cc79e5d1247f8122dc116e7925cb573dfd747412940b219bea2a9baa08c,28aefb0ab3d6d6ef8ba70d8a349234afdddc6158a4c89a6500c798b5b72d3b41,154.79046666666667,34.002022590232286,39.95161030111111,0.40478132171387071,0,0,6.0037894892087138,0.21416602965219944,54.77615185185185,60.501670189427614,385.03472860728391,0.3249994480755265,0.50650740740740741,0.02682962962962963,6.7897126482021255,1.0408976228705602,54.779527452256943,60.255777517284287,157.92255866743716,0.3163320769931236,0.50990125868055558,0.025770399305555556,6.744968681162252,1.0417843988432884
ISIC_0032379,HAM_0005522,nv,nv,True,0,0,0,0.66598111391067505,0.66426042599601043,0.3413623318211742,600,450,600,450,293be39d0963b4decbce5ae157dc53f851839e6b91be3e72b2ea86cf479dde78,963f35a580052da2587ea2d92dc39473ecf6a57d7ec4b39df964e2d7406ccfce,183.73513703703705,15.056416111723568,57.995658331961607,0.14432463326071168,0,0,5.5410103725341395,0.067355054334975115,57.385525925925926,35.216330167994215,780.49345086370374,0.55841803921568633,0.19033333333333333,0.010840740740740741,6.8560493620088625,0.4906570889221647,57.380716959635414,34.507750292630469,264.6851672956513,0.54814514293130445,0.18316650390625,0.010694715711805556,6.804526769895217,0.49406782139457467
ISIC_0032386,HAM_0000310,nv,nv,True,0,0,0,0.98761355876922607,0.076540955164110122,0.039334269982233605,600,450,600,450,c4589526aae1f47fb144aa6289b4916ee95efecf272379f1204830983a5b60d0,6a0f63af4707875a88a6da096dbd52ff2bfb3d1abe96ebbb321e2ec2f5248dd4,170.92903703703703,28.894612489607024,54.771511014320986,0.34905054466230934,0,0,5.6708991122336965,0.16229776350458519,59.955529629629631,58.865320012414237,534.21781152126209,0.30144389251997095,0.29613333333333336,0.027666666666666666,6.7273226227176472,0.91302900499065698,59.957187228732636,58.507870902930321,220.23380327151145,0.29351857170819712,0.28935411241319442,0.026679144965277776,6.65925679588719,0.91749633583000934
ISIC_0032388,HAM_0000378,nv,mel,False,1,0,0,0.69863426685333252,1.0192163946670707,0.52377361573548131,600,450,600,450,a30911ecf1beec843a49551b9ebadf017ef3b717ec1fb171d6b742781723c2d7,926eb9cab31a817311b5a0f8f5b493be24c2c430d76450eeb67deda1bc04ed09,144.57605555555557,55.168098141856454,1359.499740471756,0.24378309368191722,0.039518518518518515,0.0025592592592592594,7.5434432595429479,0.34955908402583835,39.742448148148149,50.508465337478938,141.3433504847188,0.3977528395061728,0.63426296296296292,0.02338888888888889,6.5121824658254051,1.1824321300551406,39.742519802517364,50.401774932538324,54.333095344818304,0.39234050011063454,0.63487413194444442,0.023552788628472224,6.4977839869539586,1.1799767610649843
ISIC_0032392,HAM_0000157,nv,nv,True,0,0,0,0.91393440961837769,0.32579559810599568,0.16742581781803267,600,450,600,450,29d743df423d9cd6f0a920d0314ba4f8ec3b5959aa93e5ed9887278147c5835e,7761d513024a397d45cf14412e0ae5e72075ea4ec0cbb431424ead505ccea992,126.30784814814815,35.69712079736103,95.725022187928687,0.50080127814088604,0,0,6.8862215796418997,0.27193231661333317,76.200244444444451,60.903976929804614,729.63304416000005,0.31096579520697165,0.22967777777777779,0.027414814814814815,7.4803431502514197,0.74331835386998879,76.195549858940979,60.479118243310602,271.61525784432888,0.3037872380940223,0.22728814019097221,0.025478786892361112,7.4582039660998225,0.74640646216955631
ISIC_0032393,HAM_0005200,nv,nv,True,0,0,0,0.96120917797088623,0.17081535434432396,0.087781727448849683,600,450,600,450,1960f2ad52b2e0046a315faf7894dad7c83b11ea6703365db81f17d80547e660,ca220aba5c67eca5f22134822ceaa6dd2b9e8bc628735c7da473c70398b669d2,132.90696296296295,27.636570036258092,76.388529325089181,0.51046108932461876,0,0,6.2274161517893374,0.19638127750579698,57.339874074074075,52.620589306345714,504.82098989727024,0.40793005083514888,0.33477777777777779,0.021440740740740739,7.0067863004407842,0.85717901905039329,57.344326443142364,52.267975347931682,200.61320782659786,0.40033674385552837,0.33233642578125,0.020880805121527776,6.9660032893041883,0.85953434662806738
ISIC_0032411,HAM_0000034,nv,nv,True,0,0,0,0.7431190013885498,0.57046682775120749,0.29316195715827564,600,450,600,450,011f2a1f74f647c933499a10e75d17a7f985bdcc7f0ae78264393a9b5191e4a5,4a2d2773856c74c68b6756df5d631d26f293e19da66f6bf78df9ca880fe1afe6,134.8652888888889,32.404431469206017,72.583280717476015,0.47889105301379808,0,0,6.6656914282006356,0.23035271117509037,84.512044444444442,60.797048625718872,878.29291969443091,0.31399904139433554,0.1564962962962963,0.026181481481481483,7.5644292987455275,0.64140012878864461,84.511196560329864,60.234760361080788,356.35154692166378,0.30682341133067814,0.14833577473958334,0.024258083767361112,7.5297165510293125,0.6434698149268594
ISIC_0032432,HAM_0001937,nv,nv,True,0,0,0,0.94918012619018555,0.25971607474686648,0.13346766029919296,600,450,600,450,f417d1148c60342a1470eb8eabc61e65cca562f51ba2d3709a399863caf3bab6,9159c5e0505344afec66efc55f8ed537a104c3c4ea98b5eb05fb83fc7b8183c8,173.89383703703703,20.168228492765696,31.518977229080928,0.37529931735657229,0,0,6.0459425392631623,0.11218530333325956,68.535518518518515,52.465670305992134,1071.9338247324965,0.43602435729847494,0.20328518518518518,0.021329629629629629,7.3074074367451738,0.7105400933524092,68.529296875,51.842765738978017,343.69032430630409,0.42655345775462966,0.19547526041666666,0.020412868923611112,7.2581673034862035,0.71153105654384707
ISIC_0032476,HAM_0001744,mel,mel,True,0,0,0,0.33734172582626343,1.6107369533815326,0.82775505033647201,600,450,600,450,1550a07039cf38340a2714b938dee966e752561d3f894864bf4018786c5a5de3,9e70a6bff301fc95e5f055d98698ee53d8c03633908556f83bfea132310a4b89,144.86474074074073,19.59378702849375,90.746075433525391,0.24437892519970952,0.00026296296296296294,0,6.2294930284443897,0.11467128430202311,81.879329629629623,50.083767586901359,1019.0802778573934,0.25801334785766156,0.11971851851851852,0.017118518518518519,7.503261817549296,0.50830377421747042,81.87982177734375,49.416633683772972,352.28367916080686,0.2476421015454793,0.11179606119791667,0.016031901041666668,7.483616692885418,0.50837226050715467
ISIC_0032482,HAM_0006387,bcc,bcc,True,0,0,0,0.71870356798171997,0.87398682778283776,0.44914038205059709,600,450,600,450,d6f4017e93b51a3ba1a1d2d2d38c1e92c715177bf4d7cc8b0413b5cf1a84234e,e58435e62eff14444057ea6b0f46c433bbdd0bfc4ccb40c20b2be973f9528b2e,171.22413333333333,16.081855009456625,51.468106773319619,0.25295111111111113,0,0,5.8318094422039648,0.089070226468383237,72.308896296296297,43.492501756096544,1179.0595120985458,0.37310637618010167,0.091459259259259254,0.013070370370370371,7.1803549371856326,0.52558676695251849,72.310350206163193,42.6610708098519,399.36288603569994,0.36196741174768521,0.078830295138888895,0.012322319878472222,7.1252938543778503,0.52414132531252411
ISIC_0032488,HAM_0002383,nv,nv,True,0,0,0,0.99493813514709473,0.03502327444456721,0.017998402681423942,600,450,600,450,5e8030dbe0b63724a16d2bb36c36efacc3093d741d5323b5c412b855edc0b4c3,df4f11c2c5611cdd915ecdfb55da4de0bbdcfbb46ae96b8d7139b2235b8a1d4c,167.75961481481482,22.659098739876757,71.50882419718792,0.38187369644153962,0,0,5.9536659332295887,0.12321478363611651,55.784222222222219,52.417767230511629,596.94898245233196,0.38792453159041396,0.2963925925925926,0.027377777777777779,6.8691275513951728,0.88196989083838961,55.778537326388886,52.045926796045919,202.11902160073322,0.37720112187670207,0.28826226128472221,0.026658799913194444,6.818485535944105,0.88141828804024858
ISIC_0032499,HAM_0004250,nv,nv,True,0,0,0,0.97078704833984375,0.16072908427524876,0.08259840997965831,600,450,600,450,da29a30d34b428c4f74fd82ab72316ec098f319efa5e0ac04262e0d01221483a,7dc52230c8955d1560fb67af088308d155646870360645d6f3526b3d6468344d,181.28161111111112,14.644353822746924,24.316703669410153,0.36174212055192445,0,0,5.3757047772627811,0.078136507060868415,54.511388888888888,43.614129250659246,1175.6350292331963,0.47623312999273781,0.25894444444444442,0.016392592592592594,6.8167978830531055,0.73496324002555691,54.505839029947914,42.844750925108066,349.65152536935096,0.4639608545241013,0.24137369791666666,0.016025119357638888,6.7048593358130031,0.7368515436380938
ISIC_0032511,HAM_0003620,mel,mel,True,0,0,0,0.38856294751167297,1.3586717111778264,0.6982191401989577,600,450,600,450,3e95d8f6a4c5abe4e9d1389d76b98cd687937457400f63315fb2f4772b9a73d0,0d968f4a3c28b3856f27113d403a4c9bb32e6719f424db966863213c895056b6,124.27234444444444,43.250935108536552,74.102628725912197,0.31105533769063182,0.037037037037037035,0,7.3797539722740151,0.3246218013102144,29.021714814814814,36.583597502768853,57.479648155706457,0.47285249092229481,0.70907777777777781,0.013437037037037037,6.10626526436607,1.1536780465959242,29.029961480034721,36.522727695696823,22.118668021795187,0.47100808802253535,0.70951334635416663,0.013543023003472222,6.1049925632623587,1.1605536261889489
ISIC_0032524,HAM_0004411,nv,nv,True,0,0,0,0.63365912437438965,0.89043628313381062,0.45759372988834729,600,450,600,450,a8d29ac677fb07fca206ea5f9521328f886046cb09c94e7b3b0af37f632c4a1f,8636722dffdaa498408bbddca29db62cb5bf2c1ce0097318c4f1bb4aac6f9a03,130.99781851851853,47.152142314753505,69.978466567846354,0.24194172839506173,0.066922222222222216,0,7.1616493457054649,0.34224399355182206,9.7852851851851845,30.83661383978232,174.51331378566528,0.53248515613652869,0.94139629629629629,0.013440740740740741,3.9855758240872494,2.7779539802995661,9.7911376953125,30.691680377200306,40.97840031852693,0.53410721656284033,0.94146728515625,0.012837727864583334,3.9953651186642594,2.7800749868098276
ISIC_0032533,HAM_0003602,mel,nv,False,1,1,1,0.51716774702072144,1.1103921995011257,0.57062871070393006,600,450,600,450,8780e99bd11caa5a8d2e76c95162c2442dc493ba16d516e2cf1dbaeaf0becd43,b5c5602d0b62a0df792c1d8fb0fce25200bd8400404cca350af863e1f21ff378,131.62777777777777,47.139613979887862,55.206450683731134,0.2708057661583152,0.071807407407407403,0,7.1200243845998861,0.34576823796733103,9.3910074074074075,30.731487807084477,174.10198229792866,0.43266608569353671,0.94034814814814816,0.013003703703703703,3.8419055284946428,2.9137755406819861,9.3977254231770839,30.582745882008457,42.523359946078727,0.43606212341707518,0.94029405381944442,0.01220703125,3.8526401357162934,2.909591886239864
ISIC_0032548,HAM_0002253,nv,nv,True,0,0,0,0.75972646474838257,0.66155297832816096,0.33997097895261352,600,450,600,450,e63ef685a9d7211237d89f5c8df4f5575f2a3638305ebecae8ff6932640c180f,216f15c64266dac9ff174bcca8c025526e06f68bdd70a192bc88e16bb54676a3,118.19724444444445,45.975931366308458,38.935221006735247,0.21023222948438633,0.083396296296296302,0,7.17813913601832,0.37435123806390413,11.428196296296296,35.003316030299523,253.38817366220846,0.49220037763253449,0.92642592592592587,0.018040740740740739,4.1028003260095733,2.7550369166569646,11.431362575954861,34.813727579623269,56.491738301000481,0.49219638267633442,0.92632378472222221,0.016913519965277776,4.1189690319622816,2.7518111976726529
ISIC_0032561,HAM_0005194,nv,nv,True,0,0,0,0.4982399046421051,1.3129323122019232,0.67471373888425235,600,450,600,450,2850feb11dd2bbba2c07373e4dfc170bab88cd543bd6e1f5844d6424489c6cbe,853268429f082cbc1b000cf96a792bdbbdeb6d7f0f49b13db343fbf34a84438b,197.75412962962963,59.531867559890827,30.268619008834015,0.21353834422657952,3.3333333333333335e-05,0.49339629629629628,6.7989105590367567,0.29294452937958293,41.909337037037034,58.896855215717764,99.820488188257912,0.27388656499636893,0.76212592592592587,0.020877777777777776,6.0971658554993455,1.3371721116950703,41.915120442708336,58.82324245450031,47.396631841122371,0.26950430942776415,0.76215955946180558,0.020195855034722224,6.0849168148580723,1.3386214648327048
ISIC_0032572,HAM_0003356,nv,nv,True,0,0,0,0.80335736274719238,0.53571939799366086,0.27530531060426305,600,450,600,450,efaf1c871ce236abfa192db11f71338e90fe5bc4d267644b377ce66d739b77bc,a08cfddb28c96d3028599c02a69e6ccc010a7a174fb4bab69501d37e851b98be,167.67111851851851,22.718076990720924,42.584982109615908,0.15661923021060276,7.4074074074074075e-06,0,6.0654479068482745,0.12738357360863878,35.829137037037036,36.399958922388784,158.81744931246919,0.43958729121278145,0.53611851851851855,0.012974074074074074,6.2932331281759453,0.93480550426343556,35.8118896484375,36.243339512019062,65.231287761924804,0.43239392382386982,0.53890652126736116,0.012912326388888888,6.2713653534215936,0.92687307643638295
ISIC_0032655,HAM_0003807,bkl,nv,False,1,0,0,0.65366876125335693,0.87114826364026321,0.44768164864301785,600,450,600,450,3b122b6a3c61cb5a46c45ff18fb7b7c136517a1aff1c4b8ba9c9f68ad7a32094,7e5fe89b9c07e25eb2a8f0f18330ed4de16e7c0fb25cb1cbf7daa3a201d04687,160.09457037037038,23.477449325159206,44.864443928175589,0.17655350762527233,0,0,6.1189613897970743,0.14212642079704207,70.708351851851859,55.564665136470069,690.33592200788746,0.42106312273057372,0.21847407407407407,0.020374074074074076,7.3516608036198257,0.73557694182986932,70.709337022569443,55.155940289252037,251.9889796033593,0.41273435372412853,0.21428087022569445,0.019856770833333332,7.3236036863914205,0.73780777930353003
ISIC_0032675,HAM_0004091,bkl,nv,False,1,0,0,0.4580615758895874,0.99014724213907701,0.50883502643725187,600,450,600,450,bf03fb581889eece64ea857333717313727647cfd848a708e55030f7f21c59ad,2504b9c092478d3cf581d367bcbb1d9ec4f72bcdbe3e0e713ac0a616717405e7,173.26452592592594,31.808938938683312,77.863196265994503,0.13103564270152507,0,0,6.3960830074526012,0.1743365645223533,45.741537037037034,49.859530169754194,321.09043071373111,0.29761914306463327,0.4977111111111111,0.020677777777777778,6.6235607587384742,1.0047964920259789,45.739040798611114,49.625785117373177,117.66969802308783,0.28664470996732028,0.50279405381944442,0.020453559027777776,6.5771596099548129,1.0090330848270164
ISIC_0032680,HAM_0001358,nv,nv,True,0,0,0,0.84212267398834229,0.53229475733831022,0.27354539344826634,600,450,600,450,5703b3b1b0266874fc5a85bcfc5720783e269925a2f4786acb819816e1177229,75b0ac974287bef8fe9addeec4c84825a0690cabae381c85a20b39ba18696571,146.41795925925925,21.810083016089383,37.293849953580242,0.2007870588235294,0,0,6.1065897295259308,0.14257793411386521,53.11919259259259,43.03695570191779,375.14177027817567,0.34647631082062452,0.30316296296296297,0.012274074074074074,6.9308885431469349,0.74768654935995527,53.116136338975693,42.7236788174609,145.73899374994232,0.33800038190189269,0.30263264973958331,0.012057834201388888,6.9036139937327849,0.7472604093546813
ISIC_0032703,HAM_0003447,nv,nv,True,0,0,0,0.90448051691055298,0.32168751665831652,0.16531468157175042,600,450,600,450,deab7f5bd396a0e0a64730cbddc92ee2f46a92a18f6c9049fe0ca7cef100b2b5,7bb5f8823b1466c7c2ec196a346fa1d23faeeeafacdc57a3c41fff11b7ec1582,151.53702222222222,29.417331873238382,86.818116691015078,0.18470380537400144,0,0,6.5461875094625697,0.17830078267510224,69.829559259259256,56.162671453276772,579.49784250513017,0.32796865649963691,0.28405185185185183,0.022270370370370371,7.4201934132500522,0.73368037952895104,69.822943793402771,55.805494690829917,210.6307563049098,0.32083843954248364,0.2826266818576389,0.021898057725694444,7.4035619437153573,0.73611611830025425
ISIC_0032707,HAM_0007124,nv,nv,True,0,0,0,0.60378032922744751,0.75908655080436926,0.39009332017353693,600,450,600,450,d27ae8b836e08747769d4e47f5fe50a671142e35469ae3767171dda065b486c0,9cda9a529fb654ce044ba641ef9d7325ecfe739f8b73a0c904e3ced288e8f895,152.06125925925926,29.59816040153521,62.208369830397807,0.18749841684822077,0.0011148148148148148,0,6.5648680035066143,0.18264547117541433,48.596981481481478,44.218849866105053,236.23591188135805,0.37824766884531591,0.39561851851851854,0.014096296296296296,6.8798689005725171,0.81476431247528702,48.588046603732636,44.020734189631384,93.258878476043904,0.37176558883101857,0.39567735460069442,0.013861762152777778,6.8672770476552811,0.81704821890573565
ISIC_0032714,HAM_0003346,nv,nv,True,0,0,0,0.76381003856658936,0.62102065183173105,0.31914148355370869,600,450,600,450,184bc22e2b31797d48444959ce839eb5afb125237ad035aed7f80ffff362fb3d,6098b8317cf538a43dd1022cc0f702e670318c75a92ae1ec26ba48b986f51c5d,154.50314814814814,22.765248314698962,88.286933283950646,0.21601565722585331,0,0,6.0992970854337827,0.13681604488990015,63.467148148148148,51.325104412734049,474.21215094582988,0.38751295570079886,0.23938148148148147,0.021366666666666666,7.2040273048246828,0.75198420408796518,63.461920844184029,51.016041358259557,171.54427280672539,0.37995222503063725,0.23712836371527779,0.020684136284722224,7.1882714583369021,0.75214766320947302
ISIC_0032721,HAM_0001916,nv,nv,True,0,0,0,0.3507554829120636,1.29794653794106,0.66701257433246741,600,450,600,450,425703416fd84844a164210f6436bbe005c72c717a6fc9e8382392d4f2a22e78,0b57f02d5a4c3b77534e2e3ca63c85c99d95aa8c59255bb3532a1c8da386f21a,152.67510370370371,32.334791229852321,143.06169245266119,0.303561220043573,0.0011962962962962962,0,6.6771654512718142,0.19751102036590465,58.235611111111112,47.740306698853729,502.71134351000012,0.37873472766884531,0.27377777777777779,0.017237037037037037,7.0935541938743762,0.75032724550585495,58.231940375434029,47.356733414602616,194.67724213109895,0.36975517854711326,0.26970757378472221,0.016960991753472224,7.0725691618005246,0.7498694245904598
ISIC_0032729,HAM_0004716,nv,nv,True,0,0,0,0.95633649826049805,0.23085435614608288,0.11863567095230806,600,450,600,450,ffbe52e825bce67b73ad6a54108659aea1536d238aba15568f5da7b5d5dd88d1,a6e0e95c8c93861bece9cb228b6e8a093476ca432af8daa8d80000eb8bae6519,155.00007037037037,18.485200586842137,15.517240512469138,0.17551844589687726,0,0,5.4920044455385719,0.11552158349807425,45.71175925925926,44.072824274121565,248.21522789113848,0.31419501815541034,0.42327777777777775,0.014892592592592593,6.5811897464817619,0.90574599768694641,45.714857313368057,43.864722546460364,100.19507826533581,0.30298178679023696,0.4245266384548611,0.014689127604166666,6.5445793310329465,0.90335571757213895
ISIC_0032754,HAM_0003346,nv,nv,True,0,0,0,0.72052532434463501,0.84383326941390235,0.43364451838825169,600,450,600,450,978a8a49d17fbd81bb3e160a1f4ffb39c4b7fa83d108ad0e267cd37abd4ee20a,080100a24a00baaf9140d8d4e06b1a8cd56c83fc1872eb9050772daf542aaa2b,138.46862962962962,48.29934422884952,116.4166700562414,0.23554705882352941,0.066633333333333336,0,7.1500769903998487,0.33545445717817962,9.2343111111111114,31.511400908117349,237.96898982879279,0.47082546114742196,0.93978518518518517,0.013881481481481481,3.7402369086738059,3.033493939217843,9.2371961805555554,31.32310674193608,56.675794133249624,0.47224216835171567,0.93969048394097221,0.013075086805555556,3.7509069808817066,3.0322780638380027
ISIC_0032768,HAM_0001138,bcc,df,False,1,0,0,0.66257619857788086,1.0306459076883674,0.52964722353121907,600,450,600,450,2278c3b4962d798c5de21361e29062869a92f0d2cd01e26544ab3d2cf9d7c42a,129aabbd8d57b89c39e0f79626367b14ea975e1755c7ed5805c2c2a363ce2b59,195.03032592592592,25.914519431686433,62.50055738764059,0.064049222948438636,0.0022740740740740742,0.015588888888888888,6.2574867531729268,0.1219822847542312,33.724514814814817,33.182694180821549,101.02863626851853,0.26752765432098763,0.58457407407407402,0.011437037037037037,6.213136551533311,0.882302901016629,33.730061848958336,33.051558205666552,49.19840643909059,0.25910968988289756,0.58830430772569442,0.011427137586805556,6.1866619540904866,0.88165175230252524
ISIC_0032792,HAM_0006121,nv,nv,True,0,0,0,0.75300151109695435,0.57020722017727643,0.29302854525636585,600,450,600,450,d501b0e34b2c9f4b431cf44cfc2931e9d54219981d6a377bb8b8167c660063f1,dda3356cbfeb9c0b1797e5b0e7c4f8af6cfb5cb74cb263ce2f4c3f3821c02f1b,106.58235925925926,34.478339017372328,25.390862872962963,0.22363246187363836,0.092799999999999994,0,6.1258475197976994,0.31272385982235684,38.167103703703702,55.857121718923004,188.64369628224966,0.27751954974582421,0.81055555555555558,0.01975185185185185,5.9261131037288237,1.3790524591419249,38.182474772135414,55.720632934974049,77.981764051603307,0.27263502731821893,0.81321207682291663,0.018724229600694444,5.900885969323209,1.3794446590994216
ISIC_0032795,HAM_0005961,nv,nv,True,0,0,0,0.93187040090560913,0.32038563813583848,0.16464564835708217,600,450,600,450,689043143f9a1b5b240e989ae8a85fb844c37ab37f078749f3b446e51c861c4c,2a502b6a478a88c6ca395323ae240fbaa746d83b7d04d238bd0549556030eab3,162.21699629629629,17.196509056157439,27.133995273950624,0.16942907770515614,0,3.7037037037037037e-06,5.6291135277499187,0.099915318287484803,51.797137037037039,43.64894252619753,453.33258634259266,0.30277375453885258,0.29520370370370369,0.019462962962962963,6.8218715831461907,0.77199791341150037,51.793294270833336,43.273728413554871,184.59911186312453,0.29097865817333879,0.29456922743055558,0.018941243489583332,6.785913066343042,0.77183851550790983
ISIC_0032804,HAM_0006026,bkl,bkl,True,0,0,0,0.96754205226898193,0.16715274718010248,0.085899519698404689,600,450,600,450,bb059ac2fbd3e0426be1b8cd7170efd381f233d770c2028228150639a71aef20,c58d9661497d722f32ba65b95c0062ee3fd8d9064462fdc709e500d6882c0a65,167.54584444444444,28.97722110091577,44.217566254801092,0.21908447349310092,0,7.7777777777777782e-05,6.5832491046156907,0.16345254158059516,70.0220925925926,51.200658966306477,333.46310910802475,0.26296127814088599,0.1565,0.024611111111111111,7.2748626553537417,0.6707291687968554,70.016981336805557,50.940247446802729,136.01522423584524,0.25687694674223854,0.1542019314236111,0.023579915364583332,7.2656775078414659,0.66763087759748896
ISIC_0032813,HAM_0002582,nv,nv,True,0,0,0,0.77643048763275146,0.54378458437443433,0.27944999651624564,600,450,600,450,c3a143ed9d2e54e3cd564a31713284552e5652b01c20342493d3944a9f800965,acfdd9afdace6f56ade8af72bfe98cc4b6a42857677950b0fa764cb1cdfcd9fc,138.36151481481483,49.310354930125627,48.877088427969817,0.33237055918663766,0,0,7.096692669885674,0.34727590444126771,81.193707407407402,67.460082515483705,487.93429531246926,0.3199304720406681,0.28357777777777776,0.030814814814814816,7.5718525465925737,0.78224072213352669,81.185567220052079,67.200604005357576,189.27563574560634,0.31498720256331697,0.28379991319444442,0.028876410590277776,7.560854607784246,0.78204685668023033
ISIC_0032816,HAM_0000879,bcc,nv,False,1,0,0,0.98935973644256592,0.072720542978266453,0.037370966492759346,600,450,600,450,943021f465639d4cf27b1a8e316fd90d3f21df176ff002db56cf71d761ebb5a7,ee40bb80acf2b7b8e8b1961bd13c16671fdd532d7de9b53d4a2e1a0bd13c6b88,184.59491111111112,24.422699050637803,27.307585182496567,0.15774088598402325,0,0,5.9194125624058982,0.12386027888846952,30.903662962962962,38.81204142938163,106.57599615076816,0.39808559186637615,0.72174814814814814,0.016992592592592594,5.9380177418182765,1.1382569218751863,30.911756727430557,38.675189057154164,53.490077402442708,0.38839712371493734,0.72837320963541663,0.017042371961805556,5.8939829677199072,1.1392046748415479
ISIC_0032817,HAM_0006372,nv,nv,True,0,0,0,0.7849467396736145,0.5803376046711175,0.298234533055319,600,450,600,450,8c24bd33f412fbc955ece30dc126a58b68ea6e549947059ee5fbfb0cf0911e80,b07e06d67f6008c26ee3628b153be88279923f3a1af3e3bb25aee1d1f4ab9d79,161.16273703703703,54.915061028536499,68.623107742098767,0.21270628903413216,0.050618518518518521,0.0057592592592592591,7.2912625986505297,0.32738822258587441,8.8985074074074078,31.918547597519698,224.20476201393691,0.54078628903413217,0.95263703703703706,0.015022222222222222,3.6187192134367532,3.1500111425549111,8.9015842013888893,31.733764853861921,57.17368127198683,0.54069696563521241,0.95244683159722221,0.014200846354166666,3.6282201726567642,3.1474460784037923
ISIC_0032820,HAM_0006372,nv,nv,True,0,0,0,0.89863330125808716,0.33454837866216586,0.1719238572369747,600,450,600,450,18bec80140a69864d21f9de5d42fb4a16bd97ab81229113ef83b8a3148d954d7,d18794d692641e884fae34443d7938022aff95e97e40bc53ee3dabb6015801df,161.07467037037037,47.156747821245361,44.105333008010959,0.29243151779230214,0,0,6.7522262245547413,0.28709117167772119,53.859200000000001,61.418264485387709,269.39703910802479,0.35396496732026145,0.59542222222222219,0.018911111111111111,6.8583985566272618,1.086812522649564,53.846327039930557,61.246412731251979,119.29174548534704,0.34718421819682738,0.59766303168402779,0.018358018663194444,6.8376543197517403,1.0893959571360585
ISIC_0032830,HAM_0003002,nv,nv,True,0,0,0,0.70066380500793457,0.67791895400295943,0.34838142672315614,600,450,600,450,be7b064b3638a5cc1e1e31ba61741e7f8e91794f48e77fb15a1532267700a1a6,8da4c01b82ec534c240d63b526b0d9795ec49dd167d749c3964c0705c4be50ee,154.12544074074074,47.453685118094143,45.767639473196155,0.27978910675381263,1.1111111111111112e-05,0.00044074074074074073,7.1813086103693413,0.30136726547277831,62.539414814814812,57.940183796085982,287.86149177673525,0.25381644153957883,0.40603703703703703,0.019444444444444445,7.2831245653850658,0.87655691209158093,62.533053927951386,57.739455714411854,126.95088235371642,0.24667274624693628,0.40802680121527779,0.018622504340277776,7.2727631882260697,0.87807752858196952
ISIC_0032848,HAM_0002596,nv,nv,True,0,0,0,0.78852242231369019,0.53101586595880734,0.27288817328826881,600,450,600,450,ff60a2abc7d78e35663dad45ba67709e8cd707811fbb32b5eca53eb30fdd955e,ce9562d5f83f58664bcfe9ec82da8695b6c1a413cc4139e8c38c4e9960622c65,152.69835185185184,40.290852250372978,111.3383162007682,0.24861227305737107,0,1.4814814814814815e-05,6.4318054087079837,0.25172210578158477,58.043981481481481,56.909692877462135,430.1553406635802,0.26708203340595499,0.33499259259259262,0.020259259259259258,6.8934464790173378,0.88292899200063013,58.050930447048614,56.583905359737244,183.50027224085764,0.26029531441482845,0.3349948459201389,0.018798828125,6.8727010634249748,0.88472414506618591
ISIC_0032850,HAM_0007248,bcc,bcc,True,0,0,0,0.89150989055633545,0.40180964895315957,0.20648931254520014,600,450,600,450,3a04ce7f8b35a3fddced904d02d2b5dd4e50cdd1dcefcbb613757664b40fc585,ad1dcb3cd6ab563a49a6a701b7385220edf2e99dc40ce6fe9e41623c76f0e6e5,176.30893703703703,11.99988698016679,21.537584784513029,0.066841554103122744,0,0,5.2944447540307218,0.060395116530003963,66.191274074074073,41.631469749311599,776.7060674145954,0.31537941902687,0.14366666666666666,0.014014814814814815,7.1334936187512152,0.52796545590513866,66.1875,40.990084144282768,289.26749579401474,0.30355354924087691,0.13387044270833334,0.013807508680555556,7.0962189920128615,0.52978679866922951
ISIC_0032855,HAM_0006121,nv,nv,True,0,0,0,0.85048705339431763,0.46174616831312482,0.23729059049169876,600,450,600,450,06c4bbb93c82f74769508459c23b2f72628417926cb0a4d0b09e21f561d820a9,4633c9ae9cf7171bd06e691f0f3d66904bb1308c2cd2de39dd90d190429b3529,156.80565555555555,32.958763863684254,80.565298826323726,0.10530441539578796,0.014955555555555555,7.4074074074074075e-06,6.5927785793941762,0.1950031844821635,25.820888888888888,37.06535410279298,54.989076663703706,0.26699541031227308,0.82489629629629635,0.013274074074074074,5.6841334419119214,1.2698872957077152,25.829691569010418,36.989787578013278,28.5719672617629,0.26169521356719772,0.82678900824652779,0.012871636284722222,5.663129596833576,1.2812072880729288
ISIC_0032859,HAM_0005961,nv,nv,True,0,0,0,0.83745765686035156,0.56046850109238577,0.28802383366183587,600,450,600,450,c2cd06f1c59ab8dfc89b01ab1e76da6d0d647f78f4b3ea6a3faa98929c7f6100,76ec7083ff265ee85abfb39741266d6c77dd89bfeb9198bec058edc18ab3adad,161.49705185185186,17.568567644694326,28.395835883401919,0.18853270878721859,0,3.7037037037037037e-06,5.9943492041536208,0.10247981398311876,64.245985185185191,45.003802252860758,534.29625661432101,0.32316713144517067,0.20527037037037038,0.013992592592592593,7.2194830953540938,0.63354752671413128,64.244269476996521,44.611172542479558,195.43074117761884,0.31131472120098042,0.20247395833333334,0.013882107204861112,7.1893747983759546,0.6364531951459147
ISIC_0032862,HAM_0000176,mel,vasc,False,1,1,0,0.90241110324859619,0.44251938768370713,0.22740997979713418,600,450,600,450,317e862d77827e8b0a496b5d4799d2ebd5c6e1f1de34de0d6b0fcb088f3ae7c3,a6ed6e2b86ea207c9d5f8ccdf6cffe163cd1a602a6fa6666f352d2f42936e1e5,148.93147777777779,40.08962418965816,18.692524556159125,0.2024089469862019,0.0012851851851851852,0,6.7254191114581374,0.26206445964292652,45.048948148148149,52.002181403720556,92.578899750000005,0.4455106027596224,0.61681851851851854,0.011492592592592592,6.6706488203673091,1.0691744142434347,45.050320095486114,51.903666975598732,53.672239943602932,0.44249248961737475,0.61935763888888884,0.011318630642361112,6.6584575201058156,1.0715435988467956
ISIC_0032868,HAM_0004572,nv,nv,True,0,0,0,0.95236110687255859,0.22437767728532235,0.11530731642170203,600,450,600,450,afa98a2e6c977b321dd1b72f065ba08f9ea8efae29565714f0dc454dfebca53f,df593e208dd1d2c14b9cd5691e45a4b9804d8ebc992ba0e8232cea190ed85114,180.33658888888888,30.472360040508757,120.25381846747598,0.18235602033405957,0,9.2592592592592588e-05,6.3061216797692561,0.15785529657710679,82.240088888888891,61.726474555324614,769.84383464027428,0.38797801016702976,0.14305925925925925,0.032355555555555554,7.4992722890945576,0.70865268475787768,82.240403917100693,61.3306707783684,275.31964069821038,0.37997703801572713,0.13682047526041666,0.02935791015625,7.4673659147847573,0.71016461905312001
ISIC_0032895,HAM_0003259,nv,nv,True,0,0,0,0.89756810665130615,0.34408047245174089,0.17682238443475032,600,450,600,450,895aa7e71b7fb6ebbef253b3c2e15ce789f2d95aa5ef3183da2d1d7d92abced1,05777657756a193a732b065bb0a58a4562fb29caaa1fe72b45cb3158700a386a,147.54635185185185,27.470378114034983,17.041466654320985,0.20510701525054467,0,0,5.8325840218278895,0.18250946878862401,53.647462962962962,55.007999443923623,263.18326692728402,0.4054918954248366,0.44012222222222225,0.020970370370370372,6.8184099335005985,0.98342387367366602,53.638081868489586,54.834406015098502,107.5120824855051,0.39950695827376087,0.44426812065972221,0.020372178819444444,6.7900008735976174,0.98327424821311038
ISIC_0032896,HAM_0004063,nv,nv,True,0,0,0,0.80724614858627319,0.49712354738730086,0.25547096695530414,600,450,600,450,9a5e0345d629f4a973362d462006b469926f4dbcffd9892be6b184bb18a4ddac,01fd32fcba5d191da18cc1349ed97bb75b975e557e01e7ec7470d1082fb5004c,176.25684814814815,31.542171232586856,16.910739950617288,0.17731308641975307,0,0,5.7359057783713965,0.1737680695213033,37.431866666666664,53.087638326017789,117.61562256481481,0.24669918663761803,0.78289259259259258,0.022888888888888889,6.0573370070729391,1.3310280375136869,37.437703450520836,52.983465578176151,55.995167404367237,0.2373742595996732,0.78642442491319442,0.02252197265625,6.0250993051015138,1.3318882952032307
ISIC_0032897,HAM_0000462,akiec,bkl,False,1,0,0,0.65189182758331299,1.0769762350520695,0.5534563019648735,600,450,600,450,23510e1e0a723c81ebbe1477d3431a14ad5ae0e071b6b702c0b5d87066ee03c1,0b65098266790339417faf7428ab14ec69f7b6083e1387e96c99ac21ba98a05b,161.20288888888888,32.867077174958709,29.854778111262,0.20792501089324619,0.012225925925925927,0,6.7093473247239048,0.19597080022027569,26.827344444444446,33.981409858701589,27.582944793950624,0.41765032679738562,0.74735925925925928,0.012314814814814815,5.8737551268751247,1.1590913852273226,26.823330349392361,33.938525363038792,16.933717947269301,0.41451333571623095,0.7489013671875,0.012288411458333334,5.8640743700029443,1.1641020572833163
ISIC_0032911,HAM_0002329,nv,nv,True,0,0,0,0.96607857942581177,0.18929995993584792,0.09728093562169246,600,450,600,450,01be67b30fc57e44ed135676ad78a5217273059c49ca581a4097fa7ac47625ff,8c4e61412bc500fb88e2a5e65640a84c818d60b90fd494d6b60f5d5d27befaf2,167.04819629629628,19.509923194183759,13.231403698751713,0.10166711692084242,0,0,5.5206638681062232,0.11275296428586913,47.275855555555559,44.711927110500298,198.68723692093278,0.30782781408859838,0.3513148148148148,0.017303703703703703,6.537024458009645,0.88826412344443484,47.274244520399307,44.548148050731463,75.31972209571137,0.29673338248059639,0.34840901692708331,0.017116970486111112,6.5025014074486522,0.89028950613894375
ISIC_0032926,HAM_0001948,nv,nv,True,0,0,0,0.68850213289260864,0.67025470663438069,0.34444278270493178,600,450,600,450,5bfdc7e670dfbd5a1140a5daf728a6ea10a0a0b88c20f14831fec7721bed92e1,9e20d362e4ada24780e800cdcd735a2e37b8c2f2a2c449e60216c18f86fe337c,165.90430000000001,57.710843842951697,61.320206681755835,0.23656181554103123,0.00065185185185185181,0.027859259259259261,7.100537424062443,0.34014270763969578,53.990611111111114,66.949828124669892,213.41897236475995,0.37847122730573712,0.65577407407407406,0.025407407407407406,6.6628098252746319,1.1720212522912616,53.986253526475693,66.809457226272244,92.082539805475548,0.37205728102873092,0.65682644314236116,0.024386935763888888,6.6351418135561264,1.1737513876753076
ISIC_0032929,HAM_0003321,bkl,mel,False,1,0,0,0.61382979154586792,0.89765778871273672,0.46130484963477131,600,450,600,450,4df51d47030bd67d209c3ffce8f2c7b2e0abfb89d40b2c8c0b37311db7426496,53f9abdede25c3e4808b5743944f3c412e86163491b3f768ca1eee9b0b4009eb,130.44074074074075,20.097513191644886,49.987836179698228,0.26232954248366014,0,0,6.3508530479193412,0.13561936977416272,98.15018518518518,51.588249882038376,1213.8577964137035,0.32600970225127085,0.066988888888888889,0.014748148148148147,7.6477032224220185,0.40845726792562864,98.150675455729171,50.736993287731025,434.62957518777733,0.31605602256093407,0.06072998046875,0.013237847222222222,7.6173110120191083,0.40693307319453514
ISIC_0032935,HAM_0004016,nv,nv,True,0,0,0,0.84517568349838257,0.44745947985823448,0.22994868497677756,600,450,600,450,b9628c5dd439035eb32f7d7d6ccb8ad8601fd1b040bd774ed2a3007b603e0a36,a098024302feb0e7ee0d58f22f79c8aceb36fc6a4d8430f8d246aacc2028c2c7,158.87805555555556,30.542416163558912,73.303306853209861,0.23795586056644882,0.00012592592592592592,0,6.0853228920148092,0.18484763609358076,32.97101851851852,43.80297327215515,222.63050686418381,0.42534036310820622,0.76576296296296298,0.015829629629629631,6.0444412152502816,1.2531921851930474,32.944837782118057,43.621117308099471,88.898911811503368,0.41460407730800658,0.77362738715277779,0.015509711371527778,5.9874512463520544,1.2515912044738973
ISIC_0032943,HAM_0002417,nv,mel,False,1,0,0,0.55956172943115234,0.89554736002324564,0.46022030382955231,600,450,600,450,798c40ff80c2d691ef3f513c416c9823c93e98c6c7192675efb318e56956833e,90c7167e0616c88dac57bbd58c1749550d339cdaa85401c55212fc41ad02ee63,163.16838148148148,68.964969633616036,133.95795879987656,0.31549071895424835,0.032148148148148148,0.074414814814814809,7.1753102363776984,0.41121046715373982,45.153129629629632,54.68953362713534,325.54714806035673,0.3344755991285403,0.66538888888888892,0.013725925925925926,6.5405066836754706,1.1101660447387169,45.152099609375,54.470735878063152,119.67558443173766,0.32905996817129629,0.66535101996527779,0.013068305121527778,6.5302885677621649,1.1109895298806374
ISIC_0032952,HAM_0003310,nv,nv,True,0,0,0,0.69671028852462769,0.63705110264313913,0.32737950565313112,600,450,600,450,81374cfede3ed2ddb886bd28094e2cc6667b8ac67cb27003f96a28be31433338,606770e604814b2089fbcfdaa35101cfffd887c40ef8b1dc35e887f47f00cfc9,145.93209999999999,37.274311389883522,27.53715514024692,0.26360901960784311,0,0,6.6734851064849305,0.24919109985893234,60.82037037037037,59.897402712594129,342.03904016426605,0.31840280319535225,0.44118518518518518,0.02304074074074074,7.178811131082198,0.9302126781489668,60.817572699652779,59.687834876806825,136.79612503945825,0.31182470383986932,0.44464111328125,0.022121853298611112,7.1606730276005788,0.93068214033687158
ISIC_0032963,HAM_0003321,bkl,mel,False,1,0,0,0.56932014226913452,0.98954757121573977,0.50852685654378149,600,450,600,450,dfa5cc46946ca8a3ea89b9e6fcf952800e20aaf1e9e19fabd45df1c09f68e651,1ea64110f1a2825c1318cb9496d86b2006a58bc4ccb312df914aaa642ee7a6ed,132.39409259259259,25.556508888813809,64.035529898916323,0.20928374727668844,0.0064296296296296298,0,6.6139727600157814,0.17329862922546876,45.048433333333335,33.614882045798744,179.41244535879287,0.46146197530864197,0.30630370370370369,0.011340740740740742,6.5367421095750045,0.65117787348481126,45.056545681423614,33.402347432166223,74.172560856988028,0.45439325469771241,0.30280219184027779,0.011332194010416666,6.5165017382602661,0.65453235910210583
ISIC_0032967,HAM_0000754,bkl,bkl,True,0,0,0,0.73491114377975464,0.77035777832966612,0.3958855853152593,600,450,600,450,a0aa973000a681a95d1eeb484f0edeb3e2dced5bbbfceb0b1d185cf9991770d0,046b14242e7a594996c9ec41b7bef8f5a358204db37103ca2c8b0098b0267070,151.30977777777778,31.134081372566303,121.45182940307269,0.24711574437182282,0,3.7037037037037037e-05,6.8496936426889032,0.19051446858341417,77.704770370370369,57.987327563738503,757.12871142978042,0.33976274509803922,0.17842222222222223,0.026588888888888888,7.5161534157416154,0.6381291491973784,77.702433268229171,57.522322584655768,268.08061946597365,0.33019596673304735,0.17279730902777779,0.025254991319444444,7.4912881872516461,0.6378385069420025
ISIC_0032968,HAM_0001272,mel,mel,True,0,0,0,0.49373123049736023,1.2349345884230161,0.63463083792565833,600,450,600,450,5ec6dcc8083153a0045e1428e9502bda507a7305f6555959615418dcaaf17b96,292794dd780b195f5a780b6c49e5389fa7df1dc3559b0a584096ea8ac39ed9e5,144.10116296296297,24.963402162694216,82.265078405912206,0.17287301379811182,4.8148148148148148e-05,0,6.5469575192615839,0.15762164572213297,74.816814814814819,48.961911260683436,594.91915632175585,0.32937353667392882,0.14529259259259258,0.014977777777777777,7.4097661751252231,0.55755618568032295,74.80975341796875,48.507690240367793,240.49563057555099,0.32239351958231205,0.1418117947048611,0.014451768663194444,7.3913765844569239,0.55828768212077728
ISIC_0032972,HAM_0000344,bkl,bkl,True,0,0,0,0.57334727048873901,0.98045756217186275,0.50385551596400702,600,450,600,450,12628c4e179015bfe8231be8284a428e78aed45c3816b3a0cb5c93838e895e34,d0db421086b42ef16cfc8ec9da23a4894a413b534a747994baf3612cfa2f6188,141.6701962962963,48.73112751390309,116.93610799691359,0.2457245461147422,3.7037037037037037e-06,7.4074074074074075e-06,6.8629461764707607,0.33525705994249988,92.253070370370367,69.32177710729556,697.30009549617273,0.17743928830791575,0.12578148148148149,0.035781481481481484,7.4625269470945881,0.6895430293718946,92.257514105902771,68.911716647167964,289.55220045641431,0.16988743468307463,0.11879475911458333,0.033447265625,7.4323399176436329,0.69077090982471945
ISIC_0032976,HAM_0006330,mel,mel,True,0,0,0,0.88819789886474609,0.35934426423128585,0.18466642172853551,600,450,600,450,c62873dbcf9927a891ea62a3f8e3dbb491e7e8225304d9b966d837e3f1e062d3,00c6d9ad589c57cfd3123c6906a35d031e8f4dd6bb9ca0a71dd2b4ba07b6a24c,165.60925925925926,68.187272105790257,239.59474336229081,0.21882643427741469,0.056559259259259261,0.070240740740740742,7.1652472401914196,0.39262905263061831,42.910066666666665,55.017107852376242,295.58284775636497,0.42649866376180101,0.68044074074074079,0.016492592592592593,6.5199669898377648,1.1536156029893803,42.911627875434029,54.778433167945281,126.83612100499469,0.4227163543368736,0.67943657769097221,0.015977647569444444,6.5172523967466915,1.1561868495956362
ISIC_0032995,HAM_0003346,nv,nv,True,0,0,0,0.87147045135498047,0.48411863243392661,0.24878776271810552,600,450,600,450,b5334a890e24dc1c4c131848b182e4be0923a71984fcb51ceec2eb43e6fd3ae5,7dfe8144bfa366e2bfe0b4f654b62629a202cc5c42e93ba712f0f89bc1e56c79,158.61972222222221,28.661515814969178,81.187184395061749,0.26518220769789397,0,0,6.3162786739269059,0.17047880209872496,77.086103703703699,58.244703852736244,545.57306029562426,0.2708818881626725,0.15265925925925927,0.02318148148148148,7.421433910028556,0.70414982889946443,77.086283365885421,57.915249065615249,208.02587513110524,0.26394960490706698,0.1462063259548611,0.021999782986111112,7.4041766613210118,0.70490327181858459
ISIC_0033004,HAM_0003602,mel,nv,False,1,1,1,0.71095985174179077,0.68204416151650604,0.350501364026299,600,450,600,450,a40b45b67218b6df303a5b6ea9fde2666933d065ab92d1137434d2434b6fac38,b3d96c09bab2f6b5ceff9cc25c7dfc2f3c29ba659b23eba03e75b23c4092d9c6,146.45679629629629,34.304687943799578,99.135681263703702,0.26780981844589685,0,3.7037037037037037e-06,6.6152713304515283,0.2274615097406246,68.089803703703708,59.584201843851829,743.20116228691359,0.28605507625272331,0.27666666666666667,0.022200000000000001,7.225382244883499,0.80246987872681141,68.095357259114579,59.114987733885414,292.96048123191713,0.27381035964733114,0.27204725477430558,0.021213107638888888,7.1862649358028463,0.80492712284298729
ISIC_0033020,HAM_0001138,bcc,bcc,True,0,0,0,0.86331468820571899,0.53583158343127046,0.27536296251468867,600,450,600,450,d718d930ee83616027aaa32914788189828163cf79f86d53bf2cbb5865199b5b,65e27d4c7e09d6a987e38f31a42adffb49eacb0904af3e3517a120476b34f5cb,185.80345925925926,20.616358873930931,37.69454073986283,0.098618315177923022,0,7.4074074074074075e-06,6.0555790298984205,0.10351695213860426,65.058129629629633,47.176182340301963,798.79517407241417,0.38690743645606396,0.18296296296296297,0.017281481481481481,7.1752068251144543,0.65465473361647464,65.052110460069443,46.63073841212676,284.03993134361536,0.37571478949652776,0.17327880859375,0.016832139756944444,7.1304368032714267,0.65288858048761622
ISIC_0033025,HAM_0003236,nv,nv,True,0,0,0,0.84221887588500977,0.44140756073050008,0.22683861376887907,600,450,600,450,dc66afffb7b5232cc834d69ff0127cf7842ff6dc3e557b0e7f9c0f2645faeed6,38eb6f22d51f47841c65c6ea274cc185884f7a9b99d478e47262bf78d4c62a4c,154.95107407407409,48.188838483635614,67.434022200274342,0.260903950617284,0,3.7037037037037037e-06,6.8619614230759352,0.30446011113284943,67.734240740740745,64.915552078417605,444.11363703506169,0.29893972403776325,0.42724074074074075,0.027992592592592593,7.2412020125576451,0.91037674131735402,67.738566080729171,64.658574268352822,178.37765830516085,0.29314201537819989,0.429443359375,0.0260009765625,7.2236502782005756,0.91235107256348147
ISIC_0033027,HAM_0001174,mel,mel,True,0,0,0,0.48664295673370361,0.85665353673643763,0.44023283251403966,600,450,600,450,e0b9da44e9c882f6970ab2aae2046bb06a5f863fa5a1c2b47f768e52bf678e2d,6c3a24d58ffcbfa8d87ec99331d4e72bd7975a4113d7b173ce675430a48bfd47,131.13665185185187,33.571683399427343,759.95534097333314,0.19017176470588235,0.0086666666666666663,3.7037037037037037e-06,6.9986899847222608,0.21369034076330823,43.274518518518519,35.902617705419601,176.34397711385458,0.25192755265068989,0.39165185185185186,0.011985185185185186,6.5540878448340356,0.72245166995127885,43.277126736111114,35.715833340800849,66.622928407273179,0.24501862702546298,0.39159478081597221,0.011874728732638888,6.5393327688270029,0.72530189716734461
ISIC_0033029,HAM_0004302,mel,mel,True,0,0,0,0.54291599988937378,0.9155198222546852,0.47048411906333154,600,450,600,450,4f10b2fbafc0d177c55c6c10aabe30e8414737074847b0c8764d993093b99ca4,1f89030b0f4957577520edf101a4ae0679bc537cbe97d5041e2de1df46e3854a,148.65022592592592,26.867374176389898,287.74765412936898,0.1265320406681191,0.0044999999999999997,0,6.484224539549249,0.16173070189282351,39.896159259259257,38.33374751549924,282.49618589432094,0.29035952069716775,0.4990074074074074,0.013014814814814814,6.5086865869382953,0.86756616634230865,39.903388129340279,38.104761611171256,92.423713759829596,0.27939554185389437,0.50471327039930558,0.012742784288194444,6.4648562694570977,0.86750453975641795
ISIC_0033038,HAM_0003466,mel,mel,True,0,0,0,0.69120979309082031,1.0548495324062508,0.54208542615307886,600,450,600,450,a51ab1ca4259fd6207e5152045b934bc7a2583ebc45f1b6b7eca9c91fd4fb5b9,4f06b624fc8909ea04600ff9da77b4360dc9a00ad82375bf61bf2212e552d67f,143.51628888888888,25.798510893106375,39.390159928545955,0.20305565722585331,0.00034074074074074074,0,6.5973750902050865,0.16119420558856762,63.720062962962963,45.791559569945719,264.9841790120027,0.35201196804647789,0.21246296296296296,0.013677777777777778,7.2206448736323239,0.62677096999556603,63.717447916666664,45.542424453056867,113.84108619925415,0.34736556840618188,0.21056450737847221,0.013163248697916666,7.209345550682329,0.62980111627814062
ISIC_0033039,HAM_0004190,nv,nv,True,0,0,0,0.73307859897613525,0.75355701988941837,0.38725170340226139,600,450,600,450,ea30082893654d59b5fd958f1cf75bdb84e2563de6cf8e774440c06e29e42938,d0249e85d67334a5169481ca9d192028be5e27819434eb91b19408946a6f536b,188.04901851851852,36.351092511979232,63.235933328888883,0.1583641975308642,0,0.0043296296296296295,6.218218683880651,0.18648676276651724,39.709840740740738,45.736384051680183,204.52311772839505,0.31969825708061006,0.61177037037037041,0.018074074074074076,6.2976784544680644,1.0910565491271573,39.692376030815971,45.578335456796218,80.026441298103251,0.3134227611400463,0.61781141493055558,0.017964680989583332,6.2662928525123167,1.0906620126715028
ISIC_0033040,HAM_0007478,nv,nv,True,0,0,0,0.82055294513702393,0.58014890414643616,0.29813756016848092,600,450,600,450,c9f5ed24335bc375bbccaa5d7af50897702023dd39e430c098ead1680a00044a,a51a50ac769f3dfa4006680e161b13724129d25c248f3b4e3cd00aaa40525caa,169.64505185185186,27.516149816081015,48.984114180727019,0.22951342047930282,0,0,6.1249926982497005,0.15572496672440087,45.104870370370371,44.659289174961415,311.50839993278464,0.54025709513434994,0.44134814814814816,0.016755555555555555,6.6594697225096642,0.9339488442282512,45.09820556640625,44.423223235398197,120.42100753161458,0.53249176623774508,0.44451226128472221,0.016628689236111112,6.6272633586007981,0.93467811528402966
ISIC_0033049,HAM_0001948,nv,nv,True,0,0,0,0.7061767578125,0.6544715092611626,0.33633182373754039,600,450,600,450,b3e9dc7f37e1a13680c21ad40ea6b4ee9d8ca372c14a6889158d3e7c6b0a7a42,a580712006d5cdabde26d15b47c97aef991e4520bac302a1dd95182f8143d61e,183.38256296296296,54.037489877362326,59.36326170358025,0.17496657952069716,0.0025962962962962962,0.089762962962962961,6.757678541582111,0.28730611229360858,39.369366666666664,59.064771051589346,159.38958494617285,0.46821063180827888,0.77829999999999999,0.021337037037037036,6.1078425143470669,1.419032929152632,39.359653049045136,58.947920780679809,70.951931405214623,0.4613336567265795,0.77891710069444442,0.019931369357638888,6.0779786735814678,1.4196868549344837
ISIC_0033053,HAM_0003236,nv,nv,True,0,0,0,0.93878757953643799,0.23586930856468677,0.12121284668729178,600,450,600,450,4e24925c0d2187b5849e1a1929f95435a926edec290df7c714283933e4e30a30,e3a650e4906b23cea894e8d73b3f14895104f57cf650ee20cb8b61e176ec11bc,151.12661481481481,41.749517431051899,64.572233036913588,0.23257721132897602,0,0,6.6032343684223331,0.26989751435408266,51.626444444444445,58.853620083964699,366.77376916850477,0.31083282498184461,0.57434814814814816,0.025092592592592593,6.8439602123511927,1.0820951983316958,51.627007378472221,58.616113174847307,153.74442795907825,0.30326746855426201,0.57727728949652779,0.024163140190972224,6.8206382320402286,1.0833866660602556
ISIC_0033073,HAM_0000176,mel,vasc,False,1,1,0,0.68556934595108032,0.96039421500364597,0.49354499511187161,600,450,600,450,933ce2257429f5b3119f39aba6b59cc1227112d420a2415f9e86ddaee233847c,7ffd4fb1a3e19ed5f35ade9cbf767fb6b583b5ce224e864c7af16308e8bdb0ae,142.71395555555554,30.06908405011432,50.691911344183829,0.18366868554829338,0.0027222222222222222,0,6.4247998186919686,0.2003095973295432,40.102981481481478,43.89174931325288,159.58878380135803,0.43354111837327519,0.57399629629629634,0.011462962962962963,6.5119403682533008,0.99549660134510409,40.103373209635414,43.732854037423735,73.108904365956064,0.42812271284381809,0.57785373263888884,0.011135525173611112,6.486813506555035,0.99590170603935024
ISIC_0033076,HAM_0004716,nv,nv,True,0,0,0,0.7452242374420166,0.70639642080743792,0.36301594970886725,600,450,600,450,0b1cc73a086e184121a9fb6d4493f2cd9ef2f0758e2b67dd085bbc187b43ce5a,af7f508795c7e63d41ee167e0a30558dc175416592350c34b29bf87f824b26e3,125.96447777777777,43.917490243442181,20.505534217777779,0.23534328249818445,0.067100000000000007,0,7.0472355685559371,0.33889408285471007,8.8636222222222223,30.99981053093035,134.3628147406173,0.39084688453159039,0.94527407407407404,0.013925925925925927,3.7141149729553526,3.0892549500587601,8.8695949978298607,30.869686814642399,35.838415118233286,0.39201476651858658,0.94534640842013884,0.013264973958333334,3.7259497947545515,3.0866260373270005
ISIC_0033089,HAM_0000880,mel,mel,True,0,0,0,0.7585265040397644,0.68555879850233647,0.35230753014734867,600,450,600,450,7c83da1993e5dc6cf9f1b7eace411336bc8ae2958a6f5d618a3a6ceb1333430b,44f44156bdd60ee3a8f70d18d974789e6f8a3e4cc947591fc4b08671f0612d9a,145.13974814814816,26.253513840505384,51.56179749068589,0.24380576615831517,0,0,6.5120212629554981,0.16767803636586029,65.105037037037036,50.682329273171575,441.59609729031547,0.33788322440087143,0.22285555555555556,0.019740740740740739,7.262005086224443,0.68306059532388563,65.102423773871521,50.330944962498258,178.67492824898642,0.3306461375782952,0.22043863932291666,0.018798828125,7.2466841882554043,0.68261864792093485
ISIC_0033096,HAM_0006158,nv,bkl,False,1,0,0,0.44918957352638245,1.0281005404554526,0.52833916352950194,600,450,600,450,2f5d18922f4d20de7240a72bea63bc8537766fa3d78d52de0d12ad547fa68b50,5b8e2c2714e87e05cc948ba093dba554b977ccdf29733c833cd3d91a2ca32b90,159.27848888888889,16.256423216397181,79.758375426666674,0.19321263616557735,0,3.7037037037037037e-06,6.0408362904689259,0.090800821441399254,97.28187777777778,52.037675885699024,1363.7640766222089,0.35058954248366014,0.069988888888888892,0.011848148148148148,7.6559430326382394,0.46230853761948826,97.284233940972229,51.158144838651296,498.80641940452256,0.34065938712724675,0.060757107204861112,0.010152180989583334,7.6239607819594131,0.46262498913991706
ISIC_0033097,HAM_0003993,nv,nv,True,0,0,0,0.68925702571868896,0.77288006967474232,0.39718178665646753,600,450,600,450,4ef9cc8ad19334d7c3056d2365dc5f5b122088c92a05c40615d5beef4ffe8620,332f8c53627f0b78f2aa26d15c0ade68cfcf3e68ef7d63dfa5a0744b9e9057bd,175.99874814814814,18.604932796406249,52.452768954677637,0.15868464778503993,0,1.4814814814814815e-05,5.8405250527801735,0.096447655131518595,52.835874074074077,38.954620366082693,476.36181915122086,0.37981167755991285,0.21248518518518519,0.015988888888888889,6.7116205920353895,0.64950782052736633,52.825737847222221,38.554795427185759,168.16806273617678,0.37116398697065633,0.20580376519097221,0.015943739149305556,6.67265612041954,0.64727054212380331
ISIC_0033105,HAM_0003356,nv,nv,True,0,0,0,0.73879247903823853,0.62756423433049546,0.32250421975298343,600,450,600,450,ddb67926125e8bb465cc18c2fff508908dde980d446585f46c6114cdb2aa4e2c,198bbb00a2c8b13c4328b404a1e585fc094f9034fedf9a032b81931d56ef842d,187.4021962962963,24.613213050265578,61.843986581015074,0.18253950617283951,0,0.00074814814814814817,6.2236621000382817,0.12291421009392221,35.95895925925926,35.857770180593583,191.47901518962962,0.46491724037763255,0.52907407407407403,0.013548148148148148,6.2965758959158373,0.91135484127025068,35.942314995659721,35.671566952193494,73.513183896142394,0.45636231000646788,0.53224690755208337,0.013387044270833334,6.2689723392239065,0.90675056567868495
ISIC_0033106,HAM_0002253,nv,nv,True,0,0,0,0.73667758703231812,0.58810089401223353,0.30222407457905526,600,450,600,450,d74f44c07f6010fea2cc905297274bd24c603af18e91398a00b66790945bfbb6,1f89189619fc633f3782a9907bd526b5c9d759f66d7235ec1c9080f776fe9413,142.73379259259258,30.414104554276523,31.649066181838133,0.21370367465504722,0.0052592592592592595,0,6.4710246174797739,0.20400204115757242,36.852877777777778,39.707485200874331,135.52703826303156,0.36883028322440087,0.60290370370370372,0.01342962962962963,6.4676763776751232,0.98248543827602131,36.842176649305557,39.56404401983157,62.73721019532762,0.36260528896888616,0.60365125868055558,0.01324462890625,6.4537291511125856,0.98039398127849231
ISIC_0033111,HAM_0006628,nv,nv,True,0,0,0,0.59636449813842773,0.70763633052329844,0.36365313725653609,600,450,600,450,49871ace61a578ff61e14bdc240b63878f4915805fcb18bc98c645510b70d4bd,204c004968312126f9723c6173d8da2f7e4e353be674d8406ec21a7756e25882,127.51634444444444,31.896182162804994,72.841062893813458,0.24652594045025417,0.032877777777777777,0,6.5899856183867191,0.23651313066573523,35.56858888888889,42.574974122015,203.19403696982164,0.42350329702251266,0.61877777777777776,0.013718518518518519,6.194633044938632,1.0949941142499418,35.581298828125,42.371609533647643,91.638745251583103,0.41755057274645974,0.62056477864583337,0.01263427734375,6.1730178907184392,1.093300966791247
ISIC_0033116,HAM_0001905,nv,mel,False,1,0,0,0.54527628421783447,0.69623635045527987,0.35779470639653316,600,450,600,450,6d38e7d198a0c006f6ab58f439c90db3629eb53e06c07d8378a75bd8f4f97362,a1c6090ea28b913cb9224b64893922f784e644b1c7fbb2cb64b913b9869cc152,176.72815185185186,25.375213308191135,55.760247184842235,0.1569470297748729,0,7.4074074074074075e-06,5.9973659091521805,0.13437398633214692,63.397096296296297,52.784544768173568,640.23655554895731,0.53776710239651415,0.26241481481481482,0.022318518518518519,7.2030317678371176,0.76062959097694849,63.393561469184029,52.379774052189539,235.7744787517521,0.53130672679227942,0.25837537977430558,0.021491156684027776,7.1655934063087354,0.76023931424440394
ISIC_0033136,HAM_0007494,nv,nv,True,0,0,0,0.80790364742279053,0.62172461375683219,0.31950324842010958,600,450,600,450,a05a679146b4c0ddcdf2f0f3b363825f6f0921ec00cb2afb204156849128e6f2,c0648cf32e6729fc399e688c5b5db9dd4532b7326bce323e3d9680a0d4c4184c,145.66558518518519,21.22979885265579,15.996622217777778,0.083307204066811913,0,0,5.7441459700771516,0.1410930436535428,41.118855555555555,43.946078020193262,163.32449988640604,0.41852104575163396,0.53772592592592594,0.015685185185185184,6.4940763668095105,1.0096952815852462,41.125569661458336,43.803301403135599,66.224240514967178,0.41474149284279682,0.53842502170138884,0.015448676215277778,6.4852518447450525,1.0124446282003925
ISIC_0033142,HAM_0003447,nv,nv,True,0,0,0,0.92584788799285889,0.26786941737114389,0.13765764955858176,600,450,600,450,7e7ed280918eea0500b190a1e953073729bf58a8cff880a2868a4d72552b44c0,84a7904753a5f45d007d64d280b5d17782868bbc0fe3f7af7ffa3d5f385fdd13,157.93066666666667,28.591593434279091,100.98497682172838,0.16344575163398692,0,0,6.4244003362491835,0.16547231791280109,64.995774074074077,53.944233419139316,551.84658676126207,0.36070819172113289,0.29531481481481481,0.019451851851851852,7.3103241390149289,0.76069559305492551,64.98809814453125,53.596546439651583,197.971440685706,0.35345078678172653,0.29326714409722221,0.019083658854166668,7.2925234215694932,0.76159239965606951
ISIC_0033145,HAM_0001912,nv,nv,True,0,0,0,0.98760181665420532,0.071950351294019443,0.036975166262917837,600,450,600,450,06743c715b6be3bfcc81728f3f2ff6424a9201c4173a3a1a6dd57e126b7644dd,4be9c52da2776d55f8160c7e546fabc54ebffc2ab3241cbb8bffdfb6ad156960,159.54818888888889,18.97292173895389,64.209456456735253,0.16377799564270154,0,0.00015185185185185185,6.0447482744122976,0.10758225181985989,65.760029629629628,41.195852444946304,623.21611600543213,0.30927387073347856,0.15952962962962963,0.011125925925925926,7.1428584140018438,0.54646470468675579,65.758775499131943,40.627571336601783,259.17525491739315,0.29554520484409041,0.1564059787326389,0.0108642578125,7.1039178641702261,0.54787348834872096
ISIC_0033168,HAM_0003447,nv,nv,True,0,0,0,0.91461819410324097,0.29997023844059184,0.15415420829487902,600,450,600,450,bc4bd8ca873d1f199189e7ca87457d5390de223aaba7cffad4e9d5a6747737ed,e4a6b76ef9420fe8130c423f45248a0d5c5ad9a9c3ea400920cbc10996cb85df,140.67525925925926,22.61079377870567,112.9941592532099,0.13757363834422659,0,0,6.2107413381972556,0.14227466416884138,63.995725925925925,49.280113751511585,548.75478888492466,0.40208241103848946,0.23947037037037036,0.016381481481481483,7.2644609598824967,0.69155803292516449,63.986897786458336,48.910589162213611,186.84126430855673,0.39485552087588505,0.23786078559027779,0.015984429253472224,7.2476698193133773,0.68942886376565826
ISIC_0033170,HAM_0001358,nv,nv,True,0,0,0,0.78001570701599121,0.55850538018614149,0.28701498908224554,600,450,600,450,4596ae34d06f9d76f5e6910a84a807d6fbae28373f87df1aafc6cb55b1d26165,a70e0d4f13e1bd80b6d804faea1eb0548b41ddbb9cedf3e1e10ca9f112eb7f38,143.53927037037036,21.074309409735591,38.523250567777772,0.20820599854756719,0,0,6.289219178711571,0.13874450812722378,64.755685185185186,45.320365823980396,445.16900024142666,0.31994509803921567,0.20295555555555556,0.012685185185185185,7.2388936106542721,0.63366765399686587,64.753512912326386,44.980177683231638,165.96869479575091,0.31024305555555559,0.19932725694444445,0.012213812934027778,7.2188213659173481,0.63321157304188491
ISIC_0033190,HAM_0004670,nv,nv,True,0,0,0,0.94557422399520874,0.24811964580657156,0.12750827468936679,600,450,600,450,e2f2771cd423dfd1ef53b6ffa63139bcc58bae6277cca408ea984fb7217e89a8,577752089d5b31b63e6cee255ff4dceb3c6e0b7e3b24c5414641a87664d424dc,161.19584444444445,44.827453482149984,22.146588834444437,0.23831509077705154,0,0,6.149482217821757,0.27126909193823956,65.07116666666667,72.191792329530088,300.02344383950617,0.26045086419753088,0.54308888888888884,0.037140740740740738,6.9056445780863678,1.0415603718923347,65.069803873697921,72.003472821757754,136.02681466366772,0.25486757365706697,0.54511854383680558,0.036017523871527776,6.8879815564838527,1.0450195347030269
ISIC_0033203,HAM_0000879,bcc,nv,False,1,0,0,0.72843438386917114,0.61739383292184313,0.31727766732784202,600,450,600,450,b543d553764673829531784f3a47113f38a60b36598e986c208bb592031903f9,5f17e54fedb3ca969249f7133dd94cc089f1d5cacffbdf9df9038bf9e20568d9,190.8342111111111,21.682324751670738,71.926417640480111,0.16739482933914307,0,5.925925925925926e-05,5.8968026503242994,0.10052435647204418,31.150074074074073,32.310676999138558,165.9866072590398,0.36659288307915761,0.62391111111111108,0.012133333333333333,5.893005639369238,0.9088462519051328,31.155097113715279,32.107982799743908,69.827990546224655,0.35694697095418032,0.62870958116319442,0.011935763888888888,5.8451032717785498,0.90514223729170151
ISIC_0033205,HAM_0001138,bcc,bcc,True,0,0,0,0.46391722559928894,1.0696886671729589,0.5497112329118915,600,450,600,450,5ce296c6e86667add3992a9ecc5767342447a18bed0cb6d7cabb5058f2f46ef2,ffe33ee8f87ba122c308cb54bf5816be52dae5de90e0ef284fe62834b1b23efb,193.64841851851853,15.843232510690651,33.538523882085045,0.075371982570806101,0,4.8148148148148148e-05,5.6950672748101701,0.073882289004431806,67.281192592592589,43.141428198683542,735.14752056839507,0.45643356572258537,0.14277037037037038,0.016448148148148149,7.1426379846537458,0.56738239477475672,67.273796929253479,42.567724981498273,273.40616218906672,0.44779039436955337,0.13608805338541666,0.016181098090277776,7.1087181137419444,0.56608043265457686
ISIC_0033215,HAM_0007494,nv,mel,False,1,0,0,0.50842607021331787,1.1489230935555663,0.59042967328853158,600,450,600,450,978605791367080ad817b742e4c217f676dcdc093b3834395471822a6a63e083,22dbf791f28e963dbb5de19baba6144cfd76fd4e13fd8c37238d93d5c20b9ac7,124.84675185185185,54.076743000328783,14.110830352249655,0.19930907770515616,0.08376296296296297,0,7.2486612320982244,0.42361825748732124,10.818977777777778,31.296744615816742,190.04501387978047,0.39097244734931008,0.92862222222222224,0.013748148148148148,4.2110774623202936,2.5497119939264952,10.822136773003471,31.137263028506911,47.689215699417723,0.39337647548168575,0.93136935763888884,0.012980143229166666,4.22706347010873,2.5523816668436554
ISIC_0033220,HAM_0006372,nv,nv,True,0,0,0,0.74381321668624878,0.58346138551482518,0.29983983885282672,600,450,600,450,daa751213c1ea8c2e12eec0f2c7121f82624dccd6c7688c21af988c766a9cb7e,525091659265030cd42cb578d59fb7921d9e2623dfde2a663702672c25f4f571,179.65443703703704,39.382279634393825,64.626524508628265,0.1978592737835875,7.4074074074074075e-06,0,6.3876733332313833,0.2125173805261365,41.39206296296296,52.438107587648638,202.03665656393696,0.43393362381989831,0.63716296296296293,0.019837037037037038,6.3928506844918624,1.199809167971136,41.381035698784721,52.295016903296279,87.384617555288628,0.42705790866693899,0.64049614800347221,0.019083658854166668,6.3694471223489844,1.1995499643058607
ISIC_0033250,HAM_0006610,nv,nv,True,0,0,0,0.84970521926879883,0.54843026439500664,0.28183740377799804,600,450,600,450,22116c7fdb94fae05c4dc36ddc270af046cf8598f84868a0fb8ec1bbb1250339,53df2bcacd59f5460622f303c8e0c26e1712592d161de8da597cbfde8756946a,159.53937777777779,38.619060700522184,44.038333333113847,0.096456833696441549,0.024381481481481483,0,5.7684812341397302,0.23539292383935312,27.609500000000001,50.323320808124421,121.69774444212618,0.30383054466230935,0.87287407407407402,0.025999999999999999,5.4313119572382371,1.7460828613515047,27.622565375434029,50.219518582227124,54.627821175956427,0.2984432976749728,0.87282307942708337,0.025824652777777776,5.3966620176607396,1.7451519020119377
ISIC_0033269,HAM_0006189,mel,mel,True,0,0,0,0.87032854557037354,0.49184160477827515,0.25275658540403367,600,450,600,450,b842f7819372306c894488dbf6525cb617bfe612b7206849e04761dc81191bca,4dae677dee6168e002716415affe501a8650389e7b3d3001ad3b72494dec3cc1,127.39604444444444,51.469952765539951,147.53657692043896,0.41697790849673205,0.069277777777777771,0.00064074074074074077,7.501155021817377,0.37261738834486002,13.344007407407407,34.324384481222083,335.71933909957488,0.59555222948438635,0.92968148148148144,0.016899999999999998,4.607975892523795,2.3153080848569241,13.346727159288195,34.099303181859646,70.505727529525757,0.5957315282883987,0.92968071831597221,0.01568603515625,4.6207618854735468,2.3183851033418628
ISIC_0033274,HAM_0006330,mel,nv,False,1,1,1,0.66420578956604004,0.64241288383867112,0.33013491612166429,600,450,600,450,77c2497b317ed7f4cc7755ad82faeef5f58a8a1e6fabcb57f1945a712a0ec76a,5ce106b44a1227c4740221c9c68348bab7bb88eb2ae900faae65cb2fc8f46303,156.25686666666667,80.616257694715287,244.56508842447181,0.2979234567901235,0.044825925925925929,0.29159259259259257,7.2006376053381391,0.49968872990323532,60.791648148148148,61.223472446396883,523.41550351912213,0.43740280319535224,0.55539629629629628,0.02,6.9987758206093567,0.90532812410432473,60.796312120225693,60.832390833664704,242.12625347790714,0.4335903990502451,0.55289035373263884,0.018900553385416668,6.9986352156298146,0.90838886649664796
ISIC_0033282,HAM_0004716,nv,nv,True,0,0,0,0.93905377388000488,0.30431293110094348,0.15638591085445502,600,450,600,450,4dfe8bc3e5e2bb6691ed82adeba84f6d679d4fdcaec441780973ae15c8c6170c,bfa6be8223ead1a89967b4534f1ce24ed08bf5052af976f322e52bbcba1f7b04,154.8742,14.802645794186528,16.805050499368996,0.13505310094408135,0,0,5.5493339937901842,0.090601607572404999,49.454929629629632,39.476711162624348,323.74339522895747,0.28301443718228031,0.30994444444444447,0.012962962962962963,6.7764552692687801,0.73260850253877685,49.448398166232636,39.195479497965131,124.82712049377554,0.27012692121119281,0.30888536241319442,0.012912326388888888,6.7450144199292872,0.73024513202554675
ISIC_0033313,HAM_0003362,nv,nv,True,0,0,0,0.95313024520874023,0.21516125220779816,0.11057101085178735,600,450,600,450,cd9ea41142c531f305517fe3abd547a321c29203022f6e58261d187d39150420,10fa20cb5ff5aad194057e385498c612c87205c113f6b42fc4c712f10e520fe8,142.8905,26.788091718115123,50.235507303580256,0.22142954248366015,0,0,6.3937865147200146,0.17700235322337179,57.678266666666666,50.9141570092103,417.56100185611803,0.35741801016702973,0.29870000000000002,0.020614814814814815,7.0616348493677137,0.79538345138244226,57.670369466145836,50.606685670074882,164.63118030333217,0.34797240944989111,0.29899766710069442,0.019524468315972224,7.0388046866703249,0.79471339483287307
ISIC_0033329,HAM_0004586,nv,nv,True,0,0,0,0.88421118259429932,0.4669924077050433,0.23998662421888056,600,450,600,450,0f3172e6b83dec255247aa594b92faef24dad4ce15b833030762b77e9175cf6d,93bf34b780cf8c9eaeee1fd9ff01c1f9d7562791fd929b09abd9f4402b4595be,166.6111925925926,29.275527877455069,41.753699190000006,0.11052470588235294,0.00052962962962962968,0,5.8796864294738125,0.1651255565035793,28.678155555555556,41.284751124511324,120.48585137728395,0.29716367465504723,0.79760740740740743,0.018437037037037037,5.8122250079014117,1.3360927139712861,28.679965549045139,41.160194145894394,56.481986044181717,0.29055779484102667,0.79996066623263884,0.018324110243055556,5.7903132090484037,1.3376996615188768
ISIC_0033356,HAM_0005213,nv,nv,True,0,0,0,0.77100455760955811,0.6271577471591816,0.32229532666945065,600,450,600,450,39a2887c155223ea3bc918328bbcba86cb5c78c326077dcc9bc9ca68d50bed92,d78ebd4ff9ffde42ccd63f2920b5217f720cbb439f0e8070e343a06b38a305b5,160.04528148148148,15.138898192283472,22.489302903580256,0.079160508351488745,0,0,5.4702715282619252,0.088186709849766523,41.420081481481482,34.639828153613571,286.09348067587104,0.59643405954974582,0.39161111111111113,0.012577777777777778,6.4596924280891459,0.75446745744692789,41.412679036458336,34.367452380762003,105.50043533866604,0.58812045760144327,0.39384629991319442,0.012559678819444444,6.4217073393589397,0.75368449594610132
ISIC_0033366,HAM_0000879,bcc,nv,False,1,0,0,0.52504831552505493,1.135223382085577,0.58338941427316016,600,450,600,450,4819cec74e353a613bc3ed437e65274cf62098ce504ed2915262f46132a97079,6eb8ff948b750da3b0e9f9d971ea9787f54189af39a043198de64f501f0efe64,161.62822592592593,37.310622690050728,100.20324687241428,0.20854962962962964,0.010059259259259259,0.00024444444444444443,7.0764285562279676,0.22176979141473599,33.330188888888891,35.988307480314411,77.261406089163245,0.44763128540305008,0.59801111111111116,0.012474074074074075,6.286915474246805,1.0003173398640048,33.325025770399307,35.907642100103352,34.69768408157023,0.44309230962350221,0.60006374782986116,0.012430826822916666,6.2723475343470882,1.0000599858322254
ISIC_0033367,HAM_0006158,nv,bkl,False,1,0,0,0.38985958695411682,1.3401302642570321,0.68869072136122478,600,450,600,450,9357d5a83e4ed09e8b5ec542f4c1ae028c4f6df96f32a1ceacd702e7e28f6851,32bc4d38e624b8a5aa4480901b2d0a4d0f4ca7504606bcd97a7e8197d267adec,134.57431481481481,45.464681240180951,100.10352306743485,0.23903761801016701,0.06805555555555555,3.7037037037037037e-06,6.9939598528135987,0.32529248287232215,8.9380185185185184,30.255080243129019,141.11440761150891,0.5159933478576616,0.94039629629629629,0.012444444444444444,3.6370041487721152,3.0019800713417806,8.9446207682291661,30.125383573342862,37.365969507736558,0.51953194146582249,0.94032796223958337,0.011705186631944444,3.6459199341854713,3.0000250433130673
ISIC_0033372,HAM_0001749,bcc,bcc,True,0,0,0,0.8965190052986145,0.45121193024671097,0.23187706301124034,600,450,600,450,c0f58a06448e93d3b4d0d84422b2811ddfc1df5a463d919244bc8f17360c10df,8dcbedb00cfe68e1b8672459a75b9fba3b7e730f5bc8e86742c7476fc433a3e4,150.00012962962964,20.483435674227923,67.978362518518523,0.26688322440087148,0,0,6.3594272023579714,0.11796168007331108,90.676870370370366,47.450077452048681,751.43004140739367,0.31479872185911406,0.067544444444444449,0.019048148148148147,7.4750242156162718,0.44072033169796659,90.680067274305557,46.904756531296812,273.05209450589285,0.30938484009055006,0.064134385850694448,0.018351236979166668,7.4566396461433513,0.44090312364165252
ISIC_0033376,HAM_0004411,nv,bkl,False,1,0,0,0.79570949077606201,0.63961148861672357,0.32869528376078294,600,450,600,450,feb1698e7de93cf782958397eebf8488b5d414717b5c463e3d77ed3f3aec66e7,3ce278384454c5406a357fe5c025dbc82babfcebacda93542ef22780d9c17eea,157.62012962962962,37.54164865435321,45.380759155432095,0.2325473202614379,0,0,6.5085553074318678,0.22801931516718474,49.783262962962965,54.521023460045669,215.29584042796978,0.27491067538126363,0.4616777777777778,0.021662962962962964,6.7784784425528741,1.0273533181323273,49.787821451822914,54.363671478758803,94.887837181442677,0.26900996455439813,0.4626803927951389,0.0208740234375,6.7644922800819778,1.0313710121311839
ISIC_0033384,HAM_0003002,nv,nv,True,0,0,0,0.77984464168548584,0.53496118034051132,0.27491566380915405,600,450,600,450,959cb8bc694e91f37f96d3dc6bcbedb06c81c9268c2075e06fbcd4933a0e342a,191b30822529d41e5b5e1f55f8255d8169d61721304b6c839fbfe3a042a5ef29,182.61663703703704,36.540933357214698,63.219107199876532,0.16881432098765434,5.925925925925926e-05,0.00013333333333333334,6.0193983651440517,0.19452973085755551,34.083562962962965,47.579697998996011,217.18173604443069,0.38758685548293392,0.79249629629629625,0.020092592592592592,5.9967407544084219,1.3207377685948922,34.070760091145836,47.408234104106263,88.186190876281927,0.37572540083741834,0.79881456163194442,0.01995849609375,5.9314414723371138,1.3247532190375655
ISIC_0033389,HAM_0000268,nv,nv,True,0,0,0,0.56652569770812988,0.78915393161419745,0.40554489733110766,600,450,600,450,4da7c3ae572ae315214acb94a9e689a07497187081a443e6e34bfe3d6e5da7b6,ad2efcf0e6886bd0ab4be5d7dc4e1c1a86e4cb661cc3dcc773a9bc3166b2d8ff,138.82101111111112,34.686043142791313,33.360502070987643,0.12921920116194627,0.016296296296296295,0,6.7021653106182999,0.23686433752266509,32.806503703703704,39.531052162942053,75.287897474883394,0.40081350762527235,0.68795555555555554,0.011144444444444445,6.1958794459874911,1.0902250021464652,32.806172688802086,39.439009027729377,37.444903790950775,0.39822514020799293,0.68821885850694442,0.011020236545138888,6.1882912758110171,1.0857028800388655
ISIC_0033391,HAM_0001186,bkl,bkl,True,0,0,0,0.46059435606002808,1.3463590092359161,0.69189166308091721,600,450,600,450,03d61520661ac777f13c802b26666734ca4329137e035d838a322fd884627e0c,17cc0234dd8dc9bec6d23e7119d43dde03663f795f88474a6cb1050485cea7cb,164.68693703703704,19.521015904701045,45.356073385788754,0.18866466230936821,0,3.7037037037037037e-05,6.2149032036238445,0.10515952790682009,80.105022222222217,43.608545628286222,513.97030349953366,0.5046598402323893,0.07378888888888889,0.016199999999999999,7.2784399980744627,0.4569894865701446,80.101121690538193,43.167011288044456,198.33341385474731,0.50056782641441988,0.069349500868055552,0.015787760416666668,7.2610447383704644,0.4578393082575789
ISIC_0033427,HAM_0001641,nv,nv,True,0,0,0,0.96706652641296387,0.17011568821628401,0.087422170185437686,600,450,600,450,bd679c0a0317defdddf59b8c041a66b7e62dde588f3dbb369fc01c35ac6ccb85,4aed175a09a69bef4054630cd794a31ee3f8fa72d0c8a67ad701ef933d8bddc2,103.81734814814814,64.839511569129186,44.402511344183807,0.40754318082788671,0.26925185185185185,0,6.6976775572296345,0.61480014596413679,65.551303703703709,76.190469690333899,1078.1352999346909,0.35486925199709518,0.60373703703703707,0.028974074074074076,6.773014020916527,1.1200727056939777,65.556769476996521,75.771395710897053,343.13594535821017,0.35153750085103486,0.60305447048611116,0.011773003472222222,6.7296588597838634,1.1229573954582239
ISIC_0033431,HAM_0000206,mel,vasc,False,1,1,0,0.77691417932510376,0.75269123378096681,0.38680677735628133,600,450,600,450,c6b1a30885359f7e1358dc7d1fdca134a14d1ceb1d517d2871290c244d5469be,7256f7e4a5b2a982600fcc215a0e9db74a4e0ea30887fd8fd37494e9af9edc54,151.56338148148149,29.712970565475985,53.75103683950617,0.21921281045751634,0,9.6296296296296296e-05,6.5865779603707209,0.18245620448479183,58.624833333333335,45.096623692808102,203.07754488444445,0.49150913580246913,0.18024444444444446,0.017440740740740739,6.8519366878625645,0.66941142062396575,58.63043212890625,44.879365711052735,97.60528472323476,0.48640634042245368,0.1766086154513889,0.017184787326388888,6.8331455055639259,0.66842925105227768
ISIC_0033442,HAM_0002417,nv,nv,True,0,0,0,0.83035266399383545,0.48675744298497053,0.25014384308611481,600,450,600,450,61c7909c9dd851f3dfd52d56559e2ce58821341f18c84f937a5ae9d324fdc08c,17884915f40b47eca8f58f412bbcc8a96ef48cdab41a1275ccfd370c11ba7500,154.77861851851853,49.222210522874484,55.335444167846354,0.20274214960058098,1.8518518518518518e-05,6.2962962962962961e-05,6.6420035574272758,0.30878793738048088,57.791774074074077,64.597864152577714,322.56396180932785,0.25486149600580976,0.52271481481481485,0.028474074074074075,6.9198270678554117,1.0491434828793595,57.799526638454864,64.398706972975162,132.2981893175546,0.24924800432325708,0.52412923177083337,0.027899848090277776,6.9065338122467272,1.0508708629927088
ISIC_0033449,HAM_0003659,bkl,nv,False,1,0,0,0.43545418977737427,1.1533526703179136,0.59270602544410134,600,450,600,450,c220585eebb0e649428eaadbd6f81e0ec00ba12d9e11d595e2ffe2c57be4804c,854696a6863832fe66c55236dae2b92b6111d96841d0e49001ded624c64afe71,151.76513703703705,21.945776581360676,51.006913144019208,0.21193355119825708,0,0,6.4059411611718859,0.1305092067641036,90.338777777777779,50.590579418638612,676.71386999987647,0.30342094408133624,0.090929629629629624,0.013670370370370371,7.5840769451085102,0.47744473755258687,90.341444227430557,50.119522465392663,245.5042417711222,0.29769380191312639,0.087931315104166671,0.013163248697916666,7.5727960900338722,0.47756127859490133
ISIC_0033484,HAM_0000556,nv,nv,True,0,0,0,0.72274762392044067,1.0068451624584929,0.51741606001042184,600,450,600,450,4552aaa06ba83f3b6e2642f9d5765ad2281d2e376de8126f0ef9fcee74856294,aa6d064617302b1a013039fcbb29220f1d643cae7c5d9e831510a226f7dec11c,166.06941851851852,26.308794184448232,38.690099914389577,0.2196653304284677,0,0,6.4771997247770905,0.15088253645059446,68.192322222222217,53.594827911184737,530.15244719932764,0.3563694553376906,0.20312962962962963,0.02304074074074074,7.2995189667255094,0.72250098049933376,68.187825520833329,53.252644344373572,200.62300321772511,0.34820785356243189,0.19856770833333334,0.022332085503472224,7.2750987535255867,0.72153110440514612
ISIC_0033487,HAM_0005673,mel,mel,True,0,0,0,0.3814510703086853,1.3348025240588903,0.68595280450482299,600,450,600,450,fcc30a87abf736bea819ab5a51f4971ec2f3e268ed04bd6112945956efc651d9,f88e1176cce6206f45c6ed84cfc8f802f6b788d9fe297ac8ffeb9a54531be9f1,136.56465185185186,36.888565499114989,46.084136995541826,0.32403039941902689,0.00073333333333333334,3.7037037037037037e-06,6.9457676968040554,0.25749953256129349,55.235025925925925,54.823392106594447,248.40047393689986,0.28054440087145971,0.4395222222222222,0.019496296296296296,7.0856422568308917,0.89849030237536409,55.24224853515625,54.621201481782208,111.52836095550911,0.27503885506025327,0.44104682074652779,0.019076877170138888,7.0759103728315926,0.89964610034609305
ISIC_0033492,HAM_0002253,nv,nv,True,0,0,0,0.53649681806564331,0.95375067547533054,0.49013089116080244,600,450,600,450,1f066965cbc93f02620a689519435097a4b78a1246a262fa98effd1c979bcfb6,1ecbe2b39ca1576c8da953904c00e31af3678354f3393ba76c5f06757badcfdf,152.68565185185184,36.595562370890754,36.089140432098773,0.24218835148874365,0.0062370370370370375,0,6.551026685272813,0.23031614169528927,31.542259259259261,42.184891881382079,130.51217400097391,0.36824332607116922,0.73179629629629628,0.013144444444444445,6.1530591690142113,1.2250638574818546,31.535576714409721,42.049986253141697,62.14361858294334,0.3619962937431917,0.73169623480902779,0.012993706597222222,6.1357156142058011,1.2216285170708652
ISIC_0033527,HAM_0003259,nv,nv,True,0,0,0,0.80880177021026611,0.56737186939746387,0.29157146319058336,600,450,600,450,c074b8d4c0b94894da5eaaf0ed6ad995ab7763e4ee4682a33d879fffd1961f90,d01af7043ac22584575a1c76b831526947db319947b1707879258035430c8a94,152.06078888888888,20.486215353886195,18.595646510617279,0.15698705882352942,0,0,6.0877041414264523,0.12916241408446857,48.821533333333335,43.8753040468604,234.55338614582988,0.52082393609295574,0.39134814814814817,0.016248148148148147,6.9059321841588535,0.84391900550728727,48.80975341796875,43.706289704604302,84.978073117863616,0.51397505616830064,0.39289008246527779,0.016303168402777776,6.8874341819977474,0.84339913781802722
ISIC_0033531,HAM_0006026,bkl,bkl,True,0,0,0,0.93873447179794312,0.28125505471091061,0.1445365063990505,600,450,600,450,f7ca8d0042d421810ebd55fb666b2c24e518dd4fdddb719b262c5408513d6217,e6bc4a852a4ddc35d16204a721b8888c4463c9c674860d186a8009133c963c40,196.66313703703705,25.968797823180434,96.756488580246909,0.14884267247639796,0,0.085522222222222222,6.5598630459750051,0.12244577982736329,71.358022222222218,50.205647514105586,680.34489114369001,0.33698373275236021,0.17723703703703703,0.022081481481481483,7.3638425567423944,0.63323076074152307,71.357157389322921,49.798303941808719,211.94717972072556,0.3288467041547522,0.17174614800347221,0.021375868055555556,7.3415704716070849,0.63148937591225229
ISIC_0033533,HAM_0001974,mel,mel,True,0,0,0,0.95273500680923462,0.25983715311595007,0.13352988227236184,600,450,600,450,e86a4c7aa9708cfa6b7f9cbe7e82ab1d597feccccf525e5f54d26508dabd338c,fa3e33e520cc0ebd94071633ad503bc44581285493a43db3f54a37ca52e99020,125.0511925925926,37.013998173663232,70.090392590617284,0.29929299927378361,2.2222222222222223e-05,4.8148148148148148e-05,6.9350580448795203,0.28573367267743921,87.829462962962964,60.993167517236429,584.00875814628262,0.29986291938997822,0.16901851851851851,0.021629629629629631,7.6643381253967053,0.63128855007997431,87.832071940104171,60.59677422770114,243.45062430037393,0.29236220149952347,0.16661919487847221,0.020453559027777776,7.6465462871659868,0.63172921776864044
ISIC_0033537,HAM_0001916,nv,mel,False,1,0,0,0.57591849565505981,0.96380160644781632,0.49529604792683563,600,450,600,450,59230dfea6b321408edb6f3edf52c93b8b1f5c5016232da060cfe4ceeceff332,617a6b9e612f1212f0222dd67c1f62ff968eaab6da1d2b63d729ff69e3123fac,156.76445925925927,26.578039148964614,169.02223625842254,0.26521231663035583,0.00052222222222222221,3.7037037037037037e-06,6.5592732569068026,0.15543169233331697,62.255314814814817,44.475587763827562,478.71655866578885,0.40956185911401599,0.22486666666666666,0.014233333333333334,7.1733424718322993,0.65325014750129473,62.246303982204864,44.107457693716043,176.71324962483331,0.40090954350490199,0.2237820095486111,0.013909233940972222,7.1546084963151682,0.65215311009101928
ISIC_0033540,HAM_0000556,nv,nv,True,0,0,0,0.37330827116966248,1.2932090704806001,0.66457799765750647,600,450,600,450,18ca620262aa4ae57c7c93f0ee0914a2f4f94d5d7d611c59005c6550abde96c3,232c41f9bdacaaae1b8046ce92710824ffe54b398151b034f63182897443ef11,160.42159629629629,31.767393851534386,51.089178172784642,0.18189758896151054,0.012607407407407407,0,6.5743265730083014,0.18382079628810294,25.723840740740741,35.619499431733018,41.724210022373128,0.35314034858387799,0.80659259259259264,0.012392592592592592,5.7737915226429832,1.2483827717517502,25.727437337239582,35.557930251464953,22.62587848190724,0.3476521012050654,0.80846489800347221,0.012288411458333334,5.7553568786285725,1.2499076982909041
ISIC_0033562,HAM_0000880,mel,mel,True,0,0,0,0.8681032657623291,0.49056217190705276,0.25209908697233913,600,450,600,450,92e752a42d4acde2ac1cf6a75d74319e41b41e36173959e5ce9e756a4176f029,67f80d1d9bf8bc90d170e1275f62d9449fb62abce3e55e15d8de720b1bad078c,158.92970370370369,30.870186730907495,44.773606836543209,0.25119551198257084,0,0,6.6190592462693258,0.18391659981761865,65.876800000000003,55.000882210944781,444.7156519173526,0.30430665214233843,0.25236666666666668,0.017907407407407407,7.2764309435472496,0.73430531820024059,65.878858778211807,54.661426761640477,183.77804445263783,0.29719677096098857,0.2498779296875,0.017001681857638888,7.261775739195663,0.73479290445129675
ISIC_0033576,HAM_0004442,bkl,bkl,True,0,0,0,0.55706530809402466,1.059658854383996,0.54455692874536454,600,450,600,450,654002d14a54d39613bbbd95052b3439dbb514c4994a39609d7570c9ed16dc5d,cbabc36c6bfeec6b160c15772400178988dde91fb3087463fb80d0fc9cfa70e7,119.55532962962963,44.834084315505571,28.2236559867764,0.2103493246187364,0.079985185185185187,0,7.0801048729898213,0.35414012300082232,11.805181481481481,36.15214902434122,284.55404281172838,0.49247831517792301,0.92481111111111114,0.018962962962962963,4.1230570060825977,2.7683539481217574,11.806315104166666,35.949941079414629,67.861401557186497,0.49158589813963777,0.92478434244791663,0.017612033420138888,4.1392310289643692,2.7667057358079252
ISIC_0033579,HAM_0000394,bcc,bcc,True,0,0,0,0.91255104541778564,0.41791719510085923,0.21476695381014727,600,450,600,450,fe69b0fca4e29a6757b58a0aa6897aeb69fcd0c93e42f61f413f0e44db242fb6,ce86286aa8c50e4d282775f85a33ecf0704c5456d7a2f2aca89db871e4bc87e1,167.16067777777778,33.176583906254812,72.84399546434841,0.16505517792302107,0.0094111111111111114,1.1111111111111112e-05,6.777442396274183,0.18746123619099395,28.13118148148148,33.941244694603,46.924954863525372,0.37791389978213508,0.6981222222222222,0.012451851851851851,6.0191492311066739,1.0915627455293677,28.135755750868057,33.873354782699231,25.411196349395645,0.3715587873604303,0.69828287760416663,0.012396918402777778,6.0001633558305567,1.095025705720869
ISIC_0033582,HAM_0004442,bkl,bkl,True,0,0,0,0.85723870992660522,0.48979905098916326,0.251706920397608,600,450,600,450,01bd5abaacc1a8a5119d67c05807f59b7d2d84ff8f832f21bf7f8460565ea7aa,7df9d889376967cb657cb8b10823942e80de55975157affca39dd87d7bbd3f75,161.46035925925926,32.434288311003577,32.91923299862826,0.19518005809731301,0.0020296296296296295,0,6.8673688014715975,0.18371985370712937,46.726570370370368,45.237184466541045,120.29236533814814,0.33868628903413217,0.44208518518518519,0.013933333333333334,6.8967240824940639,0.84186112304422922,46.720859103732636,45.106460686824704,55.933616448147788,0.33423354204963235,0.44101969401041669,0.013719346788194444,6.8892915720564636,0.84116049850627916
ISIC_0033587,HAM_0004091,bkl,bkl,True,0,0,0,0.77630895376205444,0.70537275918722953,0.36248989169909462,600,450,600,450,d912edf9425359f80e572524ddf2cb4839ba76222349f85c24d275f004878abb,47a71e028d8cb9113c62692290d49912ee85ebf59b741cdc92c37b0e7d55181b,140.45422962962962,42.13691837638796,57.360096361796977,0.2857142628903413,5.185185185185185e-05,0,6.7973291025636318,0.28854148449983047,57.357948148148147,55.156067586819091,276.1627419433608,0.27738296296296294,0.44235185185185183,0.018996296296296296,6.9923691391420713,0.88211470400230774,57.341240776909721,54.97942147318799,100.21345445771276,0.2692219254238154,0.44842529296875,0.018310546875,6.9679745405416149,0.88473795877498462
ISIC_0033620,HAM_0003807,bkl,nv,False,1,0,0,0.89706879854202271,0.40881643589406524,0.21009008873946958,600,450,600,450,2fa1b75da1a55d900c704773db74477352b3ba8a2fd220a6fdfd1fc47c59a05b,637a40ed7e77c4e0cae1fcc9238bf112c10f8fdd755a1e1ba7e532f76b8b7651,152.99627407407408,19.714887611266853,55.167921986817561,0.16721199709513437,0,0,5.8042519146206066,0.12224810493552785,63.815970370370373,51.47912636801383,679.68062048373099,0.48381321713870734,0.24754444444444446,0.016859259259259258,7.1965600382896149,0.7529718593971908,63.813096788194443,51.062069619235565,241.16099631933517,0.47552702993089602,0.24201117621527779,0.01605224609375,7.1619039857135016,0.75243226045599154
ISIC_0033628,HAM_0004508,nv,nv,True,0,0,0,0.94470477104187012,0.24474458340493413,0.12577383571577086,600,450,600,450,51ece1885c7ca1c76ed54dd95cb45c5f7e97b370b45a703623b5a24abebf14cb,1710631cc24fcd8386ae5e8f7b909c192f324404e4a1ee1e6b289cf02e3929b5,148.50317037037038,29.294276604835343,28.069514613978061,0.18906139433551197,2.5925925925925925e-05,0,5.8461114349161676,0.19239918702633815,43.336822222222224,52.336985318912845,234.25962202469137,0.47518370370370372,0.56667037037037038,0.021899999999999999,6.4410336399861423,1.1507810332614656,43.329264322916664,52.174402904145367,98.762395589256002,0.46831919019778045,0.56959364149305558,0.021328396267361112,6.4128784894695743,1.152560189510095
ISIC_0033634,HAM_0001905,nv,mel,False,1,0,0,0.68679678440093994,0.67571062333393095,0.34724656925293812,600,450,600,450,ad2982d1cc62d1a4680fa4d6cc53042a80bf88a16e1e60cf41163908f1fa064d,1621d871d613adf3eb926422ca3c5757c57fa72231adede1dcdae804db0014fd,184.55967037037038,32.413604748318768,59.882655514060346,0.22209163398692811,0,0.0037666666666666669,6.5676153607837717,0.16639130830551019,82.138533333333328,58.340586987079902,742.93201268537723,0.44658332607116918,0.16045185185185185,0.022022222222222221,7.5511831075507274,0.6493349068401153,82.134412977430557,57.897039348798828,275.2255312170787,0.44096009497549021,0.15552435980902779,0.020473904079861112,7.5178490533576374,0.65062971209680254
ISIC_0033641,HAM_0003259,nv,nv,True,0,0,0,0.84165143966674805,0.45066658509306085,0.23159681104076019,600,450,600,450,957e400555dcc0ce45164076b38df0c991bdd33cc909f657d1a125c52adeab50,6fb179cebbc75153eb9f9432d9d111af17475e318ffab88f984e68561c693545,151.12699259259259,24.361587225398228,17.332591721481482,0.18462033405954975,0,0,5.7726659117622052,0.15709029988346651,46.482092592592593,50.660996298843422,239.04015682566524,0.50524563543936096,0.49442592592592594,0.01957037037037037,6.6962035543914773,1.0422730559354676,46.472073025173614,50.49201047684474,96.515504324141858,0.49823798551538673,0.49753824869791669,0.019002278645833332,6.6678450114435739,1.0395999074076621
ISIC_0033665,HAM_0002582,nv,nv,True,0,0,0,0.51190429925918579,0.714406818492897,0.36713247980114716,600,450,600,450,48aa27c438b0e8cbad5863a029f925bc5a870f0ab8ee087624c2b2afe3250a98,9625f00503165a8e8f078333088490d2b78ade0951c3626c6a2c2329aec266e5,125.09771481481482,48.223536630449445,48.489794316817559,0.22969901234567899,0.060077777777777779,0,7.1867057778123975,0.36824853687829645,10.03588888888889,28.352801692945729,144.20937125135805,0.51334839506172847,0.94325925925925924,0.010848148148148148,4.1942898478266724,2.467645769382405,10.038594563802084,28.205361580091914,36.220067340466706,0.51265334584354572,0.94334581163194442,0.010111490885416666,4.2036556459958678,2.4749932831298787
ISIC_0033674,HAM_0001358,nv,nv,True,0,0,0,0.59980183839797974,1.1226136978209931,0.57690931843178461,600,450,600,450,cdba66708bd4f4e07947777fa0271356c4d39ace1d5b25f693beae9e6b7d7ffe,5b221bb7cf0a3bc4c937b5de47a23c11a566158014b3fe607434b1896ad5ebfc,126.34646296296296,46.003389211783634,38.451364562469138,0.22801755991285405,0.076837037037037037,0,7.0751832309420326,0.35217129328568325,10.370533333333332,33.766699701815583,207.04658908607681,0.50181594771241833,0.93238148148148148,0.016518518518518519,3.870159496327044,2.9222646154053504,10.375135633680555,33.60315527630857,48.786634159998762,0.50373239953533488,0.93241373697916663,0.015509711371527778,3.8821563009562672,2.9194361857419948
ISIC_0033676,HAM_0003659,bkl,bkl,True,0,0,0,0.40172278881072998,1.2403080957886743,0.63739227445358171,600,450,600,450,7acb830d2ef77089f0722ac7c67a0e1fe719ce5ab38d43e9d9b3158d10ad18c1,2598c17fa02959237cece1dadd0949aaac8c52b998616577a21ddd22635746aa,153.16702592592591,22.120302106956665,50.844055199780513,0.20759812636165575,0,0,6.4529973797658924,0.13027254397009888,86.37263333333334,48.223127999213396,568.37229489677634,0.30326974582425564,0.093137037037037032,0.012307407407407408,7.5118820821560313,0.47657666099172807,86.372395833333329,47.806022689539809,208.03338908247744,0.29792983111213234,0.090481228298611105,0.011854383680555556,7.5007332204892094,0.47748560367345405
ISIC_0033680,HAM_0001641,nv,mel,False,1,0,0,0.53916609287261963,0.72067486551180582,0.37035361877406003,600,450,600,450,45c762c129cf7110ddd2ceb774b77584453adbf1ec706d3873a92057f2da7e9b,ad51725fe43326867de3e38c70067c26fe2704543eb3d22e29c7bc0bca6e6947,114.94385555555556,51.686132673709693,55.956253126529511,0.29784531590413943,0.12481111111111111,0,7.22888030717644,0.4293275310907671,15.556277777777778,40.95175439913757,557.32954664471879,0.41077413217138709,0.87887407407407403,0.023011111111111111,4.4574224755341438,2.3889346704101517,15.559821234809029,40.631542468382499,120.16085103370341,0.41007963026790578,0.87862820095486116,0.021518283420138888,4.4734554608905555,2.3865871122987041
ISIC_0033696,HAM_0000176,mel,vasc,False,1,1,0,0.70846545696258545,1.0167683089942345,0.52251554856623161,600,450,600,450,60ccff90c9d082df7bd3155ebc31d54e32cf3d4157ac9087150b8e24d5aab567,920afdd0d0eaecedb6b4ff9da31980548cd6a6e0f7ee33e35f99dccd0aefaad5,112.18607777777778,36.832357667639386,29.897924788148156,0.31058000000000002,0.0083962962962962958,0,6.9276721900990417,0.31893910277520798,55.456885185185186,53.110672712060037,213.45681721788753,0.44790823529411766,0.46365925925925927,0.013192592592592593,7.0520795802105729,0.88230394133296119,55.459764268663193,52.934156245948344,95.094254224342706,0.44441883361417484,0.46497260199652779,0.012966579861111112,7.0401675114054392,0.88141670694121432
ISIC_0033706,HAM_0003993,nv,nv,True,0,0,0,0.66461825370788574,0.70413100285194652,0.36185175517676554,600,450,600,450,f22e1ba68838826a957d4fee85c94d9c90a034e5706fdf8fe2560ab65d79e295,e32c1686851768d225e6a134bafc7b7699a400c8231aa7b49cc1d616c995e93c,161.43393703703703,24.21085382823852,39.749951340891634,0.21090877269426289,0,0,6.1208591493740769,0.142435653984232,56.675114814814812,49.079258664917987,457.68273986962953,0.30803295570079881,0.25879999999999997,0.021937037037037036,6.9187513692718818,0.78821582017404213,56.668938530815971,48.748962604999136,176.61785414773559,0.29794453805827886,0.25524224175347221,0.021138509114583332,6.885482500781702,0.78756172147896697
ISIC_0033742,HAM_0006628,nv,nv,True,0,0,0,0.69052332639694214,0.63020794604776709,0.32386281882219281,600,450,600,450,2c5764a260b249367a340f1fe596e9fc19f164a77c02474b0427bef120b9e742,fe7b3c90c09d62777cc8159fba1e87f156ab1251cf1b553e8b543af4d0c6f30c,127.83886666666666,42.297822977565659,100.85164005858709,0.29374190268700073,0.058514814814814818,0,6.8045013864176678,0.31800509734168136,38.286000000000001,51.415567144015242,319.96759623471871,0.52287949164851133,0.73636666666666661,0.018548148148148147,6.2142635677888141,1.2207463951444273,38.292778862847221,51.147348882239896,140.01761202969485,0.51738613685491563,0.73724365234375,0.017381456163194444,6.1881984427489849,1.2261629377100824
ISIC_0033750,HAM_0002660,bkl,bkl,True,0,0,0,0.57554167509078979,0.99671557000933186,0.51221047924191687,600,450,600,450,44e62b4853bebbc27173470ce46da9de33ae371af9bb19f7ad782ef07751e08b,98321d7de0b175d5685aebcd8a01dfd0125c134d98bc8618a2846587d221c8ed,139.34657037037036,29.027902797657173,198.5831181178464,0.23809436456063907,2.2222222222222223e-05,0.00010740740740740741,6.6289574994904399,0.19301252862800017,83.61752222222222,51.57054502769202,871.1139434348421,0.46955234567901233,0.078914814814814813,0.019659259259259258,7.4137930683028639,0.51783583666747957,83.622734917534729,50.895267615718531,350.59864716392786,0.46302498212826798,0.072821723090277776,0.017829047309027776,7.3871053760868515,0.51971508932503352
ISIC_0033796,HAM_0004411,nv,bkl,False,1,0,0,0.85411703586578369,0.45893392984022807,0.23584538580212869,600,450,600,450,d66a97e415c4b2340702529942e61a1ecd09d0d677134d0ac74d25c5d2e77915,4ff7f7370828da937929a987b63d69d89bd7d4c7aaf4ea333bb46f11e00eb7d8,150.44162962962963,45.280772392434066,24.178551664074071,0.26818615831517789,0,0,6.775002982424482,0.2928251034741548,60.497722222222222,62.443011428767669,179.47714424360768,0.25967050108932466,0.43536666666666668,0.0224,7.1022428043291406,0.98319887132921902,60.508511013454864,62.300906490042763,96.771789233947629,0.25531559032032952,0.4342380099826389,0.02178955078125,7.0924394573907303,0.98342072275659242
ISIC_0033797,HAM_0004205,nv,nv,True,0,0,0,0.92309069633483887,0.2775764251838399,0.14264606478289646,600,450,600,450,303f3fe49714cd054a45e5034763f3ee9eccaa490c0c7ee7178b3aeab1f7e970,faae3082ae4ec27383e0b47edbaeb19ecb46690fe6e28a6a0ed93cd3fbacd04b,229.88607407407409,25.614045599914764,53.953727819533619,0.11632528685548293,0,0.79603333333333337,5.6829499591773427,0.10515142650895998,29.472214814814816,39.640443505551474,230.96718927209878,0.46871199709513439,0.73670740740740737,0.014714814814814814,5.9547043364068202,1.2439833961182711,29.466593424479168,39.449568170185081,87.188005525204858,0.45168403841571353,0.74605305989583337,0.014499240451388888,5.8924081073544023,1.2413255128632834
ISIC_0033799,HAM_0001912,nv,nv,True,0,0,0,0.98782479763031006,0.066703919747200011,0.034279033787650966,600,450,600,450,5c6e3515c2d5a13423a4fa15005ac8c9fe41a0ccb57c9292efee687f5eb894a1,8f0b81e799ac5151b7c2b59943cd85ed5bfa1725242c0a4c80f04bbd64128df0,163.7388,20.407377490542029,17.808959173648834,0.10900514161220044,0,0,5.3718806994244632,0.11695538241747101,28.819296296296297,36.631135687103992,80.805013115171462,0.2541735076252723,0.72284074074074078,0.014988888888888888,5.8067197688293284,1.1691138296941677,28.821370442708332,36.516059108535622,44.112769925851886,0.24571780535130719,0.72671169704861116,0.01483154296875,5.7816114259162683,1.1703811495404866
ISIC_0033807,HAM_0001974,mel,mel,True,0,0,0,0.90442830324172974,0.39190987340368977,0.20140183430049502,600,450,600,450,f9eadaa5cddb36752aff160d90a30babcc8add3ebb6fb131284094fd248428ec,eebbb7631b34205c6bab87e45f3ff929ec675b1091ec1a77cd27996fe5239618,158.14024814814815,36.227887468867699,55.223773209862827,0.22101588961510529,0,9.2592592592592588e-05,6.5924347829621581,0.22196379946098535,62.686285185185184,56.022608809567068,365.26968171455417,0.33078928104575162,0.3016962962962963,0.016174074074074073,7.1656927739054463,0.8369388275590347,62.687120225694443,55.746544760471082,157.16047600739537,0.32313532943559364,0.29966227213541669,0.015170627170138888,7.1457026352083055,0.8349128619547741
ISIC_0033817,HAM_0001249,vasc,vasc,True,0,0,0,0.81890636682510376,0.62267136979584015,0.31998978477918433,600,450,600,450,30aff6e9fd33293a2d8ba5e38a839680e3f093e9a46394526deb4afafa093b7f,d86019f0ad11c06fbef202e95f534cf4c7acb21820c3512e883c2ccf08b234ac,175.78765555555555,20.987871687835852,26.095090138545959,0.23166244008714598,0,0.00035555555555555557,6.314093872850667,0.11295552839721526,68.192011111111114,41.419900323930293,355.44069318430735,0.43165237472766882,0.14762962962962964,0.010518518518518519,7.1784100600617498,0.54164628593809938,68.185635036892364,41.127608339478314,126.00813217792246,0.42749996808619284,0.14434136284722221,0.010369194878472222,7.163426852942262,0.54225503903649053
ISIC_0033839,HAM_0005194,nv,mel,False,1,0,0,0.52609211206436157,0.69605458761152561,0.3577012987724234,600,450,600,450,bae77337d75a65a4c434db1c8576914e8447ac9ffc67ff3d17fd9b987d2bb77e,8569db31e7af25aa1c14e15488e2c71e3012d102531cf83e55482bb33ee8bcbc,227.15437037037037,30.913710840610833,46.217386777928681,0.097839578794480755,0,0.71166666666666667,6.0196418464197468,0.12485273903322203,21.342470370370371,36.325103134734825,57.411364737654317,0.40613966594045026,0.87144444444444447,0.013596296296296296,5.4144078179548103,1.537684647178611,21.34271240234375,36.241694902607783,30.193360705020623,0.39834021607775055,0.87295871310763884,0.013475206163194444,5.3875031452300828,1.5330496848793931
ISIC_0033858,HAM_0004207,nv,nv,True,0,0,0,0.79635715484619141,0.51057860865146099,0.26238550063543947,600,450,600,450,9b66c7c4609c8a0fc5a0dac0bb08b9f2bca9c8dfa820d48bf9134f0f2e8e1d9b,62df78f88981afc7f61df515b1316b372007d1c3520dda29345937ca2a60dba6,203.18395925925927,37.024343439676031,64.230491107805207,0.21399748729121279,0,0.27808518518518516,6.6256511482575569,0.17611719234907014,39.581825925925926,46.568183233867217,203.58524722796983,0.37450955700798838,0.63253333333333328,0.014792592592592593,6.4710601680803279,1.1152131047751863,39.577670627170136,46.421728067143526,78.618371534080779,0.36396832767395149,0.63760715060763884,0.014797634548611112,6.4382467747374621,1.1148578272758076
ISIC_0033869,HAM_0000462,akiec,mel,False,1,0,0,0.48715662956237793,1.0424931774659376,0.53573551583151968,600,450,600,450,4a02659814e82bbf68573a3941e1c3642ce246f7c759a42683bc498311b41b85,a0408f120d273976bccf34b2254c54b53c38af260b028a40b9edd845d4a9a5c6,171.97890740740741,14.088649605094533,28.398062928888894,0.24881449527959332,0,7.4074074074074075e-06,5.8251702914503545,0.075547032175042925,106.85357407407407,53.071121604287825,1339.274903347037,0.33340485112563545,0.058592592592592592,0.020177777777777777,7.7158717619379162,0.41818821290143704,106.85282389322917,52.240229696491646,479.83437437021439,0.3239177230136846,0.054572211371527776,0.017123752170138888,7.6924464101945791,0.41734840028850306
ISIC_0033875,HAM_0004582,nv,nv,True,0,0,0,0.68525016307830811,0.65129594939403468,0.33469990878572747,600,450,600,450,0d34e0d8237580c9188185bff33e9702e46b5a8629c1d5a1b157de3123bc1afb,3c2a12d964df11b01b0587ff7510d8af9fed1ec389534f092eb5fe81877861d9,166.10165925925926,23.420950707895557,37.806603009259263,0.10368033405954975,0,0,5.6517451089988757,0.1314872583557786,35.198829629629628,39.943671358466737,169.32057777580243,0.42382560639070443,0.5928296296296296,0.017974074074074073,6.1331931157608732,1.0304440911491732,35.183071560329864,39.781983457839594,73.410879393372639,0.41701359634565632,0.59986707899305558,0.017937554253472224,6.1019611570530863,1.0300386924380354
ISIC_0033924,HAM_0006026,bkl,bkl,True,0,0,0,0.95735633373260498,0.20864231388039423,0.10722093925132382,600,450,600,450,bc567bae44042ee69d1031b8a5e146b04ffcb56d20f17d4c1c536b89fb2db69e,ce6071314c641ba0d2e76e92bef0692eaecb6802f1ab11eda308bd18b6d46c26,166.30904074074073,26.270430943719035,61.87076513135802,0.17645044299201162,0,3.7037037037037037e-06,6.451039393604705,0.14859758526012504,70.454722222222216,49.536658198534084,521.23929254209872,0.30371408859840232,0.13313333333333333,0.026388888888888889,7.2282615133156396,0.64473505236053164,70.449144151475693,49.19303579220847,177.21948931499583,0.29583918419798477,0.12845865885416666,0.025193956163194444,7.2103075016570077,0.64257968952895839
ISIC_0033925,HAM_0000206,mel,mel,True,0,0,0,0.54849720001220703,1.1020954496212143,0.56636502469358718,600,450,600,450,b80683ca3e0569d14eccf64abf5837eed3ce066d37a7785bb4f6540b384d63b5,fba0a59e1014f1bc7a5ab4b43249b98a008988226a594a578f6650365b79a5b3,131.29515185185184,38.898121351083368,38.420111974965721,0.22372954248366014,0,7.4074074074074075e-06,7.0514125047563398,0.28263530342945525,74.333911111111107,56.749066753947154,233.17240460838138,0.34692400871459694,0.1867,0.019266666666666668,7.423480244176857,0.69021957418474411,74.334296332465271,56.552264842630521,112.37012326381642,0.34172129246663946,0.18385145399305555,0.018710666232638888,7.4138051336928328,0.69235076151902253
ISIC_0033931,HAM_0005490,mel,mel,True,0,0,0,0.91967374086380005,0.38706239300462764,0.19891072215874714,600,450,600,450,945d3aa17bbf326c18cb0d2cf51747d97893b28dfb3268ee0c3c1a4ff0a65ccc,ec4ea836a42dc4e8c9bc1278e8554f3338bf3a12a98a35d4a54c83a7fdcc3467,144.77711851851851,23.025412807511699,108.58529355246912,0.31917718228031949,0,4.0740740740740738e-05,6.4959800297918973,0.13978003015931995,80.927077777777782,43.095649399496473,671.88506109518528,0.31283082062454609,0.074451851851851852,0.013825925925925926,7.2917622262400101,0.43881274353945149,80.926723904079864,42.551220893744379,235.75372596356414,0.30534279684095861,0.07012939453125,0.013407389322916666,7.269519481685462,0.43933436346887328
ISIC_0033948,HAM_0001641,nv,nv,True,0,0,0,0.87581044435501099,0.38510078100848,0.19790265300555424,600,450,600,450,5f09ebc8be3f5ac271bd740c45a31933ef6f24313b03341e2691913d39bb61dc,818c923a586f6776952536a2545d80ebf33de65892e4f4042e94f33409aa368f,152.16284444444443,60.669173820460792,65.871090940891634,0.26148467683369647,0.11325185185185185,0,6.7428754203490495,0.39005541001707456,45.512937037037034,67.92787637037263,363.31139613924552,0.38262774146695716,0.7619259259259259,0.046940740740740741,6.2400601565330378,1.4381195842638932,45.513346354166664,67.733445550138512,145.05328187010724,0.3791338486349401,0.76266140407986116,0.046535915798611112,6.2200990687979747,1.4388430569952149
ISIC_0033972,HAM_0006158,nv,nv,True,0,0,0,0.94439899921417236,0.29019650801034064,0.14913150442800413,600,450,600,450,1f1db0936fba32d6d4493aadda71bd49d653cce3951ce27ddd922ab0d41fe977,5d2130feede59572f601ae41a86021f75566c150a2d7929a9c00afa5ff9d5700,148.49971851851851,15.488772035898375,54.153847747037034,0.23102220769789397,0,3.7037037037037037e-06,5.9315000148815358,0.091799113243127645,100.64859259259259,52.026583250160407,1679.0850328839367,0.32646862745098038,0.057844444444444441,0.020359259259259261,7.6494609855118156,0.42141489253039216,100.65058051215277,50.874418038890802,648.80681666506484,0.31618806593818083,0.048800998263888888,0.017829047309027776,7.6120080311219915,0.42126458883877915
ISIC_0033980,HAM_0003602,mel,nv,False,1,1,1,0.83694052696228027,0.47270198954931819,0.24292076886427785,600,450,600,450,e01cfa8ce5e31b6df716e42529d1590765fef035fa2806577cc857117c208949,adac088d69f49498a6cfa2a787f8075f31963b79edd0c52d42742c7dfdc4de05,148.02558148148148,21.930278266521483,48.122104492167352,0.24528371822803194,0,0,6.2145867563558363,0.14065866958658949,53.953099999999999,43.54014465623991,351.77132614319618,0.33124123456790122,0.29542962962962965,0.016703703703703703,6.9631187852686303,0.73505147844261409,53.949842664930557,43.220638672844871,148.00222359317135,0.32097210520492919,0.29673936631944442,0.016208224826388888,6.9399043083370504,0.73175018604641262
ISIC_0033986,HAM_0003602,mel,nv,False,1,1,1,0.77861988544464111,0.55121925358118418,0.28327066069766182,600,450,600,450,fc095726bbbb0ec502323f9a40c148d7abee49e13fbcfcc269b329ccbfe4a9ab,2bf98343c2b1aa113a0e6b5aae24ff6bc2f66c58f8027bb24e28033d152f660e,148.91659259259259,29.004727818012395,86.416181335953368,0.25382447349310094,3.7037037037037037e-06,0,6.2036873654582481,0.18792776027127384,54.336203703703703,53.170764387848841,616.84815801644731,0.30350448801742919,0.3608703703703704,0.021600000000000001,6.8498916627270567,0.89299688066936034,54.33660888671875,52.733361192538041,246.48005310579401,0.29007677398216231,0.36210123697916669,0.020589192708333332,6.8043142273516155,0.89474520967671178
ISIC_0033988,HAM_0005961,nv,nv,True,0,0,0,0.97585457563400269,0.12838440015907698,0.065976530427884428,600,450,600,450,dbf5979d7001feec7c8a9c652b7cdb5554cf7c7f2d49f520ca901c4c283ca5c5,3822f1ed0e68fc9094122c4555d83d7c78f88695ce348792a166c7c6204bdc91,158.946,20.572968301651095,29.839851725432098,0.17508447349310094,0,0,5.5926925582346323,0.12360666013939169,51.681344444444441,48.397309262211031,450.2016749127024,0.2824796078431373,0.33904074074074075,0.021418518518518517,6.7920401622879201,0.87206380215450774,51.673604329427086,48.060233851903504,182.85185833256924,0.2688685066040305,0.3365749782986111,0.020758734809027776,6.7498824163184645,0.87190574152676437
ISIC_0033993,HAM_0001948,nv,nv,True,0,0,0,0.89205718040466309,0.35074328821909084,0.1802463944131065,600,450,600,450,7e685cd256cb213fd47cf62bf8625eef5cde3da8d6468862cbf125fcbb80a8eb,d2d030936c3dfbfb79737c720126b28d7b37d2370464a9fc0d04d8f41974b148,198.96625925925926,41.159437899819302,60.056570341344305,0.12355272331154685,0.00017777777777777779,0.19041851851851851,6.5246789242715444,0.19963210346842802,33.10719259259259,49.228723534733305,112.33187029320986,0.43216082788671023,0.74653333333333338,0.023629629629629629,6.0254290348367308,1.4060826673452151,33.100775824652779,49.126854141011236,54.404879805482473,0.42466314976511438,0.74771457248263884,0.023356119791666668,5.9971986112081161,1.4086388890973378
ISIC_0033995,HAM_0005673,mel,nv,False,1,1,1,0.54721486568450928,0.80177103573788477,0.41202880622577714,600,450,600,450,e836235b996a35ecad9c65d0573864edd0ddd095f6a8156fdace7eee684aa136,a87d5ce207ed200422232015ef87311cc77c45e8d96d81d10fd9bfbc5e2cba18,138.471,26.054812232704371,42.192592560987656,0.21450849673202613,0.00052592592592592589,0,6.2103033946153241,0.17322365720681193,48.783392592592591,47.238265010805129,251.02769256953366,0.31865192447349311,0.41938518518518519,0.017285185185185185,6.8511587541466143,0.85520630713093526,48.783420138888886,47.01653800048355,109.36098078550933,0.31234569674223855,0.42228868272569442,0.017001681857638888,6.8324571090848565,0.85378770957525274
ISIC_0033998,HAM_0005213,nv,nv,True,0,0,0,0.85148870944976807,0.43350561894422335,0.22277781898340918,600,450,600,450,159c0c599651e32707920eb3b28cb56e1e4add231d14eb596e7abab7f18b69f7,399b34e4d7234340740742cde787d0cd3b0d4313eef4365280c1e5effba142f6,137.53914074074075,19.90574217923356,13.847014427654321,0.12856326797385623,0,0,5.280206617036117,0.14024158475305892,38.567877777777781,45.408733048299517,197.56244782216737,0.50352201888162673,0.60509629629629624,0.019462962962962963,6.1888027192844701,1.1090500498288438,38.55816650390625,45.247643142751599,85.673628517828973,0.49608066533905226,0.61219618055555558,0.019422743055555556,6.1395931434019042,1.1113596990323038
ISIC_0034008,HAM_0006610,nv,nv,True,0,0,0,0.93301641941070557,0.30703269624136342,0.15778359365175185,600,450,600,450,cb2b2535dbd9d5c4f9287c8cd5e988c1743faf8ea8e79a996a54b0e22c53b37f,21d65128a0e7c37fc4b8a880162fc7880b94f1e6385c8fc03644eb29a1f2002f,168.89777777777778,23.231981681283802,43.987551340891635,0.077678518518518522,0.0083555555555555553,0,5.3560623208294933,0.12795218318662857,17.884751851851853,32.147287128406333,59.316062937599433,0.262141452432825,0.9516444444444444,0.012037037037037037,4.9341417590487007,1.6149545164003805,17.899759928385418,32.061544717651223,31.103624117043282,0.25399933193763619,0.95210774739583337,0.011962890625,4.8912462318866954,1.6228879605978508
ISIC_0034014,HAM_0003993,nv,nv,True,0,0,0,0.64499938488006592,0.75951094863232138,0.39031141751382686,600,450,600,450,72e5d8d1dcd7ab2dbb53ecae04940a42bb4d18583bcf0c489b6f7ae619957f83,9e698fef9c9577cf9439dab2fe56b27ed4e89a674cea48fdad587dbe0d37bae0,156.01766666666666,30.919261031009516,38.055255044595341,0.25622216412490922,0,2.2222222222222223e-05,6.6110731992993896,0.19149511269489325,71.896951851851853,58.489461282175988,526.534809632867,0.2610815976761075,0.22754814814814814,0.023166666666666665,7.3754987133444061,0.74946540731783362,71.891879611545136,58.160912710205274,205.50212625147384,0.25091728260314544,0.2225002712673611,0.022393120659722224,7.3483347887117461,0.74961316962742119
ISIC_0034017,HAM_0000067,nv,bcc,False,1,0,0,0.43184378743171692,1.5503445506020852,0.79671949465638769,600,450,600,450,d9bdbaf92674697a4a1c9598900bcec2cf32e5043d2048c214957a6877f1b100,c1c8c502276099bdc9de4797cd5e9b63064c0aa238c77dd20bcebf82eae53847,171.39468888888888,25.756332380950994,33.291004479780526,0.35538862745098038,3.7037037037037037e-06,2.5925925925925925e-05,6.596526831375197,0.13852073026243583,63.94825925925926,45.339915011677263,214.97801420673525,0.52062515613652871,0.21335925925925925,0.011711111111111111,7.203006266210382,0.62524533819628114,63.954474555121529,45.142394682978626,84.954031086584294,0.51711609285641336,0.21082221137152779,0.011698404947916666,7.192494817862773,0.62684708596457284
ISIC_0034063,HAM_0002596,nv,nv,True,0,0,0,0.82187777757644653,0.51366292930257529,0.26397052790538389,600,450,600,450,21c898d1b77b09a1194e3a175de2cdc1e7ff0c04482be81e7bd96e2c07d9ba24,619a5e5316209d16b0f42ae53f01de5a0b85c1cedb5681d50fa3093fdc3a81d0,140.13364444444446,37.632643019643872,93.615004599163242,0.19640335511982571,4.8148148148148148e-05,0,6.3107499301797638,0.25745252779121369,57.765918518518518,57.510734250296061,465.27892607467766,0.27478711692084246,0.34560370370370369,0.021700000000000001,6.8802879336508376,0.89813494140656058,57.77288818359375,57.172775505792814,196.66611249869072,0.26688735064338237,0.34449598524305558,0.020134819878472224,6.8538139372462954,0.89980482215485458
ISIC_0034066,HAM_0001749,bcc,bcc,True,0,0,0,0.99550348520278931,0.03503733196937215,0.018005626820119022,600,450,600,450,f0cef4728d934eca0476fb8360847b617188c6787aef25b5d8323e280de505e7,af3929005768df963098f58b74b04c5189d8ed14186f95fd91100267aaab5863,140.23861481481481,25.706418639445811,47.909054548134435,0.34984946986201887,0.00011851851851851852,0,6.6863744625215844,0.1691504086448011,88.820548148148148,50.501065672616299,513.35397143484238,0.32297302832244007,0.081562962962962962,0.016277777777777776,7.5570632907742024,0.50347910420751718,88.827752007378479,50.123265216777838,202.22418887950019,0.31795776633135892,0.078240288628472224,0.01519775390625,7.546341141385895,0.50471391385634445
ISIC_0034095,HAM_0000394,bcc,bcc,True,0,0,0,0.98975580930709839,0.072841069829085045,0.037432905041606068,600,450,600,450,e1e7ae8fb924c94212797aea656e881ae3d495fbcbad4a0c9c4eb6641ca62e6d,d5263abb3baa80a8e6e5b94e995bc0bd268a147854a197151ca41049bae79713,186.88425555555557,27.477205898058866,51.763184580246914,0.14627436456063908,0,0.019333333333333334,6.6620563883484927,0.1368285110696921,64.484785185185189,48.856549335312806,308.42984682072699,0.28313622367465507,0.23752962962962962,0.015525925925925926,7.2869704619739331,0.67661185057889928,64.485602484809021,48.624302331190961,121.72812959436834,0.2728405522365196,0.2358669704861111,0.0152587890625,7.2687862360319571,0.67650929624466061
ISIC_0034110,HAM_0000268,nv,nv,True,0,0,0,0.31361064314842224,1.5278070783591364,0.78513752502953205,600,450,600,450,ad3ebeac6ecf0edc494216619fd9cf7e1616dfe84ae6ef5365d7885bf1c31cad,7244c6fda25b16b82935bfc3b9998d08f85f97b022bf3cff36fd10ac48f1dc5c,151.49188888888889,33.319243479732968,39.390589617283958,0.15557240377632534,0,0,6.5874583448380717,0.21004555060617067,47.701240740740744,44.624287838880178,233.92588696558298,0.41669042846768339,0.40938888888888891,0.014381481481481481,6.8071367016712268,0.85287910974126269,47.700222439236114,44.392760761940004,105.48114547887704,0.4128762371919254,0.4100070529513889,0.013943142361111112,6.7973932161813551,0.85398729461850442
ISIC_0034127,HAM_0006628,nv,mel,False,1,0,0,0.59497451782226562,0.78739614152644977,0.40464157191878014,600,450,600,450,f132fd8dbb3f91bc9b25338cca4e35b0ef5bbc73db1615d09ec243387c9da7f2,bc64a76b9e9d1853208014e19995385c7ecc884b2cefd73960bf3829f40c4b34,153.58708148148148,39.910123589933058,190.87054348113855,0.2113472040668119,0.023633333333333333,0,6.8415690621312271,0.2493118816458143,34.285714814814817,38.468470403601223,227.01320319274345,0.38286185911401599,0.64512222222222226,0.011644444444444445,6.1140805280468014,0.95811670847670982,34.289265950520836,38.162579637736364,120.93880206843217,0.37721683942674289,0.64676242404513884,0.01092529296875,6.0935999381511365,0.96465602605688994
ISIC_0034132,HAM_0003466,mel,mel,True,0,0,0,0.59137797355651855,1.0516870045268669,0.54046020831816544,600,450,600,450,1aec24f411482444cb25dac9081136da5c5732df7ea6397b6b0adf5e99ccacc8,6b79eddb3212e9e1167c029380d6ca71263186567d74ffbc8200d6ad7a91dcfe,117.0742037037037,44.098761985175628,36.890143727283942,0.22193307189542485,0.082477777777777775,0,7.0059468384798755,0.35819640782166362,12.903570370370371,38.452252323289684,400.1970268439506,0.50743742919389989,0.92326666666666668,0.021351851851851851,4.1735297040769535,2.7138622788718183,12.908182779947916,38.207843441453562,85.386096834952468,0.50777566614753533,0.92327880859375,0.019599066840277776,4.1912712150293903,2.7105290125532244
ISIC_0034143,HAM_0000394,bcc,bcc,True,0,0,0,0.99629896879196167,0.0277407530045495,0.01425592698512667,600,450,600,450,f920ffb6bb3a4816f1739378adefb55bab698d3a47760e0f87cf13ee067b4df5,233c894dd2ec4a66abf6768e6ad30eb2f90e219ec391625fde49c0bdb535b57c,171.98851851851853,22.932998415465239,47.48966951987655,0.25391488743645607,0,3.7037037037037037e-06,6.3836108475413118,0.12478404103177511,69.643640740740736,49.443406974676861,573.91434524554177,0.34643183732752364,0.17216666666666666,0.016851851851851851,7.3161104629397968,0.62931757778660835,69.645033094618057,49.019817769906773,221.21839312155859,0.33575239991830069,0.16750081380208334,0.016167534722222224,7.2906292362434399,0.62813605094252967
ISIC_0034153,HAM_0000067,nv,nv,True,0,0,0,0.61965858936309814,1.2095760263635411,0.62159911491841369,600,450,600,450,aff1fc53affa24d3ce4f88003b8d43b90eb461bfdca8543c03a7b8e97f4eac89,26742f759a4f42a63c1696df7fee998329488bfea0543454d03c5749b34d4a1c,134.41698148148149,16.10691743963023,20.980021337229086,0.29852283224400872,0,0,5.9865432894071144,0.10975921741683529,89.517648148148155,45.06892038688261,549.83641146654327,0.41196779956427015,0.072551851851851853,0.013818518518518518,7.418904316158943,0.43064853239183198,89.520792643229171,44.674898385419795,172.23510486696975,0.40640018105766612,0.070210774739583329,0.013529459635416666,7.4042898094161718,0.43037316778441459
ISIC_0034166,HAM_0004063,nv,nv,True,0,0,0,0.87902522087097168,0.38698225009940457,0.19886953685260031,600,450,600,450,3334027e75d4b1014070cd9d79b4fa03dc0478d5a9572796dec530d176e1d8e5,480ca95546c4c9c4088aa68d8e871847b76679cade31f5ee3b0349e14f79bb71,182.45382962962964,21.251771380650094,27.184840330192042,0.16555103848946987,0,0,5.3457809620481234,0.11049025192423043,25.733525925925925,37.388711196043914,136.80142166249655,0.33734535947712418,0.87937037037037036,0.015996296296296297,5.4205450430309146,1.3397730846581528,25.741522894965279,37.246437343068173,58.44587468397286,0.32211068346609478,0.89021131727430558,0.015909830729166668,5.3335029378213674,1.3353323816967426
ISIC_0034181,HAM_0004587,nv,nv,True,0,0,0,0.81750208139419556,0.4847168759379949,0.24909519906317967,600,450,600,450,09bab2c3dd454e5af6c906c00d5bae891ac04ad2a55d142e6ac7cefecc67e09d,8e66e72a59558dafd2ae8600445bcab9d9516ef2b4bc2bac77678adf156b4c78,163.38117777777776,27.299089928221708,29.33156893037037,0.10404544662309369,0,0,5.5982335592897341,0.15854762904994824,30.847892592592594,44.818081342115299,135.25217671764057,0.38456239651416119,0.77876666666666672,0.021029629629629631,5.8536116951940302,1.3304691920584633,30.837883843315971,44.698545674793337,59.124636835108198,0.37805404496868189,0.78243679470486116,0.020731608072916668,5.8261538112115705,1.3323181389748615
ISIC_0034213,HAM_0005194,nv,nv,True,0,0,0,0.6584784984588623,0.74604277374493455,0.38339014476445282,600,450,600,450,7615291a54127321760af4c4880d2ee702c400fb286606a1b5d296983e18a31f,9ab12f39c94cdf90de0cbc7dc7dc9b7f241d8f5942f32f0e580e96e0d1d58542,229.03117407407407,37.94217181779635,36.310565598888886,0.11331536673928831,0,0.8317444444444444,5.7644464254241292,0.15658136291768412,24.277225925925926,42.935950677734027,60.448729364595351,0.34035114015976764,0.90396296296296297,0.017618518518518519,5.1833583437421451,1.6210130619208736,24.278666178385418,42.865172694287743,28.861253526061773,0.335174600439134,0.90477159288194442,0.017578125,5.1661013222661794,1.6330195548042523
ISIC_0034217,HAM_0003310,nv,nv,True,0,0,0,0.77978533506393433,0.53564794707202423,0.27526859209407323,600,450,600,450,f5538cf5db6fd2ace2f875ae84906463d82e76559e51fdfae104ce0611bbcd8e,f1c106d3d5dd6bdb1e451a847538e1792cd0a353dca7cb0a10416d2e63072f3e,141.66229999999999,29.441437782655932,37.31143324772291,0.22314829339143066,2.2222222222222223e-05,0,6.0799283252274687,0.20098625676107645,47.832988888888892,51.716844378538312,290.08535891246908,0.44752936819172112,0.49682592592592595,0.021181481481481482,6.7085977991931074,1.0187219423758855,47.819512261284721,51.523650169836984,114.97846534733237,0.44139268663194442,0.4997829861111111,0.02099609375,6.6850869111159081,1.0192713050706612
ISIC_0034226,HAM_0001905,nv,nv,True,0,0,0,0.56768965721130371,0.71855106268703894,0.36926220002289217,600,450,600,450,f1559bf2fc4b826d91c252dfb8811356e45d5f6017e89f32ee2b988cde5dacea,93cc349f3295612128974591799f7566c692fac23391f8c54eccbb2d20495b56,183.29364074074073,22.910092089728089,100.74254632406034,0.085529092229484391,0.00014444444444444444,3.3333333333333335e-05,6.2343347569554126,0.11454338755266466,53.828170370370373,44.244936271730488,389.43879577765432,0.37788146695715319,0.31072592592592591,0.0092925925925925919,7.0019248987187668,0.73777598868194694,53.818162706163193,43.964707016317092,133.67509286892084,0.3681250744655501,0.3107571072048611,0.0083279079861111119,6.9720440856968731,0.73814579246110656
ISIC_0034244,HAM_0006121,nv,nv,True,0,0,0,0.95074719190597534,0.21714113814002015,0.1115884709504374,600,450,600,450,161eac6ba2f2c343a7e11602488056e74162acee7d8cff0d998540ed285ea074,31b70a3838d9ac12a086ff9c7e10ce3cdbd6a41503b49895c3effd0ca1a06e60,157.77300370370369,28.656633555872222,51.119670355432099,0.1224874945533769,0.012477777777777779,0,6.0390446199380765,0.17108299254835646,26.35532962962963,39.104791552133207,82.043807380850495,0.24335204066811911,0.85571851851851854,0.017748148148148148,5.483653351817213,1.3766566998741692,26.371066623263889,39.006132657120979,42.771287667484572,0.2369133178444989,0.85818142361111116,0.017205132378472224,5.4564127640648907,1.3835574488614291
ISIC_0034253,HAM_0006097,mel,mel,True,0,0,0,0.98036092519760132,0.11230002949172667,0.057710799003872451,600,450,600,450,9d2666825214aca9b0bf849c22e473d78faba233f4a485b281a99ab27ff8b89f,421813d50c46219ea8b0476ce839a9c2670c61934e7a44d8d62ab2ef91c850b6,145.04507037037038,50.273688595109185,153.83703785871057,0.26643148874364564,0.0016037037037037038,0.00051481481481481484,7.1455377246729199,0.33228102915328461,80.569670370370375,64.496381622039763,470.71793693805228,0.30790007262164121,0.23579259259259258,0.02395925925925926,7.5669112781893331,0.74011255954055466,80.574618869357636,64.198806704523349,195.0657423480333,0.30312492021548204,0.23277452256944445,0.02178955078125,7.5536093919707072,0.74111118955051114
ISIC_0034260,HAM_0004705,nv,nv,True,0,0,0,0.57668519020080566,0.90762925527169636,0.4664291697704161,600,450,600,450,c9104afecb42527f864dead6b4fb761c5114bfac3f92cec922d2f4c893aa788f,7673351718f80340ee5acdddd1265adbe3a8262a2af506044d87198a83ce142b,151.17259999999999,31.761229247528725,23.350114812496567,0.24015856209150327,0,0,6.3492877984121581,0.20523486899025314,44.878696296296297,49.94825489336889,242.59659626851845,0.44137096586782865,0.56025555555555551,0.017188888888888889,6.6160108339719468,1.0512621828617772,44.866624620225693,49.762288523195913,103.43770299060846,0.43502933942674293,0.56361219618055558,0.0166015625,6.5923114516106036,1.0516467592352445
ISIC_0034272,HAM_0002329,nv,nv,True,0,0,0,0.97313618659973145,0.16609838347032446,0.085357683935694942,600,450,600,450,14118b30a3ca6713ed530d28ea130816b4742b8730a83a22b4b5452cbad646f7,61cb6f325519022c176b2b6359a623bd7c9f236b3f64ed06e739349bc1bef07a,169.8288,13.509171157950986,24.421543524266117,0.10930806100217864,0,0,5.4636179415348751,0.071995541237235297,51.942370370370369,33.805123065778879,400.09752078451311,0.33454036310820623,0.19317037037037038,0.012385185185185185,6.6003461584444514,0.55591476429498088,51.942721896701386,33.371197593297374,163.17587162535867,0.32515087252348857,0.18263075086805555,0.012369791666666666,6.5577243246158394,0.55779977149947435
ISIC_0034279,HAM_0000556,nv,nv,True,0,0,0,0.81587100028991699,0.60453750671986795,0.31067082260368217,600,450,600,450,8857a5b348dca7528b35c33fc3193fc110f2687e19fd7a879dad13df584be0c8,9aaaadb3e20f75c7c93020a44fe258b79868cb1da7d11708cc0b538b0d709b0f,163.11716296296296,22.425479528861114,42.132273856296294,0.19402193173565721,0,0,6.2197789910622419,0.12893971066681348,61.262611111111113,47.63359981883184,501.26085923945129,0.41027199709513434,0.2146888888888889,0.020829629629629628,7.0978208518170289,0.71132614904185731,61.252597384982636,47.275939137010916,182.14136380578083,0.40261624072372004,0.20930989583333334,0.02069091796875,7.0694406287165341,0.70907574960656672
ISIC_0034311,HAM_0007124,nv,mel,False,1,0,0,0.65528446435928345,0.66422065217811754,0.34134189212208937,600,450,600,450,f5476885458fc23ad432c797c60d7e23c04e9baeda8137da07e785a85939630f,cbe44b87efba9d8f54e1f46894875ea11c46f15e7ddba24d595db2cbea3cf9a8,166.0924037037037,34.432947487350731,69.556888272373115,0.22880004357298472,0.00017407407407407408,0,6.6268697835414354,0.19751596039132349,47.876300000000001,46.299498419157374,254.08640167043893,0.34471381263616563,0.44174814814814817,0.014233333333333334,6.8439735094735088,0.8789513458742817,47.871690538194443,46.092283285352487,104.03561853185111,0.33813194657203161,0.4427218967013889,0.014105902777777778,6.830563612517869,0.87922233892607771
ISIC_0034315,HAM_0000754,bkl,mel,False,1,0,0,0.57590222358703613,0.96646155815883261,0.4966629927019105,600,450,600,450,e25e8ee4c0537a27490dc42a57e298bdcc74199d3d48d6774b0243bb563ff343,a2531dc9a90bf18f7f6f3e3f21c8c41eaf155c71684421d053b80e74f15b16eb,143.35889629629631,36.714350319383712,113.57281996987653,0.229900639070443,0.020651851851851852,1.1111111111111112e-05,6.9489918206813428,0.2365099346702314,20.545318518518517,33.158046310371915,33.914480446076823,0.44094586782861295,0.84230370370370367,0.012151851851851851,5.45711017386291,1.448733216467448,20.5491943359375,33.110777126264473,16.230801003766643,0.43799508952886712,0.84328884548611116,0.012193467881944444,5.445498154469151,1.4498467581981276
ISIC_0034318,HAM_0000344,bkl,bkl,True,0,0,0,0.79520630836486816,0.61833676839108587,0.31776224030244749,600,450,600,450,b2726384929d1ad63925ad68edbe5d0e346aafb4d21e7632f1ac116ad1a6038d,fedb68c90e53f61d6fa37c75bfedc1e6696bc25b49c7daee8c55f399ec4d098d,156.37468518518517,38.893671768098663,72.12881882024692,0.18434264342774145,0,0,6.2171431275232907,0.24318274014886632,51.425737037037038,61.636351616297731,477.65732509617283,0.36557359477124185,0.6098703703703704,0.026744444444444446,6.5796120290318338,1.1243319878526414,51.409274631076386,61.345386718142109,190.38809591527155,0.35521280126633986,0.61996799045138884,0.025709364149305556,6.5205908734398532,1.1253303166405249
