domain,image_id,true_label,predicted_label,correct,source_condition,source_width,source_height,native_width,native_height,native_aspect_ratio,model_input_width,model_input_height,confidence,entropy_nats,top2_margin,p_mel,p_akiec,p_bcc,p_bkl,p_df,p_mel,p_nv,p_vasc,brightness,contrast,sharpness,saturation,dark_pixel_ratio,bright_pixel_ratio,entropy,illumination_variation,rgb_mean_r,rgb_mean_g,rgb_mean_b,rgb_std_r,rgb_std_g,rgb_std_b
HAM10000,ISIC_0024308,nv,nv,True,Phase 4B processed HAM JPG; model Resize(384x384),600,450,600.0,450.0,1.3333333333333333,384,384,0.9070603847503662,0.32403451144512974,0.8172492384910583,0.08981114625930786,2.56696166616166e-05,4.265397728886455e-05,0.00291246036067605,5.20570065418724e-05,0.08981114625930786,0.9070603847503662,9.574748401064426e-05,52.916469997829864,58.89937688780153,156.29802096547724,0.33154677181202347,0.6142374674479166,0.018073187934027776,6.785688525676851,1.0657321563366504,46.58234320746528,54.12483045789931,63.32818603515625,51.86424285199716,61.67415787818994,66.57009337661825
HAM10000,ISIC_0024309,nv,nv,True,Phase 4B processed HAM JPG; model Resize(384x384),600,450,600.0,450.0,1.3333333333333333,384,384,0.907558023929596,0.43248859749880847,0.8640765063464642,0.04348151758313179,0.0016587595455348492,0.018927961587905884,0.0008099952829070389,0.009360875934362411,0.04348151758313179,0.907558023929596,0.018202845007181168,66.22432454427083,52.15004151147928,204.66152413520547,0.3516382952920752,0.15803358289930555,0.0255126953125,7.061807426862863,0.7373339211738708,64.9776611328125,64.66407606336806,77.52990044487848,48.57139748156582,55.12531803660826,52.79839749000785
HAM10000,ISIC_0024355,nv,nv,True,Phase 4B processed HAM JPG; model Resize(384x384),600,450,600.0,450.0,1.3333333333333333,384,384,0.9158715009689331,0.30977110770286376,0.8358435481786728,0.08002795279026031,0.0002797457855194807,0.002507999539375305,0.0007938147173263133,0.00012365248403511941,0.08002795279026031,0.9158715009689331,0.00039527605986222625,24.03509521484375,41.9280663852034,44.50700547845092,0.5043982279326661,0.8861355251736112,0.013387044270833334,5.237378127258423,1.6333079257990557,21.72423638237847,23.388834635416668,33.53710259331597,40.96573003730378,42.52929745025729,42.69127906856784
HAM10000,ISIC_0024356,nv,nv,True,Phase 4B processed HAM JPG; model Resize(384x384),600,450,600.0,450.0,1.3333333333333333,384,384,0.7186188697814941,0.8174733191298147,0.5196493864059448,0.19896948337554932,0.01767680048942566,0.0011912311892956495,0.06285356730222702,0.00036047774483449757,0.19896948337554932,0.7186188697814941,0.0003295033238828182,49.458279079861114,40.05783201092104,170.75325089840243,0.5274666713473584,0.3061455620659722,0.015184190538194444,6.6082807299075474,0.7287794613871702,63.955912272135414,44.342549641927086,37.753261990017364,38.59454568469827,42.445556592988865,43.113849543121
HAM10000,ISIC_0024359,nv,nv,True,Phase 4B processed HAM JPG; model Resize(384x384),600,450,600.0,450.0,1.3333333333333333,384,384,0.9890567660331726,0.07734495587397201,0.9853764383587986,0.0036803276743739843,0.0005578211275860667,0.0007565175765193999,0.0034912764094769955,0.0011878469958901405,0.0036803276743739843,0.9890567660331726,0.0012694054748862982,59.709147135416664,58.44816879261593,206.58387946857164,0.3044553536475354,0.3886786566840278,0.021769205729166668,6.974967009550355,0.9144601362051606,57.01209174262153,59.475443522135414,67.99785020616319,53.994761487790896,61.22804539170509,59.29158661997678
HAM10000,ISIC_0024363,nv,nv,True,Phase 4B processed HAM JPG; model Resize(384x384),600,450,600.0,450.0,1.3333333333333333,384,384,0.7620195150375366,0.6456063240192361,0.544972762465477,0.21704675257205963,0.0019641011022031307,0.0016865598736330867,0.004725457169115543,0.0010657795937731862,0.21704675257205963,0.7620195150375366,0.011491828598082066,59.26582166883681,49.27955717920272,76.66134428518055,0.4917492702376089,0.3302341037326389,0.013604058159722222,7.258877338715753,0.7897048058757319,81.53546820746527,50.17744276258681,47.66480848524306,59.79433136968041,47.03585134968354,47.69473250058102
HAM10000,ISIC_0024367,mel,mel,True,Phase 4B processed HAM JPG; model Resize(384x384),600,450,600.0,450.0,1.3333333333333333,384,384,0.7804486155509949,0.5923539659329662,0.5756600201129913,0.7804486155509949,0.0003861770674120635,0.0014460753882303834,0.0009102487820200622,0.011502722278237343,0.7804486155509949,0.20478859543800354,0.0005176321137696505,51.074300130208336,39.662911883774065,139.50519314224343,0.3219164879493464,0.3091837565104167,0.01007080078125,6.792291199037837,0.6881678636339693,43.08649359809028,54.39067247178819,54.954569498697914,36.249104700079755,42.45340579371533,42.045546820234414
HAM10000,ISIC_0024369,nv,nv,True,Phase 4B processed HAM JPG; model Resize(384x384),600,450,600.0,450.0,1.3333333333333333,384,384,0.9138460755348206,0.3307333963077243,0.8356923460960388,0.07815372943878174,0.000423958757892251,0.001150190713815391,0.0012077460996806622,0.00101108243688941,0.07815372943878174,0.9138460755348206,0.00420722272247076,57.51532660590278,54.35211901358609,240.4543917340537,0.35015432985260075,0.3102484809027778,0.026604546440972224,6.870749510496116,0.8839160499597875,57.89404975043403,55.08854844835069,69.00616455078125,52.108596720515116,55.94076995352191,55.82354786602946
HAM10000,ISIC_0024385,nv,nv,True,Phase 4B processed HAM JPG; model Resize(384x384),600,450,600.0,450.0,1.3333333333333333,384,384,0.9411298036575317,0.3049637587798656,0.9121849723160267,0.02894483134150505,0.005498651415109634,0.015353729948401451,0.0026331343688070774,0.0032010769937187433,0.02894483134150505,0.9411298036575317,0.0032388102263212204,54.544169108072914,38.61508564608494,293.7946042880232,0.399597327537786,0.2090115017361111,0.014356825086805556,6.7645456415188665,0.6295185771100927,68.24711100260417,48.143527560763886,51.54774305555556,41.972572354235204,38.73853387834534,40.124658919049715
HAM10000,ISIC_0024387,nv,nv,True,Phase 4B processed HAM JPG; model Resize(384x384),600,450,600.0,450.0,1.3333333333333333,384,384,0.6950239539146423,0.7409139159179717,0.4244387745857239,0.27058517932891846,0.0008330878335982561,0.0013897203607484698,0.030194347724318504,0.0011725497897714376,0.27058517932891846,0.6950239539146423,0.0008011727477423847,29.552476671006943,32.56844213278879,59.805040299892426,0.305703635620915,0.6736382378472222,0.010918511284722222,5.908977966154845,0.9322013032865829,28.628926595052082,28.681016710069443,36.53777398003472,31.89942523290413,32.8031749627695,36.858342223780156
HAM10000,ISIC_0024390,nv,nv,True,Phase 4B processed HAM JPG; model Resize(384x384),600,450,600.0,450.0,1.3333333333333333,384,384,0.9459392428398132,0.2825511319471044,0.9203525874763727,0.014468914829194546,0.008369877003133297,0.00296404049731791,0.025586655363440514,0.0010343972826376557,0.014468914829194546,0.9459392428398132,0.0016368986107409,72.81143527560764,53.42853251020569,217.8027137572659,0.3255698476222086,0.13175455729166666,0.01885986328125,7.26004530015377,0.6814742124272524,80.40641954210069,67.74985080295139,78.94404432508681,48.12676163317884,56.394284171789515,56.49352758072417
HAM10000,ISIC_0024399,nv,nv,True,Phase 4B processed HAM JPG; model Resize(384x384),600,450,600.0,450.0,1.3333333333333333,384,384,0.9812920093536377,0.11964798285721673,0.9740656362846494,0.00035454813041724265,0.0005545238382183015,0.005307619459927082,0.007226373068988323,0.003826670115813613,0.00035454813041724265,0.9812920093536377,0.0014383253874257207,48.388651529947914,47.35222752022964,125.95951079144889,0.313303536475354,0.3956434461805556,0.017659505208333332,6.670414375604795,0.9226502026074341,47.89994981553819,47.01531304253472,56.73200141059028,42.97567044646506,49.591136973398086,50.454794496171914
HAM10000,ISIC_0024451,nv,nv,True,Phase 4B processed HAM JPG; model Resize(384x384),600,450,600.0,450.0,1.3333333333333333,384,384,0.9952933192253113,0.03279860366115795,0.9912574365735054,0.004035882651805878,1.695095306786243e-05,8.18217231426388e-05,0.00019628011796157807,0.0001894995366455987,0.004035882651805878,0.9952933192253113,0.00018619760521687567,79.24078369140625,59.472020968204134,363.4707289591523,0.3204854196452887,0.19968668619791666,0.024787055121527776,7.542787263376358,0.697446785127601,88.67891438802083,74.64550103081598,78.12944878472223,55.62939544755953,62.237707339414655,59.88247785211866
HAM10000,ISIC_0024456,nv,nv,True,Phase 4B processed HAM JPG; model Resize(384x384),600,450,600.0,450.0,1.3333333333333333,384,384,0.9914743900299072,0.054961790453761275,0.9844749933108687,0.0069993967190384865,2.7195246730116196e-05,3.130153345409781e-05,0.000685127277392894,0.00038058668724261224,0.0069993967190384865,0.9914743900299072,0.0004019796324428171,66.67947048611111,44.224385905089605,338.3406723269986,0.5093034598822167,0.0899929470486111,0.018242730034722224,6.874651464130122,0.6033677822949381,93.13477918836806,54.67548963758681,59.09374321831597,43.11646700302392,45.666061869213905,50.98384660784737
HAM10000,ISIC_0024465,nv,nv,True,Phase 4B processed HAM JPG; model Resize(384x384),600,450,600.0,450.0,1.3333333333333333,384,384,0.991557240486145,0.05711075478801729,0.9861931158229709,0.005364124663174152,2.77339404419763e-05,1.688732299953699e-05,0.0019254042999818921,0.0008510620682500303,0.005364124663174152,0.991557240486145,0.0002575393591541797,88.28708224826389,56.78303201999956,482.28997649045465,0.26087399152369284,0.047037760416666664,0.023776584201388888,7.344784884210698,0.5977054103986618,95.93152533637152,84.09958902994792,89.79798719618056,53.86554381023733,59.41308391967502,56.20018521706227
HAM10000,ISIC_0024478,nv,nv,True,Phase 4B processed HAM JPG; model Resize(384x384),600,450,600.0,450.0,1.3333333333333333,384,384,0.7950319051742554,0.6650495772676479,0.6327207833528519,0.1623111218214035,0.011838429607450962,0.022009367123246193,0.0037178583443164825,0.0019175310153514147,0.1623111218214035,0.7950319051742554,0.0031738481484353542,34.01561143663194,39.64433228802609,80.06701372711012,0.34169937831903596,0.65411376953125,0.017740885416666668,6.007787517206547,1.0872681074188233,33.116739908854164,34.30535888671875,34.878940158420136,39.384627732559565,39.70125318803621,42.93972677963416
HAM10000,ISIC_0024497,nv,nv,True,Phase 4B processed HAM JPG; model Resize(384x384),600,450,600.0,450.0,1.3333333333333333,384,384,0.5332955718040466,1.0290904776735663,0.17665371298789978,0.35664185881614685,0.026890447363257408,0.0026186779141426086,0.07859286665916443,0.0005752471624873579,0.35664185881614685,0.5332955718040466,0.001385347219184041,37.28276231553819,56.03336812839966,78.63152665005606,0.3834531962741694,0.8048502604166666,0.018486870659722224,5.984265065476693,1.4124746456243729,37.80604383680556,36.76837836371528,38.605448404947914,52.3453565812362,57.97866389064223,58.24877977206645
HAM10000,ISIC_0024509,nv,nv,True,Phase 4B processed HAM JPG; model Resize(384x384),600,450,600.0,450.0,1.3333333333333333,384,384,0.9940846562385559,0.04163468254462464,0.9900433286093175,0.0013634598581120372,2.472995220159646e-05,0.004041327629238367,0.00014682848996017128,9.554311691317707e-05,0.0013634598581120372,0.9940846562385559,0.00024350183957722038,45.471476236979164,47.59350776664641,179.883000585584,0.39025844332958876,0.4768880208333333,0.020107693142361112,6.533157302875334,0.9589522661900909,53.409213595920136,40.690097384982636,49.26057264539931,45.55401949295477,48.609859346656584,51.235288780957966
HAM10000,ISIC_0024516,mel,mel,True,Phase 4B processed HAM JPG; model Resize(384x384),600,450,600.0,450.0,1.3333333333333333,384,384,0.7894724607467651,0.5683076545592857,0.5898625701665878,0.7894724607467651,0.004754351451992989,2.9830354833393358e-05,0.005145701579749584,0.0008786080870777369,0.7894724607467651,0.1996098905801773,0.00010911489516729489,73.55904134114583,58.211939814539754,195.6884256630308,0.3373805093869145,0.2184719509548611,0.023396809895833332,7.46730747610654,0.7210837893501216,83.18587239583333,70.45207383897569,64.30353461371527,56.45055414730369,59.64726202101757,58.36371258317765
HAM10000,ISIC_0024519,nv,nv,True,Phase 4B processed HAM JPG; model Resize(384x384),600,450,600.0,450.0,1.3333333333333333,384,384,0.5880436301231384,0.778584673641176,0.19632208347320557,0.39172154664993286,0.0023021248634904623,0.0014378217747434974,0.01424061506986618,0.0011919961543753743,0.39172154664993286,0.5880436301231384,0.0010622559348121285,43.321133083767364,38.911395449949985,78.64538570613037,0.37354114008884803,0.3880343967013889,0.015177408854166666,6.493735479808339,0.8127308237982828,52.08311631944444,39.50653076171875,39.97566053602431,40.390741467575374,38.83443803740552,39.76692276841449
HAM10000,ISIC_0024523,nv,nv,True,Phase 4B processed HAM JPG; model Resize(384x384),600,450,600.0,450.0,1.3333333333333333,384,384,0.8817902207374573,0.4114320592316987,0.7753379866480827,0.009046376682817936,0.000563541310839355,0.0005613442626781762,0.10645223408937454,0.001240541459992528,0.009046376682817936,0.8817902207374573,0.00034583418164402246,110.83619520399306,56.370454762747336,453.32518037141847,0.23199510761335784,0.0627102322048611,0.019429524739583332,7.7844997019617725,0.4710571621892422,106.45562065972223,111.63521321614583,118.20503743489583,51.032766787692026,60.33501667287356,58.21073850849392
HAM10000,ISIC_0024532,nv,nv,True,Phase 4B processed HAM JPG; model Resize(384x384),600,450,600.0,450.0,1.3333333333333333,384,384,0.9633013010025024,0.19537691530018086,0.9381451457738876,0.004522379022091627,0.00031198817305266857,0.003983198199421167,0.0008398301433771849,0.0018852080684155226,0.004522379022091627,0.9633013010025024,0.025156155228614807,61.380879720052086,42.61316566312416,352.38565353768655,0.3681262180436411,0.1331515842013889,0.018839518229166668,6.826864759790661,0.628444570220253,73.224609375,56.253560384114586,56.722866482204864,43.89565171933062,42.864885092121334,45.41600411784988
HAM10000,ISIC_0024534,nv,nv,True,Phase 4B processed HAM JPG; model Resize(384x384),600,450,600.0,450.0,1.3333333333333333,384,384,0.9448792934417725,0.22568246398536704,0.8920393101871014,0.0005541337886825204,1.5904863175819628e-05,0.00012907259224448353,0.0528399832546711,0.0009859228739514947,0.0005541337886825204,0.9448792934417725,0.0005956611130386591,71.13578287760417,52.25984369983307,228.0694071539666,0.36951617072610293,0.2816636827256944,0.014967176649305556,7.358141455588745,0.6974238251350345,73.79557291666667,66.32627360026042,88.92964002821181,49.24564367691212,52.74494966322381,62.33527799704825
HAM10000,ISIC_0024541,nv,nv,True,Phase 4B processed HAM JPG; model Resize(384x384),600,450,600.0,450.0,1.3333333333333333,384,384,0.9470826983451843,0.22699568787655974,0.8996531292796135,0.04742956906557083,0.00026236468693241477,0.00011328329128446057,0.004967407789081335,9.803851571632549e-05,0.04742956906557083,0.9470826983451843,4.66733290522825e-05,29.36172146267361,40.42324588885806,65.36943899260626,0.26492369408700983,0.8491889105902778,0.018398708767361112,5.474453965712252,1.28610714454182,29.88653564453125,28.718648274739582,31.35065375434028,38.000715160005605,41.44378789812665,43.485374601195204
HAM10000,ISIC_0024545,mel,mel,True,Phase 4B processed HAM JPG; model Resize(384x384),600,450,600.0,450.0,1.3333333333333333,384,384,0.6796776056289673,0.8690257807833044,0.4976359158754349,0.6796776056289673,0.0016265519661828876,0.0010750851361081004,0.13436026871204376,0.0004490383144002408,0.6796776056289673,0.1820416897535324,0.0007698307745158672,62.836588541666664,47.62145533905225,163.08861024139662,0.4918670321861383,0.14324951171875,0.015272352430555556,6.882404593261613,0.6497864741395861,48.7760009765625,67.29087320963542,76.78012424045139,49.08779683558497,47.942681680374456,57.645635408094435
HAM10000,ISIC_0024559,nv,nv,True,Phase 4B processed HAM JPG; model Resize(384x384),600,450,600.0,450.0,1.3333333333333333,384,384,0.976805567741394,0.12002586376672635,0.9559196978807449,0.02088586986064911,0.00033284196979366243,0.00011148810881422833,0.0016019181348383427,6.554047286044806e-05,0.02088586986064911,0.976805567741394,0.00019681757839862257,69.63017442491319,67.83142503567822,232.86764008795592,0.284934395850354,0.4285007052951389,0.027621799045138888,7.104914227517135,0.9084760438192933,64.46406385633681,70.61593967013889,78.09859212239583,63.23739744136186,70.37357956113064,71.35412231348955
HAM10000,ISIC_0024560,nv,nv,True,Phase 4B processed HAM JPG; model Resize(384x384),600,450,600.0,450.0,1.3333333333333333,384,384,0.6720492839813232,0.726756109903438,0.36255455017089844,0.3094947338104248,0.00376872974447906,0.0010084138484671712,0.010294613428413868,0.0015618618344888091,0.3094947338104248,0.6720492839813232,0.001822438556700945,43.67378065321181,41.70801552417862,71.80630429801934,0.3881841256467865,0.4558648003472222,0.014377170138888888,6.711061818901873,0.8634083725265089,53.49132622612847,39.91663953993056,37.27740478515625,42.81455626859304,41.807056889799355,41.76124761402278
HAM10000,ISIC_0024584,nv,nv,True,Phase 4B processed HAM JPG; model Resize(384x384),600,450,600.0,450.0,1.3333333333333333,384,384,0.8271302580833435,0.5655152299773929,0.6958752870559692,0.13125497102737427,0.00026270453236065805,0.0004005765949841589,0.03984525054693222,0.0005978235276415944,0.13125497102737427,0.8271302580833435,0.0005083581199869514,44.05200873480903,43.59595400773496,205.38863616519504,0.3790178685406454,0.4711574978298611,0.014594184027777778,6.3871517450537425,0.9029732358976655,44.43054877387153,41.47808837890625,56.332926432291664,41.87152396937073,44.6047876912644,45.98488969354801
HAM10000,ISIC_0024587,nv,nv,True,Phase 4B processed HAM JPG; model Resize(384x384),600,450,600.0,450.0,1.3333333333333333,384,384,0.7198347449302673,0.7253095954540236,0.47276128828525543,0.2470734566450119,0.0013574177864938974,0.0001910245482577011,0.023388953879475594,0.00454301992431283,0.2470734566450119,0.7198347449302673,0.0036114153917878866,108.85688612196181,69.91823406041908,193.1961651908027,0.3763484115434368,0.19013807508680555,0.037638346354166664,7.811780331725438,0.5983024633557043,90.53814697265625,114.96845160590277,125.44610595703125,65.55801234585235,73.77016947546312,70.54622898801752
HAM10000,ISIC_0024597,nv,nv,True,Phase 4B processed HAM JPG; model Resize(384x384),600,450,600.0,450.0,1.3333333333333333,384,384,0.9012312293052673,0.415163112825476,0.8481030650436878,0.0031441976316273212,0.0006475758855231106,0.0008990700589492917,0.053128164261579514,0.0012169405817985535,0.0031441976316273212,0.9012312293052673,0.0397329144179821,33.050191243489586,38.43810177079884,20.526932324892204,0.3687036186002179,0.6677110460069444,0.011759440104166666,6.307666257529595,1.0686029980549714,26.113138834635418,35.699985080295136,37.5631103515625,34.65684150013619,40.66722203609657,41.57620475334355
HAM10000,ISIC_0024608,nv,nv,True,Phase 4B processed HAM JPG; model Resize(384x384),600,450,600.0,450.0,1.3333333333333333,384,384,0.6390984058380127,0.6752896294518123,0.2812962234020233,0.3578021824359894,7.674359949305654e-05,2.736377064138651e-05,0.000953368260525167,0.0004975074552930892,0.3578021824359894,0.6390984058380127,0.00154444994404912,70.70372178819444,67.33343849287137,148.7194325392261,0.3390039647586465,0.3897298177083333,0.029337565104166668,7.376995904265013,0.9084371355155071,60.488728841145836,74.71596950954861,76.81917317708333,63.958332446217845,70.53492357520867,64.92140276110639
HAM10000,ISIC_0024645,nv,nv,True,Phase 4B processed HAM JPG; model Resize(384x384),600,450,600.0,450.0,1.3333333333333333,384,384,0.9682281613349915,0.14824191289987837,0.9379144348204136,0.030313726514577866,1.79697872226825e-05,3.104900679318234e-05,0.00033576993155293167,0.00016236772353295237,0.030313726514577866,0.9682281613349915,0.0009109364473260939,43.87761773003472,57.88225998858736,155.2894964541918,0.3481371644795071,0.7336357964409722,0.020392523871527776,6.223969728088101,1.2467717099103421,38.655802408854164,44.18272569444444,56.07307264539931,50.37555670723682,60.60818886057834,67.90472936985262
HAM10000,ISIC_0024649,nv,nv,True,Phase 4B processed HAM JPG; model Resize(384x384),600,450,600.0,450.0,1.3333333333333333,384,384,0.9635004997253418,0.1992419161910649,0.942470982670784,0.0066265263594686985,0.00021998572628945112,0.0210295170545578,0.0009444417082704604,0.0010913002770394087,0.0066265263594686985,0.9635004997253418,0.006587813142687082,43.27893744574653,40.47111513291235,218.4328620698717,0.3817106758067811,0.4039645724826389,0.014628092447916666,6.439754606525245,0.8550168255907362,50.035678439670136,38.871500651041664,48.239298502604164,37.89438190993933,41.874616109943624,43.97123904283315
HAM10000,ISIC_0024661,nv,nv,True,Phase 4B processed HAM JPG; model Resize(384x384),600,450,600.0,450.0,1.3333333333333333,384,384,0.860174298286438,0.5437963157737019,0.7879630401730537,0.057151712477207184,0.003771404502913356,0.0006618033512495458,0.07221125811338425,0.0031266040168702602,0.057151712477207184,0.860174298286438,0.0029029538854956627,75.4351806640625,48.64841264859517,352.84041566024604,0.24643666385825164,0.04389784071180555,0.020060221354166668,6.9320563568066,0.5561304732574365,81.974609375,71.21565755208333,80.00645616319444,44.98308925065405,50.439436286702175,52.136210648784804
HAM10000,ISIC_0024667,nv,nv,True,Phase 4B processed HAM JPG; model Resize(384x384),600,450,600.0,450.0,1.3333333333333333,384,384,0.9485242366790771,0.28321482166180534,0.9318495504558086,0.011404510587453842,0.00027376553043723106,0.01667468622326851,0.007582218386232853,0.0050854915753006935,0.011404510587453842,0.9485242366790771,0.010455151088535786,56.5816650390625,45.35279761854101,195.5263217288403,0.3145261012391068,0.1731296115451389,0.022054036458333332,6.682421734956189,0.7540384929353727,58.57844373914931,53.98583306206597,64.70546468098958,41.631216091066285,47.56447428674179,49.3419913890753
HAM10000,ISIC_0024671,nv,nv,True,Phase 4B processed HAM JPG; model Resize(384x384),600,450,600.0,450.0,1.3333333333333333,384,384,0.9937465190887451,0.04580783097777224,0.9899868397042155,0.0037596793845295906,0.00014850872685201466,0.0007483203080482781,0.00048789335414767265,0.00027421844424679875,0.0037596793845295906,0.9937465190887451,0.0008348117698915303,31.20566134982639,41.40587797214823,78.81439541868957,0.25996583095043574,0.8048773871527778,0.016072591145833332,5.651003075996055,1.262453384732028,31.077711317274307,30.516798231336807,35.07134331597222,39.40693033577439,41.919089752266,45.85227232612794
HAM10000,ISIC_0024674,nv,nv,True,Phase 4B processed HAM JPG; model Resize(384x384),600,450,600.0,450.0,1.3333333333333333,384,384,0.9385787844657898,0.2939768845636162,0.8967830389738083,0.041795745491981506,0.0008442513062618673,0.0016954708844423294,0.0013230155454948545,0.00885764416307211,0.041795745491981506,0.9385787844657898,0.006905080284923315,59.01891411675347,57.97175478934933,124.34466130493416,0.39588599111519607,0.4886271158854167,0.019246419270833332,7.104324306305404,0.9268325320404286,53.284383138020836,59.11364067925347,73.59676784939236,55.20432195267034,59.67420742602083,59.76853065850277
HAM10000,ISIC_0024682,nv,mel,False,Phase 4B processed HAM JPG; model Resize(384x384),600,450,600.0,450.0,1.3333333333333333,384,384,0.547518789768219,0.9037194394283086,0.1473364531993866,0.547518789768219,0.0039117722772061825,0.009700657799839973,0.034140847623348236,0.00024096133711282164,0.547518789768219,0.4001823365688324,0.004304641392081976,38.979275173611114,52.514350708487314,84.59629927281244,0.47754142944069994,0.7261759440104166,0.024407280815972224,6.169917424034834,1.268589076788457,33.05773247612847,40.39727105034722,47.20814344618056,51.972276096608546,54.33717790426276,47.32939881365083
HAM10000,ISIC_0024689,nv,nv,True,Phase 4B processed HAM JPG; model Resize(384x384),600,450,600.0,450.0,1.3333333333333333,384,384,0.9910146594047546,0.054271095704489146,0.9826963767409325,0.008318282663822174,3.2212381029239623e-06,1.524807794339722e-05,0.00011624538456089795,7.217840175144374e-05,0.008318282663822174,0.9910146594047546,0.0004602086264640093,29.45623779296875,42.145910216237745,78.06784850243986,0.35801177513105936,0.8516777886284722,0.015550401475694444,5.6147064190142455,1.3540682270203042,27.63214111328125,28.903211805555557,37.13646782769097,39.478021678206446,43.502588705272075,45.36227083255241
HAM10000,ISIC_0024697,nv,nv,True,Phase 4B processed HAM JPG; model Resize(384x384),600,450,600.0,450.0,1.3333333333333333,384,384,0.5218696594238281,0.8311835774578165,0.08326885104179382,0.4386008083820343,7.12885448592715e-05,9.858847624855116e-05,0.039156798273324966,5.886986764380708e-05,0.4386008083820343,0.5218696594238281,0.00014400681538973004,63.109232584635414,69.7960791122434,264.4671155806217,0.3168483892037718,0.5490315755208334,0.029012044270833332,7.020691164172419,1.0269064002639752,58.552408854166664,64.41075981987848,68.37204318576389,70.08471131533052,71.09912915055732,71.8636911634141
HAM10000,ISIC_0024700,mel,nv,False,Phase 4B processed HAM JPG; model Resize(384x384),600,450,600.0,450.0,1.3333333333333333,384,384,0.9283385276794434,0.2749412540343718,0.8596965447068214,0.06864198297262192,0.0008993736701086164,0.0004383197519928217,0.00041824759682640433,0.0010013660648837686,0.06864198297262192,0.9283385276794434,0.00026224437169730663,79.99485948350694,54.568133624846,270.69288417862515,0.32366121578839874,0.1202663845486111,0.019287109375,7.461926016663493,0.6055572167414498,83.8118896484375,77.40407986111111,83.31834581163194,48.0707291869948,58.57106767599223,59.21926992697269
HAM10000,ISIC_0024703,nv,nv,True,Phase 4B processed HAM JPG; model Resize(384x384),600,450,600.0,450.0,1.3333333333333333,384,384,0.9599080085754395,0.17133638348663602,0.920287873595953,0.039620134979486465,7.7526146924356e-06,9.762016816239338e-06,0.00025374034885317087,0.00012009277998004109,0.039620134979486465,0.9599080085754395,8.062647248152643e-05,66.1026611328125,66.25438455480572,239.92262083052856,0.31380176419526146,0.4262898763020833,0.031141493055555556,7.125122786199887,0.9572461150750566,66.11998155381944,64.91971164279514,72.13113742404514,60.73167917133343,69.20469550155066,69.58626058100002
HAM10000,ISIC_0024723,nv,nv,True,Phase 4B processed HAM JPG; model Resize(384x384),600,450,600.0,450.0,1.3333333333333333,384,384,0.5233004689216614,0.7016546126169962,0.04775965213775635,0.47554081678390503,9.107297955779359e-05,0.0006560719339177012,0.00013671671331394464,0.00019092780712526292,0.47554081678390503,0.5233004689216614,8.39003550936468e-05,62.69537353515625,53.78842242239905,222.31802837477053,0.3242672589869281,0.33056640625,0.018744574652777776,7.180879925305966,0.794802987244274,68.59613715277777,60.736857096354164,57.290988498263886,52.38276810419014,55.02466349488349,55.05552125971967
HAM10000,ISIC_0024751,nv,nv,True,Phase 4B processed HAM JPG; model Resize(384x384),600,450,600.0,450.0,1.3333333333333333,384,384,0.9690593481063843,0.14732171047931983,0.9399388283491135,0.029120519757270813,0.0001634621003177017,0.0001263137091882527,0.0009406593744643033,0.00037563295336440206,0.029120519757270813,0.9690593481063843,0.00021402919082902372,87.36016167534723,58.15888235818052,368.3704114659333,0.32834980617681103,0.08809407552083333,0.021138509114583332,7.5324180608150275,0.6065707239369701,97.13532850477431,82.10874430338542,88.76281060112848,55.784605804253616,60.76292653978343,62.29821447896875
HAM10000,ISIC_0024753,nv,nv,True,Phase 4B processed HAM JPG; model Resize(384x384),600,450,600.0,450.0,1.3333333333333333,384,384,0.9790000319480896,0.11776754021158005,0.9624044075608253,0.01659562438726425,0.00011305570660624653,0.00040396093390882015,0.0026187668554484844,0.0003599927294999361,0.01659562438726425,0.9790000319480896,0.0009085638448596001,41.851169162326386,45.555713699404805,126.92761147886881,0.36045264948427286,0.5115763346354166,0.020602756076388888,6.198265200563696,1.0297718881221154,42.87871636284722,39.86235215928819,49.39478895399306,43.75279450426267,46.22265176862825,49.977839175066535
HAM10000,ISIC_0024764,nv,nv,True,Phase 4B processed HAM JPG; model Resize(384x384),600,450,600.0,450.0,1.3333333333333333,384,384,0.9822613000869751,0.11136302564215272,0.9737589238211513,0.005462807137519121,0.00010531835869187489,0.000944208528380841,0.008502376265823841,0.0004141086246818304,0.005462807137519121,0.9822613000869751,0.0023097125813364983,66.43000623914931,45.78769993867119,515.1202883517576,0.3669626672283497,0.12797715928819445,0.0196533203125,7.012989299620869,0.6420607394004114,75.65363226996527,63.522243923611114,57.198527018229164,46.762399162868526,47.607225541073355,47.6403021699192
HAM10000,ISIC_0024766,nv,nv,True,Phase 4B processed HAM JPG; model Resize(384x384),600,450,600.0,450.0,1.3333333333333333,384,384,0.935549259185791,0.2700249343936981,0.8775816857814789,0.057967573404312134,0.0016063207294791937,0.0016412048134952784,0.001179808983579278,0.0016063207294791937,0.057967573404312134,0.935549259185791,0.00044955764315091074,54.72034369574653,41.62148729079856,218.28482807303467,0.32157184542653866,0.14292399088541666,0.019538031684027776,6.428847634640367,0.6797843152613959,62.40379503038194,50.44464111328125,56.582485622829864,41.60876374132146,42.54860789633259,43.342070865717844
HAM10000,ISIC_0024785,nv,nv,True,Phase 4B processed HAM JPG; model Resize(384x384),600,450,600.0,450.0,1.3333333333333333,384,384,0.9719327688217163,0.16616115271505802,0.9567674929276109,0.015165275894105434,0.0019058188190683722,0.003895240370184183,0.001153681892901659,0.004634755663573742,0.015165275894105434,0.9719327688217163,0.0013124095275998116,26.91912841796875,36.039777712570704,83.17515931853357,0.4048753393501498,0.8380466037326388,0.013922797309027778,5.484786543736199,1.2381469705562196,30.66220431857639,23.89712863498264,32.643880208333336,34.229904320741674,36.808247216518005,39.582836605789204
HAM10000,ISIC_0024790,nv,nv,True,Phase 4B processed HAM JPG; model Resize(384x384),600,450,600.0,450.0,1.3333333333333333,384,384,0.7840714454650879,0.5993103375589248,0.5838816612958908,0.20018978416919708,0.007399512454867363,0.001458474202081561,0.004034849349409342,0.000965877145063132,0.20018978416919708,0.7840714454650879,0.0018800474936142564,58.575581868489586,54.91888201848069,118.93893968599076,0.3286855660232843,0.3624199761284722,0.018968370225694444,7.106202585179263,0.8798510558201296,65.96798366970486,56.13203260633681,51.769680447048614,53.48361534145016,56.22627516511494,54.14586576561872
HAM10000,ISIC_0024791,nv,nv,True,Phase 4B processed HAM JPG; model Resize(384x384),600,450,600.0,450.0,1.3333333333333333,384,384,0.7709851861000061,0.7643186517696481,0.6559399589896202,0.004842139780521393,0.00037265714490786195,0.001371133723296225,0.1150452271103859,0.012007840909063816,0.004842139780521393,0.7709851861000061,0.09537585079669952,62.822224934895836,50.96210701308237,382.8472872994104,0.4551174853622004,0.14174397786458334,0.023546006944444444,6.739656569857097,0.769398240984422,79.51789008246527,52.96135796440972,69.81183539496527,47.382408298262284,53.95236779141948,50.88694110653559
HAM10000,ISIC_0024804,nv,nv,True,Phase 4B processed HAM JPG; model Resize(384x384),600,450,600.0,450.0,1.3333333333333333,384,384,0.9611408710479736,0.180821936740556,0.9263358488678932,0.034805022180080414,3.805975939030759e-05,3.465380723355338e-05,0.0028044485952705145,0.0008544736192561686,0.034805022180080414,0.9611408710479736,0.00032242684392258525,50.50585259331597,50.3601742989169,185.59364648986562,0.3561034890301607,0.34619140625,0.023695203993055556,6.5545074193079635,0.9496334886642602,57.42430962456597,46.24345567491319,54.29340955946181,47.808917095502885,51.83864130052763,52.989403431752784
HAM10000,ISIC_0024842,nv,nv,True,Phase 4B processed HAM JPG; model Resize(384x384),600,450,600.0,450.0,1.3333333333333333,384,384,0.645928680896759,0.9450741186046978,0.3689309358596802,0.011070488020777702,0.0024413815699517727,0.016880478709936142,0.27699774503707886,0.029568355530500412,0.011070488020777702,0.645928680896759,0.0171128511428833,15.960618760850695,32.01457288509623,32.11712560163419,0.3262547445193355,0.9515448676215278,0.012383355034722222,4.623643914270548,1.7900819440541347,17.94805230034722,14.474324544270834,18.45757378472222,31.959203790567027,31.66942691940933,35.311174133711894
HAM10000,ISIC_0024857,nv,nv,True,Phase 4B processed HAM JPG; model Resize(384x384),600,450,600.0,450.0,1.3333333333333333,384,384,0.6040881276130676,0.7384835372473771,0.22309455275535583,0.013983120210468769,0.0009117643930949271,3.7916848327768093e-07,0.3809935748577118,1.729708310449496e-05,0.013983120210468769,0.6040881276130676,5.726296876673587e-06,88.06228298611111,43.69124992545294,287.1079497369995,0.1641989581205746,0.05787489149305555,0.024285210503472224,7.216099621908094,0.4096019217172958,88.26023356119792,89.3450927734375,80.92253960503473,44.48262475713025,43.91355508440312,42.8263110427455
HAM10000,ISIC_0024869,nv,mel,False,Phase 4B processed HAM JPG; model Resize(384x384),600,450,600.0,450.0,1.3333333333333333,384,384,0.6167556047439575,0.6885947801412475,0.23678350448608398,0.6167556047439575,0.0001617633388377726,0.0006917740684002638,0.001766506815329194,0.00043205643305554986,0.6167556047439575,0.37997210025787354,0.00022024224745109677,53.984700520833336,39.56123247839722,229.78598477548837,0.45922952622889435,0.2645602756076389,0.013027615017361112,6.89106826944493,0.6507602936926826,71.39693874782986,47.13536919487847,43.586215549045136,45.50314761931264,38.23293266811436,38.862042071269016
HAM10000,ISIC_0024870,nv,nv,True,Phase 4B processed HAM JPG; model Resize(384x384),600,450,600.0,450.0,1.3333333333333333,384,384,0.5614000558853149,0.8058707003267559,0.15466251969337463,0.4067375361919403,0.0008440308156423271,4.951380469719879e-05,0.03068259358406067,7.698863191762939e-05,0.4067375361919403,0.5614000558853149,0.00020927679724991322,55.88519287109375,60.04277262707252,147.40525925527382,0.38275194355085784,0.47540283203125,0.023464626736111112,6.685815225187731,1.012950339371278,49.723897298177086,55.939602322048614,71.79708523220486,55.375465869498115,62.114840239229856,65.7780404660374
HAM10000,ISIC_0024872,nv,nv,True,Phase 4B processed HAM JPG; model Resize(384x384),600,450,600.0,450.0,1.3333333333333333,384,384,0.9667184948921204,0.17061673889378287,0.9413123428821564,0.006101151928305626,0.00021185062360018492,0.0007584463455714285,0.02540615200996399,0.0005473564378917217,0.006101151928305626,0.9667184948921204,0.0002565407776273787,63.551113552517364,54.568700251398425,344.56852354808353,0.3334037298730256,0.2654961480034722,0.024820963541666668,6.966537597642756,0.8095850334833501,60.3778076171875,64.54186333550348,66.75619167751736,53.212822905722305,55.12376553993794,60.916778987231744
HAM10000,ISIC_0024888,nv,vasc,False,Phase 4B processed HAM JPG; model Resize(384x384),600,450,600.0,450.0,1.3333333333333333,384,384,0.4124700129032135,1.2751181572632744,0.005600869655609131,0.011374149471521378,0.022161031141877174,0.03230714797973633,0.0972018763422966,0.017616627737879753,0.011374149471521378,0.40686914324760437,0.4124700129032135,26.55095757378472,46.40703731567612,41.4836966548069,0.3609613555708742,0.8985324435763888,0.021993001302083332,5.197513372872646,1.6084400831717727,27.86407470703125,25.47412787543403,28.75223117404514,44.73049046085768,47.19528047762188,48.87531017111154
HAM10000,ISIC_0024892,nv,nv,True,Phase 4B processed HAM JPG; model Resize(384x384),600,450,600.0,450.0,1.3333333333333333,384,384,0.9763932228088379,0.1407071507286134,0.9620516542345285,0.014341568574309349,0.0005884889396838844,0.002264738315716386,0.003867527237161994,0.0008973384974524379,0.014341568574309349,0.9763932228088379,0.0016472376883029938,41.629238552517364,52.88297998745098,115.05183579009255,0.38278824550653595,0.6722344292534722,0.024203830295138888,6.225832247173814,1.2215082844656608,45.59435356987847,38.79834662543403,45.76026068793403,48.21712351175159,54.74933302734039,57.63667978753404
HAM10000,ISIC_0024912,nv,nv,True,Phase 4B processed HAM JPG; model Resize(384x384),600,450,600.0,450.0,1.3333333333333333,384,384,0.9625601768493652,0.17249749404196343,0.9276697039604187,0.03489047288894653,0.0011950527550652623,0.0004413560382090509,0.0005601099692285061,0.00014957839448470622,0.03489047288894653,0.9625601768493652,0.00020325498189777136,38.675686306423614,45.628253209870536,130.15019946333803,0.3972986823852805,0.6461385091145834,0.018473307291666668,6.255687922217526,1.1143255502393636,44.00664605034722,35.53143988715278,40.88087293836806,42.71114855804075,46.52945994673162,51.51124118649978
HAM10000,ISIC_0024919,nv,nv,True,Phase 4B processed HAM JPG; model Resize(384x384),600,450,600.0,450.0,1.3333333333333333,384,384,0.9757166504859924,0.12637930631287433,0.9539911914616823,0.021725459024310112,0.00025491431006230414,0.00033182220067828894,0.0007318789139389992,0.0005688756355084479,0.021725459024310112,0.9757166504859924,0.0006702993996441364,63.62761773003472,61.33810519519114,211.7125778902828,0.367796787768927,0.3368191189236111,0.026848687065972224,6.930901276934479,0.9055256550679012,68.42980278862848,59.848124186197914,70.48647054036458,55.67827489057725,64.02642402561847,65.84058365359961
HAM10000,ISIC_0024929,mel,mel,True,Phase 4B processed HAM JPG; model Resize(384x384),600,450,600.0,450.0,1.3333333333333333,384,384,0.8703770637512207,0.39449051724012413,0.7420138269662857,0.8703770637512207,0.0005391334416344762,0.00018235924653708935,0.0003244561958126724,3.8449208659585565e-05,0.8703770637512207,0.128363236784935,0.00017537317762617022,87.15513102213542,62.012451582932975,230.48567850722208,0.26164037500851034,0.1690402560763889,0.030232747395833332,7.567923663620302,0.6359808531983541,79.10506184895833,91.24797227647569,87.20703125,61.8052600223589,64.05767490581904,56.57185251041335
HAM10000,ISIC_0024936,nv,nv,True,Phase 4B processed HAM JPG; model Resize(384x384),600,450,600.0,450.0,1.3333333333333333,384,384,0.9015796184539795,0.38467615379555803,0.8286496251821518,0.0729299932718277,1.2146728295192588e-05,0.00017919347737915814,7.557948265457526e-05,0.0012908750213682652,0.0729299932718277,0.9015796184539795,0.02393261343240738,122.63727484809027,70.87856539122505,283.38959830999374,0.19343681917211328,0.0638088650173611,0.051371256510416664,7.709907276600964,0.5419849565646725,119.15575493706598,124.73286946614583,120.96517605251736,74.49064777915763,70.93316789421614,63.26561096720685
HAM10000,ISIC_0024938,nv,nv,True,Phase 4B processed HAM JPG; model Resize(384x384),600,450,600.0,450.0,1.3333333333333333,384,384,0.8457397222518921,0.5632577413742937,0.748315118253231,0.09742460399866104,0.003350004320964217,0.04842926189303398,0.004446710925549269,0.00018789016758091748,0.09742460399866104,0.8457397222518921,0.0004217662790324539,57.085734049479164,54.82193435252714,141.8420049312214,0.3346846703090959,0.4036661783854167,0.018317328559027776,7.019153071877517,0.8857491899667901,53.23332383897569,56.88078477647569,68.255615234375,50.45349460733265,55.99040910944275,63.25951966086955
HAM10000,ISIC_0024939,nv,nv,True,Phase 4B processed HAM JPG; model Resize(384x384),600,450,600.0,450.0,1.3333333333333333,384,384,0.9743745923042297,0.15088883188179697,0.9631739007309079,0.009390569292008877,0.0006000259891152382,0.0034799925051629543,0.0004878176550846547,0.00046638891217298806,0.009390569292008877,0.9743745923042297,0.01120069157332182,64.07676866319444,50.70564610896463,302.4921782178183,0.4379104913449755,0.1490546332465278,0.025078667534722224,6.918719636975604,0.7303804717085003,79.89273410373264,55.53355577256944,66.59429253472223,46.22797887263736,53.783206491913305,53.42715282658547
HAM10000,ISIC_0025001,nv,nv,True,Phase 4B processed HAM JPG; model Resize(384x384),600,450,600.0,450.0,1.3333333333333333,384,384,0.8941994309425354,0.4030083445754756,0.8050543889403343,0.08914504200220108,0.00029244992765598,0.0011957113165408373,0.009451033547520638,0.0017262109322473407,0.08914504200220108,0.8941994309425354,0.003990112338215113,21.079515245225693,34.77590542091521,23.17181462008092,0.30124376085069443,0.9055379231770834,0.011203342013888888,5.326357319107493,1.516452252242138,18.98177761501736,21.86690945095486,22.488810221354168,33.7460300235017,35.43910011576954,36.001869768790606
HAM10000,ISIC_0025003,nv,nv,True,Phase 4B processed HAM JPG; model Resize(384x384),600,450,600.0,450.0,1.3333333333333333,384,384,0.9187083840370178,0.30054353698123415,0.8408263474702835,0.0005591553053818643,8.82985841599293e-05,0.0005440730019472539,0.07788203656673431,0.0017089162720367312,0.0005591553053818643,0.9187083840370178,0.0005091166822239757,48.08436414930556,39.95385271639045,322.8704969434091,0.36824429913024237,0.24503580729166666,0.017340766059027776,6.224441167370477,0.7789399027705087,56.934604220920136,43.52678765190972,48.333353678385414,39.61359352436943,40.66603681472469,43.96941977656328
HAM10000,ISIC_0025053,nv,nv,True,Phase 4B processed HAM JPG; model Resize(384x384),600,450,600.0,450.0,1.3333333333333333,384,384,0.9738351106643677,0.15066706943766933,0.960096713155508,0.002360282000154257,3.050539453397505e-05,0.00010730938811320812,0.008210083469748497,0.0017184080788865685,0.002360282000154257,0.9738351106643677,0.013738397508859634,80.6295166015625,58.141862595395914,473.9341336356269,0.3837368568304058,0.10584852430555555,0.020677354600694444,7.306144132822188,0.6763972799134574,90.32840983072917,73.16356065538194,93.63296169704861,52.153356862313885,62.089997809551285,59.316888660713765
HAM10000,ISIC_0025056,nv,nv,True,Phase 4B processed HAM JPG; model Resize(384x384),600,450,600.0,450.0,1.3333333333333333,384,384,0.9698052406311035,0.16229342528129562,0.947574844583869,0.022230396047234535,6.953858974156901e-05,0.00040488396189175546,0.0013379756128415465,0.004061324987560511,0.022230396047234535,0.9698052406311035,0.002090591238811612,45.90422227647569,46.402996017019646,184.96694671647788,0.38480963945908225,0.4280870225694444,0.020060221354166668,6.339946150584925,0.9571315344722325,50.56713189019097,41.79529486762153,54.824612087673614,44.79532714736426,47.64030043719065,47.78310104845312
HAM10000,ISIC_0025061,nv,nv,True,Phase 4B processed HAM JPG; model Resize(384x384),600,450,600.0,450.0,1.3333333333333333,384,384,0.7721981406211853,0.571772494121556,0.5500937551259995,0.22210438549518585,0.0006692885071970522,0.0007222614367492497,0.002177434740588069,0.0013258499093353748,0.22210438549518585,0.7721981406211853,0.0008025995921343565,34.072509765625,33.05578303787529,117.9841963685589,0.6102919634650735,0.535400390625,0.012552897135416666,5.926316310131146,0.880564706515631,47.212687174479164,29.898301866319443,21.106404622395832,34.11848813776045,33.367331796381904,33.45237639115092
HAM10000,ISIC_0025090,nv,nv,True,Phase 4B processed HAM JPG; model Resize(384x384),600,450,600.0,450.0,1.3333333333333333,384,384,0.9027660489082336,0.355698996266368,0.8149376139044762,0.08782843500375748,0.00014817218470852822,3.910865052603185e-05,0.007837199606001377,0.0008443857077509165,0.08782843500375748,0.9027660489082336,0.0005367242265492678,60.571207682291664,59.5962250858504,228.93399384061317,0.3737199105987882,0.5357937282986112,0.013753255208333334,6.922734680999736,0.9230659449484574,66.78338623046875,54.901692708333336,73.45979817708333,64.53816444553576,57.06148212548821,64.62931860439285
HAM10000,ISIC_0025143,nv,nv,True,Phase 4B processed HAM JPG; model Resize(384x384),600,450,600.0,450.0,1.3333333333333333,384,384,0.9960648417472839,0.03049992295796653,0.9943546169670299,0.001710224780254066,4.93683228341979e-06,1.8058182831737213e-05,0.000866699789185077,0.001184638123959303,0.001710224780254066,0.9960648417472839,0.00015060983423609287,58.019673665364586,54.580771220897795,187.50391891193976,0.3303631152982026,0.4002888997395833,0.018914116753472224,6.959820732612767,0.8948038498624906,62.411227756076386,54.32539198133681,65.5211181640625,51.87728330002728,55.84237724382513,58.55192316347857
HAM10000,ISIC_0025148,nv,nv,True,Phase 4B processed HAM JPG; model Resize(384x384),600,450,600.0,450.0,1.3333333333333333,384,384,0.9363881349563599,0.3425582178912523,0.9138221405446529,0.0066574797965586185,0.006421220488846302,0.0072761960327625275,0.022565994411706924,0.007617945317178965,0.0066574797965586185,0.9363881349563599,0.013072957284748554,58.59497748480903,45.70091873831982,392.231131831621,0.6277859955831291,0.19478352864583334,0.016303168402777776,6.827630763330905,0.695763155924622,85.56578233506944,48.064656575520836,42.07588026258681,39.951912853501234,51.19314957222661,51.86298636563622
HAM10000,ISIC_0025161,nv,nv,True,Phase 4B processed HAM JPG; model Resize(384x384),600,450,600.0,450.0,1.3333333333333333,384,384,0.9804331064224243,0.11275798590619408,0.9689685069024563,0.007306715939193964,4.784018983627902e-06,1.1656989954644814e-05,0.011464599519968033,0.00020183860033284873,0.007306715939193964,0.9804331064224243,0.0005772351287305355,31.71973334418403,53.427284676056786,179.90732732079465,0.6337027356515523,0.8240017361111112,0.010626898871527778,5.5157526323867945,1.59252609253056,39.829074435763886,25.11904568142361,44.39978705512153,60.39491447905904,48.923895126233674,63.18028646051784
HAM10000,ISIC_0025184,nv,nv,True,Phase 4B processed HAM JPG; model Resize(384x384),600,450,600.0,450.0,1.3333333333333333,384,384,0.6095184087753296,0.752790546664036,0.23692727088928223,0.37259113788604736,0.002340042730793357,9.545984357828274e-05,0.014654741622507572,0.0002940370177384466,0.37259113788604736,0.6095184087753296,0.0005060696857981384,39.82635498046875,53.9938175646079,49.07938004404676,0.3200675615298203,0.7420654296875,0.017042371961805556,6.238827354698004,1.2362152293948099,40.73950873480903,39.324991861979164,39.972310384114586,49.325547662125594,56.01967273723973,57.577336556539656
HAM10000,ISIC_0025191,nv,nv,True,Phase 4B processed HAM JPG; model Resize(384x384),600,450,600.0,450.0,1.3333333333333333,384,384,0.9534674882888794,0.24648542332781465,0.9308406077325344,0.022626880556344986,0.002672868547961116,0.0077040474861860275,0.012658488936722279,0.00030223955400288105,0.022626880556344986,0.9534674882888794,0.0005679760943166912,85.67980278862848,65.5525789263848,265.6515971966732,0.29315408943525323,0.21010335286458334,0.0299072265625,7.639574537151153,0.7077904162841835,90.91571723090277,82.36933051215277,88.98949517144098,60.3114651009958,68.51345137521339,67.56604513943168
HAM10000,ISIC_0025200,nv,nv,True,Phase 4B processed HAM JPG; model Resize(384x384),600,450,600.0,450.0,1.3333333333333333,384,384,0.9574615359306335,0.2232012087906474,0.9376385118812323,0.019823024049401283,0.0013870459515601397,0.0008578787674196064,0.017983093857765198,0.0007167845615185797,0.019823024049401283,0.9574615359306335,0.0017705969512462616,42.68107774522569,54.67518171305325,111.6365356242491,0.343428441797726,0.7124972873263888,0.019266764322916668,6.163310438810068,1.223638640141763,41.57903374565972,42.125956217447914,48.42352973090278,51.86680243315765,55.560235198796796,59.96123986085831
HAM10000,ISIC_0025206,nv,bkl,False,Phase 4B processed HAM JPG; model Resize(384x384),600,450,600.0,450.0,1.3333333333333333,384,384,0.5427783131599426,0.754263273397799,0.09717223048210144,0.00011394389730412513,0.00045864860294386744,0.0005341240321286023,0.5427783131599426,0.0026600409764796495,0.00011394389730412513,0.4456060826778412,0.007848895154893398,87.53702121310764,47.821147994485756,485.6906095510924,0.3509637969771242,0.05520290798611111,0.01824951171875,7.436325366967083,0.46901964966118853,89.28323025173611,86.30232747395833,89.31464301215277,43.376049187837,51.803652475835385,56.39017953484939
HAM10000,ISIC_0025227,nv,nv,True,Phase 4B processed HAM JPG; model Resize(384x384),600,450,600.0,450.0,1.3333333333333333,384,384,0.8657938241958618,0.4823534687576312,0.7516705021262169,0.11412332206964493,0.005332408472895622,0.004556599538773298,0.002129387343302369,0.004817429464310408,0.11412332206964493,0.8657938241958618,0.0032469278667122126,48.228732638888886,48.89094537397831,67.3862432785976,0.4872215254374319,0.5546061197916666,0.015665690104166668,6.621210821103737,0.9340929378844058,36.270229763454864,51.35856797960069,63.50646294487847,42.765450021154194,52.32934933767419,56.21171101366229
HAM10000,ISIC_0025231,nv,nv,True,Phase 4B processed HAM JPG; model Resize(384x384),600,450,600.0,450.0,1.3333333333333333,384,384,0.8753038048744202,0.45359635293548256,0.7713744193315506,0.10392938554286957,0.002913901349529624,0.01340811513364315,0.0035632208455353975,0.00039358422509394586,0.10392938554286957,0.8753038048744202,0.00048791381414048374,58.26953803168403,54.78930715984948,141.41104031597945,0.32815483940972223,0.3757188585069444,0.018412272135416668,7.0426846318941525,0.8685935259052415,54.099873860677086,58.350429958767364,68.80733913845486,50.255789818213195,56.21354511899406,62.43939898915774
HAM10000,ISIC_0025236,nv,nv,True,Phase 4B processed HAM JPG; model Resize(384x384),600,450,600.0,450.0,1.3333333333333333,384,384,0.9734117984771729,0.15201526324498296,0.9576732590794563,0.006613466888666153,0.00039465641020797193,0.0002961618884000927,0.015738539397716522,0.002854155609384179,0.006613466888666153,0.9734117984771729,0.0006912921089679003,45.466105143229164,40.03812529335933,123.65631843050139,0.21662470001021242,0.2819010416666667,0.015740288628472224,6.212634610276028,0.7935588071870316,42.38408067491319,46.659098307291664,47.399509006076386,38.3176736964342,41.02218148273062,42.478326508444624
HAM10000,ISIC_0025240,nv,nv,True,Phase 4B processed HAM JPG; model Resize(384x384),600,450,600.0,450.0,1.3333333333333333,384,384,0.9409911036491394,0.3029984723164624,0.9064234793186188,0.03456762433052063,0.005114552099257708,0.006205582059919834,0.0051045725122094154,0.005015627946704626,0.03456762433052063,0.9409911036491394,0.0030008237808942795,80.46851264105902,59.241994313777596,161.41829519098007,0.3551755684912854,0.2549641927083333,0.023444281684027776,7.596931693017379,0.692035446417179,69.80839029947917,82.7764892578125,96.56611463758681,55.777648198384696,61.40789925753466,61.35256642343118
HAM10000,ISIC_0025248,mel,mel,True,Phase 4B processed HAM JPG; model Resize(384x384),600,450,600.0,450.0,1.3333333333333333,384,384,0.7072279453277588,0.8759866951820059,0.5322134792804718,0.7072279453277588,0.01799270324409008,0.002414918504655361,0.09492169320583344,0.0020817897748202085,0.7072279453277588,0.175014466047287,0.0003465456538833678,59.597011990017364,46.87308012875968,141.86156249336068,0.27901236340890523,0.2780287000868056,0.013814290364583334,7.178385500035288,0.6929025385535977,58.21284315321181,58.891805013020836,66.86981201171875,43.53681698639324,47.84206062527442,54.01524469281481
HAM10000,ISIC_0025261,nv,nv,True,Phase 4B processed HAM JPG; model Resize(384x384),600,450,600.0,450.0,1.3333333333333333,384,384,0.8808996081352234,0.46845593939358077,0.8024093136191368,0.0010354643454775214,0.0011506404262036085,0.0003031081287190318,0.03296416997909546,0.005156812723726034,0.0010354643454775214,0.8808996081352234,0.07849029451608658,39.1636962890625,49.198761697086276,70.15637752703495,0.3155430347052015,0.6594577365451388,0.0162353515625,6.343285028725079,1.1454714942575477,35.278042263454864,40.527201334635414,42.280422634548614,49.36368716718388,49.340319501074944,49.25872140457488
HAM10000,ISIC_0025271,nv,nv,True,Phase 4B processed HAM JPG; model Resize(384x384),600,450,600.0,450.0,1.3333333333333333,384,384,0.7492485046386719,0.746356011355513,0.5503292679786682,0.19891923666000366,0.0036291289143264294,0.006610121112316847,0.0339895524084568,0.006456997711211443,0.19891923666000366,0.7492485046386719,0.0011464253766462207,25.8680419921875,35.6125555408381,28.611067489295458,0.4097205999370234,0.8213026258680556,0.013888888888888888,5.699765111463049,1.2517504682570864,22.328260633680557,26.16246880425347,33.602389865451386,35.35605479746999,35.55938279019081,38.57968652947925
HAM10000,ISIC_0025273,nv,nv,True,Phase 4B processed HAM JPG; model Resize(384x384),600,450,600.0,450.0,1.3333333333333333,384,384,0.6969704627990723,0.8253808298620365,0.4539776146411896,0.01071814727038145,0.04010569304227829,0.004892770200967789,0.2429928481578827,0.001591555424965918,0.01071814727038145,0.6969704627990723,0.0027285609394311905,86.579833984375,44.2075739976439,362.0310206455581,0.26321186406420205,0.02752685546875,0.026502821180555556,7.0356529044249765,0.43117481648769973,83.39081488715277,85.76317003038194,99.14683024088542,44.19604084429209,45.48010127492748,45.65945503695708
HAM10000,ISIC_0025333,nv,nv,True,Phase 4B processed HAM JPG; model Resize(384x384),600,450,600.0,450.0,1.3333333333333333,384,384,0.9412155151367188,0.2889623099467819,0.9024143032729626,0.03880121186375618,0.0012009460479021072,0.002274548402056098,0.009281577542424202,0.004282744601368904,0.03880121186375618,0.9412155151367188,0.0029434843454509974,44.62164984809028,34.55472467593847,167.20809486945288,0.3834253780722358,0.3177897135416667,0.011854383680555556,6.423411703702272,0.7206257426409357,54.373799641927086,38.852749294704864,48.72612847222222,32.980045904349545,35.47425042103725,37.52132386817625
HAM10000,ISIC_0025343,nv,nv,True,Phase 4B processed HAM JPG; model Resize(384x384),600,450,600.0,450.0,1.3333333333333333,384,384,0.9247158765792847,0.2858767830717261,0.8529203310608864,0.07179554551839828,0.0001243598380824551,0.00024396076332777739,0.0005806771223433316,0.0014093918725848198,0.07179554551839828,0.9247158765792847,0.0011302685597911477,59.66157362196181,47.11872895408513,194.70478909968594,0.24043782552083334,0.1309136284722222,0.021979437934027776,6.624948656890009,0.7288231097917522,58.360310872395836,59.62739393446181,63.246365017361114,47.22183166062003,47.90569867855183,46.7900538216668
HAM10000,ISIC_0025375,nv,nv,True,Phase 4B processed HAM JPG; model Resize(384x384),600,450,600.0,450.0,1.3333333333333333,384,384,0.9737242460250854,0.14156848391904253,0.9551068414002657,0.018617404624819756,3.7518002500291914e-05,0.00019353258539922535,0.006647971458733082,0.00044822244672104716,0.018617404624819756,0.9737242460250854,0.0003311446344014257,18.58920627170139,37.3750154759088,53.03226703994067,0.4502228913483796,0.9220784505208334,0.014702690972222222,4.750876149024877,1.896377471503516,19.53731960720486,16.88079833984375,25.00927056206597,36.17122616766347,37.51022392024817,41.59562435833972
HAM10000,ISIC_0025386,nv,nv,True,Phase 4B processed HAM JPG; model Resize(384x384),600,450,600.0,450.0,1.3333333333333333,384,384,0.6138203144073486,0.8175634265616379,0.27483657002449036,0.3389837443828583,0.0008805815014056861,6.951342948013917e-05,0.04589886590838432,0.00011283143248874694,0.3389837443828583,0.6138203144073486,0.00023424408573191613,57.050313313802086,60.67270972510508,150.38498111340553,0.3740100071061411,0.4564751519097222,0.023301866319444444,6.729983482699662,1.0041034185699405,51.614529079861114,56.933695475260414,71.93327501085069,55.55696036700063,63.11985477457813,65.77785586124115
HAM10000,ISIC_0025410,nv,nv,True,Phase 4B processed HAM JPG; model Resize(384x384),600,450,600.0,450.0,1.3333333333333333,384,384,0.9446353912353516,0.24319860957348693,0.8964894637465477,0.0007513229502364993,0.00015204542432911694,0.0001265434257220477,0.048145927488803864,0.0021507961209863424,0.0007513229502364993,0.9446353912353516,0.004037884529680014,74.65110270182292,51.654979887343586,255.54975921867623,0.419717467064951,0.18992106119791666,0.012240939670138888,7.497155922753177,0.6242108663829123,86.62497965494792,71.50250922309027,59.46031358506944,53.90818816651318,53.2553701270781,49.736271006310815
HAM10000,ISIC_0025430,nv,nv,True,Phase 4B processed HAM JPG; model Resize(384x384),600,450,600.0,450.0,1.3333333333333333,384,384,0.9879450798034668,0.08067884741302733,0.9814963135868311,0.0004005487426184118,0.00018446226022206247,0.0020521115511655807,0.0005839343648403883,0.002385145053267479,0.0004005487426184118,0.9879450798034668,0.006448766216635704,98.12418619791667,56.64423251815875,473.14828097360373,0.33971811597903045,0.07689751519097222,0.018141004774305556,7.693802913252119,0.529553235649183,113.08951144748264,91.38188340928819,93.59317355685764,53.713809174400915,60.72707060928474,57.121136706855644
HAM10000,ISIC_0025437,nv,nv,True,Phase 4B processed HAM JPG; model Resize(384x384),600,450,600.0,450.0,1.3333333333333333,384,384,0.9728465676307678,0.16167462621898415,0.960719246417284,0.003232303773984313,0.0007383278571069241,0.0011960859410464764,0.008511829189956188,0.01212732121348381,0.003232303773984313,0.9728465676307678,0.0013474245788529515,38.95277235243056,43.704914540942376,135.2007143210022,0.4910910213694853,0.5985243055555556,0.017110188802083332,6.21996629859944,1.061753908614847,51.23534478081597,32.89350721571181,37.926547580295136,42.6009414075377,44.038011469116455,49.07340901787403
HAM10000,ISIC_0025460,nv,nv,True,Phase 4B processed HAM JPG; model Resize(384x384),600,450,600.0,450.0,1.3333333333333333,384,384,0.9747314453125,0.14818033076190776,0.9615906486287713,0.013140796683728695,0.000690878601744771,0.008094188757240772,0.00038079492514953017,0.0015387802850455046,0.013140796683728695,0.9747314453125,0.0014231392415240407,52.07478162977431,46.56198123072254,155.29847344921697,0.3333891293062364,0.2611016167534722,0.019083658854166668,6.546748291406324,0.8434207608544388,59.280117458767364,48.29808213975694,52.61152479383681,42.46035227705094,48.52165922518443,50.04532504931223
HAM10000,ISIC_0025468,nv,nv,True,Phase 4B processed HAM JPG; model Resize(384x384),600,450,600.0,450.0,1.3333333333333333,384,384,0.9843295216560364,0.09571107191346102,0.9731537261977792,0.0018061174778267741,0.000303013832308352,0.00024973967811092734,0.011175795458257198,0.0018327689031139016,0.0018061174778267741,0.9843295216560364,0.000303013832308352,92.51974148220486,55.43305021295419,592.1781943583469,0.3894241100302968,0.060418023003472224,0.021721733940972224,7.545009264297108,0.5287840741464669,110.81127251519098,85.26192898220486,81.90987820095486,49.82859420120965,59.36894103525742,60.39808057392139
HAM10000,ISIC_0025472,mel,nv,False,Phase 4B processed HAM JPG; model Resize(384x384),600,450,600.0,450.0,1.3333333333333333,384,384,0.8757923245429993,0.4515917435756055,0.7730164229869843,0.10277590155601501,0.0012761898105964065,0.002011653734371066,0.01607205718755722,0.0008961596759036183,0.10277590155601501,0.8757923245429993,0.0011756811290979385,96.60481770833333,55.31667091941989,258.05902597620906,0.2819680606617647,0.026590983072916668,0.027045355902777776,7.487568187269861,0.5143055890890066,85.59067789713542,99.54794650607639,110.33716498480902,52.64416754369258,57.91547844594551,53.423047596425654
HAM10000,ISIC_0025480,nv,nv,True,Phase 4B processed HAM JPG; model Resize(384x384),600,450,600.0,450.0,1.3333333333333333,384,384,0.9664844870567322,0.17114501697324178,0.9392807930707932,0.027203693985939026,0.00262600090354681,0.00036240005283616483,0.002290438860654831,0.0007095448090694845,0.027203693985939026,0.9664844870567322,0.00032358677708543837,77.11532253689236,51.483784346074714,333.73787627281786,0.4881004316874319,0.09977213541666667,0.021945529513888888,7.268137897641894,0.6142173591727563,100.52164713541667,68.13705783420139,61.95031060112847,48.170260419320684,54.74119920983103,54.79280789157311
HAM10000,ISIC_0025483,nv,nv,True,Phase 4B processed HAM JPG; model Resize(384x384),600,450,600.0,450.0,1.3333333333333333,384,384,0.9960143566131592,0.03151561661301897,0.9945256580831483,0.0010934178717434406,1.3057065189059358e-05,3.913376713171601e-05,0.001488698530010879,0.0007829582900740206,0.0010934178717434406,0.9960143566131592,0.0005683667259290814,36.32929144965278,40.903798028028504,131.15577336111002,0.40857449533632895,0.6311848958333334,0.017422146267361112,6.109190170415102,1.0682168811591786,43.17639838324653,31.75155300564236,41.918619791666664,39.02528841310774,41.56993272553238,44.94029509400225
HAM10000,ISIC_0025486,nv,nv,True,Phase 4B processed HAM JPG; model Resize(384x384),600,450,600.0,450.0,1.3333333333333333,384,384,0.868022620677948,0.4970524075035359,0.764453299343586,0.10356932133436203,0.0015772311016917229,0.0027627258095890284,0.013374718837440014,0.0033717656042426825,0.10356932133436203,0.868022620677948,0.007321587298065424,24.39081488715278,38.51401335156421,85.89064759218398,0.37083950333605664,0.9058566623263888,0.013719346788194444,5.112918716998,1.4708958741550264,24.35521782769097,23.21835666232639,30.58191596137153,36.15270098713358,39.41049172655385,42.50156650320848
HAM10000,ISIC_0025491,nv,nv,True,Phase 4B processed HAM JPG; model Resize(384x384),600,450,600.0,450.0,1.3333333333333333,384,384,0.7977351546287537,0.6426654615922173,0.6355070769786835,0.1622280776500702,0.0018794805509969592,0.011558275669813156,0.024890631437301636,0.0009340518154203892,0.1622280776500702,0.7977351546287537,0.0007743561291135848,71.35108100043402,46.93852566749583,144.80003052876322,0.41550404667075164,0.2320285373263889,0.012925889756944444,7.336663201553355,0.5940315831106949,54.289469401041664,76.99400499131944,87.05649142795139,40.79444732182165,49.202469798422634,56.57779413983278
HAM10000,ISIC_0025501,nv,nv,True,Phase 4B processed HAM JPG; model Resize(384x384),600,450,600.0,450.0,1.3333333333333333,384,384,0.9088094830513,0.3498548816997225,0.827832356095314,0.0028840797021985054,0.00016803757171146572,0.00020588394545484334,0.003858280135318637,0.08097712695598602,0.0028840797021985054,0.9088094830513,0.003097189124673605,117.58558485243056,45.00658799305316,554.3741072723527,0.26772944963575707,0.014275444878472222,0.026509602864583332,7.436781490055079,0.33287519857292375,133.0460408528646,110.07468668619792,115.70676676432292,42.20733944102076,47.468343434772166,49.71560162271521
HAM10000,ISIC_0025502,nv,nv,True,Phase 4B processed HAM JPG; model Resize(384x384),600,450,600.0,450.0,1.3333333333333333,384,384,0.9576888084411621,0.21580621645668555,0.9272328782826662,0.030455930158495903,0.0009953930275514722,0.0006108529632911086,0.006008852738887072,0.0027163485065102577,0.030455930158495903,0.9576888084411621,0.0015237333718687296,24.74514431423611,38.41538720402494,70.68463103082262,0.34769348277505446,0.9028998480902778,0.017679850260416668,5.275865123115097,1.4596402482386361,24.93313937717014,23.64641655815972,29.94226752387153,36.063393226852554,39.424354958645964,41.4329862845265
HAM10000,ISIC_0025511,nv,nv,True,Phase 4B processed HAM JPG; model Resize(384x384),600,450,600.0,450.0,1.3333333333333333,384,384,0.666256308555603,0.7726449756948431,0.364775687456131,0.30148062109947205,9.745118586579338e-05,0.01520902942866087,0.000632984098047018,0.0011665120255202055,0.30148062109947205,0.666256308555603,0.015157134272158146,46.116495768229164,37.139333378406356,95.95903175365594,0.5744922247327751,0.1676296657986111,0.014227973090277778,5.778364151239262,0.7364155306732543,35.766805013020836,45.857950846354164,74.57844373914931,37.96702129383062,37.97189493133007,34.08926010683333
HAM10000,ISIC_0025531,mel,akiec,False,Phase 4B processed HAM JPG; model Resize(384x384),600,450,600.0,450.0,1.3333333333333333,384,384,0.6535152196884155,0.8023609162692371,0.35255587100982666,0.03994262218475342,0.6535152196884155,0.0010276634711772203,0.30095934867858887,0.0008721666526980698,0.03994262218475342,0.003572914283722639,0.00011002064275089651,96.84297688802083,51.19081420929645,420.25167076216064,0.321603333716299,0.06879340277777778,0.018886990017361112,7.630556577979978,0.40860256828309155,105.33521864149306,94.71240912543402,85.53927951388889,50.82301902265146,54.240862341544016,51.19825301454817
HAM10000,ISIC_0025533,nv,nv,True,Phase 4B processed HAM JPG; model Resize(384x384),600,450,600.0,450.0,1.3333333333333333,384,384,0.8402390480041504,0.48566884261090987,0.6890028715133667,0.1512361764907837,0.0014711290132254362,0.0010847426019608974,0.0020990795455873013,0.001088988035917282,0.1512361764907837,0.8402390480041504,0.0027808286249637604,22.15908474392361,38.83035430091423,27.281428754329678,0.4028161009412446,0.9262220594618056,0.013997395833333334,5.276652685174709,1.609132164165498,25.62546115451389,20.301683213975693,22.64026557074653,37.27574102088877,39.23434653342608,41.65476757886987
HAM10000,ISIC_0025537,nv,nv,True,Phase 4B processed HAM JPG; model Resize(384x384),600,450,600.0,450.0,1.3333333333333333,384,384,0.9203475713729858,0.3560897002744792,0.8720803186297417,0.024484550580382347,0.0006743549602106214,0.0027625595685094595,0.04826725274324417,0.0007012182613834739,0.024484550580382347,0.9203475713729858,0.0027625595685094595,49.098659939236114,46.82413651712148,194.45833982798607,0.4067904869195942,0.3093126085069444,0.018059624565972224,6.354131061216794,0.8989403330452386,45.502536349826386,47.742228190104164,65.52077229817708,44.01174500671193,48.763488614062496,46.99603877948559
HAM10000,ISIC_0025551,nv,nv,True,Phase 4B processed HAM JPG; model Resize(384x384),600,450,600.0,450.0,1.3333333333333333,384,384,0.9844091534614563,0.09890891636244348,0.9748917166143656,0.009517436847090721,0.00022696523228660226,0.0021408055908977985,0.0005318488692864776,0.000815738458186388,0.009517436847090721,0.9844091534614563,0.0023581136483699083,47.43450927734375,44.40850999905205,215.81024322667975,0.46036174832346133,0.3230862087673611,0.0234375,6.364168573944025,0.8696660639352983,62.6026611328125,39.63807508680556,47.77348497178819,42.750871529889324,45.667697628763605,46.767815039502835
HAM10000,ISIC_0025558,nv,nv,True,Phase 4B processed HAM JPG; model Resize(384x384),600,450,600.0,450.0,1.3333333333333333,384,384,0.9386854767799377,0.2765727054575711,0.8899943828582764,0.04869109392166138,0.000191740327863954,0.0008643704350106418,0.006825409363955259,0.003352528437972069,0.04869109392166138,0.9386854767799377,0.0013893770519644022,70.53403727213542,58.07154059742347,337.43706595732107,0.24987239796092048,0.2212185329861111,0.020955403645833332,7.277130545781942,0.7671195043689476,71.46651882595486,70.39474826388889,68.79541693793402,57.44230094848634,59.75858122146113,54.94960424829791
HAM10000,ISIC_0025573,mel,mel,True,Phase 4B processed HAM JPG; model Resize(384x384),600,450,600.0,450.0,1.3333333333333333,384,384,0.8848382234573364,0.3778643768496034,0.7732191011309624,0.8848382234573364,0.000698286050464958,0.00043104265932925045,0.0008724324288778007,0.001458198414184153,0.8848382234573364,0.11161912232637405,8.274937135865912e-05,58.22642686631944,47.55435372881416,174.41567258918545,0.4388384916683687,0.2858954535590278,0.016954210069444444,7.0370430036521325,0.7394936297312533,64.64836968315973,54.45197889539931,60.816914876302086,40.292094686249314,51.35549184042345,57.02235710316244
HAM10000,ISIC_0025586,nv,nv,True,Phase 4B processed HAM JPG; model Resize(384x384),600,450,600.0,450.0,1.3333333333333333,384,384,0.9735316634178162,0.14350335687347132,0.9527614824473858,0.020770180970430374,0.00044551570317707956,0.0012494797119870782,0.0008098821272142231,0.0003079975722357631,0.020770180970430374,0.9735316634178162,0.002885335823521018,40.58928765190972,43.412614995867884,123.56004357319554,0.20857803244995915,0.5114813910590278,0.019049750434027776,5.675738989149542,0.9685850143190281,39.77674018012153,40.25379774305556,44.45795355902778,40.166120222157026,44.8548134606621,46.631914500453824
HAM10000,ISIC_0025613,nv,nv,True,Phase 4B processed HAM JPG; model Resize(384x384),600,450,600.0,450.0,1.3333333333333333,384,384,0.9822743535041809,0.10412237804764549,0.969462214037776,0.012812139466404915,0.00018996592552866787,8.663365588290617e-05,0.0005317330360412598,0.0034979439806193113,0.012812139466404915,0.9822743535041809,0.0006072581745684147,62.86956787109375,53.181200639382844,238.26048486647596,0.4280281947848584,0.3427327473958333,0.01470947265625,7.132998452698,0.7852696079505271,77.53935411241319,53.878506130642364,70.67812771267361,55.535372477545344,52.45819981773318,59.186111123310056
HAM10000,ISIC_0025625,nv,nv,True,Phase 4B processed HAM JPG; model Resize(384x384),600,450,600.0,450.0,1.3333333333333333,384,384,0.983731746673584,0.10728582765774926,0.9760876679793,0.002224553842097521,0.001050804858095944,0.0031741028651595116,0.007644078694283962,0.0010799341835081577,0.002224553842097521,0.983731746673584,0.0010948003036901355,54.172030978732636,35.906366447892765,327.0716613365085,0.4954771220554194,0.1793551974826389,0.012356228298611112,6.632396731527267,0.5893285576022482,75.18320719401042,44.637478298611114,48.16266547309028,37.17738155059288,37.121253858986954,38.361419588129195
HAM10000,ISIC_0025634,nv,nv,True,Phase 4B processed HAM JPG; model Resize(384x384),600,450,600.0,450.0,1.3333333333333333,384,384,0.9791396856307983,0.10338264800677331,0.9585988149046898,0.0001396250881953165,7.604989605169976e-06,1.5302610336220823e-05,0.02054087072610855,0.00013639066310133785,0.0001396250881953165,0.9791396856307983,2.043166387011297e-05,93.65478515625,40.37432671245706,1127.2609553335258,0.3872259135859205,0.022915310329861112,0.010660807291666666,7.253119164659337,0.35500788947698597,111.70882161458333,86.99131944444444,80.60656060112848,43.46518480119239,43.13556593661651,43.83089430475271
HAM10000,ISIC_0025636,nv,nv,True,Phase 4B processed HAM JPG; model Resize(384x384),600,450,600.0,450.0,1.3333333333333333,384,384,0.9839823842048645,0.0995106878491417,0.9759811460971832,0.008001238107681274,0.0001902962540043518,0.000155923145939596,0.00623441394418478,0.0009185540839098394,0.008001238107681274,0.9839823842048645,0.0005172788514755666,72.02165391710069,62.148506838506414,215.451283082366,0.2774123912802968,0.33551025390625,0.017985026041666668,7.30296045525054,0.8175242661546978,73.63505045572917,69.68138970269098,79.84170871310764,61.96202902318508,62.622283172448554,63.35048126560237
HAM10000,ISIC_0025639,nv,nv,True,Phase 4B processed HAM JPG; model Resize(384x384),600,450,600.0,450.0,1.3333333333333333,384,384,0.9412644505500793,0.26675541943129605,0.8933605551719666,0.04790389537811279,0.0021875256206840277,0.0046355160884559155,0.0019418291049078107,0.00039605057099834085,0.04790389537811279,0.9412644505500793,0.0016706950264051557,53.070590549045136,49.003594176147416,95.53508841089996,0.3865187834031182,0.4524943033854167,0.014926486545138888,6.833246595634465,0.8656460603014073,50.401950412326386,51.379801432291664,68.78158230251736,40.38948361667364,52.2776532310387,59.04026902524316
HAM10000,ISIC_0025653,nv,nv,True,Phase 4B processed HAM JPG; model Resize(384x384),600,450,600.0,450.0,1.3333333333333333,384,384,0.7732998132705688,0.7133813163138667,0.609616681933403,0.16368313133716583,0.006377749610692263,0.002799870213493705,0.05119803175330162,0.0015342021360993385,0.16368313133716583,0.7732998132705688,0.0011072049383074045,26.45220947265625,37.56065779398783,26.92691253617774,0.37784269578056917,0.8142157660590278,0.011956108940972222,5.725660213359656,1.294035128780727,22.270094129774307,28.00377739800347,29.357374403211807,36.821876270922616,38.54336821412738,38.059304028171084
HAM10000,ISIC_0025662,nv,nv,True,Phase 4B processed HAM JPG; model Resize(384x384),600,450,600.0,450.0,1.3333333333333333,384,384,0.9755809307098389,0.13002264834263028,0.9547517783939838,0.020829152315855026,0.00045259931357577443,0.000822759116999805,0.0015192084247246385,0.00016201088146772236,0.020829152315855026,0.9755809307098389,0.0006333002238534391,24.3201904296875,42.84174795886837,32.863938399992975,0.4522881933806509,0.8892957899305556,0.016391330295138888,5.359805726329186,1.6457111159685869,22.12115478515625,24.10421413845486,31.3302001953125,42.01370908195772,43.63797145572896,41.70538683900186
HAM10000,ISIC_0025666,nv,nv,True,Phase 4B processed HAM JPG; model Resize(384x384),600,450,600.0,450.0,1.3333333333333333,384,384,0.9337544441223145,0.284182144091463,0.8779785148799419,0.05577592924237251,0.0009170733974315226,0.0005806547123938799,0.0069641531445086,0.000931515300180763,0.05577592924237251,0.9337544441223145,0.0010763637255877256,50.20860460069444,46.88196731513709,185.5583776562578,0.3460876597817947,0.3750135633680556,0.016181098090277776,6.691400928657474,0.8625255959508096,55.60601128472222,46.60490587022569,54.60710991753472,42.85699567940926,48.537803657198296,52.768735353299384
HAM10000,ISIC_0025673,nv,nv,True,Phase 4B processed HAM JPG; model Resize(384x384),600,450,600.0,450.0,1.3333333333333333,384,384,0.9640061259269714,0.1859097515200769,0.9371621087193489,0.005721005145460367,0.001512957620434463,0.026844017207622528,0.0006393765797838569,0.0006077188882045448,0.005721005145460367,0.9640061259269714,0.0006687535205855966,49.8443603515625,36.55553597967946,277.9947674733897,0.370329946214597,0.2314520941840278,0.012254503038194444,6.525557129722524,0.6584072788266491,59.761494954427086,44.42999267578125,51.71661376953125,37.10021076682935,37.13711566521465,40.36813905199072
HAM10000,ISIC_0025684,nv,nv,True,Phase 4B processed HAM JPG; model Resize(384x384),600,450,600.0,450.0,1.3333333333333333,384,384,0.5460732579231262,1.0597744584461086,0.2563389837741852,0.28973427414894104,0.010299032554030418,0.0030503403395414352,0.14704538881778717,0.0019656047224998474,0.28973427414894104,0.5460732579231262,0.0018321452662348747,38.03590223524306,38.42490336141644,72.49701150239986,0.2976345220162718,0.5375501844618056,0.012986924913194444,6.467534981643423,0.9069477122787571,43.79468451605903,35.544921875,35.7528076171875,40.074731408343496,38.00788364279592,38.62533042126033
HAM10000,ISIC_0025702,nv,nv,True,Phase 4B processed HAM JPG; model Resize(384x384),600,450,600.0,450.0,1.3333333333333333,384,384,0.8347641825675964,0.49752072742566844,0.6806496232748032,0.15411455929279327,0.00032547811861149967,0.00038425668026320636,0.008887704461812973,0.0007612064364366233,0.15411455929279327,0.8347641825675964,0.000762694631703198,27.389729817708332,35.093236255650226,30.724516618398965,0.3831707058908633,0.7666354709201388,0.013136121961805556,5.780965632405583,1.1360463730694834,22.590223524305557,29.231913248697918,30.47650146484375,34.624714009201554,35.601407943351994,36.44242534051519
HAM10000,ISIC_0025721,nv,nv,True,Phase 4B processed HAM JPG; model Resize(384x384),600,450,600.0,450.0,1.3333333333333333,384,384,0.9670090079307556,0.1599507641425994,0.9370861705392599,0.029922837391495705,0.0003199904749635607,0.00064262212254107,0.0008348696865141392,0.0004373751289676875,0.029922837391495705,0.9670090079307556,0.000833240570500493,52.00164116753472,55.05474395393624,151.95148279766244,0.30922404769199346,0.4120958116319444,0.024644639756944444,6.603179987858677,1.0010435824888326,52.051784939236114,52.2568359375,50.55614556206597,50.53817562164523,57.29056800020038,58.94172903996028
HAM10000,ISIC_0025742,nv,nv,True,Phase 4B processed HAM JPG; model Resize(384x384),600,450,600.0,450.0,1.3333333333333333,384,384,0.934289276599884,0.29788104363564233,0.8900552988052368,0.04423397779464722,0.001122071873396635,0.0012493189424276352,0.018016710877418518,0.0003455708210822195,0.04423397779464722,0.934289276599884,0.0007430941332131624,57.238735622829864,50.10521825642695,78.81235691127772,0.6042973005174292,0.4078843858506944,0.014363606770833334,7.102041083083572,0.8177630945611205,68.20264350043402,56.246059841579864,33.583713107638886,52.36373360565824,51.15733898257386,42.0675342795044
HAM10000,ISIC_0025747,nv,nv,True,Phase 4B processed HAM JPG; model Resize(384x384),600,450,600.0,450.0,1.3333333333333333,384,384,0.9631446003913879,0.16741874868621434,0.9280963055789471,0.0008799912757240236,4.05988612328656e-05,0.000271545781288296,0.03504829481244087,0.0002873702032957226,0.0008799912757240236,0.9631446003913879,0.00032754670246504247,74.0201416015625,41.36484763306292,921.9658665016383,0.4697036377485022,0.060282389322916664,0.013481987847222222,7.0509264189858065,0.5013740310651478,98.84851752387152,64.06318495008681,60.16827392578125,45.51575353461351,42.68153617406101,45.761753381076986
HAM10000,ISIC_0025751,mel,nv,False,Phase 4B processed HAM JPG; model Resize(384x384),600,450,600.0,450.0,1.3333333333333333,384,384,0.7059108018875122,0.6544792174493945,0.42180898785591125,0.28410181403160095,0.00015960674500092864,0.00015052349772304296,0.0087526123970747,0.0007409026147797704,0.28410181403160095,0.7059108018875122,0.00018370624457020313,26.50002712673611,45.648910448912964,51.55013677105308,0.33761350677423746,0.8621826171875,0.015597873263888888,5.297107171838298,1.6314597407216367,23.402933756510418,26.780442979600693,33.22277153862847,40.59341208932634,47.86617264498445,52.6215511946473
HAM10000,ISIC_0025809,nv,nv,True,Phase 4B processed HAM JPG; model Resize(384x384),600,450,600.0,450.0,1.3333333333333333,384,384,0.5593403577804565,1.0125166575104987,0.31498265266418457,0.19236129522323608,0.002335538389161229,0.00073922862065956,0.24435770511627197,0.000593986886087805,0.19236129522323608,0.5593403577804565,0.0002719470066949725,59.99766710069444,38.077855107274644,202.20573902553247,0.4385488472732843,0.16182454427083334,0.012491861979166666,6.934328365563185,0.5606800884053426,73.00265163845486,56.548428005642364,43.642842610677086,43.0000346940672,37.8607455012456,34.3046422592764
HAM10000,ISIC_0025814,mel,mel,True,Phase 4B processed HAM JPG; model Resize(384x384),600,450,600.0,450.0,1.3333333333333333,384,384,0.8964555859565735,0.39357252809646653,0.8096658959984779,0.8964555859565735,0.004270663019269705,0.00016770721413195133,0.011015229858458042,0.0011893996270373464,0.8964555859565735,0.08678968995809555,0.00011171708320034668,69.09221055772569,40.704941312662484,362.93338372930884,0.42916094877621186,0.10399712456597222,0.012912326388888888,7.081876962723891,0.5109707201616269,80.79058159722223,63.96855333116319,64.78456624348958,35.145808553582455,45.475256757922985,49.39757810765717
HAM10000,ISIC_0025863,nv,nv,True,Phase 4B processed HAM JPG; model Resize(384x384),600,450,600.0,450.0,1.3333333333333333,384,384,0.973517119884491,0.1251676253489066,0.9475737679749727,0.025943351909518242,4.3932836888416205e-06,4.515069576882524e-06,0.0004845409421250224,3.134079815936275e-05,0.025943351909518242,0.973517119884491,1.4804343663854524e-05,30.899183485243057,44.39274645002086,70.09038933076793,0.34136744812942543,0.8280504014756944,0.014600965711805556,5.817078221402301,1.3634906263203868,30.853895399305557,28.906901041666668,41.262715657552086,41.881713476612745,44.11483359835745,55.09721741451197
HAM10000,ISIC_0025864,nv,nv,True,Phase 4B processed HAM JPG; model Resize(384x384),600,450,600.0,450.0,1.3333333333333333,384,384,0.9123317003250122,0.36003570111339805,0.8590197861194611,0.05331191420555115,0.0002310210547875613,5.551913272938691e-05,0.03367269039154053,0.0002468831662554294,0.05331191420555115,0.9123317003250122,0.0001503282692283392,39.570332845052086,52.74910818995943,115.270932207091,0.31162556168300654,0.7402072482638888,0.0224609375,6.089649782622418,1.2727875438112375,39.0845947265625,38.979342990451386,43.91191270616319,49.51432486939055,54.14558490730139,56.5390308240722
HAM10000,ISIC_0025875,nv,nv,True,Phase 4B processed HAM JPG; model Resize(384x384),600,450,600.0,450.0,1.3333333333333333,384,384,0.9782758951187134,0.13486831689841783,0.9675295976921916,0.0016928554978221655,0.0005442487308755517,0.0011123721487820148,0.010746297426521778,0.004831924568861723,0.0016928554978221655,0.9782758951187134,0.00279650348238647,60.880832248263886,49.695666283868654,293.0429753340596,0.34285495068252997,0.2237548828125,0.017923990885416668,7.011610995051841,0.7610471776349721,64.32685682508681,57.491475423177086,69.28463406032986,45.77518576233326,52.06381999599075,52.474220728235984
HAM10000,ISIC_0025880,nv,nv,True,Phase 4B processed HAM JPG; model Resize(384x384),600,450,600.0,450.0,1.3333333333333333,384,384,0.930566668510437,0.2645905103907344,0.8634194508194923,0.06714721769094467,6.219457281986251e-05,3.3551455999258906e-05,0.0011666694190353155,0.0008910291362553835,0.06714721769094467,0.930566668510437,0.00013269858027342707,117.94009738498264,66.2224783493301,434.9597740665905,0.2134314044628268,0.08249918619791667,0.03714328342013889,7.871586504986908,0.5060838632521136,113.97681342230902,120.57428656684027,114.77559407552083,62.20157092594227,69.42720652148674,65.76752042363994
HAM10000,ISIC_0025895,nv,nv,True,Phase 4B processed HAM JPG; model Resize(384x384),600,450,600.0,450.0,1.3333333333333333,384,384,0.9773014187812805,0.12952429191395895,0.9619758632034063,0.015325555577874184,0.00029967742739245296,0.0005447695148177445,0.005358801688998938,0.0002503898576833308,0.015325555577874184,0.9773014187812805,0.0009194728336296976,49.35356309678819,54.451951181201714,163.6608066374873,0.3433548006876362,0.4964938693576389,0.025953504774305556,6.594411889904547,1.041966490587287,50.11029052734375,47.279398600260414,58.044413248697914,50.117956521281755,56.5495108902194,57.80553332517263
HAM10000,ISIC_0025901,nv,nv,True,Phase 4B processed HAM JPG; model Resize(384x384),600,450,600.0,450.0,1.3333333333333333,384,384,0.9885460734367371,0.08072676233718287,0.9846608801744878,0.0012912494130432606,0.00031274769571609795,0.0015214636223390698,0.003100572619587183,0.0038851932622492313,0.0012912494130432606,0.9885460734367371,0.0013426868245005608,37.31915283203125,49.667970873105574,82.36249938565824,0.4192237338728894,0.7273491753472222,0.024631076388888888,6.064954206391564,1.2821597519590933,40.33711073133681,34.265964084201386,45.120266384548614,45.45713995730431,51.44286846813426,54.09709519485912
HAM10000,ISIC_0025902,nv,nv,True,Phase 4B processed HAM JPG; model Resize(384x384),600,450,600.0,450.0,1.3333333333333333,384,384,0.7037842869758606,0.6204559628924662,0.40925508737564087,0.2945291996002197,0.00016289947961922735,8.822162635624409e-05,0.00039384045521728694,0.0004741353332065046,0.2945291996002197,0.7037842869758606,0.000567465671338141,47.35279676649306,49.355650162396174,147.3756884700262,0.3839385520918437,0.4805501302083333,0.018846299913194444,6.6224248943603,0.9868820559070742,48.97761366102431,45.22070990668403,54.066446940104164,42.85565443901295,52.670931614993584,54.52452544751069
HAM10000,ISIC_0025910,nv,nv,True,Phase 4B processed HAM JPG; model Resize(384x384),600,450,600.0,450.0,1.3333333333333333,384,384,0.8232084512710571,0.709645707700304,0.7437141761183739,0.026077192276716232,0.001254680915735662,0.004500665236264467,0.04324667900800705,0.07949427515268326,0.026077192276716232,0.8232084512710571,0.022218046709895134,91.63873291015625,40.66724715862742,653.5101359166022,0.30544970809504357,0.020100911458333332,0.017333984375,7.070327129911373,0.3599108326589944,107.74790445963542,83.51849365234375,91.1826171875,39.2366375359514,43.879508646700735,41.01031616472508
HAM10000,ISIC_0025919,nv,nv,True,Phase 4B processed HAM JPG; model Resize(384x384),600,450,600.0,450.0,1.3333333333333333,384,384,0.5506742596626282,0.7699261076854642,0.11505505442619324,0.43561920523643494,0.002560108434408903,0.00471336068585515,0.0025105916429311037,0.0030342719983309507,0.43561920523643494,0.5506742596626282,0.0008882126421667635,58.890462239583336,52.142158235280554,222.51481027054936,0.3615359636693219,0.2926567925347222,0.018744574652777776,6.972745154021171,0.8323255639986399,50.4744873046875,61.431606716579864,67.88641357421875,48.93075020996139,54.00235446482425,56.592705935606496
HAM10000,ISIC_0025941,mel,nv,False,Phase 4B processed HAM JPG; model Resize(384x384),600,450,600.0,450.0,1.3333333333333333,384,384,0.8924393653869629,0.3956231968169005,0.7987436652183533,0.09369570016860962,0.007881090976297855,0.0005213394179008901,0.005073529668152332,0.00025507499231025577,0.09369570016860962,0.8924393653869629,0.0001338910369668156,44.908467610677086,53.490962584871916,83.51769994581,0.2895288139127179,0.5979275173611112,0.020100911458333332,6.568333251423674,1.1217252658415615,44.85919189453125,44.747843424479164,45.87896728515625,49.88110099427594,54.721826671854124,58.545489901514486
HAM10000,ISIC_0025964,mel,nv,False,Phase 4B processed HAM JPG; model Resize(384x384),600,450,600.0,450.0,1.3333333333333333,384,384,0.41208523511886597,1.3517554148435325,0.11844274401664734,0.2020145207643509,0.0010725707979872823,0.03395840898156166,0.05195767432451248,0.0052690766751766205,0.2020145207643509,0.41208523511886597,0.29364249110221863,29.27356635199653,30.680536379714347,58.54493409500997,0.3234622332005719,0.6470404730902778,0.011115180121527778,5.9588667146258985,0.9182070629251476,33.93827989366319,27.023817274305557,28.6326904296875,32.6176341333852,30.376500122113747,31.01967221212949
HAM10000,ISIC_0025983,nv,nv,True,Phase 4B processed HAM JPG; model Resize(384x384),600,450,600.0,450.0,1.3333333333333333,384,384,0.5895383358001709,1.0227863924782412,0.2910664975643158,0.2984718382358551,0.007377835921943188,0.0020810142159461975,0.08009516447782516,0.015436912886798382,0.2984718382358551,0.5895383358001709,0.006998851429671049,51.90729437934028,56.85404038938294,86.39130316178004,0.34728208720554193,0.5344577365451388,0.0250244140625,6.950605253681109,1.0462171380804164,43.41155327690972,54.646077473958336,60.08570014105903,52.109183850300546,59.72869078730545,60.68486895728934
HAM10000,ISIC_0025993,nv,nv,True,Phase 4B processed HAM JPG; model Resize(384x384),600,450,600.0,450.0,1.3333333333333333,384,384,0.8700112104415894,0.44113085114247735,0.7548831477761269,0.1151280626654625,0.0013495296007022262,0.0005243706982582808,0.012627034448087215,6.732048495905474e-05,0.1151280626654625,0.8700112104415894,0.00029242681921459734,87.53476291232639,58.76742535134021,237.02348675091324,0.31138349545547384,0.17664930555555555,0.018819173177083332,7.665062867178499,0.5944809653840761,77.38359917534723,89.78804524739583,102.58065456814236,56.199057039719065,60.342395955585154,61.35987704082224
HAM10000,ISIC_0026007,nv,nv,True,Phase 4B processed HAM JPG; model Resize(384x384),600,450,600.0,450.0,1.3333333333333333,384,384,0.878506600856781,0.5478575528305523,0.8358753025531769,0.012765906751155853,0.003385933581739664,0.042631298303604126,0.032822493463754654,0.002086013089865446,0.012765906751155853,0.878506600856781,0.02780173160135746,50.03468153211806,41.79676017626401,202.65898301640962,0.4257159596694581,0.2466091579861111,0.017422146267361112,6.487481378771411,0.7703995764068563,63.273152669270836,42.02295600043403,56.54286024305556,41.57909253604003,42.45407174299996,44.44485948250875
HAM10000,ISIC_0026030,nv,nv,True,Phase 4B processed HAM JPG; model Resize(384x384),600,450,600.0,450.0,1.3333333333333333,384,384,0.5925299525260925,0.8026619519096738,0.2107103168964386,0.38181963562965393,0.0009409069898538291,0.0042832582257688046,0.01483369804918766,0.0018639217596501112,0.38181963562965393,0.5925299525260925,0.0037286344449967146,43.79039171006944,46.458878645185685,148.26050481821105,0.4474361511097495,0.5113457573784722,0.01605224609375,6.452997895812762,0.9994837243184496,52.428439670138886,38.430623372395836,48.71331787109375,42.34358190562016,47.98252114385106,53.3176676367585
HAM10000,ISIC_0026045,mel,mel,True,Phase 4B processed HAM JPG; model Resize(384x384),600,450,600.0,450.0,1.3333333333333333,384,384,0.9492224454879761,0.24020804975403712,0.9233519248664379,0.9492224454879761,0.0007850459078326821,1.7479953385191038e-05,0.025870520621538162,7.504485256504267e-05,0.9492224454879761,0.024019965901970863,9.503686669631861e-06,76.46335177951389,47.572618012874884,222.6750406306467,0.30499153220315905,0.12797715928819445,0.015957302517361112,7.404768173108974,0.5513298989312514,85.5150146484375,73.29176161024306,69.05308702256944,49.93009264685096,47.45446692517206,48.88258563098838
HAM10000,ISIC_0026061,nv,nv,True,Phase 4B processed HAM JPG; model Resize(384x384),600,450,600.0,450.0,1.3333333333333333,384,384,0.9151550531387329,0.3494749756744073,0.8450666293501854,0.07008842378854752,0.00032807921525090933,0.0010528654092922807,0.003385440679267049,0.005192516837269068,0.07008842378854752,0.9151550531387329,0.00479760579764843,54.737881130642364,38.27643640402856,182.63121808564034,0.470794717626634,0.12639024522569445,0.01641845703125,6.4674834131803465,0.6347273768614821,43.80879041883681,56.15980360243056,76.09665934244792,36.06179910282248,39.83224203941629,40.22575852604848
HAM10000,ISIC_0026088,nv,nv,True,Phase 4B processed HAM JPG; model Resize(384x384),600,450,600.0,450.0,1.3333333333333333,384,384,0.9387297034263611,0.29954433411266923,0.9014088585972786,0.002631553914397955,0.0004626859736163169,0.003904406214132905,0.002752463798969984,0.014198287390172482,0.002631553914397955,0.9387297034263611,0.03732084482908249,110.10561116536458,46.35120808656737,701.0931280569898,0.41398718341503266,0.013834635416666666,0.014919704861111112,7.423462130931795,0.35938334665353255,141.75691731770834,94.18517388237848,109.06194390190973,40.79719290993988,54.05636122089171,52.150895385564695
HAM10000,ISIC_0026097,nv,mel,False,Phase 4B processed HAM JPG; model Resize(384x384),600,450,600.0,450.0,1.3333333333333333,384,384,0.34617000818252563,1.465307887834487,0.03556203842163086,0.34617000818252563,0.3106079697608948,0.05659354105591774,0.006822133902460337,0.19656869769096375,0.34617000818252563,0.08061257749795914,0.0026250346563756466,58.855923122829864,50.01256665041703,115.3302854915828,0.3134263514433551,0.3200208875868056,0.015936957465277776,7.189625107224002,0.7805876219981768,54.663113064236114,60.03965928819444,63.769870334201386,42.53681201676552,54.49970048968772,52.65779707249093
HAM10000,ISIC_0026110,nv,nv,True,Phase 4B processed HAM JPG; model Resize(384x384),600,450,600.0,450.0,1.3333333333333333,384,384,0.9203759431838989,0.31098184015527386,0.8475079536437988,0.0728679895401001,0.0005870533059351146,0.0014586575562134385,0.0006009748321957886,0.001902448246255517,0.0728679895401001,0.9203759431838989,0.0022068785037845373,23.57623969184028,37.615692568060474,54.70659722056654,0.43626719622310733,0.9143948025173612,0.014933268229166666,5.202417708460286,1.4972429969980807,21.792127821180557,22.91720241970486,31.671495225694443,33.64370561977139,39.59029390933996,40.91416611530713
HAM10000,ISIC_0026111,nv,nv,True,Phase 4B processed HAM JPG; model Resize(384x384),600,450,600.0,450.0,1.3333333333333333,384,384,0.9576565623283386,0.18241235000275055,0.9165948890149593,2.255585241073277e-05,0.0007016919553279877,0.00043314503272995353,0.04106167331337929,3.2690622902009636e-05,2.255585241073277e-05,0.9576565623283386,9.168311953544617e-05,93.390380859375,48.61300669857762,376.0678257474469,0.36366440185014975,0.03984239366319445,0.021620008680555556,7.460409993713691,0.43396487785775784,103.97016059027777,90.43996853298611,80.82719590928819,43.54475220721525,53.78116958761684,52.76253901845623
HAM10000,ISIC_0026137,nv,nv,True,Phase 4B processed HAM JPG; model Resize(384x384),600,450,600.0,450.0,1.3333333333333333,384,384,0.867018461227417,0.44690641129659814,0.7495656311511993,0.11745283007621765,0.0004366209905128926,0.00013033149298280478,0.013996950350701809,0.0005979568813927472,0.11745283007621765,0.867018461227417,0.00036695433664135635,61.845357259114586,52.81935081777789,167.88527926618676,0.3177725598703023,0.22829182942708334,0.018948025173611112,6.88095007032023,0.7781879688423229,56.082424587673614,61.652133517795136,77.99405924479167,49.30578959303326,54.28931534535726,60.49022948314436
HAM10000,ISIC_0026155,nv,nv,True,Phase 4B processed HAM JPG; model Resize(384x384),600,450,600.0,450.0,1.3333333333333333,384,384,0.7211430072784424,0.9813338415901036,0.5796951502561569,0.14144785702228546,0.05631904676556587,0.026838082820177078,0.032152362167835236,0.012751911766827106,0.14144785702228546,0.7211430072784424,0.009347737766802311,35.68500434027778,36.737754490323724,83.68384139363964,0.42618208741830066,0.5334947374131944,0.0152587890625,6.094838944274473,0.949674574202373,43.279330783420136,32.72728135850694,30.98019748263889,35.743054467733664,37.56901769516802,38.648341444946254
HAM10000,ISIC_0026160,nv,nv,True,Phase 4B processed HAM JPG; model Resize(384x384),600,450,600.0,450.0,1.3333333333333333,384,384,0.9245160222053528,0.3652602379085617,0.8881130181252956,0.019816143438220024,0.008196312934160233,0.009610575623810291,0.036403004080057144,0.0003943583578802645,0.019816143438220024,0.9245160222053528,0.0010636348742991686,38.046237521701386,43.667186530327314,111.3891940642562,0.3293667662377451,0.6221923828125,0.0159912109375,6.164813650132464,1.0757715005253732,39.30127631293403,36.157314724392364,44.50690375434028,40.30880948463784,44.73615244489463,50.0106311243034
HAM10000,ISIC_0026161,nv,nv,True,Phase 4B processed HAM JPG; model Resize(384x384),600,450,600.0,450.0,1.3333333333333333,384,384,0.9600787162780762,0.1933466070526696,0.9277359545230865,0.032342761754989624,0.0001968777651200071,0.0001737440179567784,0.0058015696704387665,0.0005935364752076566,0.032342761754989624,0.9600787162780762,0.0008128542685881257,44.29194471571181,52.03241476319313,158.68675343784287,0.31236971188214874,0.6194390190972222,0.019890679253472224,6.319203098245187,1.1139098889173593,43.60930040147569,43.42405870225694,50.562845865885414,47.52991610958899,54.04638611169284,56.37707492299061
HAM10000,ISIC_0026166,nv,nv,True,Phase 4B processed HAM JPG; model Resize(384x384),600,450,600.0,450.0,1.3333333333333333,384,384,0.5421554446220398,0.7458875046962256,0.0935697853565216,0.0046586086973547935,0.002610691823065281,0.0014673284022137523,0.4485856592655182,0.0003797967219725251,0.0046586086973547935,0.5421554446220398,0.00014247513900045305,85.37936062282986,48.685731537728444,408.89703655666045,0.3313862187670207,0.10498046875,0.013251410590277778,7.5329331185767066,0.46203950814018185,89.63805474175348,84.47637261284723,78.85765245225694,50.47525768719355,50.67361895610914,49.42934663746872
HAM10000,ISIC_0026169,nv,nv,True,Phase 4B processed HAM JPG; model Resize(384x384),600,450,600.0,450.0,1.3333333333333333,384,384,0.9693110585212708,0.15259537222336375,0.9425816275179386,0.026729431003332138,4.629907925846055e-05,0.0002674756105989218,0.0006243335083127022,0.00021241875947453082,0.026729431003332138,0.9693110585212708,0.0028090199921280146,61.91944715711806,57.46443429393648,99.60400381721097,0.34867714609715417,0.3798489040798611,0.019551595052083332,6.915465365621888,0.8888528362956143,59.912563747829864,59.67009819878472,78.79802788628473,53.06472298366314,58.85148106411416,64.74425499716347
HAM10000,ISIC_0026179,nv,nv,True,Phase 4B processed HAM JPG; model Resize(384x384),600,450,600.0,450.0,1.3333333333333333,384,384,0.6627935171127319,0.6564451066449186,0.3282155990600586,0.33457791805267334,0.00017451858730055392,6.969040259718895e-05,0.0021448403131216764,0.00012231046275701374,0.33457791805267334,0.6627935171127319,0.00011716623703250661,29.56519232855903,48.79820925973438,32.45602694190578,0.3828979758135893,0.8579915364583334,0.017401801215277776,5.695925458425625,1.5700614325510787,30.14659966362847,28.69573296440972,32.56646050347222,44.07834654862741,51.03085296505585,53.17413632762831
HAM10000,ISIC_0026181,nv,nv,True,Phase 4B processed HAM JPG; model Resize(384x384),600,450,600.0,450.0,1.3333333333333333,384,384,0.9958603978157043,0.03207162413041362,0.9940936607308686,0.0017667370848357677,2.7364867491996847e-06,1.1431381608417723e-05,0.0002908158930949867,0.0009498310973867774,0.0017667370848357677,0.9958603978157043,0.0011180822039023042,51.70311821831597,55.9829551797568,179.14706775214938,0.3368018854677287,0.5409003363715278,0.0208740234375,6.556252880074675,1.0353792659205114,54.446390787760414,48.86402723524306,59.10443793402778,51.77646487932761,57.38469434421519,62.38298810329568
HAM10000,ISIC_0026182,nv,nv,True,Phase 4B processed HAM JPG; model Resize(384x384),600,450,600.0,450.0,1.3333333333333333,384,384,0.9587168097496033,0.23251103821121352,0.9402064587920904,0.018510350957512856,0.000979098491370678,0.003417389467358589,0.009556268341839314,0.003417389467358589,0.018510350957512856,0.9587168097496033,0.005402624141424894,49.03607855902778,36.58959889320602,141.05925747085314,0.3399570972052015,0.3161146375868056,0.011223687065972222,6.771153033502377,0.6720907823598138,55.266581217447914,47.09904649522569,42.67188856336806,38.4242185689932,36.54679246466414,35.86574729605603
HAM10000,ISIC_0026183,nv,nv,True,Phase 4B processed HAM JPG; model Resize(384x384),600,450,600.0,450.0,1.3333333333333333,384,384,0.9789454340934753,0.12594371002559976,0.9657930843532085,0.0131523497402668,0.002503590425476432,0.0014978847466409206,0.003418662352487445,0.00030971033265814185,0.0131523497402668,0.9789454340934753,0.00017237976135220379,61.188028971354164,46.20111133647895,241.33873054642734,0.3392401003370098,0.1718207465277778,0.018703884548611112,6.952443071589673,0.6819590086301487,67.32579888237848,58.69566514756944,57.92163764105903,46.16265413189488,47.9961412552495,49.191882928487956
HAM10000,ISIC_0026193,nv,nv,True,Phase 4B processed HAM JPG; model Resize(384x384),600,450,600.0,450.0,1.3333333333333333,384,384,0.9902215003967285,0.057642978875061375,0.9809310846030712,0.009290415793657303,2.7804981073131785e-05,0.00011105003068223596,0.00016412130207754672,0.00011752151476684958,0.009290415793657303,0.9902215003967285,6.74869297654368e-05,44.498291015625,54.824348962467084,99.73063724345448,0.43399070457175926,0.65570068359375,0.01861572265625,6.526616640348156,1.1719455354464106,44.48273383246528,42.39653862847222,55.347934299045136,49.477059579616316,56.50231566316882,64.4735709484923
HAM10000,ISIC_0026196,nv,nv,True,Phase 4B processed HAM JPG; model Resize(384x384),600,450,600.0,450.0,1.3333333333333333,384,384,0.9717361927032471,0.14061391049481267,0.946129497140646,0.02560669556260109,8.842477109283209e-05,6.648629641858861e-05,0.0014271035324782133,0.0005732332938350737,0.02560669556260109,0.9717361927032471,0.0005019398522563279,64.91101752387152,57.741097132822254,176.7455117690986,0.3049607087843818,0.2855767144097222,0.029296875,7.012295335504108,0.8609717281170503,68.108642578125,61.55585394965278,73.78170437282986,52.05050772519716,59.867193786216916,64.31361206963857
HAM10000,ISIC_0026225,nv,nv,True,Phase 4B processed HAM JPG; model Resize(384x384),600,450,600.0,450.0,1.3333333333333333,384,384,0.9829490184783936,0.09890442038326842,0.9696644619107246,0.013284556567668915,5.7854363149090204e-06,3.3163090847665444e-05,0.002300071297213435,0.00041358996531926095,0.013284556567668915,0.9829490184783936,0.001013697125017643,31.083170572916668,45.21975452139524,87.30593113527621,0.6195275001276552,0.8086140950520834,0.012715657552083334,5.729259194016104,1.3766083623935004,35.374301486545136,25.315694173177082,49.48473442925347,45.50582741692688,43.567671062518016,57.25514517979642
HAM10000,ISIC_0026238,nv,nv,True,Phase 4B processed HAM JPG; model Resize(384x384),600,450,600.0,450.0,1.3333333333333333,384,384,0.9824883341789246,0.09009289364494528,0.9652839116752148,1.25060194022808e-06,1.578059709572699e-05,9.188152762362733e-05,0.017204422503709793,0.00015477686247322708,1.25060194022808e-06,0.9824883341789246,4.357162833912298e-05,109.40590413411458,43.68256571498196,1457.6814348872429,0.3137931474673203,0.020175509982638888,0.009039984809027778,7.463769556563848,0.28850999314204334,120.25682237413194,104.6787109375,105.27739800347223,45.746478735330555,47.65763108550474,47.95253408161017
HAM10000,ISIC_0026247,mel,nv,False,Phase 4B processed HAM JPG; model Resize(384x384),600,450,600.0,450.0,1.3333333333333333,384,384,0.6706665754318237,0.7905872820221702,0.3905445635318756,0.2801220118999481,0.0015893899835646152,0.0010241849813610315,0.04548370838165283,0.0005407626740634441,0.2801220118999481,0.6706665754318237,0.0005733947036787868,33.08161078559028,32.10399808570256,62.4704940935344,0.2765313574431509,0.5727403428819444,0.011237250434027778,6.132071625651312,0.8305142621263465,33.763332790798614,32.77825249565972,32.86980523003472,33.15120826619367,32.12218432195872,32.23753553935257
HAM10000,ISIC_0026250,nv,nv,True,Phase 4B processed HAM JPG; model Resize(384x384),600,450,600.0,450.0,1.3333333333333333,384,384,0.9788601994514465,0.11271534309759006,0.9599793776869774,0.018880821764469147,0.00013635173672810197,7.500701758544892e-05,0.0006555996369570494,0.0007102582021616399,0.018880821764469147,0.9788601994514465,0.0006817159010097384,50.21013047960069,55.46107403040071,172.2490707800988,0.36120400688487203,0.4645317925347222,0.026102701822916668,6.471542794901344,1.0544371030940254,54.386013454861114,46.990885416666664,55.825602213541664,51.12652120454337,57.29901738767569,60.381265512087516
HAM10000,ISIC_0026269,nv,nv,True,Phase 4B processed HAM JPG; model Resize(384x384),600,450,600.0,450.0,1.3333333333333333,384,384,0.9554401636123657,0.22637439204626145,0.9251483287662268,0.030291834846138954,0.0005736151360906661,0.0010028010001406074,0.008946601301431656,0.0016468936810269952,0.030291834846138954,0.9554401636123657,0.0020981968846172094,38.570170084635414,42.84301363041741,140.50625253588328,0.33539161432802284,0.5575629340277778,0.018690321180555556,5.977262535293717,1.0507378804919116,41.528096516927086,36.33723280164931,42.298984103732636,40.21023443092526,44.47057326240692,44.35519517886334
HAM10000,ISIC_0026371,nv,bkl,False,Phase 4B processed HAM JPG; model Resize(384x384),600,450,600.0,450.0,1.3333333333333333,384,384,0.5380261540412903,1.1068057977917496,0.23415067791938782,0.09533894062042236,0.06010017171502113,0.0014058492379263043,0.5380261540412903,0.000958705903030932,0.09533894062042236,0.30387547612190247,0.00029468198772519827,34.414584689670136,36.213890940378135,37.36722656380799,0.4097711301317402,0.542236328125,0.015123155381944444,6.118242949707024,0.9610149485583288,27.18671332465278,36.840962727864586,40.870564778645836,36.1986815537448,36.21820899820475,37.6900392648032
HAM10000,ISIC_0026381,nv,nv,True,Phase 4B processed HAM JPG; model Resize(384x384),600,450,600.0,450.0,1.3333333333333333,384,384,0.8340446352958679,0.5811454532347362,0.703617051243782,0.005217759404331446,0.005248422268778086,0.13042758405208588,0.019367406144738197,0.001542366691865027,0.005217759404331446,0.8340446352958679,0.0041518439538776875,40.9100341796875,33.97350266233529,238.666210586642,0.37630160462622547,0.3679131401909722,0.012518988715277778,6.055753322246021,0.7423195567580329,48.951144748263886,37.76087782118056,36.039455837673614,34.387546444439934,34.6079679133127,35.861626242387835
HAM10000,ISIC_0026382,nv,nv,True,Phase 4B processed HAM JPG; model Resize(384x384),600,450,600.0,450.0,1.3333333333333333,384,384,0.9850398302078247,0.09337654193321991,0.9782618568278849,0.006748252548277378,3.5101711546303704e-05,0.00024845977895893157,0.0067779733799397945,0.0007549180299974978,0.006748252548277378,0.9850398302078247,0.0003954897401854396,88.86282687717014,47.69249961840591,682.9011076438575,0.26914442806202343,0.07585313585069445,0.015977647569444444,7.492522935000023,0.4785272605642667,86.85560438368056,91.78639729817708,79.06196424696181,49.393595380357716,48.599603799832934,44.63975031476616
HAM10000,ISIC_0026387,nv,nv,True,Phase 4B processed HAM JPG; model Resize(384x384),600,450,600.0,450.0,1.3333333333333333,384,384,0.9874870777130127,0.08325354026971821,0.9824891136959195,0.0022243403363972902,3.154314254061319e-05,5.801671795779839e-05,0.004997964017093182,0.0009717422653920949,0.0022243403363972902,0.9874870777130127,0.004229308106005192,75.71044243706598,53.077583756854686,369.1753946969078,0.4254733881399782,0.08754475911458333,0.027621799045138888,7.206729824208713,0.6580017064527599,97.60965983072917,65.08682590060764,72.95926920572917,50.00873884680957,55.567154336027336,54.7853556158892
HAM10000,ISIC_0026406,nv,nv,True,Phase 4B processed HAM JPG; model Resize(384x384),600,450,600.0,450.0,1.3333333333333333,384,384,0.9225162267684937,0.28506028446466,0.8473807796835899,4.4236388930585235e-05,1.583470293553546e-05,1.3178810149838682e-05,0.07513544708490372,0.0010048510739579797,4.4236388930585235e-05,0.9225162267684937,0.0012702508829534054,90.01569281684027,54.88290447592764,339.5899138074875,0.3626807119332108,0.13490125868055555,0.01324462890625,7.682113377060318,0.5462500333391809,83.79884847005208,94.82731797960069,81.54732937282986,52.648927084432444,58.9622305974591,57.25954933617184
HAM10000,ISIC_0026414,nv,mel,False,Phase 4B processed HAM JPG; model Resize(384x384),600,450,600.0,450.0,1.3333333333333333,384,384,0.6559270620346069,0.8416167280707291,0.39450719952583313,0.6559270620346069,0.0011328328400850296,3.078439840464853e-05,0.08122169971466064,0.0001900563365779817,0.6559270620346069,0.2614198625087738,7.76948727434501e-05,67.52676052517361,46.82858222604412,163.6512905269125,0.2775998848975354,0.1883816189236111,0.015360514322916666,7.276960353514771,0.6173816097210706,77.03174506293402,63.8785400390625,61.370930989583336,50.82710419066239,46.22209420031494,44.3880534185231
HAM10000,ISIC_0026425,nv,nv,True,Phase 4B processed HAM JPG; model Resize(384x384),600,450,600.0,450.0,1.3333333333333333,384,384,0.9443492293357849,0.24588140453069862,0.8972869142889977,0.04706231504678726,1.7120602933573537e-05,9.147482342086732e-05,0.005782250314950943,0.0004287979390937835,0.04706231504678726,0.9443492293357849,0.0022687886375933886,57.05933973524306,55.43645252359549,200.42176666851216,0.3259702063334014,0.3478461371527778,0.02099609375,6.653756378570053,0.9324023887612933,59.42555067274306,53.777988009982636,67.76055908203125,56.2257296390479,55.78032704467019,53.97565586876284
HAM10000,ISIC_0026431,nv,nv,True,Phase 4B processed HAM JPG; model Resize(384x384),600,450,600.0,450.0,1.3333333333333333,384,384,0.9468718767166138,0.2140544893576584,0.8947414010763168,0.052130475640296936,0.00011063445708714426,6.428091728594154e-05,0.00031640176894143224,0.00023148446052800864,0.052130475640296936,0.9468718767166138,0.0002748946426436305,65.00973171657986,55.95980428004987,146.33910702168941,0.2081249095775463,0.12324354383680555,0.028591579861111112,6.687362870417559,0.8159985141939482,66.62148708767361,63.238505045572914,69.89704725477431,53.53961291254672,57.430154650206674,57.79016120558448
HAM10000,ISIC_0026475,mel,nv,False,Phase 4B processed HAM JPG; model Resize(384x384),600,450,600.0,450.0,1.3333333333333333,384,384,0.9168534874916077,0.32073608123084757,0.8415200412273407,0.07533344626426697,0.0004708239284809679,0.0006665668333880603,0.0050618345849215984,0.0013412527041509748,0.07533344626426697,0.9168534874916077,0.00027249197592027485,27.489501953125,34.458487015531,50.6188349524674,0.4910039764603758,0.7520751953125,0.012925889756944444,5.927806184480184,1.179530448478576,31.97679985894097,25.857435438368057,24.11636013454861,32.439132124194174,35.69948382536917,37.13809410390337
HAM10000,ISIC_0026479,nv,nv,True,Phase 4B processed HAM JPG; model Resize(384x384),600,450,600.0,450.0,1.3333333333333333,384,384,0.9232445359230042,0.3232986517639103,0.8645969480276108,0.05864758789539337,0.0002881219261325896,0.0001524238323327154,0.015321566723287106,0.001761517021805048,0.05864758789539337,0.9232445359230042,0.0005843002581968904,71.76894124348958,40.6008921689303,309.0238603704873,0.2689910822184777,0.055548773871527776,0.01629638671875,6.913461414176061,0.4899433398912373,77.56920708550348,67.32672797309027,79.43216959635417,38.934739135521795,42.04108247527591,43.79625341765457
HAM10000,ISIC_0026506,mel,vasc,False,Phase 4B processed HAM JPG; model Resize(384x384),600,450,600.0,450.0,1.3333333333333333,384,384,0.7876397967338562,0.7153859674007765,0.6778752356767654,0.10976456105709076,0.0004084391694050282,0.006376597564667463,0.0016028372338041663,0.004005990456789732,0.10976456105709076,0.090201735496521,0.7876397967338562,43.102783203125,57.08488002448661,49.86159052410059,0.3750912734885621,0.7868923611111112,0.034403483072916664,5.636889945234737,1.2729465660021388,38.39153374565972,43.32384575737847,54.518032497829864,50.870503374207686,60.88187556498217,58.96892584489996
HAM10000,ISIC_0026521,nv,nv,True,Phase 4B processed HAM JPG; model Resize(384x384),600,450,600.0,450.0,1.3333333333333333,384,384,0.9876796007156372,0.08557752212054627,0.9836075473576784,0.004072053357958794,0.0004467243852559477,0.0014561954885721207,0.0036359347868710756,0.0020296399015933275,0.004072053357958794,0.9876796007156372,0.0006798442336730659,78.64071316189236,51.44364130723605,412.1372915874293,0.28281308508646513,0.09876844618055555,0.018202039930555556,7.350891560242131,0.5839147801466987,76.97788492838542,78.27726915147569,84.86387803819444,47.56744122106559,54.16545025995594,53.502051943594516
HAM10000,ISIC_0026547,nv,nv,True,Phase 4B processed HAM JPG; model Resize(384x384),600,450,600.0,450.0,1.3333333333333333,384,384,0.990227222442627,0.059526192242454076,0.9814010662958026,0.00882615614682436,0.00018025303143076599,0.00010032592399511486,0.00026587690808810294,0.0002643236075527966,0.00882615614682436,0.990227222442627,0.0001357966393698007,64.69411214192708,52.0215680593119,249.64889479561907,0.3578554506655093,0.2618069118923611,0.020548502604166668,7.219465326460008,0.7439248247924121,73.41494411892361,59.92767333984375,66.34470621744792,48.05216428859762,54.071093295079706,56.11808968366144
HAM10000,ISIC_0026564,nv,nv,True,Phase 4B processed HAM JPG; model Resize(384x384),600,450,600.0,450.0,1.3333333333333333,384,384,0.9869187474250793,0.07967641621477047,0.9800846022553742,0.00609290087595582,1.3244640285847709e-05,1.2837145732191857e-05,0.0068341451697051525,7.41618059691973e-05,0.00609290087595582,0.9869187474250793,5.4046402510721236e-05,64.04578993055556,48.9487894361713,239.09138458139373,0.25800116379016885,0.1417168511284722,0.016330295138888888,6.938927301133351,0.6898348591695902,57.27470567491319,66.80934651692708,67.57637532552083,48.503327490223604,49.57461839930257,53.207526526310936
HAM10000,ISIC_0026579,nv,nv,True,Phase 4B processed HAM JPG; model Resize(384x384),600,450,600.0,450.0,1.3333333333333333,384,384,0.9875161647796631,0.08228740689614801,0.9808834181167185,0.006632746662944555,5.180462176213041e-05,0.00010881693015107885,0.0020855581387877464,0.0008393566822633147,0.006632746662944555,0.9875161647796631,0.002765615237876773,49.719570583767364,53.666067745631494,209.20883234930628,0.3593472615825844,0.4692111545138889,0.022786458333333332,6.519633163215008,1.0124043274136953,49.857394748263886,47.83001708984375,59.102396647135414,49.240475893913676,56.083497446498264,56.14426591432694
HAM10000,ISIC_0026580,nv,nv,True,Phase 4B processed HAM JPG; model Resize(384x384),600,450,600.0,450.0,1.3333333333333333,384,384,0.6518627405166626,0.8993802343564757,0.3684721291065216,0.010063707828521729,0.034295354038476944,0.283390611410141,0.005165197420865297,0.009136303327977657,0.010063707828521729,0.6518627405166626,0.006086090113967657,59.26643202039931,43.881689645281135,357.50172572330007,0.48739862047249455,0.1777275933159722,0.015265570746527778,6.865091638552563,0.66187664962271,74.95025634765625,52.57049560546875,52.606038411458336,39.03783719090172,48.149067529803744,49.70590987554965
HAM10000,ISIC_0026611,nv,nv,True,Phase 4B processed HAM JPG; model Resize(384x384),600,450,600.0,450.0,1.3333333333333333,384,384,0.7765868902206421,0.5458269787773768,0.5553908944129944,0.2211959958076477,3.0274935852503404e-05,7.581444515381008e-05,0.0014124675653874874,0.00015556115249637514,0.2211959958076477,0.7765868902206421,0.0005429617594927549,44.18505859375,46.93309898614852,210.25056910496434,0.3413200029360703,0.4750298394097222,0.018642849392361112,6.229475076067966,1.0091433921169335,41.87633599175347,43.52076551649306,53.664889865451386,42.42393781967305,48.57987423139645,55.12112036300173
HAM10000,ISIC_0026616,nv,nv,True,Phase 4B processed HAM JPG; model Resize(384x384),600,450,600.0,450.0,1.3333333333333333,384,384,0.985691487789154,0.09293672960779287,0.9788924516178668,0.0016532093286514282,0.0008136166725307703,0.004573581274598837,0.006799036171287298,6.310806929832324e-05,0.0016532093286514282,0.985691487789154,0.0004059283819515258,60.71495903862847,50.810645367818125,216.25139800040625,0.3031272605613426,0.2494574652777778,0.016927083333333332,7.073418190950104,0.7556884758585536,60.85455322265625,59.585415310329864,66.1715087890625,46.294817577838685,53.953093211137016,55.371668916725596
HAM10000,ISIC_0026627,nv,nv,True,Phase 4B processed HAM JPG; model Resize(384x384),600,450,600.0,450.0,1.3333333333333333,384,384,0.9891601204872131,0.0664260125218107,0.9799765795469284,0.009183540940284729,3.003212987096049e-05,0.00011602784798014909,0.00016458706522826105,0.0008657497819513083,0.009183540940284729,0.9891601204872131,0.0004799836897291243,52.69182671440972,48.123845866106734,167.8976235735564,0.41941550925925924,0.2936062282986111,0.019056532118055556,6.6038783781133725,0.8759248396938741,66.59822591145833,45.64042833116319,52.498440212673614,45.46664896583693,49.81209089518974,50.476005780634125
HAM10000,ISIC_0026658,nv,nv,True,Phase 4B processed HAM JPG; model Resize(384x384),600,450,600.0,450.0,1.3333333333333333,384,384,0.8386206030845642,0.4972521278146274,0.688557580113411,0.005778934806585312,0.0014914177590981126,0.00046382794971577823,0.15006302297115326,0.0028524112422019243,0.005778934806585312,0.8386206030845642,0.0007297038100659847,51.16204833984375,42.6490935737691,108.68472945671758,0.4169955384497549,0.32421875,0.017645941840277776,6.918666783611502,0.7835443678827351,64.20345052083333,45.984842936197914,43.62767198350694,45.719135259907134,42.42855027955006,43.061713234567115
HAM10000,ISIC_0026674,nv,nv,True,Phase 4B processed HAM JPG; model Resize(384x384),600,450,600.0,450.0,1.3333333333333333,384,384,0.6061141490936279,0.720214384759919,0.2200913429260254,0.38602280616760254,0.0012775689829140902,0.000751044019125402,0.0036465702578425407,0.001042721327394247,0.38602280616760254,0.6061141490936279,0.0011452054604887962,17.41107177734375,36.89924718167251,38.942260079913666,0.5270055966179874,0.9444851345486112,0.012912326388888888,4.58625797627348,1.9334854811868063,20.049207899305557,16.273539225260418,16.41021728515625,33.97775607514133,37.98884836456445,40.63187620144692
HAM10000,ISIC_0026676,nv,nv,True,Phase 4B processed HAM JPG; model Resize(384x384),600,450,600.0,450.0,1.3333333333333333,384,384,0.6740896105766296,0.7476916627165783,0.3749641478061676,0.29912546277046204,0.004016119986772537,0.0016514345770701766,0.019490087404847145,0.0012441357830539346,0.29912546277046204,0.6740896105766296,0.0003831636277027428,44.63885498046875,50.78778396427496,74.4740725733156,0.2872429342830882,0.583740234375,0.017829047309027776,6.525772378384486,1.0637215733149958,47.337320963541664,42.60215928819444,48.06987169053819,51.28975142967238,50.1162042853425,55.13703097002363
HAM10000,ISIC_0026678,nv,nv,True,Phase 4B processed HAM JPG; model Resize(384x384),600,450,600.0,450.0,1.3333333333333333,384,384,0.9187513589859009,0.2911823455719245,0.8389407768845558,0.07981058210134506,0.00021983563783578575,0.00018260645447298884,0.00015865123714320362,0.00031675054924562573,0.07981058210134506,0.9187513589859009,0.0005602746387012303,69.13524034288194,55.901884625948135,268.2214612423638,0.34262309687329795,0.24924723307291666,0.020128038194444444,7.347045072556881,0.7433718957967039,72.94747585720486,66.13666449652777,74.57071940104167,50.430852415801034,59.08203352770984,59.82334724690769
HAM10000,ISIC_0026680,nv,nv,True,Phase 4B processed HAM JPG; model Resize(384x384),600,450,600.0,450.0,1.3333333333333333,384,384,0.9605504274368286,0.22292915742964337,0.9455609228461981,0.014989504590630531,0.0016949662240222096,0.0018945680931210518,0.013286450877785683,0.005762062966823578,0.014989504590630531,0.9605504274368286,0.0018219882622361183,70.29076470269098,60.02937177038963,156.52260284935247,0.3272786458333333,0.2438897026909722,0.030849880642361112,7.292927292146678,0.8056182124919069,70.28198920355902,68.52451578776042,79.38795979817708,53.1415177808218,63.74607540510701,63.186255162187415
HAM10000,ISIC_0026696,nv,nv,True,Phase 4B processed HAM JPG; model Resize(384x384),600,450,600.0,450.0,1.3333333333333333,384,384,0.9894102811813354,0.07102209228627367,0.9832807104103267,0.00612957077100873,0.00016853271517902613,0.0004773001710418612,0.0001688621996436268,0.002567692194133997,0.00612957077100873,0.9894102811813354,0.0010777154238894582,37.34747314453125,43.406459632605454,134.00143092976492,0.4323920621851171,0.6278008355034722,0.016160753038194444,6.119160909537886,1.1083472739279439,45.128560384114586,33.19813368055556,38.302591959635414,40.90482486873683,44.233633522752775,49.379839835186566
HAM10000,ISIC_0026710,nv,nv,True,Phase 4B processed HAM JPG; model Resize(384x384),600,450,600.0,450.0,1.3333333333333333,384,384,0.9561506509780884,0.2219234806184244,0.9345414191484451,0.019394345581531525,0.00023743393830955029,0.00012414522643666714,0.02160923182964325,0.0012081465683877468,0.019394345581531525,0.9561506509780884,0.001276056980714202,35.46318901909722,47.80835798924598,118.25816514462602,0.28170471856277235,0.74761962890625,0.023573133680555556,5.8819871088952915,1.2875826682743041,35.27802191840278,35.013326009114586,38.278774685329864,46.12011062181631,48.91225466321168,48.14212790224476
HAM10000,ISIC_0026724,nv,nv,True,Phase 4B processed HAM JPG; model Resize(384x384),600,450,600.0,450.0,1.3333333333333333,384,384,0.9797124862670898,0.1230645618159688,0.9671456916257739,0.0037723148707300425,0.00044746941421180964,0.0007945905672386289,0.012566794641315937,0.001056781387887895,0.0037723148707300425,0.9797124862670898,0.0016496125608682632,34.279947916666664,51.26173459235873,72.6927073529841,0.3473122723481754,0.8555976019965278,0.023464626736111112,5.534402088495575,1.42787610942822,36.376546223958336,32.197530110677086,39.57562255859375,46.82027887039776,53.125682794156475,55.18347162374562
HAM10000,ISIC_0026726,nv,nv,True,Phase 4B processed HAM JPG; model Resize(384x384),600,450,600.0,450.0,1.3333333333333333,384,384,0.8662344813346863,0.4573884904113916,0.7472724840044975,0.003526301123201847,6.99711381457746e-05,0.0012162791099399328,0.008016793057322502,0.0019742159638553858,0.003526301123201847,0.8662344813346863,0.11896199733018875,49.65947129991319,41.76263232827846,164.67860914228694,0.6345435049019608,0.2919582790798611,0.015577528211805556,6.65916368134729,0.7579045899687239,35.99762641059028,49.98139784071181,83.83877224392361,43.5867918681357,42.56456747507192,45.436287375528295
HAM10000,ISIC_0026731,nv,nv,True,Phase 4B processed HAM JPG; model Resize(384x384),600,450,600.0,450.0,1.3333333333333333,384,384,0.9783498048782349,0.11554793963533136,0.9596804603934288,0.01866934448480606,4.407135565998033e-05,0.00030058540869504213,0.00020739767933264375,0.00014620779256802052,0.01866934448480606,0.9783498048782349,0.0022826120257377625,61.53967963324653,55.03643158402686,294.9239705237617,0.3775491685389434,0.24427625868055555,0.02294921875,6.893830369530901,0.8381058110830726,69.07518174913194,56.378689236111114,68.33450656467014,48.898084086462916,58.40971085638562,58.08161518512042
HAM10000,ISIC_0026761,nv,nv,True,Phase 4B processed HAM JPG; model Resize(384x384),600,450,600.0,450.0,1.3333333333333333,384,384,0.8402099013328552,0.442422663382949,0.6807898879051208,0.15942001342773438,1.5114064808585681e-05,3.0057906769798137e-05,7.324066973524168e-05,6.720941019011661e-05,0.15942001342773438,0.8402099013328552,0.00018448698392603546,81.96409098307292,55.862376744191174,203.0380687684189,0.2589606258084831,0.0335693359375,0.025689019097222224,7.055339390060292,0.6395500709399143,76.52564832899306,82.49544270833333,93.48713514539931,48.7425527246234,58.552263028958464,66.04751672523909
HAM10000,ISIC_0026770,mel,mel,True,Phase 4B processed HAM JPG; model Resize(384x384),600,450,600.0,450.0,1.3333333333333333,384,384,0.9157097339630127,0.3147861901625697,0.837625727057457,0.9157097339630127,0.00014738964091520756,9.00974846445024e-05,0.005365829449146986,0.00019525956304278225,0.9157097339630127,0.07808400690555573,0.0004077514458913356,64.56036376953125,57.47415660730833,126.3453435132073,0.4015009063521242,0.4035780164930556,0.020758734809027776,7.2747285660939145,0.8435526677744954,55.93025037977431,66.33251274956598,78.08544921875,57.140449799750684,58.629358599376864,58.16068674093072
HAM10000,ISIC_0026781,nv,nv,True,Phase 4B processed HAM JPG; model Resize(384x384),600,450,600.0,450.0,1.3333333333333333,384,384,0.9701785445213318,0.15830964731145764,0.9506721589714289,0.008999344892799854,0.0001230485795531422,2.4901373762986623e-05,0.019506385549902916,0.0009946818463504314,0.008999344892799854,0.9701785445213318,0.00017318769823759794,46.12586127387153,50.279952562598126,134.81777371723712,0.3307624634055011,0.5045979817708334,0.019158257378472224,6.579033939136277,1.0253266362565807,51.208028157552086,44.31756591796875,42.091701931423614,50.482523042729824,50.16616867291602,52.17526574036431
HAM10000,ISIC_0026853,mel,mel,True,Phase 4B processed HAM JPG; model Resize(384x384),600,450,600.0,450.0,1.3333333333333333,384,384,0.9552168250083923,0.2246375406741963,0.9330139998346567,0.9552168250083923,0.0027146339416503906,9.472174861002713e-05,0.02220282517373562,0.0003229527792427689,0.9552168250083923,0.019422467797994614,2.549401506257709e-05,74.26724582248264,43.731409403022816,278.20992441967496,0.27357212307666123,0.09228515625,0.015428331163194444,7.227397472895971,0.4951966930749893,80.90061442057292,70.90583631727431,74.17951117621527,47.234184224418726,43.63925292986207,44.548494798385555
HAM10000,ISIC_0026873,nv,nv,True,Phase 4B processed HAM JPG; model Resize(384x384),600,450,600.0,450.0,1.3333333333333333,384,384,0.9979878664016724,0.016382429047974396,0.99648378463462,0.001504081767052412,3.00643514492549e-05,0.00013059360207989812,7.587759318994358e-05,8.252537372754887e-05,0.001504081767052412,0.9979878664016724,0.00018890244245994836,67.36786566840277,57.35066218503337,314.36587741179966,0.41662297134565635,0.24525960286458334,0.019680447048611112,7.170018158195149,0.7946575897786025,82.02660454644098,59.12077501085069,71.37204996744792,54.31434425151937,59.24229310881064,61.07432933005486
HAM10000,ISIC_0026896,nv,nv,True,Phase 4B processed HAM JPG; model Resize(384x384),600,450,600.0,450.0,1.3333333333333333,384,384,0.9585391879081726,0.20626968009364363,0.9297418333590031,0.010534633882343769,0.0011970540508627892,0.00025586504489183426,0.02879735454916954,0.0004088711575604975,0.010534633882343769,0.9585391879081726,0.0002670988324098289,39.89599609375,42.323333359811684,146.2467170552247,0.4264002980749591,0.5321248372395834,0.017727322048611112,6.288163450306347,0.9919334787142748,49.0863037109375,34.66674126519097,42.70012071397569,40.789333232161496,43.01492250403131,46.70380142194284
HAM10000,ISIC_0026897,mel,mel,True,Phase 4B processed HAM JPG; model Resize(384x384),600,450,600.0,450.0,1.3333333333333333,384,384,0.7293581962585449,0.6089242290767922,0.4626098871231079,0.7293581962585449,0.0006408598856069148,6.508547812700272e-05,0.0022433835547417402,0.0005079530528746545,0.7293581962585449,0.266748309135437,0.00043617573101073503,44.67595757378472,55.08858097442678,57.74553949408877,0.30612061610668573,0.6351860894097222,0.021185980902777776,6.6021009757364135,1.166180189568302,44.260281032986114,45.170674641927086,43.26629638671875,49.852044438814985,58.23391218455924,56.12367750111583
HAM10000,ISIC_0026900,nv,nv,True,Phase 4B processed HAM JPG; model Resize(384x384),600,450,600.0,450.0,1.3333333333333333,384,384,0.9901790618896484,0.060799402726729394,0.9815955860540271,0.008583475835621357,0.00018201308557763696,0.00038607502938248217,0.0002269618125865236,0.00012607677490450442,0.008583475835621357,0.9901790618896484,0.00031633852631784976,54.493679470486114,49.68792598069185,203.65723836417368,0.39545459622651147,0.3066948784722222,0.020521375868055556,6.760996648477873,0.8590782575908732,65.533203125,49.34783257378472,52.03656684027778,46.40364805748511,51.5442133810795,53.5865625514976
HAM10000,ISIC_0026901,nv,nv,True,Phase 4B processed HAM JPG; model Resize(384x384),600,450,600.0,450.0,1.3333333333333333,384,384,0.7736510038375854,0.7603916758295025,0.6322072595357895,0.062390975654125214,0.008936852216720581,0.002102059777826071,0.14144374430179596,0.00919356383383274,0.062390975654125214,0.7736510038375854,0.0022817642893642187,24.81064181857639,41.53046184680785,33.688246020518335,0.34612460001361656,0.88671875,0.015787760416666668,5.43477281082682,1.577428056988072,27.00638156467014,23.61418999565972,25.23004150390625,39.57729848757995,42.39001141088652,43.35786015886521
HAM10000,ISIC_0026906,nv,nv,True,Phase 4B processed HAM JPG; model Resize(384x384),600,450,600.0,450.0,1.3333333333333333,384,384,0.9804830551147461,0.11625006381664767,0.9671083176508546,0.013374737463891506,5.024416168453172e-05,0.0005921093397773802,0.0012007751502096653,0.002729876432567835,0.013374737463891506,0.9804830551147461,0.0015691678272560239,52.445027669270836,36.80387686927596,398.97854717995654,0.5331612381280637,0.1955227322048611,0.013448079427083334,6.572744587953525,0.6389071784926385,76.17231580946181,41.827718098958336,44.871921115451386,40.40992821193108,37.02513587070558,38.37862978344858
HAM10000,ISIC_0026921,nv,mel,False,Phase 4B processed HAM JPG; model Resize(384x384),600,450,600.0,450.0,1.3333333333333333,384,384,0.6391602158546448,0.8330068944448414,0.3372422754764557,0.6391602158546448,0.004268942400813103,0.00023594850790686905,0.05418378487229347,0.00011957289098063484,0.6391602158546448,0.3019179403781891,0.00011365242244210094,61.9149169921875,53.69717737557537,202.7619408324453,0.3667583922674973,0.3286471896701389,0.018290201822916668,7.250675055832697,0.7975083936827577,71.25103081597223,58.48363579644097,55.105801052517364,52.00437307916854,55.25010362853879,53.9230523329539
HAM10000,ISIC_0026932,nv,nv,True,Phase 4B processed HAM JPG; model Resize(384x384),600,450,600.0,450.0,1.3333333333333333,384,384,0.908109188079834,0.43990776644931123,0.8780942056328058,0.0014141390565782785,0.00133888004347682,0.015917504206299782,0.01419885829091072,0.03001498244702816,0.0014141390565782785,0.908109188079834,0.029006417840719223,83.76194932725694,50.42677360985189,400.6284166822831,0.3796736706835512,0.08186170789930555,0.016493055555555556,7.451286111923257,0.559713852189887,99.27256944444444,77.16253662109375,77.07185872395833,50.93049708546659,53.049636820357975,48.77397126049494
HAM10000,ISIC_0026933,nv,nv,True,Phase 4B processed HAM JPG; model Resize(384x384),600,450,600.0,450.0,1.3333333333333333,384,384,0.9740384221076965,0.16110909620801117,0.9656728357076645,0.008365586400032043,0.0013204006245359778,0.0010630458127707243,0.0051513733342289925,0.007179965265095234,0.008365586400032043,0.9740384221076965,0.002881204942241311,95.82851833767361,56.01357770226998,239.26777556533983,0.3161346103111383,0.05966525607638889,0.02532958984375,7.612158028045743,0.5357966377323558,82.40072292751736,99.82061767578125,110.50215657552083,53.72066576565304,58.14903247945609,55.8324195180643
HAM10000,ISIC_0026936,nv,nv,True,Phase 4B processed HAM JPG; model Resize(384x384),600,450,600.0,450.0,1.3333333333333333,384,384,0.9227473139762878,0.3424322054756892,0.8648142069578171,0.00246829423122108,0.000983739155344665,0.002269462216645479,0.057933107018470764,0.007595460396260023,0.00246829423122108,0.9227473139762878,0.00600263848900795,46.563212076822914,43.58651146471692,204.4222325744728,0.3151284211601307,0.37921142578125,0.017083062065972224,6.435679512999464,0.8785607714361783,51.11286078559028,44.36412896050347,45.92680528428819,43.57425762150371,44.503825149154046,42.577366281582904
HAM10000,ISIC_0026946,nv,nv,True,Phase 4B processed HAM JPG; model Resize(384x384),600,450,600.0,450.0,1.3333333333333333,384,384,0.9746128916740417,0.12855529935081428,0.9515574984252453,0.023055393248796463,8.834078471409157e-05,0.00028350151842460036,0.001546124229207635,8.298848115373403e-05,0.023055393248796463,0.9746128916740417,0.0003308001032564789,53.254062228732636,54.658757145690956,167.75575337140464,0.3206682591656454,0.4649386935763889,0.02203369140625,6.774434135944565,0.9739664139418944,53.327426486545136,51.48278130425347,62.179897732204864,49.005264554539515,56.88542347881932,60.898999303240174
HAM10000,ISIC_0026965,nv,nv,True,Phase 4B processed HAM JPG; model Resize(384x384),600,450,600.0,450.0,1.3333333333333333,384,384,0.9935368895530701,0.04907011628931098,0.9914508743677288,0.0019011941039934754,8.593212260166183e-05,0.0008919423562474549,0.0006745896534994245,0.002086015185341239,0.0019011941039934754,0.9935368895530701,0.0008233022526837885,54.476704915364586,51.220525933379314,215.9561445867114,0.4158562687227669,0.3236558702256944,0.023200141059027776,6.741258077463514,0.8939373245661507,66.55971950954861,49.097751193576386,50.474758572048614,48.832535919513,52.96046230270633,54.59138801615335
HAM10000,ISIC_0026972,nv,nv,True,Phase 4B processed HAM JPG; model Resize(384x384),600,450,600.0,450.0,1.3333333333333333,384,384,0.9782190322875977,0.11361389866300586,0.95912816375494,0.019090868532657623,1.272398640139727e-05,5.646234512823867e-06,0.002581146312877536,5.192180833546445e-05,0.019090868532657623,0.9782190322875977,3.873603054671548e-05,75.00233289930556,57.01120611895796,511.4082989887231,0.3361954699414488,0.1553073459201389,0.023471408420138888,7.26158344542087,0.708649329971816,79.15753173828125,73.68189154730902,70.88188340928819,53.78865808018303,59.16836780302654,61.30130925612121
HAM10000,ISIC_0026987,nv,nv,True,Phase 4B processed HAM JPG; model Resize(384x384),600,450,600.0,450.0,1.3333333333333333,384,384,0.8712751865386963,0.4247423793370736,0.7504467219114304,0.12082846462726593,0.0005722569767385721,0.0005524881416931748,0.0032674844842404127,0.001993475714698434,0.12082846462726593,0.8712751865386963,0.0015106440987437963,51.86091444227431,47.489858978798004,53.03503117130863,0.2567120853332652,0.4079725477430556,0.013983832465277778,7.040720797349195,0.8629832216897322,56.002604166666664,50.45611572265625,48.23646375868056,49.380563826484426,47.23912035389652,46.38147596335233
HAM10000,ISIC_0027005,nv,mel,False,Phase 4B processed HAM JPG; model Resize(384x384),600,450,600.0,450.0,1.3333333333333333,384,384,0.4981342554092407,1.0760206826087915,0.12795230746269226,0.4981342554092407,0.08626738935709,0.0003523830382619053,0.04361191391944885,0.0011644815094769,0.4981342554092407,0.37018194794654846,0.00028760661371052265,76.62948947482639,46.760149195531966,198.77913386659858,0.3769648001344635,0.13037109375,0.014973958333333334,7.405582100390281,0.5418766066602093,92.27128092447917,70.77296278211806,65.74939643012152,52.239540637202026,47.27429624086843,47.780782363741466
HAM10000,ISIC_0027020,nv,nv,True,Phase 4B processed HAM JPG; model Resize(384x384),600,450,600.0,450.0,1.3333333333333333,384,384,0.7682753205299377,0.5493865651937194,0.5375972390174866,0.23067808151245117,7.588713924633339e-05,4.918818740407005e-05,0.0005115525564178824,0.00011041513062082231,0.23067808151245117,0.7682753205299377,0.0002995538234245032,59.17205810546875,54.08772741735141,104.53223166637767,0.5571977336941721,0.4723171657986111,0.019497341579861112,7.078095720367976,0.8448612896751115,42.31779649522569,63.14031304253472,82.95399983723958,47.5848198698743,56.93314150604714,62.011116643591556
HAM10000,ISIC_0027033,mel,mel,True,Phase 4B processed HAM JPG; model Resize(384x384),600,450,600.0,450.0,1.3333333333333333,384,384,0.6683837175369263,0.869807310046234,0.47651419043540955,0.6683837175369263,0.001140897860750556,0.00022421775793191046,0.13833345472812653,3.761720290640369e-05,0.6683837175369263,0.19186952710151672,1.0610419849399477e-05,61.887966579861114,43.86239153682357,225.23259667537093,0.2566653582005719,0.1544189453125,0.016215006510416668,6.9386894059145545,0.622824128378628,62.010104709201386,61.10638427734375,65.58102077907986,44.23573217407032,43.7019726580851,49.758346976521246
HAM10000,ISIC_0027062,nv,nv,True,Phase 4B processed HAM JPG; model Resize(384x384),600,450,600.0,450.0,1.3333333333333333,384,384,0.6721913814544678,0.7733804254601313,0.38477447628974915,0.0355265848338604,0.0036966174375265837,0.0008728938992135227,0.28741690516471863,0.0001790794776752591,0.0355265848338604,0.6721913814544678,0.00011652922694338486,28.79839409722222,34.99172271796435,30.16797832132857,0.4928387544253813,0.7182481553819444,0.013943142361111112,5.946796005954226,1.1140439009963465,21.66052924262153,31.08523220486111,35.78870307074653,35.185556854124144,34.77270086403645,38.67494951491614
HAM10000,ISIC_0027069,mel,bcc,False,Phase 4B processed HAM JPG; model Resize(384x384),600,450,600.0,450.0,1.3333333333333333,384,384,0.5865820050239563,1.113184856311262,0.37142182886600494,0.019934991374611855,0.21516017615795135,0.5865820050239563,0.017353679984807968,0.0030422385316342115,0.019934991374611855,0.15558062493801117,0.002346272813156247,118.59163411458333,48.9696991904282,368.23849298924574,0.2059579088796977,0.03683810763888889,0.025438096788194444,7.591719116576957,0.32497226212197433,110.19035508897569,122.99983723958333,117.92982313368056,44.58001791142082,51.60494215448805,54.637199201458166
HAM10000,ISIC_0027072,nv,nv,True,Phase 4B processed HAM JPG; model Resize(384x384),600,450,600.0,450.0,1.3333333333333333,384,384,0.9704961776733398,0.15965726878237319,0.9486855491995811,0.021810628473758698,0.0001525893312646076,0.0023939020466059446,0.0028847784269601107,0.00022028842067811638,0.021810628473758698,0.9704961776733398,0.0020416227634996176,49.18712022569444,43.259084070507384,133.02569283085103,0.2615219215941585,0.3401760525173611,0.013848198784722222,6.705978203391874,0.8150096397155756,46.880642361111114,49.24683295355903,54.936319986979164,44.124197049411976,42.722406616508856,46.04648633543344
HAM10000,ISIC_0027078,nv,nv,True,Phase 4B processed HAM JPG; model Resize(384x384),600,450,600.0,450.0,1.3333333333333333,384,384,0.9931038022041321,0.042317746763560454,0.9863992389291525,0.006704563274979591,1.1311025446048006e-05,2.489932012395002e-05,8.423331019002944e-05,8.504724064550828e-06,0.006704563274979591,0.9931038022041321,6.271926395129412e-05,46.595981174045136,66.25204960195357,133.75605499519057,0.36315630744485294,0.7361043294270834,0.028299967447916668,6.267545696405348,1.3601250860624117,45.863423665364586,45.46240912543403,54.443088107638886,62.95146462471703,67.54921485584062,71.69068212472486
HAM10000,ISIC_0027087,nv,mel,False,Phase 4B processed HAM JPG; model Resize(384x384),600,450,600.0,450.0,1.3333333333333333,384,384,0.5073425769805908,0.8080481289556207,0.035370051860809326,0.5073425769805908,0.003064276184886694,0.007180535700172186,0.006525194738060236,0.0006081242463551462,0.5073425769805908,0.4719725251197815,0.003306807717308402,90.17855495876736,68.13713884601448,162.2962282910759,0.33574093754255174,0.2436862521701389,0.025946723090277776,7.5159385528515985,0.7142945892142555,93.16278754340277,91.23935275607639,76.89019097222223,64.23677907655829,71.59701064155269,66.32958421559925
HAM10000,ISIC_0027103,nv,nv,True,Phase 4B processed HAM JPG; model Resize(384x384),600,450,600.0,450.0,1.3333333333333333,384,384,0.7998743653297424,0.6203145405721673,0.6553400158882141,0.14453434944152832,0.00012237054761499166,2.515413871151395e-05,0.055397409945726395,1.5679688658565283e-05,0.14453434944152832,0.7998743653297424,3.069934246013872e-05,87.24632432725694,73.04367700440652,247.35863140662332,0.25497770288671023,0.3179796006944444,0.035101996527777776,7.511129777312287,0.7827292258889343,81.03138563368056,90.37423366970486,87.41075303819444,69.89176186344987,75.72096254487454,74.04982399975741
HAM10000,ISIC_0027110,nv,nv,True,Phase 4B processed HAM JPG; model Resize(384x384),600,450,600.0,450.0,1.3333333333333333,384,384,0.950713038444519,0.21215836953171704,0.9048361144959927,0.04587692394852638,0.00023516325745731592,0.00020431338634807616,0.002438521711155772,0.00018101163732353598,0.04587692394852638,0.950713038444519,0.00035095945349894464,50.05615912543403,53.41060177949883,143.1509059270223,0.38106838384225217,0.5291748046875,0.018195258246527776,6.750239248320507,1.0153400217661637,48.77971055772569,48.610805935329864,60.854532877604164,45.85346040511364,56.81754203916442,59.39727627910174
HAM10000,ISIC_0027119,nv,nv,True,Phase 4B processed HAM JPG; model Resize(384x384),600,450,600.0,450.0,1.3333333333333333,384,384,0.9932519793510437,0.04891023911813097,0.989554236177355,0.00369774317368865,0.0002838890068233013,7.01156459399499e-05,0.0015787738375365734,0.0007494103047065437,0.00369774317368865,0.9932519793510437,0.00036809794255532324,77.89403618706598,61.5714516301117,252.2801715926163,0.32796245234204796,0.2478705512152778,0.024759928385416668,7.519081326883636,0.7522422323267588,78.8050537109375,76.28137885199652,83.79659695095486,55.21812954020559,65.2058356312266,66.0895514088539
HAM10000,ISIC_0027130,mel,nv,False,Phase 4B processed HAM JPG; model Resize(384x384),600,450,600.0,450.0,1.3333333333333333,384,384,0.5902942419052124,0.9310383258119181,0.26810070872306824,0.32219353318214417,0.00958791933953762,0.0004532760940492153,0.07585801184177399,0.001208300469443202,0.32219353318214417,0.5902942419052124,0.00040473000262863934,49.73424614800347,43.02098063746928,102.53036821550792,0.2511975922096269,0.3418443467881944,0.014912923177083334,6.792663825387147,0.7804715649442298,50.94084337022569,48.350002712673614,53.70172797309028,45.2296795335107,42.46854994115232,42.298883425047556
HAM10000,ISIC_0027179,mel,mel,True,Phase 4B processed HAM JPG; model Resize(384x384),600,450,600.0,450.0,1.3333333333333333,384,384,0.47983330488204956,1.0627761316399953,0.06131523847579956,0.47983330488204956,0.00347198941744864,0.41851806640625,0.028914891183376312,0.0019400166347622871,0.47983330488204956,0.056309353560209274,0.011012431234121323,72.16314019097223,42.703048413765934,156.21439636783836,0.3203752904156454,0.094970703125,0.013292100694444444,7.172572100329767,0.50365539120099,68.24767388237848,73.70719401041667,74.48577202690973,39.7540211818684,45.767338689226584,44.49887682843965
HAM10000,ISIC_0027186,nv,nv,True,Phase 4B processed HAM JPG; model Resize(384x384),600,450,600.0,450.0,1.3333333333333333,384,384,0.8763023018836975,0.4511595468440276,0.7729631960391998,0.0011902324622496963,0.0004942283849231899,0.0013278003316372633,0.10333910584449768,0.012783714570105076,0.0011902324622496963,0.8763023018836975,0.004562627524137497,73.461181640625,42.43893260337078,701.1709592855639,0.4011962358728213,0.039055718315972224,0.019110785590277776,6.931063501140891,0.5349531638378923,94.41270616319444,63.11598036024306,71.77701144748264,42.11875848490455,44.33977280155152,44.88503553699294
HAM10000,ISIC_0027205,nv,nv,True,Phase 4B processed HAM JPG; model Resize(384x384),600,450,600.0,450.0,1.3333333333333333,384,384,0.8993068933486938,0.3910872401384746,0.8151667565107346,0.08414013683795929,0.0015261040534824133,0.0006374185904860497,0.010088438168168068,0.002106407191604376,0.08414013683795929,0.8993068933486938,0.0021945990156382322,33.114291720920136,36.77598882000892,98.88962809019436,0.43009227345452067,0.6240166558159722,0.014940049913194444,5.848964287107022,1.0262527436924596,40.465298122829864,28.98122829861111,35.09747992621528,34.60858339779989,38.0522123687396,39.15263341026086
HAM10000,ISIC_0027207,nv,nv,True,Phase 4B processed HAM JPG; model Resize(384x384),600,450,600.0,450.0,1.3333333333333333,384,384,0.9704707860946655,0.14378690904695998,0.9430479779839516,0.02742280811071396,0.00018333550542593002,0.0006436642725020647,0.00017839034262578934,0.00041315294220112264,0.02742280811071396,0.9704707860946655,0.0006878587300889194,41.88433837890625,51.13883517703519,112.82801626769847,0.3705362955729167,0.6111585828993056,0.020846896701388888,6.441947240252228,1.1691553754274855,43.13172064887153,40.31291368272569,46.68780517578125,45.80202089354076,53.22699734461126,57.52676662678369
HAM10000,ISIC_0027227,nv,nv,True,Phase 4B processed HAM JPG; model Resize(384x384),600,450,600.0,450.0,1.3333333333333333,384,384,0.98641437292099,0.08576640050878458,0.9773302273824811,0.0013011092087253928,2.7590094759943895e-05,7.072951848385856e-05,0.009084145538508892,0.0019627567380666733,0.0013011092087253928,0.98641437292099,0.0011392892338335514,85.66712103949652,66.37913833996397,266.7159128718446,0.2394142699397467,0.18105061848958334,0.023023817274305556,7.486258965815472,0.7440331196449603,86.23830159505208,84.79095458984375,88.6727294921875,64.04446738287376,68.73126131417973,63.51700984733119
HAM10000,ISIC_0027233,nv,nv,True,Phase 4B processed HAM JPG; model Resize(384x384),600,450,600.0,450.0,1.3333333333333333,384,384,0.9793341159820557,0.1341169048603449,0.972309835255146,0.0070242807269096375,0.002329974202439189,0.004137434996664524,0.004378545563668013,0.0018467649351805449,0.0070242807269096375,0.9793341159820557,0.0009487781790085137,45.992818196614586,41.6716292124912,172.01234259851924,0.37991182746970314,0.3529730902777778,0.016716851128472224,6.402110931637123,0.8352446213563798,54.20324028862847,41.535861545138886,47.392971462673614,39.21297078758396,42.82766043765227,46.65832087960652
HAM10000,ISIC_0027240,nv,mel,False,Phase 4B processed HAM JPG; model Resize(384x384),600,450,600.0,450.0,1.3333333333333333,384,384,0.6331458687782288,0.8019386815139044,0.2995014190673828,0.6331458687782288,0.00021239677153062075,0.0072995321825146675,0.002781433518975973,0.0015663495287299156,0.6331458687782288,0.33364444971084595,0.021350013092160225,40.84412977430556,36.185829205487536,62.03068328230285,0.4148110117527914,0.43182373046875,0.012912326388888888,6.33605356051882,0.7948161107289151,34.40980360243056,42.57689751519097,48.80681694878472,38.15047038002845,35.63464039988659,37.4060707852259
HAM10000,ISIC_0027247,nv,nv,True,Phase 4B processed HAM JPG; model Resize(384x384),600,450,600.0,450.0,1.3333333333333333,384,384,0.9580285549163818,0.19468853113119888,0.9205538332462311,0.03747472167015076,0.0009632269502617419,0.000896074459888041,0.0003182595537509769,0.001999710686504841,0.03747472167015076,0.9580285549163818,0.00031950516859069467,59.295003255208336,47.77049371142801,220.2049831814236,0.3971369059776689,0.2653401692708333,0.014092339409722222,7.044829027969199,0.7390239362815915,69.67378743489583,52.829508463541664,65.35066053602431,45.763694767308486,48.612693772145306,54.06553681683812
HAM10000,ISIC_0027248,nv,nv,True,Phase 4B processed HAM JPG; model Resize(384x384),600,450,600.0,450.0,1.3333333333333333,384,384,0.8476688265800476,0.5886525486671901,0.7596243992447853,0.0880444273352623,0.033300820738077164,0.027826426550745964,0.001058595604263246,0.0010022581554949284,0.0880444273352623,0.8476688265800476,0.001098617329262197,56.57671440972222,55.403195454899084,95.86843650976635,0.36832863136574073,0.3849962022569444,0.021647135416666668,6.800502537014193,0.9285896967567732,51.460835774739586,55.815280490451386,73.96096462673611,51.14590293421851,56.644636029546646,63.49934720948378
HAM10000,ISIC_0027260,mel,mel,True,Phase 4B processed HAM JPG; model Resize(384x384),600,450,600.0,450.0,1.3333333333333333,384,384,0.789516031742096,0.5342378909311809,0.5827523916959763,0.789516031742096,4.0616545447846875e-05,4.3575189920375124e-05,0.0035471580922603607,4.785798228112981e-05,0.789516031742096,0.2067636400461197,4.1095314372796565e-05,34.133687337239586,40.63085958856269,77.12297528094534,0.30462521488630173,0.6223687065972222,0.01336669921875,6.101035535368192,1.0456337272352134,37.55620659722222,32.393710666232636,34.134616427951386,40.82596926844972,41.22528853659061,40.89505591187902
HAM10000,ISIC_0027265,nv,nv,True,Phase 4B processed HAM JPG; model Resize(384x384),600,450,600.0,450.0,1.3333333333333333,384,384,0.7419776320457458,0.7469600149161086,0.5587220788002014,0.07078944146633148,0.0013429464306682348,0.0005511441268026829,0.18325555324554443,0.0015010939678177238,0.07078944146633148,0.7419776320457458,0.0005821242230013013,37.64550103081597,36.83962966018403,96.53150073521667,0.4709298726000817,0.4826999240451389,0.014478895399305556,6.183908780184914,0.8687702035544306,43.20691596137153,36.92881944444444,26.743455674913193,38.45612037931272,36.91714933163839,36.688370095668155
HAM10000,ISIC_0027266,nv,nv,True,Phase 4B processed HAM JPG; model Resize(384x384),600,450,600.0,450.0,1.3333333333333333,384,384,0.9432024955749512,0.29204508873374796,0.920987980440259,0.009466113522648811,0.0007428929093293846,0.0008467548759654164,0.020696096122264862,0.022214515134692192,0.009466113522648811,0.9432024955749512,0.002831161953508854,52.112514919704864,47.78921570900328,140.60397664540343,0.25558201742068354,0.3067694769965278,0.021036783854166668,6.769215166713762,0.8396545473727546,55.523681640625,51.04082573784722,48.684590657552086,47.5153801757115,47.83973828038132,49.650652913218885
HAM10000,ISIC_0027271,nv,nv,True,Phase 4B processed HAM JPG; model Resize(384x384),600,450,600.0,450.0,1.3333333333333333,384,384,0.5239366292953491,1.04211128577739,0.15602046251296997,0.36791616678237915,0.059753526002168655,0.0019802949391305447,0.04362082853913307,0.001017379341647029,0.36791616678237915,0.5239366292953491,0.0017751248087733984,28.97519259982639,45.67691788193161,45.347423182547445,0.34878336588541664,0.85186767578125,0.016676161024305556,5.733158365986108,1.4522361493565616,32.38408067491319,27.39110649956597,28.23990207248264,45.43250979391549,46.19701764035938,45.20187754406603
HAM10000,ISIC_0027276,nv,nv,True,Phase 4B processed HAM JPG; model Resize(384x384),600,450,600.0,450.0,1.3333333333333333,384,384,0.9309152960777283,0.2979699133380889,0.8730656132102013,0.05784968286752701,0.001242378493770957,0.003191168187186122,0.004539995454251766,0.0009544269414618611,0.05784968286752701,0.9309152960777283,0.0013070973800495267,33.58332655164931,38.609217633138876,93.29180565435026,0.4486956561053241,0.6362033420138888,0.015889485677083332,5.870065609263621,1.0572535407459656,29.797315809461807,32.92107476128472,46.93750678168403,36.86513902123317,39.51721635748712,42.59260561649418
HAM10000,ISIC_0027280,nv,nv,True,Phase 4B processed HAM JPG; model Resize(384x384),600,450,600.0,450.0,1.3333333333333333,384,384,0.9994261264801025,0.005330683886596157,0.9990027190360706,0.0004234074440319091,5.02093087106914e-07,0.00010365917842136696,1.2649184100155253e-05,9.66065636021085e-06,0.0004234074440319091,0.9994261264801025,2.4050863430602476e-05,52.00328233506944,42.5018679069062,244.4254553801851,0.33157206350422114,0.221435546875,0.016933865017361112,6.52412152215303,0.7687061530744784,49.67321099175347,51.71453179253472,59.60682508680556,44.174393273310486,42.55030082050751,42.86692174250084
HAM10000,ISIC_0027284,nv,nv,True,Phase 4B processed HAM JPG; model Resize(384x384),600,450,600.0,450.0,1.3333333333333333,384,384,0.9407290816307068,0.2685529811000743,0.9013660550117493,0.03936302661895752,6.640794890699908e-05,5.8834179071709514e-05,0.01862558349967003,0.00018697461928240955,0.03936302661895752,0.9407290816307068,0.0009701563976705074,40.51427544487847,55.13483745118838,84.48942277976025,0.3119084509889025,0.6680569118923612,0.030205620659722224,6.421389652358299,1.2973440364840196,36.250759548611114,41.233791775173614,48.045505099826386,50.486420968634434,57.37317108879318,59.4333580315484
HAM10000,ISIC_0027308,nv,nv,True,Phase 4B processed HAM JPG; model Resize(384x384),600,450,600.0,450.0,1.3333333333333333,384,384,0.9386252164840698,0.2357131438967549,0.8780320659279823,0.060593150556087494,5.021099786972627e-05,2.0287076040403917e-05,0.0005232105613686144,4.431105116964318e-05,0.060593150556087494,0.9386252164840698,0.00014359764463733882,68.57894558376736,68.68134686696422,152.57300912004746,0.29850832205712147,0.5199652777777778,0.024407280815972224,7.018188546084026,0.9607323135003449,63.592875162760414,69.75502522786458,75.62123616536458,62.82022284844764,71.30959877232746,72.96370509667578
HAM10000,ISIC_0027309,nv,nv,True,Phase 4B processed HAM JPG; model Resize(384x384),600,450,600.0,450.0,1.3333333333333333,384,384,0.9465979337692261,0.26211931320852383,0.9149651899933815,0.031632743775844574,0.001035117544233799,0.002026661764830351,0.017018819227814674,0.0010150965536013246,0.031632743775844574,0.9465979337692261,0.0006735639180988073,55.128092447916664,41.26532840971242,286.53904264043143,0.4178854815580746,0.1837700737847222,0.019504123263888888,6.681132118885347,0.6859519258864557,69.55084228515625,49.31169976128472,47.24174669053819,41.35840747197703,41.817951076984286,43.74021200153836
HAM10000,ISIC_0027312,nv,nv,True,Phase 4B processed HAM JPG; model Resize(384x384),600,450,600.0,450.0,1.3333333333333333,384,384,0.48152363300323486,1.4012154829602788,0.289424791932106,0.19209884107112885,0.09198597818613052,0.031176062300801277,0.18116647005081177,0.017522377893328667,0.19209884107112885,0.48152363300323486,0.004526563920080662,45.23316107855903,36.150954875603986,193.08386106770715,0.5102858200571896,0.3041720920138889,0.014946831597222222,6.404366309685743,0.7019152762361701,58.54492865668403,40.77494981553819,33.26954481336806,35.801691261623986,37.10501132144494,37.11966603211379
HAM10000,ISIC_0027322,nv,nv,True,Phase 4B processed HAM JPG; model Resize(384x384),600,450,600.0,450.0,1.3333333333333333,384,384,0.913927435874939,0.4071055730430623,0.8744719512760639,0.009074301458895206,0.00035773887066170573,0.0024638755712658167,0.009445000439882278,0.039455484598875046,0.009074301458895206,0.913927435874939,0.02527613192796707,67.04791259765625,39.769186980413274,441.04709824915096,0.4080543534688181,0.09736463758680555,0.015550401475694444,6.9741414155109025,0.5167347661166136,86.01781548394098,56.615261501736114,71.00922309027777,41.17485331102488,40.46134378747016,44.519981781011424
HAM10000,ISIC_0027328,mel,akiec,False,Phase 4B processed HAM JPG; model Resize(384x384),600,450,600.0,450.0,1.3333333333333333,384,384,0.6208989024162292,0.9680173260275512,0.4145423173904419,0.20635658502578735,0.6208989024162292,0.0018384128343313932,0.16308218240737915,0.0002128117484971881,0.20635658502578735,0.007582893129438162,2.8243875931366347e-05,84.22153049045139,45.25761174278942,187.5454591025173,0.2292924602566721,0.08305528428819445,0.016554090711805556,7.397391734006341,0.4025129387333624,91.29021538628473,79.99515109592014,87.44561089409723,47.29227916691429,45.14186603593739,47.049326868671095
HAM10000,ISIC_0027357,nv,nv,True,Phase 4B processed HAM JPG; model Resize(384x384),600,450,600.0,450.0,1.3333333333333333,384,384,0.9725544452667236,0.14725018012144317,0.9505691174417734,0.021985327824950218,0.00031010163365863264,0.0007280835416167974,0.0007098297937773168,0.001899602822959423,0.021985327824950218,0.9725544452667236,0.0018126136856153607,66.63846164279514,42.77751487008426,333.62552314260864,0.4052863359970725,0.06938340928819445,0.020636664496527776,6.79025450303751,0.5742561710983126,85.08737521701389,57.7733154296875,63.885111490885414,40.299106525743696,44.479893543431395,46.83612542197446
HAM10000,ISIC_0027359,mel,nv,False,Phase 4B processed HAM JPG; model Resize(384x384),600,450,600.0,450.0,1.3333333333333333,384,384,0.664764404296875,0.9735364956204186,0.4776248633861542,0.11141922324895859,0.03040088526904583,0.001457009231671691,0.18713954091072083,0.003757114987820387,0.11141922324895859,0.664764404296875,0.0010618148371577263,57.21851942274306,47.91323674793631,162.41132284020196,0.3659325427219499,0.2717488606770833,0.018520779079861112,7.007786831575743,0.7769740848446184,60.20428466796875,56.367390950520836,53.778279622395836,46.89479250351106,49.41765769492575,51.94228760412008
HAM10000,ISIC_0027363,nv,nv,True,Phase 4B processed HAM JPG; model Resize(384x384),600,450,600.0,450.0,1.3333333333333333,384,384,0.929375171661377,0.2902765993740331,0.8670500814914703,0.062325090169906616,0.00017488747835159302,0.0023331232368946075,0.0003864921163767576,0.0008327135583385825,0.062325090169906616,0.929375171661377,0.004572496749460697,46.48975287543403,39.65219001780663,234.7317905271035,0.4125497589443764,0.2871025933159722,0.016628689236111112,6.321626378293386,0.7698875822820598,59.09337022569444,39.680080837673614,48.4805908203125,39.175653861305406,40.6364341992993,41.32150972721636
HAM10000,ISIC_0027368,nv,nv,True,Phase 4B processed HAM JPG; model Resize(384x384),600,450,600.0,450.0,1.3333333333333333,384,384,0.9594904184341431,0.179562145762492,0.920729286968708,0.03876113146543503,0.00027370426687411964,0.00039359775837510824,0.00038977275835350156,0.00031136145116761327,0.03876113146543503,0.9594904184341431,0.0003800007689278573,65.56979031032986,51.38283868472461,205.94398562978077,0.3656653443712554,0.3120863172743056,0.019605848524305556,7.283963929101139,0.7300213724058984,66.49130588107639,62.83598497178819,77.20703803168402,44.933031740627825,54.46691651281813,58.82656007767632
HAM10000,ISIC_0027384,nv,nv,True,Phase 4B processed HAM JPG; model Resize(384x384),600,450,600.0,450.0,1.3333333333333333,384,384,0.9326249361038208,0.27740953342069385,0.8725952543318272,0.06002968177199364,0.0024393070489168167,0.0003050171071663499,0.004210631363093853,0.00024365623539779335,0.06002968177199364,0.9326249361038208,0.00014663490583188832,86.03677707248264,52.40898463738522,383.8514642095492,0.2680123655364924,0.037177191840277776,0.022962782118055556,7.244453823909849,0.5400850658127689,95.28217230902777,80.82893202039931,88.58683268229167,48.368047441835714,54.50122752138563,56.90665412549328
HAM10000,ISIC_0027386,nv,nv,True,Phase 4B processed HAM JPG; model Resize(384x384),600,450,600.0,450.0,1.3333333333333333,384,384,0.9752316474914551,0.1403005232958419,0.9578269049525261,0.017404742538928986,0.00034757383400574327,0.00044629364856518805,0.0013666501035913825,0.004052267409861088,0.017404742538928986,0.9752316474914551,0.0011508347233757377,59.32365587022569,48.50856252017716,133.94518358504143,0.36118945950776143,0.3269924587673611,0.015285915798611112,7.1089014416728755,0.7650610499568937,63.151645236545136,55.3212890625,69.86829969618056,42.60278099671758,50.67037111154184,55.79694357295772
HAM10000,ISIC_0027400,nv,nv,True,Phase 4B processed HAM JPG; model Resize(384x384),600,450,600.0,450.0,1.3333333333333333,384,384,0.9833981990814209,0.09795091083026754,0.9708700627088547,0.012528136372566223,6.495985144283623e-05,7.990197627805173e-05,0.00043618492782115936,0.0010141603415831923,0.012528136372566223,0.9833981990814209,0.002478406298905611,75.99248589409723,65.68101206251653,166.35631932079056,0.3572944591247958,0.4097086588541667,0.02044677734375,7.294634525191935,0.8358051621924406,67.44075520833333,77.24242485894098,91.99980333116319,55.028588245929626,70.44032868354721,72.93916491612836
HAM10000,ISIC_0027406,nv,mel,False,Phase 4B processed HAM JPG; model Resize(384x384),600,450,600.0,450.0,1.3333333333333333,384,384,0.3923034071922302,1.1262338395731428,0.02448752522468567,0.3923034071922302,0.0075007593259215355,0.0017234035767614841,0.36781588196754456,0.00044782395707443357,0.3923034071922302,0.22994859516620636,0.00026019502547569573,63.47857666015625,41.79242206968986,211.65703603496524,0.32659890833503535,0.14394124348958334,0.014797634548611112,7.026549524984816,0.5769211669502947,62.92444525824653,61.546671549479164,74.87582736545139,44.161603087526785,41.41011600844933,44.81716150032089
HAM10000,ISIC_0027411,nv,nv,True,Phase 4B processed HAM JPG; model Resize(384x384),600,450,600.0,450.0,1.3333333333333333,384,384,0.9674103856086731,0.17943927660535294,0.9491370022296906,0.018273383378982544,0.00010453955474076793,5.094851439935155e-05,0.009152053855359554,0.001856630784459412,0.018273383378982544,0.9674103856086731,0.0031520728953182697,59.24786376953125,61.299418254155135,255.92548246663293,0.3145395848226443,0.5254787868923612,0.018812391493055556,6.8527882104227755,0.9663217550148538,61.692593044704864,57.079440646701386,63.99723985460069,60.769907681526476,62.488342089406665,60.406746102965535
HAM10000,ISIC_0027422,nv,nv,True,Phase 4B processed HAM JPG; model Resize(384x384),600,450,600.0,450.0,1.3333333333333333,384,384,0.9504602551460266,0.22458888002413147,0.9072900973260403,0.04317015781998634,0.00010230748739559203,0.0012809108011424541,0.0005236352444626391,0.0019228747114539146,0.04317015781998634,0.9504602551460266,0.002539943205192685,64.12485080295139,54.07010457870415,268.7104926092757,0.3368219379765795,0.20775010850694445,0.021030002170138888,7.045996862280807,0.8003527142986798,67.68969048394098,60.36286078559028,74.13896348741319,48.99853722204763,56.79551945423635,57.69874586019648
HAM10000,ISIC_0027424,nv,nv,True,Phase 4B processed HAM JPG; model Resize(384x384),600,450,600.0,450.0,1.3333333333333333,384,384,0.852533221244812,0.47272492612419326,0.7169826328754425,0.1355505883693695,0.001089918427169323,0.007729832082986832,0.0007881112978793681,0.0004615004872903228,0.1355505883693695,0.852533221244812,0.00184678565710783,56.51885308159722,61.02657294304911,200.44936237732568,0.4241648954503677,0.5012681749131944,0.024041069878472224,6.626467130721563,0.9952904672601783,52.58515760633681,55.21043565538194,73.58247884114583,57.751193721176975,62.810204587125924,64.78370603624597
HAM10000,ISIC_0027441,nv,nv,True,Phase 4B processed HAM JPG; model Resize(384x384),600,450,600.0,450.0,1.3333333333333333,384,384,0.9770772457122803,0.1359575791431225,0.967310581356287,0.0010601325193420053,2.690523979254067e-05,0.00026543860440142453,0.009766664355993271,0.0024007391184568405,0.0010601325193420053,0.9770772457122803,0.009402832947671413,62.023532443576386,48.744719205614146,402.66443085997014,0.39132840690529686,0.16282823350694445,0.023295084635416668,6.850087592737948,0.7322835750403763,77.60748969184027,54.08036973741319,62.040873209635414,46.39677628821056,50.233405585780254,52.16463424458466
HAM10000,ISIC_0027444,nv,nv,True,Phase 4B processed HAM JPG; model Resize(384x384),600,450,600.0,450.0,1.3333333333333333,384,384,0.8125908970832825,0.5188259234881474,0.632688358426094,0.17990253865718842,0.00047192079364322126,0.00012238866474945098,0.006283474154770374,0.0004347538051661104,0.17990253865718842,0.8125908970832825,0.00019405453349463642,27.125318739149307,37.7796360243512,47.549599155185774,0.3043578037768927,0.8426242404513888,0.015353732638888888,5.510341545879529,1.2960868583623002,28.545308430989582,26.64508056640625,25.91132269965278,36.87457399691507,37.837198721858975,41.10247092516771
HAM10000,ISIC_0027456,nv,nv,True,Phase 4B processed HAM JPG; model Resize(384x384),600,450,600.0,450.0,1.3333333333333333,384,384,0.9133070111274719,0.3603262500134409,0.8523578085005283,0.022476769983768463,0.0002349099813727662,0.00021139607997611165,0.06094920262694359,0.0005345728131942451,0.022476769983768463,0.9133070111274719,0.002286077942699194,81.64897325303819,63.55938893825407,315.2294758844799,0.3219882142310049,0.11456298828125,0.028666178385416668,7.2621220004964115,0.7331313710468714,91.50089518229167,76.24184841579861,83.64300537109375,59.92047024337289,65.69478077391611,66.17511288317716
HAM10000,ISIC_0027457,nv,nv,True,Phase 4B processed HAM JPG; model Resize(384x384),600,450,600.0,450.0,1.3333333333333333,384,384,0.9279859662055969,0.35351754677900066,0.8975489903241396,0.019803300499916077,0.016905611380934715,0.03043697588145733,0.0014822533121332526,0.0019294506637379527,0.019803300499916077,0.9279859662055969,0.0014564258744940162,34.96343994140625,33.83437240881399,113.21165604926186,0.42020518982332516,0.5628119574652778,0.012681749131944444,6.090320221779495,0.8698696484068799,43.347208658854164,29.85131157769097,39.29338243272569,33.98993145936521,33.96880041090531,37.347441685284984
HAM10000,ISIC_0027469,nv,nv,True,Phase 4B processed HAM JPG; model Resize(384x384),600,450,600.0,450.0,1.3333333333333333,384,384,0.8181213140487671,0.5330671695530611,0.6489623785018921,0.169158935546875,0.0005798751371912658,0.00039236314478330314,0.002665650798007846,0.0006558025488629937,0.169158935546875,0.8181213140487671,0.008426041342318058,62.098388671875,56.0238814871193,113.53292412228053,0.495226066772195,0.3417900933159722,0.021267361111111112,7.2916582008299855,0.8360558896588577,75.61866590711806,58.207607693142364,46.672770182291664,55.190398250306316,57.97360900672982,52.86979670174426
HAM10000,ISIC_0027497,nv,nv,True,Phase 4B processed HAM JPG; model Resize(384x384),600,450,600.0,450.0,1.3333333333333333,384,384,0.8244708180427551,0.5756591323358218,0.6759278029203415,0.14854301512241364,0.003780952887609601,0.0047146715223789215,0.01407540962100029,0.0026395306922495365,0.14854301512241364,0.8244708180427551,0.001775561599060893,42.31890190972222,44.44717315443206,58.83129482794508,0.3776731004901961,0.5131361219618056,0.014241536458333334,6.615702355864105,0.972465078441569,36.000400119357636,43.42743598090278,53.1669921875,43.54590983239854,44.70160243049311,49.6767233400052
HAM10000,ISIC_0027510,nv,nv,True,Phase 4B processed HAM JPG; model Resize(384x384),600,450,600.0,450.0,1.3333333333333333,384,384,0.9566941261291504,0.18873377641226521,0.9152711667120457,0.04142295941710472,0.00011398681090213358,0.0004932057927362621,0.00036224935320205986,0.00017011478485073894,0.04142295941710472,0.9566941261291504,0.0007432873826473951,24.25802951388889,43.0781949365893,32.262544625335266,0.46103151275701254,0.8911200629340278,0.016669379340277776,5.297943576096791,1.6632611692570378,21.807847764756943,24.12015109592014,31.46356879340278,41.98887701409359,43.90744674832492,42.51365406716208
HAM10000,ISIC_0027518,nv,nv,True,Phase 4B processed HAM JPG; model Resize(384x384),600,450,600.0,450.0,1.3333333333333333,384,384,0.9886807203292847,0.06587726369857173,0.978231088258326,0.010449632070958614,4.324441761127673e-06,0.00044848918332718313,8.907905794330873e-06,5.488821261678822e-05,0.010449632070958614,0.9886807203292847,0.00035305600613355637,57.055867513020836,50.83892849929477,271.5228201724405,0.38134598077512255,0.3100721571180556,0.016343858506944444,6.823531489241631,0.8081462526610848,64.70226372612848,52.07179090711806,62.663119845920136,45.54378410249461,53.31649997953004,56.343856429277515
HAM10000,ISIC_0027519,nv,nv,True,Phase 4B processed HAM JPG; model Resize(384x384),600,450,600.0,450.0,1.3333333333333333,384,384,0.9849382638931274,0.08990643400121028,0.97321817278862,0.011720091104507446,0.0001146335489465855,0.00038403162034228444,0.0021128710359334946,0.00030918134143576026,0.011720091104507446,0.9849382638931274,0.00042095326352864504,39.700887044270836,46.056994770977106,107.03569533188403,0.39368976268892975,0.6034952799479166,0.020107693142361112,6.110482126233952,1.0955722576217273,36.527058919270836,39.92997911241319,46.859944661458336,44.060895148047265,46.88775405442305,50.54986021640649
HAM10000,ISIC_0027524,nv,nv,True,Phase 4B processed HAM JPG; model Resize(384x384),600,450,600.0,450.0,1.3333333333333333,384,384,0.9474882483482361,0.2632327173598054,0.9121489301323891,0.035339318215847015,0.0016719169216230512,0.0051048025488853455,0.005144840106368065,0.0005159163847565651,0.035339318215847015,0.9474882483482361,0.004735022317618132,31.146341959635418,48.10787829887435,103.28236803738974,0.43204481336805556,0.8376397026909722,0.019293891059027776,5.695731928437957,1.4538734048499125,25.82263861762153,32.00878228081597,40.70836724175347,41.45480647325061,51.11594613940922,54.87136106045007
HAM10000,ISIC_0027551,nv,nv,True,Phase 4B processed HAM JPG; model Resize(384x384),600,450,600.0,450.0,1.3333333333333333,384,384,0.9460889101028442,0.2253903698033693,0.8952578045427799,0.050831105560064316,0.00027466731262393296,0.00026935478672385216,0.0018479101127013564,0.00019938708283007145,0.050831105560064316,0.9460889101028442,0.0004886920214630663,60.18933783637153,66.37851845780307,154.37960447794126,0.3378300951456971,0.5089992947048612,0.02728271484375,6.860625006174471,1.0599650639612264,58.70012071397569,59.103291829427086,69.68996175130208,61.61050054701792,68.76581049272046,70.76141785214668
HAM10000,ISIC_0027557,nv,nv,True,Phase 4B processed HAM JPG; model Resize(384x384),600,450,600.0,450.0,1.3333333333333333,384,384,0.9911768436431885,0.05757891888879313,0.984228914603591,0.006947929039597511,4.517548222793266e-05,0.0002564369060564786,0.00044221870484761894,0.00025543716037645936,0.006947929039597511,0.9911768436431885,0.0008760282071307302,51.658732096354164,46.66265958868844,193.58680465412726,0.39460279011778326,0.3180677625868056,0.015028211805555556,6.566812250782433,0.8435465075582951,62.582071940104164,45.6031494140625,54.16252305772569,43.8105823388875,47.80260804363772,52.341426159484946
HAM10000,ISIC_0027567,nv,nv,True,Phase 4B processed HAM JPG; model Resize(384x384),600,450,600.0,450.0,1.3333333333333333,384,384,0.7751128673553467,0.759307751314167,0.6274686455726624,0.14764422178268433,0.03706694021821022,0.031008418649435043,0.0069054123014211655,0.0007450850098393857,0.14764422178268433,0.7751128673553467,0.0015169179532676935,57.954678005642364,55.02382950482086,105.3348588641319,0.3361854170921841,0.3364461263020833,0.0228271484375,6.80859685712716,0.898474419319617,54.93055555555556,56.52105034722222,73.31587727864583,51.52713992263642,55.978229145464105,62.10718751978396
HAM10000,ISIC_0027573,mel,bkl,False,Phase 4B processed HAM JPG; model Resize(384x384),600,450,600.0,450.0,1.3333333333333333,384,384,0.8759542107582092,0.5066668224710325,0.8171542026102543,0.05880000814795494,0.006065745837986469,0.006839911453425884,0.8759542107582092,0.00031897102599032223,0.05880000814795494,0.051562484353780746,0.0004586932482197881,87.04489474826389,42.610542641019016,436.8963625561676,0.45819913577410126,0.041707356770833336,0.014879014756944444,7.269973436610239,0.4013729292318174,81.02730984157986,93.52386474609375,69.47890218098958,40.38620850686105,52.04024923866168,44.80078065320482
HAM10000,ISIC_0027576,nv,nv,True,Phase 4B processed HAM JPG; model Resize(384x384),600,450,600.0,450.0,1.3333333333333333,384,384,0.9099698662757874,0.3580315240574743,0.8346156030893326,0.07535426318645477,0.00032813739380799234,0.0014821438817307353,0.0006960249156691134,0.00954286940395832,0.07535426318645477,0.9099698662757874,0.00262677064165473,37.711459689670136,39.178734053167744,146.07456460811287,0.38557977281624456,0.5656195746527778,0.015272352430555556,6.0266497896668145,0.9828966668234455,45.68030463324653,33.2401123046875,39.824930826822914,38.85791165492434,39.577240706344895,42.33974198734354
HAM10000,ISIC_0027579,nv,nv,True,Phase 4B processed HAM JPG; model Resize(384x384),600,450,600.0,450.0,1.3333333333333333,384,384,0.7365691661834717,0.6791491776906855,0.4948575645685196,0.2417116016149521,0.0018080293666571379,0.0027301234658807516,0.0034109922125935555,0.0015225134557113051,0.2417116016149521,0.7365691661834717,0.012247520498931408,66.932373046875,51.15708846108912,293.2581430804214,0.3890700795292075,0.2238701714409722,0.017978244357638888,7.254669039742279,0.7162174362320018,73.04985894097223,61.590488009982636,78.38633219401042,46.35008829180347,54.548461808995384,51.92135873651177
HAM10000,ISIC_0027586,nv,nv,True,Phase 4B processed HAM JPG; model Resize(384x384),600,450,600.0,450.0,1.3333333333333333,384,384,0.9849114418029785,0.10119357869601178,0.9790777768939734,0.003399425419047475,0.0002573165111243725,0.005833664909005165,0.0028209760785102844,0.0017043380066752434,0.003399425419047475,0.9849114418029785,0.001072815153747797,59.57459174262153,51.695730492931425,303.7841774208678,0.3169702467575572,0.2119208441840278,0.025424533420138888,6.81423360026761,0.8121260988908199,56.321492513020836,60.887661404079864,61.342617458767364,48.36555920772875,54.17128424022293,53.58586046608761
HAM10000,ISIC_0027587,nv,nv,True,Phase 4B processed HAM JPG; model Resize(384x384),600,450,600.0,450.0,1.3333333333333333,384,384,0.9869379997253418,0.08735498154919616,0.9813299835659564,0.005608016159385443,0.0008842894458211958,0.0007743097376078367,0.004637872334569693,0.0005218815640546381,0.005608016159385443,0.9869379997253418,0.0006356870289891958,59.648193359375,55.78547763986386,230.81805807310673,0.3344397850285948,0.2668321397569444,0.029744466145833332,6.849344726028762,0.8815561648261865,65.37958441840277,56.586398654513886,60.375508626302086,51.6027172375823,57.92810755184844,60.25585867997591
HAM10000,ISIC_0027597,nv,nv,True,Phase 4B processed HAM JPG; model Resize(384x384),600,450,600.0,450.0,1.3333333333333333,384,384,0.9325962066650391,0.3236245887462201,0.8878564275801182,0.04473977908492088,0.003947682213038206,0.008488851599395275,0.0047063366509974,0.003963132854551077,0.04473977908492088,0.9325962066650391,0.001558059360831976,51.2283935546875,44.92172676318123,140.4220617301302,0.3932232626123366,0.2763197157118056,0.018703884548611112,6.551372346949583,0.8030902152775609,41.400363498263886,53.47020128038194,65.46312798394098,39.63500757259705,47.719566109095176,49.08521979304051
HAM10000,ISIC_0027604,mel,mel,True,Phase 4B processed HAM JPG; model Resize(384x384),600,450,600.0,450.0,1.3333333333333333,384,384,0.5435415506362915,0.7358861862228515,0.09643647074699402,0.5435415506362915,8.782908116700128e-05,1.526240521343425e-05,0.009207156486809254,2.1862386347493157e-05,0.5435415506362915,0.4471050798892975,2.1272686353768222e-05,35.360310872395836,50.654051878962825,88.28455177777343,0.27058251740366285,0.7782796223958334,0.015909830729166668,6.034809571491102,1.3280516005900584,35.922587076822914,34.808315700954864,36.770602756076386,49.65503225799042,51.61014916436039,51.54437262958079
HAM10000,ISIC_0027640,nv,mel,False,Phase 4B processed HAM JPG; model Resize(384x384),600,450,600.0,450.0,1.3333333333333333,384,384,0.5572440028190613,0.7740975678151314,0.12915489077568054,0.5572440028190613,0.002424204023554921,0.002272885525599122,0.0023773156572133303,0.004304762464016676,0.5572440028190613,0.42808911204338074,0.003287708153948188,47.1015625,57.85704663967809,199.31311690140467,0.23681754982809095,0.6746826171875,0.018575032552083332,6.352059548271283,1.0818680096058764,48.882792154947914,45.838711208767364,48.926249186197914,61.11471778581681,57.279641083362904,58.96230437892151
HAM10000,ISIC_0027643,nv,nv,True,Phase 4B processed HAM JPG; model Resize(384x384),600,450,600.0,450.0,1.3333333333333333,384,384,0.8708480000495911,0.4037754232444627,0.7458795607089996,0.12496843934059143,3.1032504921313375e-05,9.879916433419567e-06,0.004094834439456463,3.6565226764651015e-05,0.12496843934059143,0.8708480000495911,1.1283217645541299e-05,26.04397922092014,42.90257197021282,56.67447891481865,0.28831877531828703,0.8786078559027778,0.016913519965277776,5.407469614981249,1.5130545608634638,25.021253797743057,25.567247178819443,31.20807562934028,39.88932930408538,43.472214687350174,50.148874218597534
HAM10000,ISIC_0027654,nv,bkl,False,Phase 4B processed HAM JPG; model Resize(384x384),600,450,600.0,450.0,1.3333333333333333,384,384,0.36407947540283203,1.3277622629105659,0.07153341174125671,0.0021044451277703047,0.02620694786310196,0.006419152952730656,0.36407947540283203,0.029221689328551292,0.0021044451277703047,0.2925460636615753,0.27942216396331787,44.92738172743056,57.84404969197707,101.78158573194604,0.19923233996289488,0.6478542751736112,0.024753146701388888,6.426829142514702,1.1639424515420678,44.572062174479164,44.81073676215278,46.52557373046875,59.206223610756545,57.69330912237036,56.331597088909255
HAM10000,ISIC_0027658,nv,nv,True,Phase 4B processed HAM JPG; model Resize(384x384),600,450,600.0,450.0,1.3333333333333333,384,384,0.8726869225502014,0.5695777174486522,0.8122761994600296,0.01935562677681446,0.01628316007554531,0.01694835163652897,0.060410723090171814,0.0034365481697022915,0.01935562677681446,0.8726869225502014,0.010878750123083591,70.06446668836806,75.09203704186821,98.42470063393314,0.22584159369042756,0.5432671440972222,0.03213840060763889,7.003571850701009,1.0257555723289986,68.87067328559027,70.65838623046875,70.25092230902777,76.67840662045539,75.5105441486058,70.5657395582865
HAM10000,ISIC_0027662,nv,nv,True,Phase 4B processed HAM JPG; model Resize(384x384),600,450,600.0,450.0,1.3333333333333333,384,384,0.8868874311447144,0.4943396806607582,0.8317064456641674,0.026521412655711174,0.00023125481675378978,0.00634879432618618,0.02323426865041256,0.00159584847278893,0.026521412655711174,0.8868874311447144,0.05518098548054695,43.08393690321181,36.865977381718594,164.12038464016388,0.6088511880446623,0.3577473958333333,0.012288411458333334,6.276016055480642,0.7728041964253464,33.94145372178819,41.315043131510414,76.168212890625,37.8543796403615,37.5390201062822,40.327483424777256
HAM10000,ISIC_0027673,mel,mel,True,Phase 4B processed HAM JPG; model Resize(384x384),600,450,600.0,450.0,1.3333333333333333,384,384,0.5347278714179993,1.1418157874350296,0.23797765374183655,0.5347278714179993,0.008064099587500095,0.03585953637957573,0.11841430515050888,0.0027760129887610674,0.5347278714179993,0.2967502176761627,0.0034078918397426605,55.280978732638886,57.35745160688673,90.51366284705792,0.3732969196793301,0.5290866427951388,0.022250705295138888,7.001797815311837,0.9588720950519221,48.77179633246528,56.31092664930556,67.0865478515625,54.708725354380725,58.858814035441476,59.53299300469229
HAM10000,ISIC_0027676,nv,nv,True,Phase 4B processed HAM JPG; model Resize(384x384),600,450,600.0,450.0,1.3333333333333333,384,384,0.9775610566139221,0.13665300515039766,0.9663566080853343,0.006260621827095747,0.001174040837213397,0.001131271244958043,0.011204448528587818,0.0023531713522970676,0.006260621827095747,0.9775610566139221,0.0003153722209390253,74.76519097222223,42.327229856085765,554.1278463568492,0.499502623314951,0.07737223307291667,0.015774197048611112,7.13896087865373,0.4920176413470884,100.40712483723958,64.77924262152777,58.91901312934028,44.29753117124888,44.64574962942169,43.087817106582555
HAM10000,ISIC_0027685,nv,nv,True,Phase 4B processed HAM JPG; model Resize(384x384),600,450,600.0,450.0,1.3333333333333333,384,384,0.8829074501991272,0.5353023896611829,0.8451246805489063,0.028394876047968864,0.014495603740215302,0.03778276965022087,0.03126189485192299,0.002588786417618394,0.028394876047968864,0.8829074501991272,0.002568640047684312,33.188205295138886,34.198767881317224,105.54047985167966,0.5783121744791667,0.6049329969618056,0.012607150607638888,5.959702397578576,0.9547461180979784,48.71338568793403,26.41806369357639,27.32931179470486,34.6032755217566,34.893601651043355,36.39497209493601
HAM10000,ISIC_0027695,nv,nv,True,Phase 4B processed HAM JPG; model Resize(384x384),600,450,600.0,450.0,1.3333333333333333,384,384,0.9699848294258118,0.1725202112113507,0.9518065098673105,0.018178319558501244,0.0014301069313660264,0.004871174693107605,0.0015645415987819433,0.0021094370167702436,0.018178319558501244,0.9699848294258118,0.001861571567133069,33.856363932291664,43.43472055550422,69.95659672478098,0.3754959139688862,0.7349378797743056,0.017245822482638888,6.001580258052606,1.2278840168642793,32.38727484809028,32.71814643012153,43.59027099609375,38.89043163852546,45.01585465929809,50.99124784496837
HAM10000,ISIC_0027698,nv,nv,True,Phase 4B processed HAM JPG; model Resize(384x384),600,450,600.0,450.0,1.3333333333333333,384,384,0.7660439014434814,0.5863165324809171,0.5396017581224442,0.2264421433210373,0.00013835931895300746,6.903002940816805e-05,0.0025427129585295916,0.0021224424708634615,0.2264421433210373,0.7660439014434814,0.002641422441229224,110.60171847873264,69.10446413556748,227.59171105088822,0.37783878633918844,0.17049153645833334,0.034281412760416664,7.805878224688857,0.5762471969234342,91.87427435980902,117.41528998480902,124.64203559027777,65.84641303577492,72.7363752245925,67.6214325749549
HAM10000,ISIC_0027733,nv,nv,True,Phase 4B processed HAM JPG; model Resize(384x384),600,450,600.0,450.0,1.3333333333333333,384,384,0.9938740134239197,0.044309723906835144,0.9906734426040202,0.00320057081989944,2.5311042918474413e-05,8.938559767557308e-05,0.0001456549798604101,0.0018614153377711773,0.00320057081989944,0.9938740134239197,0.0008037181105464697,52.111965603298614,49.69110335411323,153.2053537251037,0.42614764710137526,0.3557467990451389,0.019524468315972224,6.6899698290952765,0.906393973914015,64.61774359809027,45.54290771484375,53.114766438802086,46.48019470405984,51.053604745121675,53.92255092752682
HAM10000,ISIC_0027741,nv,nv,True,Phase 4B processed HAM JPG; model Resize(384x384),600,450,600.0,450.0,1.3333333333333333,384,384,0.973841667175293,0.133289754054616,0.9514259044080973,0.00013173611660022289,2.5688292225822806e-05,5.32182639290113e-06,0.0224157627671957,0.0001639482652535662,0.00013173611660022289,0.973841667175293,0.0034158171620219946,109.28342692057292,61.52337063150623,345.43324724667605,0.2702872349026416,0.09315999348958333,0.017591688368055556,7.774724534864276,0.5257660700367782,100.01848687065973,112.3165283203125,117.9642333984375,52.66325461396126,66.77650022039961,65.59323601754879
HAM10000,ISIC_0027743,nv,nv,True,Phase 4B processed HAM JPG; model Resize(384x384),600,450,600.0,450.0,1.3333333333333333,384,384,0.9198193550109863,0.28898057361188856,0.8411547839641571,0.07866457104682922,0.00016008142847567797,0.0001737667334964499,0.0002654806594364345,0.00031960595515556633,0.07866457104682922,0.9198193550109863,0.0005971025093458593,47.94145372178819,51.89367274804116,139.5632934183526,0.36958204614311,0.4908108181423611,0.023017035590277776,6.672933111886001,1.0209492692604387,46.0533447265625,46.645650227864586,59.570943196614586,46.81158401199608,54.26751815977679,56.633070488970034
HAM10000,ISIC_0027749,nv,nv,True,Phase 4B processed HAM JPG; model Resize(384x384),600,450,600.0,450.0,1.3333333333333333,384,384,0.9984397292137146,0.01333725401352291,0.9974591260543093,0.000980603159405291,7.648449127373169e-07,2.7067238988820463e-05,0.00015215299208648503,0.00030082452576607466,0.000980603159405291,0.9984397292137146,9.900784061755985e-05,58.320651584201386,57.305704539171494,192.8672348746087,0.3373089160794526,0.3736911349826389,0.024346245659722224,6.832619376966105,0.937442971884436,63.11736382378472,54.56440565321181,65.04956732855902,52.7154086843336,59.095944447042186,62.90438561027779
HAM10000,ISIC_0027782,nv,nv,True,Phase 4B processed HAM JPG; model Resize(384x384),600,450,600.0,450.0,1.3333333333333333,384,384,0.913701057434082,0.33754046937444193,0.8380378112196922,0.0756632462143898,0.0013236512895673513,0.0008348164265044034,0.007037777919322252,0.000320595660014078,0.0756632462143898,0.913701057434082,0.0011189887300133705,56.398037380642364,65.73532439625612,172.7542655500641,0.34250084039692263,0.5438028971354166,0.031758626302083336,6.607052657205303,1.123746403405801,57.56616889105903,55.037502712673614,60.332431369357636,59.00531397969711,69.31739842184898,68.34056266673235
HAM10000,ISIC_0027797,mel,nv,False,Phase 4B processed HAM JPG; model Resize(384x384),600,450,600.0,450.0,1.3333333333333333,384,384,0.8640111088752747,0.5196218222410843,0.773829996585846,0.09018111228942871,0.0016229442553594708,0.0007547391578555107,0.035814687609672546,0.005850157234817743,0.09018111228942871,0.8640111088752747,0.0017651334637776017,30.897115071614582,34.55413199618323,44.19267173976075,0.45684686797896246,0.6253865559895834,0.013556586371527778,6.141812743418186,1.0455532064387718,40.499789767795136,26.71502685546875,27.25640869140625,36.09274552111909,34.372351948115835,35.90401901691064
HAM10000,ISIC_0027822,mel,mel,True,Phase 4B processed HAM JPG; model Resize(384x384),600,450,600.0,450.0,1.3333333333333333,384,384,0.608083963394165,0.8637833421274087,0.285763144493103,0.608083963394165,0.0010605106363072991,0.0007133850594982505,0.322320818901062,0.00014692809781990945,0.608083963394165,0.06762812286615372,4.6232977183535695e-05,61.51550971137153,38.069805658465505,199.50025870066918,0.26255026424632355,0.12849256727430555,0.013699001736111112,6.874792125471821,0.5305510308298022,60.433186848958336,61.417805989583336,64.86512586805556,38.62616404047981,38.55274930475272,41.26973677064752
HAM10000,ISIC_0027827,nv,nv,True,Phase 4B processed HAM JPG; model Resize(384x384),600,450,600.0,450.0,1.3333333333333333,384,384,0.9320420622825623,0.3026304682866039,0.8788919523358345,0.05315010994672775,0.0003823380102403462,0.005791105795651674,0.005963276606053114,0.001415019971318543,0.05315010994672775,0.9320420622825623,0.0012560891918838024,69.15838623046875,45.65458871357164,159.47299542466615,0.46320792802798205,0.2340969509548611,0.012166341145833334,7.282206112996833,0.5901390853777662,52.52924262152778,73.44547526041667,90.70393880208333,40.08636288944713,47.863739991115075,53.76231672312538
HAM10000,ISIC_0027839,nv,nv,True,Phase 4B processed HAM JPG; model Resize(384x384),600,450,600.0,450.0,1.3333333333333333,384,384,0.6462368369102478,0.7410102405161224,0.310973584651947,0.3352632522583008,0.001230590627528727,0.0021980537567287683,0.012936247512698174,0.0007991981692612171,0.3352632522583008,0.6462368369102478,0.0013357935240492225,29.933573404947918,42.1103519418328,107.30763319792385,0.27406777109715413,0.7675849066840278,0.014926486545138888,5.959447954730049,1.2346696875656062,32.428202311197914,28.576368543836807,30.40404595269097,44.24473632447544,41.741405301498155,42.30431088774615
HAM10000,ISIC_0027867,nv,nv,True,Phase 4B processed HAM JPG; model Resize(384x384),600,450,600.0,450.0,1.3333333333333333,384,384,0.9176469445228577,0.29782592940747066,0.8374638482928276,0.0002435185160720721,0.00022259393881540745,0.000493846251629293,0.08018309623003006,0.0005796244950033724,0.0002435185160720721,0.9176469445228577,0.0006304065464064479,36.97705078125,37.47382281687367,114.82399660551252,0.38697501787173205,0.5134684244791666,0.013814290364583334,6.171644569821457,0.9002992988024586,41.537923177083336,36.033935546875,29.876207139756943,37.69037432876374,37.41583402246354,38.22438611517922
HAM10000,ISIC_0027868,nv,nv,True,Phase 4B processed HAM JPG; model Resize(384x384),600,450,600.0,450.0,1.3333333333333333,384,384,0.8902105689048767,0.3933444317768616,0.7911089733242989,0.0055365958251059055,0.0010301858419552445,0.003471486736088991,0.09910159558057785,0.00035394274163991213,0.0055365958251059055,0.8902105689048767,0.0002957302494905889,59.7799072265625,34.986601973250025,204.03313937079577,0.3408004195601852,0.077392578125,0.013658311631944444,6.490091573702972,0.5005977492062568,50.800333658854164,62.389506022135414,69.89942762586806,35.88208036463388,35.86822294255947,36.08848834601186
HAM10000,ISIC_0027898,nv,nv,True,Phase 4B processed HAM JPG; model Resize(384x384),600,450,600.0,450.0,1.3333333333333333,384,384,0.9344956874847412,0.33395181511730543,0.9113397058099508,0.00783622357994318,0.0004360864113550633,0.023155981674790382,0.017090830951929092,0.0008275466389022768,0.00783622357994318,0.9344956874847412,0.016157587990164757,69.33112250434027,38.23846023117993,301.9949125113587,0.5874722881774237,0.1120266384548611,0.011935763888888888,7.076010761736609,0.4666999337889148,43.43610975477431,77.1781005859375,96.84863959418402,35.09287266643063,41.104111125256885,48.7315951938595
HAM10000,ISIC_0027922,nv,nv,True,Phase 4B processed HAM JPG; model Resize(384x384),600,450,600.0,450.0,1.3333333333333333,384,384,0.7775745987892151,0.5684463857297459,0.5633302628993988,0.21424433588981628,0.00044894643360748887,0.00011351143621141091,0.007390339858829975,2.582737033662852e-05,0.21424433588981628,0.7775745987892151,0.000202356037334539,47.40556504991319,59.65568620419453,70.7732693762231,0.37838743787445533,0.7033555772569444,0.018222384982638888,6.4649053536753325,1.1591475329815109,43.71826171875,48.091640896267364,53.59998914930556,52.227369679265514,62.63709934028173,68.48651825762396
HAM10000,ISIC_0027932,nv,mel,False,Phase 4B processed HAM JPG; model Resize(384x384),600,450,600.0,450.0,1.3333333333333333,384,384,0.5680662393569946,0.8185161844618234,0.1707167625427246,0.5680662393569946,0.00027672943542711437,0.0010505031095817685,0.03142727538943291,0.00028329185442999005,0.5680662393569946,0.39734947681427,0.001546490122564137,83.15829806857639,65.7658947074678,309.6743212551523,0.29088504433891615,0.2477349175347222,0.020087348090277776,7.533222780421845,0.7502261947226581,84.99446614583333,81.22451443142361,88.29715304904514,61.13330828717124,68.82968182797875,67.20406139982965
HAM10000,ISIC_0027933,nv,nv,True,Phase 4B processed HAM JPG; model Resize(384x384),600,450,600.0,450.0,1.3333333333333333,384,384,0.8425493240356445,0.5292951150794459,0.7208124473690987,0.12173687666654587,0.0011026985011994839,4.445947706699371e-05,0.03374738246202469,0.0001871813874458894,0.12173687666654587,0.8425493240356445,0.0006319909007288516,67.97179497612848,78.53018529031625,164.95505557416215,0.3448288196572032,0.6538560655381944,0.036261664496527776,6.532636410177254,1.1175867280874834,66.88426378038194,68.22951931423611,69.43924289279514,83.95158140619296,77.42443559664677,71.89189875680013
HAM10000,ISIC_0027963,nv,nv,True,Phase 4B processed HAM JPG; model Resize(384x384),600,450,600.0,450.0,1.3333333333333333,384,384,0.9419156908988953,0.25762738881207436,0.8936733976006508,0.048242293298244476,0.0007261105929501355,0.0003608576371334493,0.0070113143883645535,0.0012327457079663873,0.048242293298244476,0.9419156908988953,0.0005108826444484293,63.20652940538194,50.89958956613055,178.48460704235384,0.39890003744553376,0.2945285373263889,0.016954210069444444,7.265971088179763,0.7606803097807648,79.04523383246527,56.0465087890625,58.52690294053819,51.51696697287432,51.79011177995007,52.68345569416008
HAM10000,ISIC_0027979,nv,nv,True,Phase 4B processed HAM JPG; model Resize(384x384),600,450,600.0,450.0,1.3333333333333333,384,384,0.9599930047988892,0.20529770954824564,0.9316925406455994,0.003252506721764803,0.0007801193278282881,0.006686757784336805,0.028300464153289795,0.0004843870992772281,0.003252506721764803,0.9599930047988892,0.0005027001607231796,84.00853135850694,36.02443094656849,944.396275042338,0.34496447993259804,0.015618218315972222,0.007419162326388889,7.002135547715045,0.3477532115762634,90.74642605251736,82.61980523003473,73.48040093315973,33.02973062315759,41.33566372122019,41.1481952577774
HAM10000,ISIC_0028013,nv,nv,True,Phase 4B processed HAM JPG; model Resize(384x384),600,450,600.0,450.0,1.3333333333333333,384,384,0.974760890007019,0.15526155251927892,0.9648239938542247,0.009936896152794361,0.005471621640026569,0.0012535032583400607,0.002042599953711033,0.005881669465452433,0.009936896152794361,0.974760890007019,0.0006528540980070829,77.78713650173611,48.76867746733783,376.8421695791185,0.4446033220145697,0.08418104383680555,0.019829644097222224,7.275486679391525,0.5663447152374446,99.69401041666667,68.79273139105902,66.63330078125,47.51453226433419,51.017416396576635,52.39690681884731
HAM10000,ISIC_0028015,nv,nv,True,Phase 4B processed HAM JPG; model Resize(384x384),600,450,600.0,450.0,1.3333333333333333,384,384,0.6207122206687927,0.8015736720966883,0.27320361137390137,0.34750860929489136,0.0015905353939160705,0.0020542896818369627,0.023833734914660454,0.0027589548844844103,0.34750860929489136,0.6207122206687927,0.001541599747724831,45.646640353732636,41.10947605820668,90.16056397226122,0.28150156058517156,0.39825439453125,0.0101318359375,6.652516838124993,0.827355052963559,43.314351399739586,46.950174967447914,45.05786810980903,38.317723542547384,44.037213930615906,42.41987692336817
HAM10000,ISIC_0028017,mel,nv,False,Phase 4B processed HAM JPG; model Resize(384x384),600,450,600.0,450.0,1.3333333333333333,384,384,0.8698866963386536,0.49533272435022835,0.7833769172430038,0.037221018224954605,0.0012651110300794244,0.0010145617416128516,0.08650977909564972,0.0034055085852742195,0.037221018224954605,0.8698866963386536,0.0006972974515520036,34.329678005642364,46.13572714613683,89.99632925084893,0.39583851932700165,0.7368367513020834,0.019429524739583332,6.0603628600286195,1.2797037204570056,34.60478379991319,32.51622178819444,42.93665228949653,41.41940803982673,47.70494162667426,54.104404901092686
HAM10000,ISIC_0028040,nv,nv,True,Phase 4B processed HAM JPG; model Resize(384x384),600,450,600.0,450.0,1.3333333333333333,384,384,0.891701877117157,0.3604213277481756,0.7864440232515335,0.10525785386562347,9.449466597288847e-05,0.00021461719006765634,0.0002593838726170361,0.0008227117941714823,0.10525785386562347,0.891701877117157,0.0016489902045577765,42.9830322265625,43.13436482666745,161.89200603060516,0.3981866574754902,0.4747111002604167,0.015245225694444444,6.395571245181974,0.9407714479377965,49.099853515625,38.794826931423614,48.490152994791664,39.651878507361666,44.51196605897945,48.87723930598873
HAM10000,ISIC_0028049,nv,nv,True,Phase 4B processed HAM JPG; model Resize(384x384),600,450,600.0,450.0,1.3333333333333333,384,384,0.9769127368927002,0.12178171027449063,0.9571458771824837,0.019766859710216522,1.38472969410941e-05,8.253697160398588e-05,9.611929999664426e-05,0.0006098703597672284,0.019766859710216522,0.9769127368927002,0.0025179872754961252,60.15766059027778,71.11578778867651,150.89722932544018,0.3727427364174836,0.6236843532986112,0.03192138671875,6.717237515099593,1.144661880362998,55.75245496961806,60.465671115451386,70.12162272135417,64.46685071187288,74.71995315249634,74.15282080944321
HAM10000,ISIC_0028054,nv,nv,True,Phase 4B processed HAM JPG; model Resize(384x384),600,450,600.0,450.0,1.3333333333333333,384,384,0.9196202754974365,0.3850220700074944,0.8835005424916744,0.003572192508727312,0.00027492045774124563,0.002760376548394561,0.0361197330057621,0.020809022709727287,0.003572192508727312,0.9196202754974365,0.016843434423208237,54.481363932291664,45.43950776605788,310.99481944790404,0.4078047343069172,0.22407362196180555,0.020195855034722224,6.633127009865498,0.7837440103433746,64.91714138454861,47.63868543836806,62.340182834201386,43.58356017294514,46.944689940321744,47.63071448073075
HAM10000,ISIC_0028089,nv,nv,True,Phase 4B processed HAM JPG; model Resize(384x384),600,450,600.0,450.0,1.3333333333333333,384,384,0.9386071562767029,0.23905446577579842,0.8785453885793686,0.06006176769733429,0.00011448383156675845,0.00022371107479557395,0.00010671064956113696,0.0002709032269194722,0.06006176769733429,0.9386071562767029,0.0006152780260890722,68.47591145833333,60.56861350556148,263.37811480954656,0.3143978343290441,0.3241916232638889,0.022250705295138888,7.16776672022754,0.8115709408402313,70.90151638454861,65.96847195095486,75.02481418185764,55.00043968692622,63.47530529878262,63.698593374027055
HAM10000,ISIC_0028092,nv,nv,True,Phase 4B processed HAM JPG; model Resize(384x384),600,450,600.0,450.0,1.3333333333333333,384,384,0.6750592589378357,0.6391662046264802,0.35116228461265564,0.32389697432518005,0.00016828869411256164,0.0001245739549631253,0.0002919148246292025,0.0003294932539574802,0.32389697432518005,0.6750592589378357,0.0001295364199904725,48.88060167100694,47.02432161853194,104.1234510363896,0.34183676725898693,0.3845689561631944,0.020100911458333332,6.790620926509154,0.8946262720445955,57.366353352864586,44.940816243489586,46.91460503472222,46.63422292173767,47.47813913695887,48.79143265154317
HAM10000,ISIC_0028098,nv,bkl,False,Phase 4B processed HAM JPG; model Resize(384x384),600,450,600.0,450.0,1.3333333333333333,384,384,0.8461537957191467,0.5559791403094675,0.7348369285464287,0.015475161373615265,0.025297334417700768,0.00046708129229955375,0.8461537957191467,0.0010923785157501698,0.015475161373615265,0.11131686717271805,0.0001973887556232512,32.946933322482636,47.93231895574265,34.76469038132532,0.4596628359460103,0.8362562391493056,0.017116970486111112,5.738843394244447,1.3480928307948903,28.96950954861111,32.990878634982636,43.122843424479164,48.5951900098979,47.79630736460765,48.22354479908941
HAM10000,ISIC_0028109,mel,mel,True,Phase 4B processed HAM JPG; model Resize(384x384),600,450,600.0,450.0,1.3333333333333333,384,384,0.5001440048217773,0.7475220507060187,0.009673655033111572,0.5001440048217773,0.00024941936135292053,0.0005008974112570286,0.007274880073964596,0.0008178146090358496,0.5001440048217773,0.49047034978866577,0.0005426580901257694,22.87903510199653,36.361777400457854,26.10814851297089,0.3361253127553105,0.90081787109375,0.012749565972222222,5.437762760091887,1.414467522216991,21.749898274739582,22.48391384548611,27.99776882595486,35.99539150348298,36.72410254312673,39.3992390417356
HAM10000,ISIC_0028114,mel,mel,True,Phase 4B processed HAM JPG; model Resize(384x384),600,450,600.0,450.0,1.3333333333333333,384,384,0.38083386421203613,1.3246853867147683,0.03627476096153259,0.38083386421203613,0.013926166109740734,0.06588882207870483,0.34455910325050354,0.0036613503471016884,0.38083386421203613,0.1883884072303772,0.002742224605754018,55.769565158420136,56.80425019067844,87.76848656141465,0.35652195882693355,0.5174085828993056,0.021837022569444444,7.023169624482951,0.9407566760762044,49.595052083333336,56.659511990017364,67.41503228081598,54.20361894047939,58.20617617134031,59.22286427089114
HAM10000,ISIC_0028127,mel,mel,True,Phase 4B processed HAM JPG; model Resize(384x384),600,450,600.0,450.0,1.3333333333333333,384,384,0.8701309561729431,0.44844896381790683,0.7633278071880341,0.8701309561729431,0.00010780296724988148,0.00010407887020846829,0.022828703746199608,1.7257969375350513e-05,0.8701309561729431,0.10680314898490906,8.088647518889047e-06,58.53154161241319,59.33998415243206,170.3424884917927,0.35644334448188997,0.5267673068576388,0.015692816840277776,7.044832346094827,0.9497854422464841,51.007303873697914,60.57976616753472,67.72007921006944,55.12687024500332,61.83657681935955,64.44767316954076
HAM10000,ISIC_0028151,nv,nv,True,Phase 4B processed HAM JPG; model Resize(384x384),600,450,600.0,450.0,1.3333333333333333,384,384,0.8399390578269958,0.5448968030235084,0.7206939682364464,0.11924508959054947,0.001709265518002212,3.783642023336142e-05,0.03766899183392525,0.0010206489823758602,0.11924508959054947,0.8399390578269958,0.0003791605122387409,44.104092068142364,40.874194924535665,62.704513115601394,0.275259299683415,0.4027913411458333,0.0123291015625,6.573823934268422,0.8524799962709698,49.59492323133681,42.141886393229164,39.80236138237847,40.916689486233544,41.345910031647364,41.263838661572244
HAM10000,ISIC_0028161,nv,nv,True,Phase 4B processed HAM JPG; model Resize(384x384),600,450,600.0,450.0,1.3333333333333333,384,384,0.7909442186355591,0.5540552101027834,0.590179517865181,0.2007647007703781,0.0003440367290750146,0.0012365063885226846,0.006359726190567017,0.0002309753035660833,0.2007647007703781,0.7909442186355591,0.00011982842261204496,55.678914388020836,45.67730558376476,194.76376199060016,0.20084614140795207,0.14914957682291666,0.018948025173611112,6.491279903328294,0.7420151907818404,57.19544135199653,54.697604709201386,56.75353325737847,45.327133545819514,45.970939132195106,48.36018636985151
HAM10000,ISIC_0028166,nv,nv,True,Phase 4B processed HAM JPG; model Resize(384x384),600,450,600.0,450.0,1.3333333333333333,384,384,0.811630129814148,0.8037605754224885,0.7558832168579102,0.04092495143413544,0.013775240629911423,0.024176299571990967,0.05574691295623779,0.022337598726153374,0.04092495143413544,0.811630129814148,0.03140890970826149,97.76666259765625,45.03251641561024,722.9818869924379,0.5962368302355665,0.011854383680555556,0.011705186631944444,7.362319426190576,0.39419120581443445,130.4161580403646,86.56355794270833,69.80773247612848,43.548822355297226,59.56481710391257,59.90480662082761
HAM10000,ISIC_0028169,nv,nv,True,Phase 4B processed HAM JPG; model Resize(384x384),600,450,600.0,450.0,1.3333333333333333,384,384,0.9944469928741455,0.04171087574151057,0.9918153283651918,0.0004695332027040422,4.621847620001063e-05,9.336388757219538e-05,0.0026316645089536905,0.000997892115265131,0.0004695332027040422,0.9944469928741455,0.0013142690295353532,45.442470974392364,56.73531416936418,155.35244051321052,0.317915746485226,0.6553887261284722,0.0272216796875,6.360754376116299,1.1823369286330832,47.37547471788194,43.55348036024306,50.093600802951386,53.3003099224879,58.29776726016321,60.01280641559441
HAM10000,ISIC_0028177,nv,nv,True,Phase 4B processed HAM JPG; model Resize(384x384),600,450,600.0,450.0,1.3333333333333333,384,384,0.9914860129356384,0.06137193104117608,0.9874537731520832,0.004032239783555269,0.0002704071521293372,0.00047643683501519263,0.0008935848600231111,0.001806854736059904,0.004032239783555269,0.9914860129356384,0.0010345539776608348,52.61939832899306,47.284435526987885,264.0181592040592,0.4204627874370234,0.2908189561631944,0.021002875434027776,6.700150629628612,0.8362434175702288,65.38822428385417,46.72099473741319,49.49896918402778,46.4989573381156,48.243380934728485,50.43292675896599
HAM10000,ISIC_0028220,mel,mel,True,Phase 4B processed HAM JPG; model Resize(384x384),600,450,600.0,450.0,1.3333333333333333,384,384,0.7737982869148254,0.7726281498713164,0.6720002442598343,0.7737982869148254,0.09742137789726257,0.005496137775480747,0.10179804265499115,0.0004802471667062491,0.7737982869148254,0.020762473344802856,0.00024337742070201784,82.75482177734375,46.76525514478411,277.473871058474,0.32380270033360564,0.0946384006076389,0.015190972222222222,7.437455118012057,0.4533380516327701,87.55609809027777,82.49781629774306,71.47783067491319,46.123480433468565,48.87524901703279,47.66130220890022
HAM10000,ISIC_0028244,nv,nv,True,Phase 4B processed HAM JPG; model Resize(384x384),600,450,600.0,450.0,1.3333333333333333,384,384,0.8275358080863953,0.47133563100449904,0.6567641496658325,0.17077165842056274,9.631401917431504e-05,2.8693664717138745e-05,0.0002058977261185646,0.0007785690831951797,0.17077165842056274,0.8275358080863953,0.0005831212620250881,56.914326985677086,60.60074992723019,154.095654308382,0.2826703239889706,0.525390625,0.023593478732638888,6.716319664296315,1.008933559525979,54.597432454427086,56.912272135416664,63.00541856553819,57.78801695057369,62.158899343376376,62.97303125688159
HAM10000,ISIC_0028248,nv,nv,True,Phase 4B processed HAM JPG; model Resize(384x384),600,450,600.0,450.0,1.3333333333333333,384,384,0.9895337224006653,0.064563261030453,0.9805748527869582,0.008958869613707066,0.00014165954780764878,9.326620784122497e-05,0.00038884946843609214,0.0006373589276336133,0.008958869613707066,0.9895337224006653,0.00024620414478704333,73.67677137586806,65.66772740353576,240.63961120110787,0.36160577512254904,0.2769436306423611,0.029744466145833332,7.188486439791225,0.8517115128138264,83.65401204427083,68.26262071397569,75.3751220703125,59.99792128664002,68.13613832340535,70.62210647803738
HAM10000,ISIC_0028255,nv,nv,True,Phase 4B processed HAM JPG; model Resize(384x384),600,450,600.0,450.0,1.3333333333333333,384,384,0.8828389048576355,0.48184033505175533,0.8047117218375206,0.0781271830201149,0.005720637273043394,0.0022358624264597893,0.023932384327054024,0.0029104247223585844,0.0781271830201149,0.8828389048576355,0.004234642721712589,46.22600640190972,51.2569798366885,67.32769750881894,0.4489976405058551,0.5707533094618056,0.012858072916666666,6.825983441844086,1.039487950626301,40.84068467881944,45.883036295572914,62.14068603515625,50.68782266762008,50.97963011785988,59.57136710517521
HAM10000,ISIC_0028268,nv,nv,True,Phase 4B processed HAM JPG; model Resize(384x384),600,450,600.0,450.0,1.3333333333333333,384,384,0.9478639364242554,0.22354996021299783,0.8995534591376781,0.048310477286577225,0.00015618305769748986,0.00036313646705821157,0.00043974060099571943,0.0013731421204283834,0.048310477286577225,0.9478639364242554,0.001493445597589016,40.17591688368056,47.937241019681444,149.05261315897476,0.36434610736655776,0.6623806423611112,0.017489963107638888,6.192537404629825,1.1226815457123593,40.20033094618056,38.53448486328125,48.55638292100694,43.43136277461877,50.024943501913015,52.698315554125344
HAM10000,ISIC_0028275,nv,nv,True,Phase 4B processed HAM JPG; model Resize(384x384),600,450,600.0,450.0,1.3333333333333333,384,384,0.9848893880844116,0.0964036543589141,0.9761982439085841,0.008691144175827503,0.00020039382798131555,0.0006661110674031079,0.0019463712815195322,0.0003503309562802315,0.008691144175827503,0.9848893880844116,0.003256377065554261,58.97882080078125,59.04370652699089,206.86827443333135,0.34950312861689814,0.4195692274305556,0.025031195746527776,6.961972086582497,0.948360081955377,62.776041666666664,56.48768446180556,61.84046766493056,55.64369857768138,61.141063775501856,63.23320606141195
HAM10000,ISIC_0028285,mel,bkl,False,Phase 4B processed HAM JPG; model Resize(384x384),600,450,600.0,450.0,1.3333333333333333,384,384,0.7690880298614502,0.7284036990082632,0.6404349356889725,0.12865309417247772,0.09551353007555008,0.0005558724515140057,0.7690880298614502,0.0007524039247073233,0.12865309417247772,0.005357023794203997,8.008101576706395e-05,98.26462809244792,50.47444786828815,673.1383991830143,0.3501661911509395,0.05856662326388889,0.018364800347222224,7.610469135124977,0.38979915191548925,101.70287407769098,99.28024631076389,84.00462510850694,44.52195695416246,55.64682750367205,55.02535203548586
HAM10000,ISIC_0028305,nv,nv,True,Phase 4B processed HAM JPG; model Resize(384x384),600,450,600.0,450.0,1.3333333333333333,384,384,0.6802605390548706,0.743801414413612,0.3876841068267822,0.2925764322280884,0.006149810738861561,0.0012121526524424553,0.018671849742531776,0.00033268111292272806,0.2925764322280884,0.6802605390548706,0.0007965032127685845,42.304287380642364,55.3205639872664,49.51309763870122,0.3701372666036901,0.6354302300347222,0.021009657118055556,6.4728185073863855,1.2453804821249752,47.530253092447914,40.218051486545136,39.308987087673614,53.96991504168644,56.427557340074095,55.06370686050889
HAM10000,ISIC_0028307,nv,nv,True,Phase 4B processed HAM JPG; model Resize(384x384),600,450,600.0,450.0,1.3333333333333333,384,384,0.6475770473480225,0.6931908230161491,0.30365148186683655,0.3439255654811859,0.0002872319018933922,0.00029984291177242994,0.007561294827610254,0.0001461317588109523,0.3439255654811859,0.6475770473480225,0.0002028838498517871,53.87298583984375,42.32787635468882,103.16455702644622,0.4164053191806236,0.3096245659722222,0.014506022135416666,7.013312616973835,0.7189166842622331,66.25351969401042,49.92186821831597,41.746615939670136,47.08796613637404,41.65408036169269,38.87915704261613
HAM10000,ISIC_0028313,nv,nv,True,Phase 4B processed HAM JPG; model Resize(384x384),600,450,600.0,450.0,1.3333333333333333,384,384,0.7414864897727966,0.6116829297608537,0.49068230390548706,0.25080418586730957,4.076478217029944e-05,0.0012931673554703593,4.7287976485677063e-05,0.00040374649688601494,0.25080418586730957,0.7414864897727966,0.005924327298998833,35.50757514105903,50.07140677023736,80.0186356951793,0.4720847003080746,0.7832709418402778,0.0172119140625,6.098791362897945,1.3401804891899871,29.77446831597222,35.60332573784722,50.155734592013886,44.31811504835789,52.464985515985454,58.46150572450039
HAM10000,ISIC_0028327,nv,nv,True,Phase 4B processed HAM JPG; model Resize(384x384),600,450,600.0,450.0,1.3333333333333333,384,384,0.9912418127059937,0.058882689201415386,0.9856531731784344,0.0018692197045311332,3.153963916702196e-05,0.0001167271111626178,0.00558863952755928,0.0010860554175451398,0.0018692197045311332,0.9912418127059937,6.599152402486652e-05,85.28129747178819,48.72055422077169,470.680771506449,0.28779897918368735,0.05649142795138889,0.023111979166666668,7.359527607094699,0.5057719024317886,92.60814751519098,81.80136447482639,83.96757676866319,48.723715827311345,49.5375614821204,54.704184705846345
HAM10000,ISIC_0028358,nv,nv,True,Phase 4B processed HAM JPG; model Resize(384x384),600,450,600.0,450.0,1.3333333333333333,384,384,0.803373396396637,0.5199472246303274,0.6106828898191452,0.19269050657749176,0.0005266292719170451,0.00017332502466160804,0.0021032991353422403,0.0002829875738825649,0.19269050657749176,0.803373396396637,0.0008498096722178161,42.10626898871528,57.925681765968115,69.88890431821343,0.5136703856889979,0.7500474717881944,0.021931966145833332,6.1015337136105074,1.314905851056077,47.3133544921875,39.92652045355903,39.66065131293403,52.86766470013846,60.615690891168455,60.69161554400254
HAM10000,ISIC_0028361,mel,mel,True,Phase 4B processed HAM JPG; model Resize(384x384),600,450,600.0,450.0,1.3333333333333333,384,384,0.9354787468910217,0.31435730819808444,0.8993212394416332,0.9354787468910217,0.0042235152795910835,0.036157507449388504,0.007952451705932617,0.00046018388820812106,0.9354787468910217,0.01541130617260933,0.00031627947464585304,40.13060845269097,53.73403812648645,56.37421796825013,0.3798458456733388,0.6851060655381944,0.014655219184027778,6.436444478223253,1.1831700334753286,35.751078287760414,40.949117024739586,47.50257703993056,51.91335259217538,54.79860744673747,59.20827532031973
HAM10000,ISIC_0028390,nv,nv,True,Phase 4B processed HAM JPG; model Resize(384x384),600,450,600.0,450.0,1.3333333333333333,384,384,0.7715380787849426,0.5441341476402792,0.5439168810844421,0.2276211977005005,3.2395397283835337e-05,5.9351950767450035e-05,0.0002659970195963979,0.0002450479369144887,0.2276211977005005,0.7715380787849426,0.00023797292669769377,63.63597954644097,54.91136480964021,104.88215303347435,0.5339234196282681,0.4074978298611111,0.019761827256944444,7.14913150530616,0.7981160095051661,46.038662380642364,67.66177707248264,89.05936008029514,46.987928826034356,58.51923727493235,63.12994113880632
HAM10000,ISIC_0028402,nv,nv,True,Phase 4B processed HAM JPG; model Resize(384x384),600,450,600.0,450.0,1.3333333333333333,384,384,0.9609587788581848,0.1871916028455767,0.9272309876978397,0.03372779116034508,0.0003561301273293793,0.0013572105672210455,0.00027358828810974956,0.0027123470790684223,0.03372779116034508,0.9609587788581848,0.0006141369813121855,39.69408501519097,32.82596547870769,147.45463678898454,0.3779224537037037,0.3812120225694444,0.011773003472222222,6.101833664848955,0.7447883967218953,46.462246365017364,36.75116644965278,37.08868408203125,30.570795752837885,34.384057341262555,35.91990504492993
HAM10000,ISIC_0028405,nv,nv,True,Phase 4B processed HAM JPG; model Resize(384x384),600,450,600.0,450.0,1.3333333333333333,384,384,0.9275906682014465,0.2966190919175619,0.863910086452961,0.005299177020788193,0.0003746126894839108,0.0005366079276427627,0.06368058174848557,0.0010044756345450878,0.005299177020788193,0.9275906682014465,0.0015137981390580535,50.175509982638886,45.31658056052167,260.4299044403029,0.42641867510893244,0.2949693467881944,0.021748860677083332,6.508810017471169,0.8291333040213105,62.867641872829864,44.03295220269097,48.50739203559028,44.442121283083864,46.356392070103865,49.512360572269905
HAM10000,ISIC_0028425,nv,nv,True,Phase 4B processed HAM JPG; model Resize(384x384),600,450,600.0,450.0,1.3333333333333333,384,384,0.8459612131118774,0.4382937626878607,0.6933974176645279,0.15256379544734955,5.38374933967134e-06,3.271304649388185e-07,0.001409186515957117,1.0790839041874278e-05,0.15256379544734955,0.8459612131118774,4.9315021897200495e-05,67.74144829644098,66.92968034217895,164.23360709565475,0.4084591801130174,0.24005126953125,0.036017523871527776,6.412036441905873,0.9386850917701502,61.01008436414931,70.38587782118056,71.83185492621527,73.94007330356592,65.91111125862605,56.590993162113236
HAM10000,ISIC_0028428,nv,nv,True,Phase 4B processed HAM JPG; model Resize(384x384),600,450,600.0,450.0,1.3333333333333333,384,384,0.9709793329238892,0.15151319072265762,0.9472460262477398,0.0014148947084322572,6.854337698314339e-05,9.666164987720549e-05,0.02373330667614937,0.0016606539720669389,0.0014148947084322572,0.9709793329238892,0.0020466328132897615,99.62489827473958,59.84007570882272,322.6902323208842,0.2712373089426743,0.06092664930555555,0.022650824652777776,7.502230661522263,0.5618869244533721,105.88043212890625,94.13333468967014,111.45004611545139,56.57753639835619,61.96279258424457,63.98570600677882
HAM10000,ISIC_0028429,nv,nv,True,Phase 4B processed HAM JPG; model Resize(384x384),600,450,600.0,450.0,1.3333333333333333,384,384,0.7399227023124695,0.5761614685901945,0.4801853895187378,0.2597373127937317,9.291915375797544e-06,3.385590753168799e-05,4.279788117855787e-05,7.280164572875947e-05,0.2597373127937317,0.7399227023124695,0.00018124467169400305,78.50493706597223,44.55400128529304,113.13066551254855,0.21235564321214598,0.01739501953125,0.019368489583333332,6.445583342340137,0.5236676450628638,73.20094807942708,78.59022352430556,92.03472900390625,41.511455437407655,45.61160587396791,49.883332525264954
HAM10000,ISIC_0028441,nv,mel,False,Phase 4B processed HAM JPG; model Resize(384x384),600,450,600.0,450.0,1.3333333333333333,384,384,0.6270344257354736,0.8071708818798119,0.2847874164581299,0.6270344257354736,0.015728188678622246,0.0017715604044497013,0.005372190847992897,0.0053774393163621426,0.6270344257354736,0.34224700927734375,0.002469194820150733,78.96869574652777,49.274847571149664,413.7807422176831,0.5054526601222087,0.11835394965277778,0.012925889756944444,7.4143667611953425,0.5710000031824342,99.438720703125,70.98729790581598,66.37822808159723,47.82045667559032,57.49914663425618,54.326528140230394
HAM10000,ISIC_0028462,nv,nv,True,Phase 4B processed HAM JPG; model Resize(384x384),600,450,600.0,450.0,1.3333333333333333,384,384,0.9485541582107544,0.22738276345100678,0.903578981757164,0.00038233143277466297,3.5011020372621715e-05,0.000177800640813075,0.04497517645359039,0.0010132287861779332,0.00038233143277466297,0.9485541582107544,0.0048622507601976395,46.74201795789931,54.01707327397359,189.26902037743986,0.3891355560236247,0.5333319769965278,0.028279622395833332,6.344571543200731,1.1021867629085027,49.868448893229164,43.57678900824653,54.829684787326386,50.63090860657854,56.38085825972108,53.258525562918884
HAM10000,ISIC_0028465,mel,mel,True,Phase 4B processed HAM JPG; model Resize(384x384),600,450,600.0,450.0,1.3333333333333333,384,384,0.7984017133712769,0.5812515863502719,0.6206018030643463,0.7984017133712769,0.0004476622852962464,3.8284866604954004e-05,0.022748665884137154,0.00012310325109865516,0.7984017133712769,0.17779991030693054,0.0004407218948472291,62.78520372178819,57.58511011248429,112.39554635683696,0.41231910190291393,0.4393039279513889,0.019985622829861112,7.235099496194489,0.8650663189703499,54.39796278211806,64.81368679470486,74.35963270399306,58.38264765563588,58.121128997715324,58.31123178528442
HAM10000,ISIC_0028467,mel,mel,True,Phase 4B processed HAM JPG; model Resize(384x384),600,450,600.0,450.0,1.3333333333333333,384,384,0.723670482635498,0.5981301162530166,0.4484591484069824,0.723670482635498,7.092497980920598e-05,0.00016881614283192903,0.0006321474793367088,7.491170981666073e-05,0.723670482635498,0.2752113342285156,0.0001714746031211689,24.11951361762153,46.39500898590344,48.409525221098725,0.5292687642548338,0.9132961697048612,0.018703884548611112,5.1275156967552515,1.804402905171063,17.32410346137153,26.215650770399307,31.096632215711807,40.28017870245667,49.572851926421535,51.970384565666805
HAM10000,ISIC_0028485,nv,nv,True,Phase 4B processed HAM JPG; model Resize(384x384),600,450,600.0,450.0,1.3333333333333333,384,384,0.9226005673408508,0.2853789001555089,0.8473113477230072,0.07528921961784363,0.00028235206264071167,0.00048595861881040037,0.00031621934613212943,0.0004529632569756359,0.07528921961784363,0.9226005673408508,0.0005725991795770824,54.982754177517364,41.90279650030035,255.56092833768992,0.34068090235226034,0.1883273654513889,0.017083062065972224,6.643290770827716,0.6776960082239554,61.51307508680556,51.58368598090278,55.35271538628472,41.43096130990232,43.160024188526414,44.43542849713379
HAM10000,ISIC_0028488,nv,nv,True,Phase 4B processed HAM JPG; model Resize(384x384),600,450,600.0,450.0,1.3333333333333333,384,384,0.8655142188072205,0.49086975014457707,0.7652257829904556,0.10028843581676483,0.0013478086329996586,0.002712033689022064,0.02921411395072937,0.00037354262894950807,0.10028843581676483,0.8655142188072205,0.0005499079707078636,67.16832139756944,58.496903427949555,223.9845037669587,0.3191918200656999,0.2907647026909722,0.02423095703125,7.268262242280681,0.8322362495962153,70.40970187717014,66.24884711371527,63.405436197916664,54.399590324928205,60.85901690118718,61.17216187905341
HAM10000,ISIC_0028501,nv,nv,True,Phase 4B processed HAM JPG; model Resize(384x384),600,450,600.0,450.0,1.3333333333333333,384,384,0.9901108145713806,0.0636814638729699,0.9829762191511691,0.007134595420211554,0.00014854451001156121,0.002082885941490531,4.2227518861182034e-05,0.00016219110693782568,0.007134595420211554,0.9901108145713806,0.00031879765447229147,48.177266438802086,46.73331258722054,210.13880091666437,0.3819113604643246,0.4452989366319444,0.016533745659722224,6.652890264288423,0.8970754355680598,56.21558973524306,44.149197048611114,47.81971571180556,45.72900860729082,47.32514830296987,51.09387604858811
HAM10000,ISIC_0028513,nv,nv,True,Phase 4B processed HAM JPG; model Resize(384x384),600,450,600.0,450.0,1.3333333333333333,384,384,0.8262685537338257,0.5416123192391052,0.6763805001974106,0.1498880535364151,0.0013537212507799268,3.931279934477061e-05,0.021367916837334633,0.0002253475395264104,0.1498880535364151,0.8262685537338257,0.000857122999150306,67.44529215494792,77.38297461596707,161.8126482433743,0.3666829693031726,0.6543036566840278,0.03158908420138889,6.505569916304951,1.1098028201598733,66.28567165798611,68.02170138888889,67.44047037760417,83.91674628374659,76.00968552631356,69.29062018899053
HAM10000,ISIC_0028521,nv,nv,True,Phase 4B processed HAM JPG; model Resize(384x384),600,450,600.0,450.0,1.3333333333333333,384,384,0.9544272422790527,0.2376445438997773,0.9304839875549078,0.023943254724144936,0.0003846986801363528,0.0012369811302050948,0.0010375815909355879,0.004271357785910368,0.023943254724144936,0.9544272422790527,0.014698883518576622,51.57942030164931,43.19990835838232,199.7053727485055,0.5115243683193764,0.2608439127604167,0.020494249131944444,6.646321751174621,0.7758359648107325,71.98904079861111,42.699422200520836,43.769497341579864,43.14263304226848,43.90214861591468,46.11288594992689
HAM10000,ISIC_0028534,nv,nv,True,Phase 4B processed HAM JPG; model Resize(384x384),600,450,600.0,450.0,1.3333333333333333,384,384,0.9305555820465088,0.32878472654914925,0.8845331482589245,0.046022433787584305,0.00040239866939373314,0.0045426758006215096,0.007438582368195057,0.008217694237828255,0.046022433787584305,0.9305555820465088,0.0028206114657223225,54.398417154947914,45.621584607955796,274.39143717578713,0.3122895550364243,0.2738308376736111,0.013597276475694444,6.802007832491899,0.7702993627362269,61.53693305121528,50.65240478515625,54.94781494140625,44.10587595333126,46.42654250013342,48.85020705093999
HAM10000,ISIC_0028536,nv,nv,True,Phase 4B processed HAM JPG; model Resize(384x384),600,450,600.0,450.0,1.3333333333333333,384,384,0.9898057579994202,0.07279529132080245,0.9860719421412796,0.003733815858140588,0.00025859521701931953,0.0006501083262264729,0.001502716331742704,0.002156750066205859,0.003733815858140588,0.9898057579994202,0.001892205560579896,66.01015896267361,60.987742418903366,193.0989286014695,0.3164688542517701,0.4322713216145833,0.019904242621527776,7.177656669145293,0.8724209334091053,63.59325493706597,65.12881130642361,76.88023546006944,57.7695491758441,62.19165427905632,68.0534378690996
HAM10000,ISIC_0028605,nv,nv,True,Phase 4B processed HAM JPG; model Resize(384x384),600,450,600.0,450.0,1.3333333333333333,384,384,0.9905126690864563,0.06368063249832322,0.9840786359272897,0.0064340331591665745,0.00012710841838270426,0.00037359242560341954,0.0010076265316456556,0.0012663177913054824,0.0064340331591665745,0.9905126690864563,0.0002787169360090047,70.52494981553819,41.41946102544852,610.6917539304698,0.47750281373400055,0.0878634982638889,0.013231065538194444,7.0796501698889225,0.528542647537822,96.566650390625,59.60047743055556,58.48637559678819,45.16719135274979,42.814599702548236,43.50121278427701
HAM10000,ISIC_0028624,nv,nv,True,Phase 4B processed HAM JPG; model Resize(384x384),600,450,600.0,450.0,1.3333333333333333,384,384,0.9967725872993469,0.023534973902549192,0.9939488319214433,0.0028237553779035807,5.7205666962545365e-05,2.196876630478073e-05,0.00013696150563191622,5.925257210037671e-05,0.0028237553779035807,0.9967725872993469,0.0001281618169741705,56.5911865234375,52.688738734825755,155.26800269987666,0.38246807023590684,0.4759860568576389,0.016208224826388888,6.98106435347786,0.8755368083268313,53.01725938585069,56.37530517578125,67.07185194227431,44.23647035513773,56.8235988084704,58.02357078376123
HAM10000,ISIC_0028634,nv,nv,True,Phase 4B processed HAM JPG; model Resize(384x384),600,450,600.0,450.0,1.3333333333333333,384,384,0.9648735523223877,0.1608541535232776,0.9312718994915485,0.03360165283083916,0.000251098710577935,0.00029241963056847453,0.0003167991526424885,0.00034522812347859144,0.03360165283083916,0.9648735523223877,0.0003192838339600712,68.95993381076389,62.36559122125513,155.25723216227365,0.351338757616762,0.4311862521701389,0.019612630208333332,7.270678165862605,0.8602590299609059,66.55777994791667,68.11840142144098,79.57831488715277,54.36985775707954,65.75445543244734,69.40998885121603
HAM10000,ISIC_0028638,nv,nv,True,Phase 4B processed HAM JPG; model Resize(384x384),600,450,600.0,450.0,1.3333333333333333,384,384,0.9542878270149231,0.2293954396773804,0.9210953637957573,0.0331924632191658,0.0014947829768061638,0.0037799670826643705,0.005309825763106346,0.0015272449236363173,0.0331924632191658,0.9542878270149231,0.0004078535712324083,44.87684461805556,41.09246320286915,125.56369749245086,0.384295614404616,0.4049343532986111,0.014634874131944444,6.437363721729386,0.8559498475904611,53.60979546440972,40.09657118055556,46.5516357421875,38.76765044602872,42.00328114335158,45.680760111610645
HAM10000,ISIC_0028678,nv,nv,True,Phase 4B processed HAM JPG; model Resize(384x384),600,450,600.0,450.0,1.3333333333333333,384,384,0.9432927370071411,0.2901495152824398,0.9101526401937008,0.008257281966507435,0.003537566866725683,0.0030317569617182016,0.03314009681344032,0.0012515423586592078,0.008257281966507435,0.9432927370071411,0.007489028386771679,69.12295193142361,75.23478608048872,101.53936654214323,0.2249312789351852,0.5744222005208334,0.030402289496527776,6.962897439410671,1.0421909933661198,70.07864040798611,68.91823323567708,67.72072347005208,78.54323709841074,74.95556269718776,69.77914562905814
HAM10000,ISIC_0028683,nv,nv,True,Phase 4B processed HAM JPG; model Resize(384x384),600,450,600.0,450.0,1.3333333333333333,384,384,0.9861581325531006,0.09140566040211694,0.9805572829209268,0.005600849632173777,0.0002721244527492672,0.0001952397433342412,0.0048994808457791805,0.0019000184256583452,0.005600849632173777,0.9861581325531006,0.0009742325637489557,63.667765299479164,48.972898834958535,311.57873496229274,0.3778186274509804,0.20842149522569445,0.017198350694444444,7.129324231156196,0.7082503858825048,74.53094482421875,56.820963541666664,70.42815483940973,47.166371540275954,50.2978944248592,55.09407846625197
HAM10000,ISIC_0028697,nv,nv,True,Phase 4B processed HAM JPG; model Resize(384x384),600,450,600.0,450.0,1.3333333333333333,384,384,0.9151890277862549,0.3467190435028764,0.8535148724913597,0.06167415529489517,0.0002525409508962184,0.0003850789798889309,0.02184811793267727,0.0004954178584739566,0.06167415529489517,0.9151890277862549,0.0001555859635118395,47.771708170572914,45.76002126882529,100.43223111699395,0.2971960529003268,0.3445705837673611,0.018459743923611112,6.366231768603852,0.9102860222254797,51.905721028645836,45.349399142795136,49.407979329427086,41.134181114259256,47.35657253868554,52.05592386664344
HAM10000,ISIC_0028708,nv,nv,True,Phase 4B processed HAM JPG; model Resize(384x384),600,450,600.0,450.0,1.3333333333333333,384,384,0.9546319842338562,0.1935975441613144,0.9109322726726532,0.043699711561203,0.00040800063288770616,9.356089140055701e-05,0.0010117854690179229,3.9001981349429116e-05,0.043699711561203,0.9546319842338562,0.0001159844541689381,53.51305474175347,50.29972022641712,172.087469233223,0.37044475613596134,0.4270222981770833,0.014350043402777778,6.915123570816571,0.8824255490725568,54.306884765625,51.535434299045136,61.610392252604164,43.796598668413175,52.99478992986833,57.85277307812348
HAM10000,ISIC_0028755,nv,nv,True,Phase 4B processed HAM JPG; model Resize(384x384),600,450,600.0,450.0,1.3333333333333333,384,384,0.7478331327438354,0.6447013327914842,0.5175186991691589,0.02075967565178871,0.0005147519404999912,0.00013297611440066248,0.2303144335746765,0.0003140475891996175,0.02075967565178871,0.7478331327438354,0.0001309145154664293,57.29094102647569,42.24645438192243,251.06084122462764,0.43721812129799836,0.18659803602430555,0.016499837239583332,6.846824626942883,0.6656609431279666,59.597269694010414,59.096435546875,41.93879530164931,41.6035345989218,43.02489487600811,43.72165086503878
HAM10000,ISIC_0028767,nv,akiec,False,Phase 4B processed HAM JPG; model Resize(384x384),600,450,600.0,450.0,1.3333333333333333,384,384,0.6103008985519409,1.0481427747190282,0.3338702619075775,0.012567820958793163,0.6103008985519409,0.2764306366443634,0.014522090554237366,0.06430953741073608,0.012567820958793163,0.012878429144620895,0.008990592323243618,64.48505995008681,41.17083209192234,238.77672490436169,0.44594144135518793,0.1358100043402778,0.013922797309027778,7.012872310532375,0.5668027763885355,66.30045572916667,62.78407118055556,68.47279866536458,41.742245468595094,46.99149520266507,46.89132202053585
HAM10000,ISIC_0028800,nv,nv,True,Phase 4B processed HAM JPG; model Resize(384x384),600,450,600.0,450.0,1.3333333333333333,384,384,0.7812216281890869,0.5770629516216969,0.5746224075555801,0.20659922063350677,0.00012307020369917154,3.148381438222714e-05,0.01107031386345625,0.0007793482509441674,0.20659922063350677,0.7812216281890869,0.0001749179937178269,28.12143283420139,43.68050467122914,57.802639426824484,0.3798233996289488,0.8513658311631944,0.020168728298611112,5.618855819771342,1.4720867193784466,29.44061957465278,27.78738064236111,26.388075086805557,42.06299255617045,43.79467429828572,48.67891652454732
HAM10000,ISIC_0028803,nv,nv,True,Phase 4B processed HAM JPG; model Resize(384x384),600,450,600.0,450.0,1.3333333333333333,384,384,0.8248734474182129,0.5445846164569187,0.6703377366065979,0.154535710811615,0.00031233581830747426,0.0006346434820443392,0.015580056235194206,0.0018399918917566538,0.154535710811615,0.8248734474182129,0.0022237931843847036,17.470228407118057,38.8524166082905,21.27768376947921,0.4347190574363426,0.9077351888020834,0.014960394965277778,4.886059779790832,2.008892373491625,15.73663330078125,17.486863878038193,22.27435980902778,37.74506828458106,39.109601685246616,41.55828796303693
HAM10000,ISIC_0028805,nv,nv,True,Phase 4B processed HAM JPG; model Resize(384x384),600,450,600.0,450.0,1.3333333333333333,384,384,0.8025978207588196,0.7385558642861043,0.7030199766159058,0.005130070261657238,0.0008556480170227587,0.008015750907361507,0.02713017910718918,0.05669274553656578,0.005130070261657238,0.8025978207588196,0.09957784414291382,64.84640842013889,33.25071889743198,536.1264375622993,0.39397988579112203,0.049140082465277776,0.0140380859375,6.593547908419724,0.45260053298212666,80.89851888020833,55.069797092013886,73.06707763671875,34.955926126384675,34.347457365512525,34.11800669992385
HAM10000,ISIC_0028806,nv,nv,True,Phase 4B processed HAM JPG; model Resize(384x384),600,450,600.0,450.0,1.3333333333333333,384,384,0.9950810670852661,0.03529300849277254,0.991269170306623,0.0038118967786431313,6.676669727312401e-05,0.00020286336075514555,0.0001340844901278615,0.0003437368432059884,0.0038118967786431313,0.9950810670852661,0.0003595302114263177,36.839070638020836,44.55493804864092,111.74532925346752,0.3609463826763344,0.6760525173611112,0.015950520833333332,6.159728220698811,1.1538536114027809,40.782016330295136,33.95372178819444,41.353861490885414,42.25837638336401,44.943144587045346,50.98505808446388
HAM10000,ISIC_0028857,nv,nv,True,Phase 4B processed HAM JPG; model Resize(384x384),600,450,600.0,450.0,1.3333333333333333,384,384,0.7058345675468445,0.9465797531324656,0.5379384011030197,0.16789616644382477,0.03972335904836655,0.002317828591912985,0.06686197221279144,0.01459201704710722,0.16789616644382477,0.7058345675468445,0.0027740777004510164,33.070949978298614,44.66590764715668,52.53737281410046,0.4811783003131808,0.7496609157986112,0.013902452256944444,6.154924074963232,1.2638201922163055,40.55360243055556,30.30132378472222,27.737901475694443,45.1185534700684,44.60519107865676,45.54558394756462
HAM10000,ISIC_0028859,nv,mel,False,Phase 4B processed HAM JPG; model Resize(384x384),600,450,600.0,450.0,1.3333333333333333,384,384,0.6338292360305786,0.6633501389853943,0.26842713356018066,0.6338292360305786,7.348159124376252e-05,1.626836456125602e-05,9.830259659793228e-05,0.00040428212378174067,0.6338292360305786,0.36540210247039795,0.0001762731553753838,64.63922119140625,56.54312920830725,147.2481481580087,0.3927297953686683,0.2989569769965278,0.023959689670138888,7.31750089737891,0.8184361514695371,77.33034261067708,59.920993381076386,55.64666748046875,56.519480940775516,58.01292711345997,55.01586118308851
HAM10000,ISIC_0028893,nv,nv,True,Phase 4B processed HAM JPG; model Resize(384x384),600,450,600.0,450.0,1.3333333333333333,384,384,0.9629727602005005,0.1847975645488151,0.9324234668165445,0.030549293383955956,0.0010186341824010015,0.000998932053335011,0.0011014060582965612,0.0004600320244207978,0.030549293383955956,0.9629727602005005,0.002898986218497157,48.109781901041664,53.66617237127763,117.68816354245314,0.2988962609783497,0.5560709635416666,0.021599663628472224,6.49283210001599,1.0655221820661733,47.971211751302086,46.86041937934028,54.89716932508681,48.541032022200035,55.63409208717538,59.4902909011009
HAM10000,ISIC_0028902,nv,nv,True,Phase 4B processed HAM JPG; model Resize(384x384),600,450,600.0,450.0,1.3333333333333333,384,384,0.9725921154022217,0.13955760696115932,0.9488077778369188,0.02378433756530285,4.2464038415346295e-05,0.00013761209265794605,0.0024897726252675056,0.00013815068814437836,0.02378433756530285,0.9725921154022217,0.0008154464885592461,48.47919379340278,55.582434371644396,144.99556407148455,0.326774035351988,0.5280558268229166,0.025960286458333332,6.457376276952209,1.097423888223869,48.626254611545136,46.790995279947914,56.79081895616319,50.2259295484934,58.17504843895107,58.50731754806848
HAM10000,ISIC_0028910,nv,nv,True,Phase 4B processed HAM JPG; model Resize(384x384),600,450,600.0,450.0,1.3333333333333333,384,384,0.9138738512992859,0.3569524689940647,0.8437467217445374,0.07012712955474854,0.0007707182667218149,0.0021955720148980618,0.004670776426792145,0.0017233241815119982,0.07012712955474854,0.9138738512992859,0.006638512015342712,25.600572374131943,45.74670231595242,55.91916856165102,0.4132368632131672,0.9037407769097222,0.025221082899305556,5.236208660894876,1.6918278873310462,23.02724880642361,25.51894802517361,32.814778645833336,41.293953339113756,48.17999097778516,47.795489129774225
HAM10000,ISIC_0028950,nv,nv,True,Phase 4B processed HAM JPG; model Resize(384x384),600,450,600.0,450.0,1.3333333333333333,384,384,0.9860751032829285,0.08196306686485869,0.9742782926186919,0.011796810664236546,0.00014736228331457824,0.0003320860560052097,0.0011704688658937812,9.74005160969682e-05,0.011796810664236546,0.9860751032829285,0.000380738521926105,41.722323947482636,48.16761207253107,146.2448727525311,0.3334183038449755,0.5616048177083334,0.021965874565972224,6.062729498928899,1.0634420371298994,43.677456325954864,39.44359673394097,48.330776638454864,44.778711372896616,50.39091050832917,48.898289682739886
HAM10000,ISIC_0028969,mel,bkl,False,Phase 4B processed HAM JPG; model Resize(384x384),600,450,600.0,450.0,1.3333333333333333,384,384,0.6197712421417236,1.0200083964872897,0.34259241819381714,0.04871044307947159,0.0157754048705101,0.01965198665857315,0.6197712421417236,0.0006837110267952085,0.04871044307947159,0.2771788239479065,0.018228445202112198,67.99308946397569,49.55748146791605,237.92178842682904,0.3671035134974128,0.2061699761284722,0.015543619791666666,7.250626740948924,0.6400548586376748,74.08209906684027,67.32954237196181,55.452236599392364,47.69940385274483,52.146060504724076,48.60586593121529
HAM10000,ISIC_0028999,nv,mel,False,Phase 4B processed HAM JPG; model Resize(384x384),600,450,600.0,450.0,1.3333333333333333,384,384,0.711796224117279,0.6056011951129591,0.424204558134079,0.711796224117279,5.671546023222618e-05,0.000116600094770547,0.00038082647370174527,3.023924546141643e-05,0.711796224117279,0.2875916659832001,2.7857700843014754e-05,61.39441596137153,50.16199277560639,145.15217421079677,0.4264096328635621,0.2540079752604167,0.013705783420138888,7.012632858985785,0.7607551332143448,50.246785481770836,63.557535807291664,79.49531385633681,48.753045018484194,50.735051893416774,54.91869537739898
HAM10000,ISIC_0029004,nv,nv,True,Phase 4B processed HAM JPG; model Resize(384x384),600,450,600.0,450.0,1.3333333333333333,384,384,0.9258355498313904,0.337929649601909,0.8734246492385864,0.052410900592803955,0.0028063044883310795,0.0023401803337037563,0.011723038740456104,0.002981466706842184,0.052410900592803955,0.9258355498313904,0.0019025529036298394,40.57398139105903,41.58449669011184,137.7020521333188,0.4338295930351307,0.489501953125,0.015916612413194444,6.300225247009678,0.9426171301933919,49.522488064236114,36.444363064236114,38.35468885633681,39.406292975053915,42.669905027402514,46.13867825823327
HAM10000,ISIC_0029011,nv,nv,True,Phase 4B processed HAM JPG; model Resize(384x384),600,450,600.0,450.0,1.3333333333333333,384,384,0.9831878542900085,0.10738336907043543,0.9741639038547873,0.0011854199692606926,0.0003253441827837378,0.0038679097779095173,0.009023950435221195,0.0014552463544532657,0.0011854199692606926,0.9831878542900085,0.0009543737978674471,66.33926052517361,59.62656025900173,221.73386532505165,0.3749418104915578,0.2761908637152778,0.028828938802083332,7.151009462046741,0.8532645954353187,72.69615342881944,61.123135036892364,76.51521131727431,53.72481812170248,62.313407949307525,64.57779493017375
HAM10000,ISIC_0029013,mel,nv,False,Phase 4B processed HAM JPG; model Resize(384x384),600,450,600.0,450.0,1.3333333333333333,384,384,0.5586799383163452,0.7132283889654721,0.12102267146110535,0.43765726685523987,0.0008854237967170775,0.0007045440142974257,0.000887154892552644,0.0004223490250296891,0.43765726685523987,0.5586799383163452,0.0007632829947397113,34.37194146050347,50.10599752687536,57.22843419769664,0.413761499608524,0.8336046006944444,0.028998480902777776,5.639599295137058,1.3992116766152853,30.641710069444443,34.28986952039931,44.63269721137153,46.19287737530699,52.17509150988365,52.28872947283355
HAM10000,ISIC_0029019,nv,nv,True,Phase 4B processed HAM JPG; model Resize(384x384),600,450,600.0,450.0,1.3333333333333333,384,384,0.9341570734977722,0.2510643555135836,0.8695858046412468,0.06457126885652542,0.00025278926477767527,0.00028421857859939337,0.00021412083879113197,0.0003013696114066988,0.06457126885652542,0.9341570734977722,0.00021919856953900307,44.976230197482636,55.03167599666697,119.43375343300497,0.35711233766510075,0.6192898220486112,0.023091634114583332,6.325890579560432,1.171449482204069,45.066569010416664,44.031209309895836,49.584086100260414,49.58165991999303,57.696778794381956,59.26859156895901
HAM10000,ISIC_0029024,nv,nv,True,Phase 4B processed HAM JPG; model Resize(384x384),600,450,600.0,450.0,1.3333333333333333,384,384,0.9611980319023132,0.2160922133789136,0.9441013634204865,0.004169310908764601,0.0002694137510843575,0.01249598152935505,0.002965158550068736,0.0018054984975606203,0.004169310908764601,0.9611980319023132,0.017096668481826782,61.862386067708336,49.63325004685669,328.9075932248415,0.3877466671347358,0.18672688802083334,0.023362901475694444,6.9333596406097,0.7535759666109864,73.68223063151042,54.423299153645836,69.15336778428819,48.642989388758124,51.01071170941959,51.20191340231792
HAM10000,ISIC_0029042,nv,nv,True,Phase 4B processed HAM JPG; model Resize(384x384),600,450,600.0,450.0,1.3333333333333333,384,384,0.996423065662384,0.027037775747910362,0.9937420301139355,0.0026810355484485626,8.064462599577382e-05,0.0002067392779281363,0.00020714345737360418,6.711841706419364e-05,0.0026810355484485626,0.996423065662384,0.00033426270238123834,87.45182969835069,53.12688248849816,190.58455814582143,0.2748753499880855,0.1188015407986111,0.015862358940972224,7.474281810601953,0.5461794381955539,77.78717041015625,89.64834255642361,101.49265543619792,47.02777994019594,55.92017143350666,59.46388962799044
HAM10000,ISIC_0029084,nv,nv,True,Phase 4B processed HAM JPG; model Resize(384x384),600,450,600.0,450.0,1.3333333333333333,384,384,0.9752116799354553,0.15052695107615344,0.9651037659496069,0.0055984980426728725,0.0002483947610016912,0.010107913985848427,0.00018970835662912577,0.0051676612347364426,0.0055984980426728725,0.9752116799354553,0.0034761864226311445,52.07563612196181,35.08549742248523,388.5986600803372,0.4735867502382897,0.2261691623263889,0.011834038628472222,6.6632743722979715,0.5941926620556309,72.62636311848958,42.76341417100694,46.122470431857636,40.43022598238679,34.78653285035301,35.486849436465505
HAM10000,ISIC_0029092,mel,mel,True,Phase 4B processed HAM JPG; model Resize(384x384),600,450,600.0,450.0,1.3333333333333333,384,384,0.6987257599830627,0.6262206458520208,0.3993791341781616,0.6987257599830627,0.0008590625366196036,0.0004465470847208053,0.000359512196155265,6.50895235594362e-05,0.6987257599830627,0.2993466258049011,0.00019738155242521316,51.56474473741319,46.41513341206481,77.46121287782803,0.5321547298389843,0.20680745442708334,0.018886990017361112,5.987311323618843,0.8254284234304641,40.448391384548614,53.591206868489586,70.40439181857639,50.07871538658785,45.44762892406982,45.05040926831853
HAM10000,ISIC_0029118,nv,nv,True,Phase 4B processed HAM JPG; model Resize(384x384),600,450,600.0,450.0,1.3333333333333333,384,384,0.7821505069732666,0.7498798324536783,0.6464320868253708,0.011853154748678207,0.0015639325138181448,0.002588580595329404,0.05562398582696915,0.1357184201478958,0.011853154748678207,0.7821505069732666,0.010501313023269176,77.62680392795139,52.17402137335523,575.8600037358701,0.3682035026467184,0.08650037977430555,0.017591688368055556,7.259173350861019,0.6169341292021774,86.77953423394098,72.41969807942708,80.44034830729167,52.12062284114193,53.6989676147902,57.99243859024575
HAM10000,ISIC_0029120,nv,nv,True,Phase 4B processed HAM JPG; model Resize(384x384),600,450,600.0,450.0,1.3333333333333333,384,384,0.9530041217803955,0.1960969952460911,0.9071511700749397,0.04585295170545578,3.729790114448406e-05,1.7143056538770907e-05,0.0007594609051011503,0.0001548977306811139,0.04585295170545578,0.9530041217803955,0.0001741562009556219,71.98729112413194,61.68859969123589,279.6356614517209,0.31086417802798205,0.2614000108506944,0.02740478515625,7.331715500331688,0.8091798257301853,67.46763102213542,72.59757486979167,80.70324028862848,56.08558094814955,64.88715530257625,63.966918506523044
HAM10000,ISIC_0029140,nv,nv,True,Phase 4B processed HAM JPG; model Resize(384x384),600,450,600.0,450.0,1.3333333333333333,384,384,0.9376199245452881,0.23724566283051696,0.8758978508412838,0.06172207370400429,4.683607585320715e-06,4.0691888898436446e-06,0.0006353810895234346,8.382112355320714e-06,0.06172207370400429,0.9376199245452881,5.518638772628037e-06,54.85456678602431,62.61239493429507,178.11328752463066,0.2632665430538535,0.5982462565104166,0.023668077256944444,6.698402953577656,1.0649595513776073,53.17913140190972,54.99128553602431,58.57947455512153,57.82823760689636,65.00007208413285,67.15157260906904
HAM10000,ISIC_0029144,nv,nv,True,Phase 4B processed HAM JPG; model Resize(384x384),600,450,600.0,450.0,1.3333333333333333,384,384,0.9230260252952576,0.30147482272794895,0.8524727299809456,0.07055329531431198,0.0005650844541378319,0.0031858275178819895,0.00018309809092897922,0.0018170034745708108,0.07055329531431198,0.9230260252952576,0.0006697450298815966,48.024929470486114,44.753498633232354,121.46767170851429,0.36537304049223857,0.35601806640625,0.015001085069444444,6.5255628113091975,0.8844072169486353,56.712239583333336,42.908542209201386,51.577785915798614,42.71908732669762,45.892720506843,48.63929388393848
HAM10000,ISIC_0029150,nv,nv,True,Phase 4B processed HAM JPG; model Resize(384x384),600,450,600.0,450.0,1.3333333333333333,384,384,0.7155137658119202,0.6048511103319172,0.4320116639137268,1.3383698387769982e-05,0.0001264859311049804,0.0005613617249764502,0.28350210189819336,0.0002053069183602929,1.3383698387769982e-05,0.7155137658119202,7.76219239924103e-05,108.86862521701389,42.827113391997926,1580.3027266438726,0.41042530998944715,0.022691514756944444,0.00201416015625,7.446638781741589,0.28196521886975706,112.03153483072917,111.30482313368056,88.02644178602431,47.39301870097078,48.692965630247116,45.09085427578194
HAM10000,ISIC_0029151,nv,nv,True,Phase 4B processed HAM JPG; model Resize(384x384),600,450,600.0,450.0,1.3333333333333333,384,384,0.9536809325218201,0.2034034201784644,0.9108273088932037,0.04285362362861633,0.00010427072993479669,0.00043899615411646664,0.00011362780060153455,0.0004926135879941285,0.04285362362861633,0.9536809325218201,0.002315953141078353,38.47880723741319,49.881606776832236,121.8534091607564,0.358055576831427,0.7109035915798612,0.018358018663194444,6.167960889691979,1.2283667990676843,39.86279296875,36.3311767578125,45.91876898871528,45.8655568563273,51.36124069880482,55.707554403955186
HAM10000,ISIC_0029169,nv,nv,True,Phase 4B processed HAM JPG; model Resize(384x384),600,450,600.0,450.0,1.3333333333333333,384,384,0.917542576789856,0.39296522054678973,0.8781624473631382,0.03938012942671776,0.0038537345826625824,0.001952977618202567,0.02537611313164234,0.008533201180398464,0.03938012942671776,0.917542576789856,0.00336128706112504,58.845438639322914,45.421643606916675,138.12608049074072,0.4148770467388344,0.2762315538194444,0.012824164496527778,7.12072085034839,0.7145081764601947,45.608723958333336,63.37061225043403,70.26612006293402,38.5780280456886,51.40343543164096,50.78622012153611
HAM10000,ISIC_0029178,nv,nv,True,Phase 4B processed HAM JPG; model Resize(384x384),600,450,600.0,450.0,1.3333333333333333,384,384,0.9844388365745544,0.1032060458639713,0.9783400646410882,0.0008907061419449747,0.0014829373685643077,0.004929299000650644,0.006098771933466196,0.001524045947007835,0.0008907061419449747,0.9844388365745544,0.0006353168864734471,108.45055474175348,50.25161593761721,783.3591692734188,0.30080244608694173,0.042168511284722224,0.019002278645833332,7.6373148053366,0.4131874957668847,118.88107638888889,104.27757432725694,102.58158365885417,47.73418338490851,53.81789287039321,54.75848608098266
HAM10000,ISIC_0029186,nv,nv,True,Phase 4B processed HAM JPG; model Resize(384x384),600,450,600.0,450.0,1.3333333333333333,384,384,0.9681835174560547,0.1488655318416012,0.9378415737301111,0.030341943725943565,0.00019853976846206933,9.341791883343831e-05,0.0007670499617233872,0.000329904054524377,0.030341943725943565,0.9681835174560547,8.572509977966547e-05,44.89007568359375,43.13877985019596,139.59080825617283,0.27618065129697716,0.4059855143229167,0.015591091579861112,6.352052018145596,0.8857318280465042,44.24919297960069,44.478610568576386,48.678873697916664,40.45851071028968,44.6725542382576,46.42090146058565
HAM10000,ISIC_0029194,nv,nv,True,Phase 4B processed HAM JPG; model Resize(384x384),600,450,600.0,450.0,1.3333333333333333,384,384,0.5080615878105164,0.7608131934326994,0.02891385555267334,0.010233795270323753,6.088042937335558e-06,0.0005544881569221616,0.00023069405870046467,0.0017656049458310008,0.010233795270323753,0.5080615878105164,0.479147732257843,24.34094916449653,37.54912669142017,39.890416114234625,0.34217670249523424,0.8705919053819444,0.016208224826388888,5.4728352352488985,1.4007089810345694,22.3955078125,24.291056315104168,29.844007703993057,37.403512114980984,37.688262280117,37.8549715800466
HAM10000,ISIC_0029199,nv,nv,True,Phase 4B processed HAM JPG; model Resize(384x384),600,450,600.0,450.0,1.3333333333333333,384,384,0.9584988951683044,0.17788148698468453,0.9178402200341225,0.040658675134181976,2.8987760742893443e-05,0.00014606639160774648,0.0004309932701289654,6.160727207316086e-05,0.040658675134181976,0.9584988951683044,0.00017481856048107147,61.669406467013886,57.31467803888929,107.65944249537073,0.44721251510586874,0.4678887261284722,0.020277235243055556,7.1783935264678815,0.8552961204117104,47.581936306423614,65.19960530598958,80.42857530381944,49.763398261316006,60.09991195414067,67.21311929568951
HAM10000,ISIC_0029203,nv,nv,True,Phase 4B processed HAM JPG; model Resize(384x384),600,450,600.0,450.0,1.3333333333333333,384,384,0.9253143072128296,0.3934533640883342,0.9059026129543781,0.009992283768951893,0.011400408111512661,0.018200017511844635,0.019411694258451462,0.005260424222797155,0.009992283768951893,0.9253143072128296,0.010420816950500011,99.79072401258681,41.7096925437751,726.5119374920098,0.5396060719209559,0.006490071614583333,0.007568359375,7.318089489158753,0.33885324326003974,115.99129909939236,93.45351833767361,89.92767333984375,47.83181273532984,55.300733004102995,60.661825895781035
HAM10000,ISIC_0029226,nv,nv,True,Phase 4B processed HAM JPG; model Resize(384x384),600,450,600.0,450.0,1.3333333333333333,384,384,0.9336369037628174,0.2954467030316195,0.8862370625138283,0.047399841248989105,0.0013212005142122507,0.0012830549385398626,0.015941044315695763,0.00015626140520907938,0.047399841248989105,0.9336369037628174,0.00026168866315856576,63.21441650390625,57.39780756216648,258.84314502163994,0.3305945169951661,0.3536783854166667,0.02099609375,7.135840081300903,0.8234720136456652,56.34044053819444,64.89996337890625,72.56002468532986,52.704423585661644,60.13288909676647,61.55174479522424
HAM10000,ISIC_0029228,nv,nv,True,Phase 4B processed HAM JPG; model Resize(384x384),600,450,600.0,450.0,1.3333333333333333,384,384,0.9913066029548645,0.052751417761997585,0.9832339910790324,0.00807261187583208,1.2894220162706915e-05,2.9110037758073304e-06,0.000260509317740798,3.5050125006819144e-05,0.00807261187583208,0.9913066029548645,0.00030936242546886206,35.025980631510414,48.956819116391415,57.37661392582051,0.2852993568304058,0.8106011284722222,0.023064507378472224,5.580723034806589,1.3246542909379615,32.432393391927086,35.26146782769097,40.618367513020836,44.2688524396367,51.47430260155449,51.11073863400739
HAM10000,ISIC_0029269,nv,nv,True,Phase 4B processed HAM JPG; model Resize(384x384),600,450,600.0,450.0,1.3333333333333333,384,384,0.9048656821250916,0.33825846607514193,0.8142157420516014,0.09064994007349014,0.00015933526447042823,0.00208453182131052,0.0003125731891486794,0.0009423288283869624,0.09064994007349014,0.9048656821250916,0.0009856251999735832,42.913974338107636,47.51728171012926,104.98101153620229,0.3778560729847495,0.5180528428819444,0.018412272135416668,6.294535736910351,1.04410809490138,38.41832139756944,42.7227783203125,55.72979058159722,42.973288764625636,49.387868189748076,54.44810784214441
HAM10000,ISIC_0029281,mel,nv,False,Phase 4B processed HAM JPG; model Resize(384x384),600,450,600.0,450.0,1.3333333333333333,384,384,0.5284401774406433,0.7329064258378484,0.06300336122512817,0.46543681621551514,0.0003902343160007149,0.0006612229626625776,0.001800904399715364,0.0023998308461159468,0.46543681621551514,0.5284401774406433,0.0008708604145795107,58.11883544921875,50.08826523527913,234.85786250192257,0.42368214592694714,0.2529839409722222,0.0179443359375,6.901546290617496,0.7814832394763612,66.09718153211806,56.895243326822914,43.48805067274306,49.806487875181574,51.85193393177019,45.981267013129546
HAM10000,ISIC_0029284,nv,nv,True,Phase 4B processed HAM JPG; model Resize(384x384),600,450,600.0,450.0,1.3333333333333333,384,384,0.9917348623275757,0.05874282333031841,0.9878674689680338,0.003867393359541893,4.700151475844905e-05,6.680261867586523e-05,0.0016359590226784348,0.0017312954878434539,0.003867393359541893,0.9917348623275757,0.0009167941170744598,50.53174506293403,35.66099331153563,259.83605666251646,0.35366551351443354,0.17360432942708334,0.014200846354166666,6.348750330269624,0.6283256707690119,56.425326877170136,45.99873182508681,58.412563747829864,34.51849997282797,36.88561898019552,38.046177045235105
HAM10000,ISIC_0029285,nv,nv,True,Phase 4B processed HAM JPG; model Resize(384x384),600,450,600.0,450.0,1.3333333333333333,384,384,0.9121617674827576,0.34029086652432206,0.8393065929412842,0.07285517454147339,5.749498086515814e-05,2.2780761355534196e-05,0.00019989482825621963,0.014504514634609222,0.07285517454147339,0.9121617674827576,0.00019833924307022244,60.42877197265625,59.726401883505964,183.37732592330858,0.34466010199652775,0.3670857747395833,0.025458441840277776,6.880395760087601,0.9299926810609039,56.200771755642364,60.16644965277778,72.88049994574652,55.37107776075663,62.043076657552426,62.792883485545694
HAM10000,ISIC_0029293,nv,nv,True,Phase 4B processed HAM JPG; model Resize(384x384),600,450,600.0,450.0,1.3333333333333333,384,384,0.9572767019271851,0.19229885161175603,0.9187933653593063,0.03848333656787872,2.9637345505761914e-05,3.2171035854844376e-05,0.0037696536164730787,0.00016084505477920175,0.03848333656787872,0.9572767019271851,0.0002476662630215287,58.540554470486114,57.54549839097604,261.0905825208275,0.30216878255208335,0.3976711697048611,0.021979437934027776,6.898891820126061,0.9068655958614308,59.572238498263886,56.73027208116319,65.15341525607639,54.65952139673631,59.45785606310347,58.62517799738888
HAM10000,ISIC_0029325,nv,nv,True,Phase 4B processed HAM JPG; model Resize(384x384),600,450,600.0,450.0,1.3333333333333333,384,384,0.9800215363502502,0.10551825709340938,0.9617356564849615,0.018285879865288734,6.575624865945429e-05,8.377564518013969e-05,0.001113269361667335,0.00031926867086440325,0.018285879865288734,0.9800215363502502,0.00011055200593546033,54.32317437065972,44.32183929425735,224.8568844787868,0.41181901254425385,0.20279947916666666,0.020799424913194444,6.594127016155208,0.7577248160915299,66.91184488932292,48.654507107204864,50.477932400173614,41.53009364373834,46.01676641734426,48.21292769831906
HAM10000,ISIC_0029348,nv,bkl,False,Phase 4B processed HAM JPG; model Resize(384x384),600,450,600.0,450.0,1.3333333333333333,384,384,0.49788108468055725,1.0515549912194422,0.19471904635429382,0.19535420835018158,0.0023011479061096907,0.0010072625009343028,0.49788108468055725,0.00010678857506718487,0.19535420835018158,0.3031620383262634,0.00018741977692116052,46.227389865451386,44.580161645010556,139.77648864810666,0.29828838273590685,0.4033474392361111,0.014553493923611112,6.631699076479251,0.8487315988717534,47.88987901475694,46.9183349609375,38.26948377821181,47.81091335076648,44.143143870827636,41.90354901434617
HAM10000,ISIC_0029354,nv,mel,False,Phase 4B processed HAM JPG; model Resize(384x384),600,450,600.0,450.0,1.3333333333333333,384,384,0.5620850324630737,0.856222061167787,0.1772761344909668,0.5620850324630737,0.0006491972017101943,0.0006158491596579552,0.05152178555727005,0.000176099463715218,0.5620850324630737,0.38480889797210693,0.000143167853821069,58.52577039930556,38.690078143613455,160.06081437176942,0.47938788254016884,0.1901584201388889,0.014146592881944444,6.930926840915872,0.5859662770954601,66.56910536024306,57.951009114583336,40.38947211371528,42.72558418561347,39.15754392956821,36.5564443117333
HAM10000,ISIC_0029381,nv,nv,True,Phase 4B processed HAM JPG; model Resize(384x384),600,450,600.0,450.0,1.3333333333333333,384,384,0.9152207970619202,0.3187614866758517,0.8366431593894958,0.07857763767242432,0.00014616454427596182,0.00042542663868516684,0.0006719095399603248,0.004271554294973612,0.07857763767242432,0.9152207970619202,0.0006865013274364173,79.42142740885417,42.427628847593766,315.65290959676105,0.2444413594430828,0.0328369140625,0.019422743055555556,6.997333432562058,0.4770078380660157,85.13677300347223,76.59933132595486,78.94375271267361,41.472472394828706,43.78131653647577,44.72786877072171
HAM10000,ISIC_0029410,nv,nv,True,Phase 4B processed HAM JPG; model Resize(384x384),600,450,600.0,450.0,1.3333333333333333,384,384,0.8570956587791443,0.5190314664220003,0.772686280310154,0.05633869767189026,0.0003801636048592627,0.0004532224265858531,0.08440937846899033,0.0005382148665376008,0.05633869767189026,0.8570956587791443,0.0007846290827728808,30.417127821180557,41.727504031579095,90.5506659447687,0.3148720735038807,0.8192003038194444,0.018344455295138888,5.533380709096857,1.294436714169205,32.609592013888886,28.76174587673611,33.22984483506944,39.683423090115404,42.836669448075995,43.18378957040117
HAM10000,ISIC_0029430,nv,nv,True,Phase 4B processed HAM JPG; model Resize(384x384),600,450,600.0,450.0,1.3333333333333333,384,384,0.7528051137924194,0.8303011549272518,0.6417271718382835,0.00402041245251894,0.023684527724981308,0.1110779419541359,0.10419532656669617,0.0020939260721206665,0.00402041245251894,0.7528051137924194,0.002122750272974372,29.14025200737847,33.04885714933974,47.103077698452964,0.293505859375,0.7000935872395834,0.012363009982638888,5.891059236377176,1.0146572789799517,26.14727105034722,30.075208875868057,32.163675944010414,32.791076407904086,33.08604664048958,35.28300477805123
HAM10000,ISIC_0029434,mel,nv,False,Phase 4B processed HAM JPG; model Resize(384x384),600,450,600.0,450.0,1.3333333333333333,384,384,0.8220945000648499,0.5477226298886123,0.6723799705505371,0.14971452951431274,0.00011451483442215249,7.00015079928562e-05,0.027938885614275932,3.478889266261831e-05,0.14971452951431274,0.8220945000648499,3.280905002611689e-05,47.33106825086806,59.127921925193185,128.29081819082302,0.2624023703448393,0.6833157009548612,0.018168131510416668,6.529905606934751,1.1666634993944442,47.158223470052086,46.89629448784722,50.10307481553819,56.86944283081507,60.845456334721874,59.97678634675238
HAM10000,ISIC_0029437,nv,nv,True,Phase 4B processed HAM JPG; model Resize(384x384),600,450,600.0,450.0,1.3333333333333333,384,384,0.9705902934074402,0.17560775737282713,0.9586495636031032,0.011940729804337025,0.0008249702514149249,0.0011101186973974109,0.006326209753751755,0.006920894607901573,0.011940729804337025,0.9705902934074402,0.0022867307998239994,69.01346842447917,52.61954983739653,296.11110338734255,0.32164918321929464,0.1456976996527778,0.020731608072916668,7.137483545242378,0.700763817907583,74.90761990017361,65.10515679253473,73.67399088541667,49.77352215259548,54.03745377087832,58.82600693453563
HAM10000,ISIC_0029440,nv,nv,True,Phase 4B processed HAM JPG; model Resize(384x384),600,450,600.0,450.0,1.3333333333333333,384,384,0.7636885046958923,0.8743926306209759,0.6705436259508133,0.014249397441744804,0.06460626423358917,0.0539739653468132,0.09314487874507904,0.008368613198399544,0.014249397441744804,0.7636885046958923,0.0019684028811752796,75.89194742838542,46.400444434831016,380.7101669657378,0.29731264467592594,0.09010145399305555,0.018602159288194444,7.2515356414248195,0.5278972090972197,82.28436279296875,73.06905788845486,73.65549723307292,44.683569856198645,48.04548776957958,50.273531091031586
HAM10000,ISIC_0029459,nv,nv,True,Phase 4B processed HAM JPG; model Resize(384x384),600,450,600.0,450.0,1.3333333333333333,384,384,0.6927743554115295,0.770633860992014,0.41828209161758423,0.2744922637939453,0.006653855554759502,0.0022705025039613247,0.01062245387583971,0.007718608248978853,0.2744922637939453,0.6927743554115295,0.005467970389872789,40.63218858506944,40.7796260535757,78.67087208005931,0.42858346843511713,0.4915296766493056,0.015848795572916668,6.590180713398044,0.9258306243675948,50.902242024739586,36.849711100260414,33.18072509765625,42.656605314544606,40.62725958990872,39.59288509142331
HAM10000,ISIC_0029463,nv,nv,True,Phase 4B processed HAM JPG; model Resize(384x384),600,450,600.0,450.0,1.3333333333333333,384,384,0.9929381012916565,0.05124258627387729,0.9900885752867907,0.0028495260048657656,5.566552863456309e-05,0.0001639299443922937,0.0021300320513546467,0.0016204429557546973,0.0028495260048657656,0.9929381012916565,0.00024227275571320206,70.32010904947917,44.46966808376577,523.693754678891,0.34997941559436274,0.08372667100694445,0.0172119140625,7.014994241911114,0.5694233924052502,81.13469102647569,65.53708902994792,66.57938639322917,45.43042992413073,46.1066056666573,45.5178317909644
HAM10000,ISIC_0029478,nv,nv,True,Phase 4B processed HAM JPG; model Resize(384x384),600,450,600.0,450.0,1.3333333333333333,384,384,0.9941437840461731,0.04553327395910544,0.9922927416628227,0.0007922456134110689,0.00032513696351088583,0.0005991875077597797,0.001851042383350432,0.0007115527405403554,0.0007922456134110689,0.9941437840461731,0.0015771080506965518,73.16239420572917,62.65635300349306,199.8760198118786,0.3067319250834014,0.2473212348090278,0.025553385416666668,7.29240174968028,0.8109066854392467,75.19956461588542,70.90565321180556,79.41126844618056,54.98873671440223,65.95132066229073,69.05656245274909
HAM10000,ISIC_0029536,nv,nv,True,Phase 4B processed HAM JPG; model Resize(384x384),600,450,600.0,450.0,1.3333333333333333,384,384,0.9988588094711304,0.010650922619046202,0.9985110614798032,0.00030808764859102666,1.6682641216902994e-05,8.707000961294398e-05,0.0002465902653057128,0.00034774799132719636,0.00030808764859102666,0.9988588094711304,0.00013512029545381665,75.77452256944444,47.22377059043609,554.514232667462,0.4452623421330338,0.09401448567708333,0.020738389756944444,7.259493248290701,0.565463432500955,99.09568277994792,65.67874484592014,66.581298828125,48.166707005579546,49.816346254004245,50.064208405893176
HAM10000,ISIC_0029575,mel,mel,True,Phase 4B processed HAM JPG; model Resize(384x384),600,450,600.0,450.0,1.3333333333333333,384,384,0.923053503036499,0.33172401574627924,0.8643894121050835,0.923053503036499,0.0024594871792942286,0.05866409093141556,0.0054726204834878445,5.55171791347675e-05,0.923053503036499,0.010204250924289227,9.046597551787272e-05,50.59986029730903,55.762686786640266,88.13301568487545,0.30515142037717863,0.5512763129340278,0.014655219184027778,6.896082225708979,0.921968996964751,45.506930881076386,52.56110297309028,53.8656005859375,52.952553865324894,58.4742113652749,58.48700221044485
HAM10000,ISIC_0029577,nv,nv,True,Phase 4B processed HAM JPG; model Resize(384x384),600,450,600.0,450.0,1.3333333333333333,384,384,0.8706701993942261,0.42839498542128146,0.7505137696862221,0.120156429708004,0.001984325237572193,0.0002426139690214768,0.005559745244681835,0.000968973501585424,0.120156429708004,0.8706701993942261,0.00041756508289836347,59.210957845052086,40.59805920387547,162.0274361283231,0.4651991634327342,0.19917805989583334,0.011888292100694444,6.96408182901748,0.6174403262279896,72.69856770833333,53.623921712239586,52.593648274739586,46.10443157908003,42.656104813367534,45.62190408863988
HAM10000,ISIC_0029619,nv,nv,True,Phase 4B processed HAM JPG; model Resize(384x384),600,450,600.0,450.0,1.3333333333333333,384,384,0.9493269324302673,0.2323790757995578,0.9063343890011311,0.042992543429136276,0.0003311499021947384,0.0003470420779194683,0.0017487098230049014,0.00245646177791059,0.042992543429136276,0.9493269324302673,0.002797160530462861,70.8634033203125,52.99556258842916,424.4045687438805,0.4001844352107162,0.12314860026041667,0.026441786024305556,7.103690544016511,0.7019173587614665,86.56644015842014,62.77128770616319,71.34963650173611,49.217569780662274,55.90267077433989,55.51745014295223
HAM10000,ISIC_0029629,nv,nv,True,Phase 4B processed HAM JPG; model Resize(384x384),600,450,600.0,450.0,1.3333333333333333,384,384,0.9876447319984436,0.07812954209296052,0.9797738529741764,0.007870879024267197,0.00011859740334330127,0.00011906158033525571,0.0035498489160090685,0.00036817084765061736,0.007870879024267197,0.9876447319984436,0.00032873955206014216,44.53809950086806,47.13245558990228,170.27426500655253,0.41508648109851576,0.4280056423611111,0.024271647135416668,6.298299134836254,0.994040472103148,53.45050048828125,39.244533962673614,48.4156494140625,44.47442194397673,48.71593754926755,49.76118196838201
HAM10000,ISIC_0029666,nv,nv,True,Phase 4B processed HAM JPG; model Resize(384x384),600,450,600.0,450.0,1.3333333333333333,384,384,0.7682074308395386,0.5785035480255097,0.5428929179906845,0.22531451284885406,0.00013580093218479306,3.4605152904987335e-05,0.0029666079208254814,0.0014068110613152385,0.22531451284885406,0.7682074308395386,0.0019341828301548958,109.5810546875,69.2325807422757,247.70239809688962,0.36639678223720046,0.1679755316840278,0.033759223090277776,7.794009936375141,0.5815732842949539,92.20939127604167,115.76253933376736,123.31827799479167,66.26457685885792,72.60209387336293,67.82661796285582
HAM10000,ISIC_0029673,nv,nv,True,Phase 4B processed HAM JPG; model Resize(384x384),600,450,600.0,450.0,1.3333333333333333,384,384,0.8430148363113403,0.473721554145875,0.6934855282306671,0.14952930808067322,0.0008247270015999675,0.001079856650903821,0.004436715506017208,0.0004992461181245744,0.14952930808067322,0.8430148363113403,0.0006152838468551636,52.95115831163194,50.48511800294811,213.4283029457301,0.31209543930419387,0.3538818359375,0.020948621961805556,6.639451652905005,0.8790263919432159,53.75807020399306,51.07092963324653,60.517354329427086,49.29992598993024,51.50681686285505,53.561177109967915
HAM10000,ISIC_0029677,nv,nv,True,Phase 4B processed HAM JPG; model Resize(384x384),600,450,600.0,450.0,1.3333333333333333,384,384,0.9058013558387756,0.43790309089435864,0.8704904802143574,0.03531087562441826,0.01522414293140173,0.034615226089954376,0.0061211478896439075,0.0009107163641601801,0.03531087562441826,0.9058013558387756,0.002016570186242461,48.851806640625,37.10089958758779,185.2386580171685,0.44470518024918304,0.2435574001736111,0.012600368923611112,6.510480283994665,0.6793091124410574,62.02099609375,43.218288845486114,43.326314290364586,36.00355728810077,38.714294541218706,40.07860638173776
HAM10000,ISIC_0029705,mel,nv,False,Phase 4B processed HAM JPG; model Resize(384x384),600,450,600.0,450.0,1.3333333333333333,384,384,0.5281519889831543,0.7566661342467963,0.0701809823513031,0.4579710066318512,0.0002892737975344062,2.411897003185004e-05,0.013415496796369553,5.6739318097243086e-05,0.4579710066318512,0.5281519889831543,9.138030145550147e-05,52.073221842447914,45.65771206672675,104.97942258247437,0.31610987711056643,0.3623453776041667,0.015733506944444444,6.926468656830741,0.7818717106058624,57.991115993923614,50.10374620225694,46.73053656684028,44.44451198366913,46.54289331985027,46.88136235323119
HAM10000,ISIC_0029748,nv,nv,True,Phase 4B processed HAM JPG; model Resize(384x384),600,450,600.0,450.0,1.3333333333333333,384,384,0.9718219637870789,0.15216397800745765,0.9500560630112886,0.021765900775790215,0.0008260171161964536,0.0033184082712978125,0.0008844578405842185,0.0006102574989199638,0.021765900775790215,0.9718219637870789,0.000772946048527956,53.64567735460069,58.968819618333356,159.55258924389878,0.3770496908615877,0.5041164822048612,0.024495442708333332,6.848718142898595,1.0474979073838837,56.738932291666664,50.44068739149306,62.032246907552086,53.99420159607248,61.18537411651065,63.46442782868344
HAM10000,ISIC_0029749,nv,nv,True,Phase 4B processed HAM JPG; model Resize(384x384),600,450,600.0,450.0,1.3333333333333333,384,384,0.6637385487556458,0.8103595403846883,0.3726377487182617,0.03184954449534416,0.009458481334149837,0.0019575946498662233,0.29110080003738403,0.0013639546232298017,0.03184954449534416,0.6637385487556458,0.000531011784914881,53.841824001736114,42.94007903176954,124.5811189396514,0.40946842767054736,0.3050604926215278,0.017110188802083332,6.987026062824804,0.7355868773305515,68.49050564236111,47.98577202690972,45.589931911892364,48.292336852103325,42.08570426276929,41.47464472267609
HAM10000,ISIC_0029775,nv,nv,True,Phase 4B processed HAM JPG; model Resize(384x384),600,450,600.0,450.0,1.3333333333333333,384,384,0.5286505818367004,0.7070336891376855,0.05937644839286804,0.4692741334438324,0.0005335994064807892,4.59922848676797e-05,0.0012190380366519094,2.9006967452005483e-05,0.4692741334438324,0.5286505818367004,0.00024766259593889117,61.49024115668403,65.04411803409042,132.9906873713581,0.29922688802083336,0.3646986219618056,0.021782769097222224,6.135319828702784,1.0043993560093807,61.15315077039931,61.874898274739586,60.405049641927086,75.18850426411674,61.84825773993239,58.42239461221063
HAM10000,ISIC_0029798,nv,nv,True,Phase 4B processed HAM JPG; model Resize(384x384),600,450,600.0,450.0,1.3333333333333333,384,384,0.9183014035224915,0.4174719916842909,0.8939962182193995,0.02018909901380539,0.009055615402758121,0.014944772236049175,0.024305185303092003,0.00338383624330163,0.02018909901380539,0.9183014035224915,0.009820183739066124,101.50602891710069,42.3230881708754,532.9378955511398,0.2979831537649782,0.04848904079861111,0.017550998263888888,7.29883761567012,0.2962672117809736,121.14168294270833,92.12894694010417,98.29035101996527,43.415743980255115,42.95956863735529,45.13454992335825
HAM10000,ISIC_0029834,nv,nv,True,Phase 4B processed HAM JPG; model Resize(384x384),600,450,600.0,450.0,1.3333333333333333,384,384,0.8135517239570618,0.6268627935094423,0.6709296107292175,0.14262211322784424,0.014900719746947289,0.002044352935627103,0.02479005791246891,0.0013968531275168061,0.14262211322784424,0.8135517239570618,0.000694198883138597,27.776502821180557,35.56700937207662,85.90583570904018,0.31660930159824346,0.8044569227430556,0.013705783420138888,5.526245701047949,1.184285845858406,28.52499050564236,27.506876627604168,27.197163899739582,35.08303544473464,35.60104303695896,38.92527361963871
HAM10000,ISIC_0029846,nv,nv,True,Phase 4B processed HAM JPG; model Resize(384x384),600,450,600.0,450.0,1.3333333333333333,384,384,0.8810902237892151,0.40584170796479846,0.7712387964129448,0.005560735240578651,9.613170732336584e-06,0.00019083615916315466,0.0013220809632912278,0.0019750113133341074,0.005560735240578651,0.8810902237892151,0.1098514273762703,24.70235866970486,32.53465698339165,58.73276349055915,0.3162828233506944,0.8699951171875,0.011874728732638888,5.452679032747771,1.1401205206674725,23.806715223524307,24.01891411675347,30.75725640190972,32.1996132258681,32.65989420212383,33.71165529641545
HAM10000,ISIC_0029852,nv,nv,True,Phase 4B processed HAM JPG; model Resize(384x384),600,450,600.0,450.0,1.3333333333333333,384,384,0.8902183771133423,0.4751736013932878,0.8468774482607841,0.026375191286206245,0.0011470230529084802,0.00038345492794178426,0.037840720266103745,0.0006943472544662654,0.026375191286206245,0.8902183771133423,0.043340928852558136,41.49675157335069,53.178151416336725,98.20813658718525,0.3743609526058687,0.7085300021701388,0.015618218315972222,6.325185750070456,1.209012568111817,36.66752794053819,41.406575520833336,54.66729736328125,47.4416187646193,54.68845900597889,64.52776722420477
HAM10000,ISIC_0029863,nv,nv,True,Phase 4B processed HAM JPG; model Resize(384x384),600,450,600.0,450.0,1.3333333333333333,384,384,0.9451208114624023,0.22705138589863869,0.8931882679462433,0.05193254351615906,3.163868314004503e-05,0.00016772896924521774,0.00023607422190252692,0.0005403792602010071,0.05193254351615906,0.9451208114624023,0.0019708427134901285,34.48511420355903,45.44827727678819,103.9885116269191,0.3498670789930556,0.7871568467881944,0.016805013020833332,5.855683034339381,1.2619320798904325,36.80162217881944,32.260030110677086,39.86614990234375,41.74533223911241,47.35027663075156,48.1453370347708
HAM10000,ISIC_0029868,nv,nv,True,Phase 4B processed HAM JPG; model Resize(384x384),600,450,600.0,450.0,1.3333333333333333,384,384,0.9153813719749451,0.3402987546134705,0.8429088145494461,0.07247255742549896,0.0028515320736914873,0.0007719896384514868,0.0063325813971459866,0.001368180033750832,0.07247255742549896,0.9153813719749451,0.0008217786671593785,37.295206705729164,49.62518200517656,67.8258696662055,0.3133936131961465,0.6949462890625,0.023973253038194444,6.099633487690232,1.2594647069092684,34.639383951822914,38.02228461371528,40.529330783420136,45.60386755844517,51.379721866153815,53.85826184916953
HAM10000,ISIC_0029873,nv,nv,True,Phase 4B processed HAM JPG; model Resize(384x384),600,450,600.0,450.0,1.3333333333333333,384,384,0.940065324306488,0.3050382513265725,0.9150501023977995,0.01996336132287979,0.010432988405227661,0.002490181475877762,0.025015221908688545,0.001071013743057847,0.01996336132287979,0.940065324306488,0.0009619273478165269,50.059855143229164,50.85198903892677,157.9293121406693,0.3068566548798339,0.4497748480902778,0.019795735677083332,6.704437563381753,0.9494002581478463,52.08513726128472,47.679287380642364,57.0009765625,49.21346196150156,51.23781865969758,55.90623288752275
HAM10000,ISIC_0029888,nv,nv,True,Phase 4B processed HAM JPG; model Resize(384x384),600,450,600.0,450.0,1.3333333333333333,384,384,0.9777514934539795,0.10878086334564081,0.9558527898043394,0.021898703649640083,2.7720116122509353e-06,1.190078637591796e-05,3.8266440242296085e-05,0.0002509948972146958,0.021898703649640083,0.9777514934539795,4.597818406182341e-05,57.39030626085069,53.14508209738469,238.34716754323907,0.40907054227941175,0.3071492513020833,0.020148383246527776,6.7985609447655015,0.8738738198538012,68.92724609375,51.242892795138886,58.77488878038194,51.35507491432498,53.998644559926475,58.622131069706676
HAM10000,ISIC_0029901,nv,nv,True,Phase 4B processed HAM JPG; model Resize(384x384),600,450,600.0,450.0,1.3333333333333333,384,384,0.940823495388031,0.2701195810320117,0.8989789001643658,0.01504451222717762,0.0003859402786474675,0.0005306178354658186,0.04184459522366524,0.0010760726872831583,0.01504451222717762,0.940823495388031,0.0002947570465039462,34.709567599826386,49.30289860339123,63.2238417311491,0.30658674385552837,0.8064846462673612,0.022969563802083332,5.865828110550556,1.3668732033090474,31.12438286675347,35.407558865017364,40.543918185763886,45.11592265347555,51.16027195205674,53.91460065061191
HAM10000,ISIC_0029909,mel,mel,True,Phase 4B processed HAM JPG; model Resize(384x384),600,450,600.0,450.0,1.3333333333333333,384,384,0.7521392703056335,0.6718894694197548,0.535804346203804,0.7521392703056335,0.0240362286567688,1.256200539501151e-05,0.21633492410182953,9.335289178125095e-06,0.7521392703056335,0.007464276626706123,3.4075355870299973e-06,84.78387451171875,48.966303602175046,240.24700365463892,0.32702628740298206,0.11583794487847222,0.016011555989583332,7.509778120947928,0.48579568203828666,78.61813015407986,90.78228081597223,70.06248643663194,49.47164939405951,52.20650256110475,45.8066907538542
HAM10000,ISIC_0029910,nv,nv,True,Phase 4B processed HAM JPG; model Resize(384x384),600,450,600.0,450.0,1.3333333333333333,384,384,0.9552847146987915,0.22839927358766082,0.9251600466668606,0.002811967395246029,9.472847887082025e-05,0.0005791500443592668,0.004515505861490965,0.006589298136532307,0.002811967395246029,0.9552847146987915,0.030124668031930923,81.94593641493056,58.791638232905235,337.1589870386654,0.3655881395526961,0.19053141276041666,0.0247802734375,7.5842103326602235,0.6717719286955283,89.98933919270833,76.40428331163194,89.37949625651042,55.15428621932177,61.14034088221854,65.26408374000337
HAM10000,ISIC_0029916,nv,nv,True,Phase 4B processed HAM JPG; model Resize(384x384),600,450,600.0,450.0,1.3333333333333333,384,384,0.9784958958625793,0.13266753263875292,0.9677524287253618,0.010743467137217522,0.0035118176601827145,0.0048282938078045845,0.0008464384591206908,0.0011191607918590307,0.010743467137217522,0.9784958958625793,0.0004548391152638942,46.656772189670136,47.74808489194726,130.83738197841575,0.3185029871323529,0.4067043728298611,0.0244140625,6.475203380978051,0.9638423676376431,49.412570529513886,44.277492947048614,51.68305121527778,45.69660097511784,48.67992046762565,51.80501804872623
HAM10000,ISIC_0029942,nv,nv,True,Phase 4B processed HAM JPG; model Resize(384x384),600,450,600.0,450.0,1.3333333333333333,384,384,0.9560461640357971,0.20054605127049924,0.916623942553997,0.03942222148180008,0.0002995262620970607,0.0007255774107761681,0.0025951035786420107,0.00032960838871076703,0.03942222148180008,0.9560461640357971,0.000581880216486752,37.64977349175347,42.85630617706672,89.50046000638862,0.2955429176879085,0.6049329969618056,0.018161349826388888,6.0037303210360005,1.0592950319276284,40.78276909722222,35.52747938368056,40.359334309895836,40.25759777315565,44.08326338734794,46.110325873730815
HAM10000,ISIC_0029949,nv,nv,True,Phase 4B processed HAM JPG; model Resize(384x384),600,450,600.0,450.0,1.3333333333333333,384,384,0.9913210272789001,0.05398336074953954,0.9835347821936011,0.007786245085299015,9.509159281151369e-05,0.0003827640612144023,0.00011182665184605867,0.00022589604486711323,0.007786245085299015,0.9913210272789001,7.71580744185485e-05,43.274807400173614,43.845209850750535,158.19647912510933,0.39313810593681914,0.5496622721354166,0.012891981336805556,6.47427793449789,0.9328814903533744,46.621188693576386,40.856960720486114,46.94861518012153,40.30566654154466,45.40917048403265,51.17518395108998
HAM10000,ISIC_0029952,nv,nv,True,Phase 4B processed HAM JPG; model Resize(384x384),600,450,600.0,450.0,1.3333333333333333,384,384,0.9826282262802124,0.1014917312432032,0.968914732336998,0.013713493943214417,0.00027975765988230705,0.001082944800145924,0.00016902007337193936,0.0005477388622239232,0.013713493943214417,0.9826282262802124,0.001578755909577012,79.85854085286458,57.32289775555647,380.81424454070725,0.34804799198325165,0.1344672309027778,0.022203233506944444,7.457117585179546,0.6731226149547415,93.27863905164931,72.72850206163194,81.37323676215277,54.18677740132986,59.38479855937048,62.283090210383314
HAM10000,ISIC_0029953,nv,nv,True,Phase 4B processed HAM JPG; model Resize(384x384),600,450,600.0,450.0,1.3333333333333333,384,384,0.5776073932647705,0.9309978077570863,0.26172223687171936,0.31588515639305115,0.002124264370650053,2.617216705402825e-05,0.10426964610815048,5.6279001000802964e-05,0.31588515639305115,0.5776073932647705,3.108021701336838e-05,53.160678439670136,61.8539531999394,157.90988121430078,0.3183284452018655,0.5872531467013888,0.017971462673611112,6.739013708339577,1.06959075324917,49.781955295138886,53.414401584201386,60.839131673177086,59.233522933948514,63.03404570397753,66.79165077864653
HAM10000,ISIC_0029954,nv,nv,True,Phase 4B processed HAM JPG; model Resize(384x384),600,450,600.0,450.0,1.3333333333333333,384,384,0.963683009147644,0.17376034777797444,0.9311712346971035,0.03251177445054054,0.0007342358003370464,0.0015819416148588061,0.0007739943685010076,0.0003516027645673603,0.03251177445054054,0.963683009147644,0.0003634730528574437,79.55193413628473,63.73602417187512,221.6664780974388,0.3040766165407135,0.2550726996527778,0.0216064453125,7.596905249676109,0.7595913792681516,72.09110514322917,81.29951985677083,90.1429443359375,58.467171036967095,66.88974028138553,66.73325262671891
HAM10000,ISIC_0029955,nv,nv,True,Phase 4B processed HAM JPG; model Resize(384x384),600,450,600.0,450.0,1.3333333333333333,384,384,0.9736701250076294,0.14600255078429764,0.9542079102247953,0.019462214782834053,0.0001230099587701261,0.002336948411539197,0.0005049072206020355,0.00152216712012887,0.019462214782834053,0.9736701250076294,0.0023807145189493895,47.08112250434028,41.68079737703735,206.8294540627135,0.2985477622038399,0.3626166449652778,0.015414767795138888,6.382197288873145,0.815035288178193,51.76373291015625,44.023586697048614,50.53547498914931,42.374764076000226,41.743856232820676,43.94588822387048
HAM10000,ISIC_0029957,nv,nv,True,Phase 4B processed HAM JPG; model Resize(384x384),600,450,600.0,450.0,1.3333333333333333,384,384,0.9536192417144775,0.2465997851861721,0.9345717690885067,0.013742845505475998,0.002560858614742756,0.010635215789079666,0.01904747262597084,0.00013678499090019614,0.013742845505475998,0.9536192417144775,0.00025755231035873294,45.729526095920136,37.55513702704665,159.75944639792968,0.3219153443712554,0.2986178927951389,0.013536241319444444,6.386233881594072,0.7418823529683233,48.840576171875,43.284511990017364,50.16276719835069,35.54663349512059,38.73673125519563,41.088372194496564
HAM10000,ISIC_0029975,nv,nv,True,Phase 4B processed HAM JPG; model Resize(384x384),600,450,600.0,450.0,1.3333333333333333,384,384,0.7215008735656738,0.6757299105107052,0.4596796929836273,0.2618211805820465,0.0017132032662630081,0.000676161958836019,0.008871963247656822,0.0037787018809467554,0.2618211805820465,0.7215008735656738,0.0016379457665607333,17.15273708767361,33.19739146322762,20.103140183437016,0.4329191187108524,0.9365302191840278,0.011983235677083334,5.0623887536069265,1.7349358522453424,20.16802978515625,15.282036675347221,19.141832139756943,31.849024100264547,33.44216412040248,36.77217299062458
HAM10000,ISIC_0029976,nv,nv,True,Phase 4B processed HAM JPG; model Resize(384x384),600,450,600.0,450.0,1.3333333333333333,384,384,0.7897564172744751,0.5188674908814163,0.5800826698541641,0.20967374742031097,9.316840987594333e-06,2.3059403247316368e-05,0.00032019586069509387,0.00013321706501301378,0.20967374742031097,0.7897564172744751,8.401895320275798e-05,48.16204155815972,52.36071709998251,134.32322845856353,0.3137565795632489,0.5654839409722222,0.012953016493055556,6.619412032690709,1.0244871699391742,43.98552110460069,49.52570936414931,52.094760470920136,47.53381572315895,54.159054737070115,60.29007227467889
HAM10000,ISIC_0029981,nv,nv,True,Phase 4B processed HAM JPG; model Resize(384x384),600,450,600.0,450.0,1.3333333333333333,384,384,0.9586238861083984,0.20464066508322387,0.9253943786025047,0.003546245163306594,0.0010836581932380795,0.0008690448012202978,0.03322950750589371,0.0016235894290730357,0.003546245163306594,0.9586238861083984,0.0010239850962534547,86.24041748046875,42.931971946590636,896.9194529187165,0.4202847083929058,0.03195529513888889,0.016845703125,7.2317013628747775,0.4234109290950688,104.45522054036458,80.60076226128473,67.49122450086806,46.677101663121945,45.07885576103185,44.71312158883445
HAM10000,ISIC_0029999,nv,nv,True,Phase 4B processed HAM JPG; model Resize(384x384),600,450,600.0,450.0,1.3333333333333333,384,384,0.9437179565429688,0.23697063631708706,0.8921150825917721,0.05160287395119667,0.00011969255865551531,0.00010940785432467237,0.0032924246042966843,0.0008965895976871252,0.05160287395119667,0.9437179565429688,0.00026092244661413133,69.93942599826389,38.549569234261035,351.1117957885159,0.3822069355085784,0.05539279513888889,0.014987521701388888,6.858512830650283,0.47770011777087423,88.32984076605902,62.12079535590278,61.975925021701386,38.382429402949114,40.034969420968054,40.924532321618294
HAM10000,ISIC_0030000,nv,nv,True,Phase 4B processed HAM JPG; model Resize(384x384),600,450,600.0,450.0,1.3333333333333333,384,384,0.9768012762069702,0.13559917208912298,0.962907019071281,0.006075140088796616,0.0005205725319683552,0.0004909465787932277,0.013894257135689259,0.0018348073353990912,0.006075140088796616,0.9768012762069702,0.0003830970963463187,73.83373345269098,47.21110008187574,477.3797265686738,0.39854491655603214,0.10858832465277778,0.01806640625,7.2387102737857,0.584724336097386,88.96278211805556,67.35110812717014,67.5343017578125,46.361523274235864,49.04484302477627,51.9258034689191
HAM10000,ISIC_0030002,mel,mel,True,Phase 4B processed HAM JPG; model Resize(384x384),600,450,600.0,450.0,1.3333333333333333,384,384,0.6275128722190857,0.6709904797436211,0.25644922256469727,0.6275128722190857,3.6295983591116965e-05,1.4494049537461251e-05,0.0006067478097975254,0.0007149236625991762,0.6275128722190857,0.3710636496543884,5.098597830510698e-05,62.750040690104164,57.432083311686334,139.28836360532375,0.34374327150565087,0.3696356879340278,0.019307454427083332,7.308674704847783,0.841630540480103,55.832370334201386,63.50006103515625,77.04419623480902,50.61402249714014,60.1368904859894,65.19036746303156
HAM10000,ISIC_0030012,nv,nv,True,Phase 4B processed HAM JPG; model Resize(384x384),600,450,600.0,450.0,1.3333333333333333,384,384,0.9395662546157837,0.2773472309927315,0.8933555595576763,0.046210695058107376,0.006615157704800367,0.0011240100720897317,0.005592323839664459,0.00036993593676015735,0.046210695058107376,0.9395662546157837,0.0005216932622715831,32.89904106987847,44.60580184479074,76.04791026934981,0.3239913375289352,0.7766587999131944,0.016696506076388888,5.8586638039686525,1.2870219516848644,33.7662353515625,31.672960069444443,36.948160807291664,40.81031236589179,46.06483827461558,49.128698604407944
HAM10000,ISIC_0030065,nv,nv,True,Phase 4B processed HAM JPG; model Resize(384x384),600,450,600.0,450.0,1.3333333333333333,384,384,0.7684545516967773,0.8408113729335487,0.6880609095096588,0.07255870848894119,0.015011770650744438,0.08039364218711853,0.062279049307107925,0.0008585643954575062,0.07255870848894119,0.7684545516967773,0.00044368079397827387,50.19324408637153,56.05078961414683,121.7093285980324,0.3626501810576661,0.5849948459201388,0.018459743923611112,6.77852072803754,1.0335233131789978,45.13484022352431,50.891201443142364,59.89105902777778,51.37277120132143,57.747592572043516,62.54833883572237
HAM10000,ISIC_0030071,nv,nv,True,Phase 4B processed HAM JPG; model Resize(384x384),600,450,600.0,450.0,1.3333333333333333,384,384,0.6175939440727234,0.7604350526886599,0.25381937623023987,0.010050948709249496,0.00040484665078110993,0.00164237548597157,0.0006648770067840815,0.3637745678424835,0.010050948709249496,0.6175939440727234,0.005868394859135151,69.49233669704861,45.82328986641809,336.3171225123475,0.3692473500902097,0.13494873046875,0.014126247829861112,7.206199829182965,0.6150552243311453,76.60628255208333,67.06636555989583,63.3289794921875,44.96899689900002,49.550931545972006,42.5643124897399
HAM10000,ISIC_0030083,mel,mel,True,Phase 4B processed HAM JPG; model Resize(384x384),600,450,600.0,450.0,1.3333333333333333,384,384,0.8804434537887573,0.3745145736518971,0.7622156590223312,0.8804434537887573,4.1727056668605655e-05,1.4308262507256586e-05,0.0003340290277265012,0.0008947813767008483,0.8804434537887573,0.11822779476642609,4.390073081594892e-05,73.06317816840277,57.92656981665579,176.4981926281787,0.3727834265216503,0.2624850802951389,0.019632975260416668,7.446477545476527,0.7339510125977848,62.964694552951386,75.35785590277777,87.7225341796875,46.372539971163405,63.78446528963676,67.2235652840895
HAM10000,ISIC_0030085,nv,mel,False,Phase 4B processed HAM JPG; model Resize(384x384),600,450,600.0,450.0,1.3333333333333333,384,384,0.5041335821151733,0.969405618035585,0.12210419774055481,0.5041335821151733,0.0002985555329360068,0.0009789258474484086,0.11237762123346329,3.469557850621641e-05,0.5041335821151733,0.38202938437461853,0.0001472194999223575,50.46348741319444,43.91562843258363,125.78422065460944,0.29392940878608387,0.3165351019965278,0.012471516927083334,6.7761559078837905,0.7552703358197055,47.83698866102431,52.88939073350694,44.860873752170136,45.22441200554187,44.84324670361894,40.8677452210549
HAM10000,ISIC_0030087,nv,nv,True,Phase 4B processed HAM JPG; model Resize(384x384),600,450,600.0,450.0,1.3333333333333333,384,384,0.9938821792602539,0.045245680821818755,0.9913329314440489,0.0025492478162050247,5.3375009883893654e-05,0.00019715364032890648,0.0021508787758648396,0.0009045348851941526,0.0025492478162050247,0.9938821792602539,0.00026272100512869656,60.857157389322914,54.42961631280003,282.50603320858926,0.3667273294951661,0.3001980251736111,0.02301025390625,7.030214296867394,0.8508021444155505,66.87908935546875,57.443684895833336,62.62786865234375,48.94625400111502,56.71827163235712,61.07849623952306
HAM10000,ISIC_0030102,nv,nv,True,Phase 4B processed HAM JPG; model Resize(384x384),600,450,600.0,450.0,1.3333333333333333,384,384,0.8425906300544739,0.46462064534522207,0.6903376132249832,0.15225301682949066,0.00022535433527082205,0.0010688243201002479,0.0005777147598564625,0.0005229421658441424,0.15225301682949066,0.8425906300544739,0.002761511132121086,28.06479220920139,39.91687725016228,79.39835035635365,0.3365489419509123,0.8575439453125,0.017890082465277776,5.462186323106302,1.324576012046709,24.68334282769097,28.76836480034722,33.32634141710069,36.801692791639915,41.63317454944084,42.45867890828943
HAM10000,ISIC_0030107,mel,nv,False,Phase 4B processed HAM JPG; model Resize(384x384),600,450,600.0,450.0,1.3333333333333333,384,384,0.912595808506012,0.3718620561663958,0.8619830720126629,0.050612736493349075,0.0010769205400720239,0.00045957326074130833,0.03338770195841789,0.0011111056664958596,0.050612736493349075,0.912595808506012,0.0007562297396361828,58.46056450737847,52.07528822517597,151.51460194127793,0.40024863515284587,0.3202650282118056,0.02142333984375,7.142282172275532,0.8189699849918528,65.82759602864583,55.954616970486114,52.04585096571181,51.054347060766055,53.924620479447164,53.979260453365264
HAM10000,ISIC_0030120,nv,nv,True,Phase 4B processed HAM JPG; model Resize(384x384),600,450,600.0,450.0,1.3333333333333333,384,384,0.959013044834137,0.22025291235871608,0.9386249240487814,0.020388120785355568,0.0011054800124838948,0.012190664187073708,0.0062568578869104385,0.0007962473900988698,0.020388120785355568,0.959013044834137,0.00024957358255051076,63.729526095920136,52.08658164930945,264.171132216437,0.3468259591162854,0.2970513237847222,0.013088650173611112,7.224709870938552,0.7539922333996102,68.42256673177083,60.843709309895836,66.23815239800348,51.99903711368302,54.36972494246943,55.55578411290502
HAM10000,ISIC_0030122,mel,nv,False,Phase 4B processed HAM JPG; model Resize(384x384),600,450,600.0,450.0,1.3333333333333333,384,384,0.6282835602760315,0.6905040992653542,0.26109254360198975,0.36719101667404175,0.001697113853879273,0.0003742655389942229,0.0016578002832829952,0.00043841623119078577,0.36719101667404175,0.6282835602760315,0.00035782490158453584,41.79839409722222,50.21906064218102,65.35565797777639,0.3239413392310049,0.57574462890625,0.020148383246527776,6.534645995793667,1.1268846753339963,46.13604058159722,40.07647026909722,39.32556830512153,48.40874489673577,51.20785310978781,51.58420506986316
HAM10000,ISIC_0030136,nv,nv,True,Phase 4B processed HAM JPG; model Resize(384x384),600,450,600.0,450.0,1.3333333333333333,384,384,0.9254920482635498,0.29130744259393065,0.8575267419219017,0.0679653063416481,0.00011738094326574355,0.0004227049939800054,0.00557076558470726,0.00021338131045922637,0.0679653063416481,0.9254920482635498,0.00021844152070116252,53.649149576822914,65.61567165395712,163.82077954760126,0.38749957448257083,0.6389906141493056,0.03317599826388889,6.452711486760812,1.175771004634069,47.552652994791664,54.949503580729164,62.925882975260414,63.92201966878299,66.97814190119857,66.18401964174022
HAM10000,ISIC_0030139,nv,nv,True,Phase 4B processed HAM JPG; model Resize(384x384),600,450,600.0,450.0,1.3333333333333333,384,384,0.889432966709137,0.4400429921102779,0.8180802837014198,0.07135268300771713,5.1748025725828484e-05,0.00044355588033795357,0.03336893022060394,0.0006964498315937817,0.07135268300771713,0.889432966709137,0.0046536619774997234,66.29138861762152,43.097825616508814,382.5822759550295,0.4580593532986111,0.1504855685763889,0.013522677951388888,7.1377186260825365,0.5733646642891613,89.76618787977431,55.724697536892364,59.131937662760414,49.32709538377607,42.56618964154192,42.105609834177464
HAM10000,ISIC_0030152,nv,nv,True,Phase 4B processed HAM JPG; model Resize(384x384),600,450,600.0,450.0,1.3333333333333333,384,384,0.9874305725097656,0.0827207661002588,0.9803135534748435,0.002103786915540695,0.0005440032691694796,0.0023746087681502104,0.007117019034922123,0.00019096311007160693,0.002103786915540695,0.9874305725097656,0.00023905403213575482,99.00401475694444,61.839034490208576,369.021919771293,0.24210925798270697,0.09858534071180555,0.03189425998263889,7.752799878717468,0.5622435675580867,94.81326633029514,100.06243896484375,104.54005262586806,58.821087754660574,64.13911577746815,63.14111710294142
HAM10000,ISIC_0030162,nv,nv,True,Phase 4B processed HAM JPG; model Resize(384x384),600,450,600.0,450.0,1.3333333333333333,384,384,0.8762874603271484,0.4743927457409215,0.7920283004641533,0.08425915986299515,0.0002121466095559299,0.0012184374500066042,0.000919724756386131,0.003505067666992545,0.08425915986299515,0.8762874603271484,0.033597905188798904,22.857218424479168,40.679238122203586,49.38759330020826,0.4062918868719363,0.9325493706597222,0.018744574652777776,5.041079959109221,1.657252631165398,23.070210774739582,21.51669650607639,29.20458306206597,37.937406160845434,41.865590005402474,42.91847021508998
HAM10000,ISIC_0030165,mel,mel,True,Phase 4B processed HAM JPG; model Resize(384x384),600,450,600.0,450.0,1.3333333333333333,384,384,0.9508635997772217,0.231180509474097,0.9206542391330004,0.9508635997772217,0.000201965041924268,0.00017478618246968836,0.030209360644221306,3.750600080820732e-05,0.9508635997772217,0.01850271411240101,1.0016046871896833e-05,41.220730251736114,39.155516308809425,105.09489008158815,0.29323275696997547,0.4546237521701389,0.012139214409722222,6.418931178700648,0.858949666614754,39.990695529513886,40.973782009548614,45.73126220703125,38.60687642570968,40.00151691877687,41.52238477348308
HAM10000,ISIC_0030185,nv,nv,True,Phase 4B processed HAM JPG; model Resize(384x384),600,450,600.0,450.0,1.3333333333333333,384,384,0.9066947102546692,0.35583941330716956,0.8234228640794754,0.08327184617519379,0.0008108068141154945,0.001145656337030232,0.004785857163369656,0.0011591609800234437,0.08327184617519379,0.9066947102546692,0.0021320234518498182,39.9329833984375,40.67580204831097,101.29767231808768,0.37251878127553106,0.5117933485243056,0.016452365451388888,6.326237716706178,0.941997448969213,35.93768310546875,39.778299967447914,51.215304904513886,37.080201468452586,42.10341554635063,45.97057389104055
HAM10000,ISIC_0030186,nv,nv,True,Phase 4B processed HAM JPG; model Resize(384x384),600,450,600.0,450.0,1.3333333333333333,384,384,0.9873670339584351,0.08191704127159556,0.9793627383187413,0.0013177176006138325,0.0003377575776539743,0.008004295639693737,6.396051321644336e-05,0.0007641274714842439,0.0013177176006138325,0.9873670339584351,0.0021451422944664955,52.30504692925347,52.92369691678896,172.85228126946788,0.4174546717558551,0.4401787651909722,0.022304958767361112,6.7427748822294316,0.9635378629473077,62.451639811197914,46.417507595486114,55.997314453125,48.97350379595238,54.74507575337951,56.789214755028084
HAM10000,ISIC_0030194,nv,nv,True,Phase 4B processed HAM JPG; model Resize(384x384),600,450,600.0,450.0,1.3333333333333333,384,384,0.4938456416130066,0.7590529091621013,0.0019252896308898926,0.4919203519821167,0.00012167877139290795,8.34528782434063e-06,0.014057287946343422,2.2862761397846043e-05,0.4919203519821167,0.4938456416130066,2.3866559786256403e-05,60.16644965277778,61.79003852849881,170.53446251038966,0.2395728283718001,0.3995836046006944,0.028299967447916668,7.103724645724732,0.9641758786857465,58.782206217447914,60.95154486762153,59.75794813368056,59.71766006889018,63.264014863391665,64.32425113982274
HAM10000,ISIC_0030210,nv,nv,True,Phase 4B processed HAM JPG; model Resize(384x384),600,450,600.0,450.0,1.3333333333333333,384,384,0.9583269953727722,0.21460072644889228,0.9290039837360382,0.002809925237670541,0.00012107156362617388,0.0010665272129699588,0.005358401220291853,0.0029940721578896046,0.002809925237670541,0.9583269953727722,0.02932301163673401,52.98210991753472,42.660279813683296,319.76976689581335,0.6851088314014843,0.17295328776041666,0.015814887152777776,6.39482291203779,0.746345703900937,84.61712646484375,40.262410481770836,35.49677870008681,37.11335953649049,48.50376825285684,50.889712458740284
HAM10000,ISIC_0030238,mel,nv,False,Phase 4B processed HAM JPG; model Resize(384x384),600,450,600.0,450.0,1.3333333333333333,384,384,0.6045383214950562,0.7012090961259548,0.21421903371810913,0.390319287776947,0.00022623976110480726,1.0255820598104037e-05,0.004497789777815342,0.00030206970404833555,0.390319287776947,0.6045383214950562,0.0001060364447766915,77.11899820963542,56.340381365808724,278.5194336190636,0.36342268135552835,0.172119140625,0.022650824652777776,7.425112314869777,0.6542567111577275,76.87376573350694,76.40641954210069,81.43200005425348,48.90880932934233,61.37853458835043,62.90690471255296
HAM10000,ISIC_0030257,nv,nv,True,Phase 4B processed HAM JPG; model Resize(384x384),600,450,600.0,450.0,1.3333333333333333,384,384,0.9304020404815674,0.36300560307656654,0.9069615602493286,0.02344048023223877,0.01596941612660885,0.01459010224789381,0.008644349873065948,0.0044453865848481655,0.02344048023223877,0.9304020404815674,0.0025082898791879416,38.412150065104164,35.45834978073279,140.31640504300594,0.4359991468375545,0.4537082248263889,0.013814290364583334,6.110731765946979,0.8508426327767421,50.49494086371528,32.895609537760414,35.124674479166664,36.59911882126786,35.555034369339396,37.88519237118852
HAM10000,ISIC_0030259,nv,nv,True,Phase 4B processed HAM JPG; model Resize(384x384),600,450,600.0,450.0,1.3333333333333333,384,384,0.9053184390068054,0.3226093137064402,0.8122908547520638,0.09302758425474167,2.552043406467419e-05,5.035848153056577e-05,2.7272688384982757e-05,0.001377135282382369,0.09302758425474167,0.9053184390068054,0.00017372060392517596,43.69685194227431,44.460969453666564,132.20771000557295,0.3918172998366013,0.5067477756076388,0.01544189453125,6.5059855089819445,0.9486397479749992,48.716512044270836,40.191623263888886,48.571431477864586,39.783643186868744,46.1047695670948,52.14130391102465
HAM10000,ISIC_0030268,nv,nv,True,Phase 4B processed HAM JPG; model Resize(384x384),600,450,600.0,450.0,1.3333333333333333,384,384,0.8864700198173523,0.44093326070866107,0.7940350845456123,0.09243493527173996,0.006695964839309454,0.0047342595644295216,0.0022363062016665936,0.004268702119588852,0.09243493527173996,0.8864700198173523,0.0031598624773323536,45.813198513454864,48.768852743790376,63.14360027824656,0.5044541568797658,0.5902031792534722,0.015550401475694444,6.593411469383124,0.984981771844498,35.27263726128472,48.09135606553819,61.74462890625,42.48849059689454,52.03360597080002,56.13252258839429
HAM10000,ISIC_0030273,nv,mel,False,Phase 4B processed HAM JPG; model Resize(384x384),600,450,600.0,450.0,1.3333333333333333,384,384,0.7369310259819031,0.7415751394001976,0.532092735171318,0.7369310259819031,0.004628263879567385,0.001756690675392747,0.05148865282535553,0.0001959437649929896,0.7369310259819031,0.20483829081058502,0.00016117894847411662,54.34278700086806,47.824782790516224,172.78065934280554,0.3560801919509123,0.3044162326388889,0.013543023003472222,6.844445136454627,0.7944513721111017,48.58747694227431,55.50994194878472,63.43383110894097,48.10195505033488,48.32919380966415,49.57664605464261
HAM10000,ISIC_0030291,nv,nv,True,Phase 4B processed HAM JPG; model Resize(384x384),600,450,600.0,450.0,1.3333333333333333,384,384,0.8834623694419861,0.4979073463532838,0.8185281306505203,0.06493423879146576,0.0031124530360102654,0.004467099439352751,0.03332343325018883,0.0036175677087157965,0.06493423879146576,0.8834623694419861,0.007082853466272354,52.533298068576386,34.79162714670785,461.5746649260414,0.44801137088950166,0.12950303819444445,0.014438205295138888,6.31914394856319,0.5920183617113668,64.19215223524306,48.74138047960069,41.47038438585069,35.06743019718873,36.84398344515384,36.9647021546367
HAM10000,ISIC_0030292,nv,nv,True,Phase 4B processed HAM JPG; model Resize(384x384),600,450,600.0,450.0,1.3333333333333333,384,384,0.9607484340667725,0.21039068745591505,0.9438722468912601,0.015439271926879883,2.8382719392539002e-05,0.0001375387073494494,0.005477892234921455,0.0012922495370730758,0.015439271926879883,0.9607484340667725,0.016876187175512314,42.533203125,54.90412202688375,173.06995972807024,0.4228672800500409,0.6750352647569444,0.026394314236111112,6.051066114424968,1.2389140742725515,49.290134006076386,38.263203938802086,46.76048448350694,52.404064771250624,56.25313418350998,56.38411605918404
HAM10000,ISIC_0030301,nv,nv,True,Phase 4B processed HAM JPG; model Resize(384x384),600,450,600.0,450.0,1.3333333333333333,384,384,0.9923566579818726,0.055245060817243244,0.9884239789098501,0.0018351271282881498,0.0007088877609930933,0.00045059650437906384,0.003932679072022438,0.0003066805365961045,0.0018351271282881498,0.9923566579818726,0.00040947220986709,71.43486192491319,60.079727232463206,281.81849468416635,0.36115587022569445,0.3355577256944444,0.02130126953125,7.328667681188798,0.7834441276620695,77.572021484375,66.58717854817708,80.28311496310764,56.09735842786724,62.042944323897814,65.4776447795149
HAM10000,ISIC_0030303,nv,bkl,False,Phase 4B processed HAM JPG; model Resize(384x384),600,450,600.0,450.0,1.3333333333333333,384,384,0.506393313407898,0.7529088966304783,0.022244751453399658,0.0019941229838877916,0.004471936263144016,0.0011142406146973372,0.506393313407898,0.0006299345404841006,0.0019941229838877916,0.4841485619544983,0.0012478901771828532,100.8248291015625,39.88603619165093,1424.0487164610329,0.48512204903662853,0.019978841145833332,0.004048665364583333,7.33107769915924,0.299147425376953,117.43157280815973,96.52589246961806,79.40163845486111,39.45764495299273,48.650815369223224,47.77815971341492
HAM10000,ISIC_0030330,nv,nv,True,Phase 4B processed HAM JPG; model Resize(384x384),600,450,600.0,450.0,1.3333333333333333,384,384,0.935884952545166,0.3203624574269295,0.906779907643795,0.02251535654067993,0.0016353930113837123,0.0014043006813153625,0.005999570246785879,0.029105044901371002,0.02251535654067993,0.935884952545166,0.0034553715959191322,61.887797037760414,54.872851607076406,225.82251921332914,0.36678860400497004,0.2616916232638889,0.020256890190972224,6.981302073465865,0.8268064076952647,55.99217393663194,62.516018337673614,74.10944281684027,50.12456752413599,57.99912306108742,58.956866390069486
HAM10000,ISIC_0030378,nv,nv,True,Phase 4B processed HAM JPG; model Resize(384x384),600,450,600.0,450.0,1.3333333333333333,384,384,0.9016701579093933,0.4462828003278632,0.8497537709772587,0.01381200086325407,0.0012057011481374502,0.022838952019810677,0.05191638693213463,0.0023978231474757195,0.01381200086325407,0.9016701579093933,0.006159038282930851,44.070353190104164,39.05761377043911,83.36910341330517,0.25415289053989654,0.3853352864583333,0.012186686197916666,6.588764266913119,0.805562823065041,41.177463107638886,44.825174967447914,47.77320014105903,38.87329578828085,39.41181058302258,40.221776794167084
HAM10000,ISIC_0030385,nv,nv,True,Phase 4B processed HAM JPG; model Resize(384x384),600,450,600.0,450.0,1.3333333333333333,384,384,0.9738274216651917,0.14522331020928506,0.9547536950558424,0.000341692561050877,0.0035328096710145473,0.0010858966270461679,0.01907372660934925,0.001947196084074676,0.000341692561050877,0.9738274216651917,0.00019129813881590962,92.4473876953125,54.74203901446329,481.01941810709275,0.3872389982468682,0.06829155815972222,0.025309244791666668,7.580197358535735,0.5328545822176979,110.74811469184027,84.55128309461806,85.10344102647569,51.948465387061006,57.18633322402377,60.864236207472835
HAM10000,ISIC_0030386,nv,nv,True,Phase 4B processed HAM JPG; model Resize(384x384),600,450,600.0,450.0,1.3333333333333333,384,384,0.8862274289131165,0.4237385863526376,0.7884325608611107,0.09779486805200577,0.006251816637814045,0.003766085486859083,0.0026394417509436607,0.0023938696831464767,0.09779486805200577,0.8862274289131165,0.0009265311527997255,96.72654893663194,60.960509361561094,170.6008386251368,0.263655652148012,0.0853000217013889,0.024454752604166668,7.668165225272937,0.5969669554703784,87.68221028645833,98.70260281032986,110.27996148003473,56.924256346918526,63.167497385702504,64.92076524939476
HAM10000,ISIC_0030400,nv,nv,True,Phase 4B processed HAM JPG; model Resize(384x384),600,450,600.0,450.0,1.3333333333333333,384,384,0.9911338686943054,0.058442853265534694,0.9848218653351068,0.0007025044760666788,2.5340048523503356e-05,9.866804612101987e-05,0.00631200335919857,0.0016301848227158189,0.0007025044760666788,0.9911338686943054,9.751852485351264e-05,56.50450303819444,54.33652635237268,240.19606978197893,0.3539598651960784,0.3244086371527778,0.028998480902777776,6.766835495083223,0.8892353415274659,62.914401584201386,51.959493001302086,63.078762478298614,51.3819026356702,55.67653515547872,59.195678890738805
HAM10000,ISIC_0030402,nv,nv,True,Phase 4B processed HAM JPG; model Resize(384x384),600,450,600.0,450.0,1.3333333333333333,384,384,0.9175468683242798,0.3713793020542737,0.8633775934576988,0.05416927486658096,0.00018523891048971564,0.0013137367786839604,0.00462587084621191,0.008812717162072659,0.05416927486658096,0.9175468683242798,0.013346242718398571,53.51641845703125,51.7238403479361,167.3560274073647,0.41220969073393243,0.3394775390625,0.021165635850694444,6.704981744854333,0.9172942664666339,47.37135145399306,53.289143880208336,70.81498887803819,48.59101453879215,53.762445318946284,53.18866842662838
HAM10000,ISIC_0030405,nv,nv,True,Phase 4B processed HAM JPG; model Resize(384x384),600,450,600.0,450.0,1.3333333333333333,384,384,0.9154781699180603,0.4090375754253352,0.8718428276479244,0.04363534227013588,0.005327926483005285,0.00654067425057292,0.005638413596898317,0.016965219751000404,0.04363534227013588,0.9154781699180603,0.006414166186004877,67.25112575954861,64.37034144991723,251.4041161883024,0.27520289202920756,0.3711886935763889,0.03363037109375,7.1513562911123465,0.8959826234074253,62.89506700303819,68.35487874348958,72.97776285807292,60.956809027465106,66.57101080944086,66.58981329061392
HAM10000,ISIC_0030417,mel,mel,True,Phase 4B processed HAM JPG; model Resize(384x384),600,450,600.0,450.0,1.3333333333333333,384,384,0.7982150316238403,0.563502107668504,0.6104648262262344,0.7982150316238403,0.009599623270332813,0.00015927018830552697,0.1877502053976059,3.235770054743625e-05,0.7982150316238403,0.004235954023897648,7.65566437621601e-06,49.16850450303819,38.50736281048478,77.54202376177282,0.46523652918198527,0.3169759114583333,0.012037489149305556,6.746990760416683,0.6868225265047423,35.642788357204864,54.187255859375,58.804402669270836,35.86809379367881,40.34656935830417,45.000798316305456
HAM10000,ISIC_0030430,nv,nv,True,Phase 4B processed HAM JPG; model Resize(384x384),600,450,600.0,450.0,1.3333333333333333,384,384,0.9936878085136414,0.04567898405320727,0.9906566571444273,0.003031151369214058,4.238007386447862e-05,0.00011165663454448804,0.0021358078811317682,0.0008646314381621778,0.003031151369214058,0.9936878085136414,0.0001265235332539305,34.73567030164931,33.76500641149239,137.57858859168158,0.31285017424938727,0.5631171332465278,0.014173719618055556,5.702436011020053,0.9022034173738176,38.157145182291664,33.79656982421875,30.607374403211807,34.46003731915442,33.64401789647303,35.298781283553396
HAM10000,ISIC_0030441,nv,nv,True,Phase 4B processed HAM JPG; model Resize(384x384),600,450,600.0,450.0,1.3333333333333333,384,384,0.836595356464386,0.5220960782430225,0.6905052959918976,0.1460900604724884,0.0012025192845612764,0.0035000527277588844,0.0006512494292110205,0.009384939447045326,0.1460900604724884,0.836595356464386,0.0025757416151463985,66.15780300564236,45.89067754155662,258.9430458604554,0.3609529250068083,0.11750623914930555,0.016791449652777776,6.961825384000113,0.6320491260239949,78.43378363715277,59.27137586805556,69.41170247395833,43.67517546346425,47.514425850995664,49.02443871860222
HAM10000,ISIC_0030444,nv,nv,True,Phase 4B processed HAM JPG; model Resize(384x384),600,450,600.0,450.0,1.3333333333333333,384,384,0.8294868469238281,0.5025755649468311,0.6683690994977951,0.16111774742603302,0.0010040184715762734,8.11371355666779e-05,0.006354893557727337,0.0008130789501592517,0.16111774742603302,0.8294868469238281,0.0011421547969803214,40.999294704861114,50.44212874001857,71.22035895559338,0.5132078216486247,0.5868598090277778,0.019571940104166668,6.5544002435510205,1.1549207284559788,50.192593044704864,38.126607259114586,31.695475260416668,50.85468845416311,50.78416213398219,50.1120005909044
HAM10000,ISIC_0030447,nv,nv,True,Phase 4B processed HAM JPG; model Resize(384x384),600,450,600.0,450.0,1.3333333333333333,384,384,0.6981486082077026,0.6358657448559696,0.40021535754203796,0.2979332506656647,0.0002966388419736177,0.00016159504593815655,0.0032839830964803696,7.633210043422878e-05,0.2979332506656647,0.6981486082077026,9.955582208931446e-05,29.880879720052082,51.169630639679035,30.382752060476278,0.37269263174019607,0.8502671983506944,0.019205729166666668,5.635767860236789,1.6362468504596717,30.175435384114582,29.60732693142361,30.56930202907986,46.8640553384623,53.24255258162883,54.41428813181568
HAM10000,ISIC_0030449,nv,nv,True,Phase 4B processed HAM JPG; model Resize(384x384),600,450,600.0,450.0,1.3333333333333333,384,384,0.990793764591217,0.06149786512025864,0.9841194781474769,0.0066742864437401295,0.00024269575078506023,0.00031223674886859953,0.0009942261967808008,0.0005157977575436234,0.0066742864437401295,0.990793764591217,0.0004668955225497484,50.09440782335069,48.807582675288934,109.68770551607935,0.39323485796228214,0.4365166558159722,0.019022623697916668,6.479635037394005,0.9300864444914169,57.580301920572914,45.311313205295136,55.0726318359375,43.52120179403479,50.826545915403024,55.069469012451464
HAM10000,ISIC_0030477,nv,nv,True,Phase 4B processed HAM JPG; model Resize(384x384),600,450,600.0,450.0,1.3333333333333333,384,384,0.9236565232276917,0.29693655883704967,0.8531239479780197,0.07053257524967194,3.5588873288361356e-05,6.006759940646589e-05,0.0022125830873847008,0.0012375155929476023,0.07053257524967194,0.9236565232276917,0.0022650526370853186,34.06731499565972,46.33369133397781,97.95818410979378,0.4379499048968546,0.7959052191840278,0.017666286892361112,5.730820077453421,1.3108354351876288,39.85789659288194,30.42593722873264,37.543117947048614,42.940397871977204,47.79854164048727,51.94765973864358
HAM10000,ISIC_0030524,nv,nv,True,Phase 4B processed HAM JPG; model Resize(384x384),600,450,600.0,450.0,1.3333333333333333,384,384,0.9257892370223999,0.28926028333066206,0.8565288484096527,0.00021596593433059752,0.0010692684445530176,0.0002615242265164852,0.06926038861274719,0.001444489462301135,0.00021596593433059752,0.9257892370223999,0.0019590184092521667,76.07385932074652,55.219369388684484,363.2994531326364,0.30923989821623094,0.1441718207465278,0.016859266493055556,7.344321624153864,0.6602784951400451,75.06785753038194,75.51555040147569,81.58597819010417,49.83028563418073,59.15761697355108,56.80539348279259
HAM10000,ISIC_0030530,nv,nv,True,Phase 4B processed HAM JPG; model Resize(384x384),600,450,600.0,450.0,1.3333333333333333,384,384,0.8937808871269226,0.35207603145419464,0.789710246026516,0.10407064110040665,0.00015554980200249702,0.0004261444555595517,0.0002272094425279647,0.0009678634232841432,0.10407064110040665,0.8937808871269226,0.00037168979179114103,41.68095567491319,44.72026494357538,139.2812974154489,0.30642044632523147,0.4736463758680556,0.0211181640625,6.253651761475265,1.003547394408988,43.738667805989586,39.74315049913194,46.264546712239586,41.978485455392544,45.95128112578799,48.34825961728815
HAM10000,ISIC_0030544,nv,nv,True,Phase 4B processed HAM JPG; model Resize(384x384),600,450,600.0,450.0,1.3333333333333333,384,384,0.9649133086204529,0.16667529645910634,0.9332844652235508,0.00031619402579963207,0.0002041502157226205,0.0024034881498664618,0.031628843396902084,5.367345511331223e-05,0.00031619402579963207,0.9649133086204529,0.00048025863361544907,46.029317220052086,36.45168356968455,109.6052533019748,0.6652725385944308,0.33795166015625,0.012742784288194444,6.607422959295882,0.6756943661021352,24.68231201171875,52.09174262152778,70.79945882161458,32.38232097220783,39.32379421843053,49.83034128223854
HAM10000,ISIC_0030556,nv,nv,True,Phase 4B processed HAM JPG; model Resize(384x384),600,450,600.0,450.0,1.3333333333333333,384,384,0.96859210729599,0.18218427751491817,0.955801703967154,0.012790403328835964,0.005468945484608412,0.010152684524655342,0.00137872074265033,0.0011632691603153944,0.012790403328835964,0.96859210729599,0.00045376672642305493,32.72065565321181,38.95921593103714,97.74017928480917,0.37710780058551197,0.7026231553819444,0.015048556857638888,5.872890173812801,1.1243731438154803,36.25694444444444,30.51373291015625,34.811367458767364,37.46681029892724,39.48696364012297,43.080662042448225
HAM10000,ISIC_0030557,nv,nv,True,Phase 4B processed HAM JPG; model Resize(384x384),600,450,600.0,450.0,1.3333333333333333,384,384,0.9355778694152832,0.25306743713750546,0.8739902228116989,0.06158764660358429,4.189214905636618e-06,2.5363082386320457e-05,0.0017033052863553166,0.00014063743583392352,0.06158764660358429,0.9355778694152832,0.0009610824636183679,41.12586127387153,42.78350275890521,122.81240448833985,0.3288612781267021,0.4660576714409722,0.017157660590277776,6.375744883176752,0.9236113016111034,47.5679931640625,38.25782606336806,39.002766927083336,42.42926915776131,43.11817845988337,45.57600546606803
HAM10000,ISIC_0030588,nv,nv,True,Phase 4B processed HAM JPG; model Resize(384x384),600,450,600.0,450.0,1.3333333333333333,384,384,0.8057089447975159,0.6247993639620606,0.6520867943763733,0.15362215042114258,0.00012398752733133733,0.027510590851306915,0.0005938265239819884,0.0012304100673645735,0.15362215042114258,0.8057089447975159,0.011210157535970211,52.39002143012153,36.39248503613982,90.43247591989275,0.4988384703924973,0.05685763888888889,0.014255099826388888,5.843003043794775,0.6360306969656313,42.19415283203125,52.656948513454864,77.74059380425348,36.87352764155539,37.17578339259196,34.396617694894566
HAM10000,ISIC_0030599,nv,nv,True,Phase 4B processed HAM JPG; model Resize(384x384),600,450,600.0,450.0,1.3333333333333333,384,384,0.8780985474586487,0.5163783496181302,0.826251856982708,0.005525642074644566,0.001094457576982677,0.003865061793476343,0.0077924043871462345,0.05177711322903633,0.005525642074644566,0.8780985474586487,0.051846690475940704,121.65813530815973,37.20037714366029,534.1475065188641,0.2572025207652505,0.019144694010416668,0.021145290798611112,6.977108527629094,0.2295850739916013,140.1420152452257,110.04844156901042,132.9507853190104,37.2655264618069,38.56143311593087,38.214267490839546
HAM10000,ISIC_0030603,nv,bkl,False,Phase 4B processed HAM JPG; model Resize(384x384),600,450,600.0,450.0,1.3333333333333333,384,384,0.583387553691864,0.923453362309733,0.23434990644454956,0.013027908280491829,0.34903764724731445,0.00546275544911623,0.583387553691864,0.0017105594743043184,0.013027908280491829,0.047173719853162766,0.00019995481125079095,101.54779052734375,51.07703900422995,405.50286795456464,0.3076166556032135,0.06440565321180555,0.019707573784722224,7.636187369762822,0.4301749085756913,109.47669813368056,100.68069118923611,85.22430419921875,51.17605951501142,53.46701561512675,49.678111838792546
HAM10000,ISIC_0030609,nv,nv,True,Phase 4B processed HAM JPG; model Resize(384x384),600,450,600.0,450.0,1.3333333333333333,384,384,0.8117107152938843,0.5048605850376997,0.6273817270994186,0.18432898819446564,0.0003152555727865547,6.69908185955137e-05,0.003488378133624792,4.0002039895625785e-05,0.18432898819446564,0.8117107152938843,4.978334982297383e-05,44.996975368923614,61.904581054758374,115.19772661394543,0.4640259852856073,0.7493014865451388,0.0196533203125,6.171705082101543,1.2971384700762114,49.40229627821181,43.873494466145836,39.29560682508681,59.89411174961823,63.064872706807236,62.81827758299137
HAM10000,ISIC_0030614,nv,nv,True,Phase 4B processed HAM JPG; model Resize(384x384),600,450,600.0,450.0,1.3333333333333333,384,384,0.9854722619056702,0.0868737513021002,0.9743820754811168,0.002454698085784912,1.5281721061910503e-05,0.000600962492171675,0.00021427978936117142,0.00015224417438730597,0.002454698085784912,0.9854722619056702,0.011090186424553394,50.310872395833336,63.283514491878414,143.70413546866655,0.4091860170717593,0.6405843098958334,0.026102701822916668,6.539000904384979,1.208315393448889,54.94727240668403,47.3912353515625,53.16436767578125,58.01849590891735,65.69310555535928,67.5471168233548
HAM10000,ISIC_0030623,mel,mel,True,Phase 4B processed HAM JPG; model Resize(384x384),600,450,600.0,450.0,1.3333333333333333,384,384,0.5312567353248596,0.869642331311099,0.10187137126922607,0.5312567353248596,0.0007741383742541075,0.009570102207362652,0.0051980954594910145,0.0010255668312311172,0.5312567353248596,0.42938536405563354,0.02278994955122471,20.806349012586807,39.12434941191676,73.55343958901034,0.2843574474060458,0.9239230685763888,0.010959201388888888,4.790703314294005,1.727220095765073,19.540818956163193,21.116068522135418,22.512166341145832,38.05651831279422,40.27628855215837,43.09551567423652
HAM10000,ISIC_0030632,nv,nv,True,Phase 4B processed HAM JPG; model Resize(384x384),600,450,600.0,450.0,1.3333333333333333,384,384,0.9943286776542664,0.03732879089690858,0.9891357012093067,0.0051929764449596405,6.242974632186815e-05,8.063245331868529e-05,0.00010153158655157313,3.771792762563564e-05,0.0051929764449596405,0.9943286776542664,0.00019608988077379763,64.28205702039931,64.29086530482564,194.73398381968343,0.3412002995642701,0.4013604058159722,0.028510199652777776,6.904343176200817,0.9632128772522651,68.12649875217014,61.5682373046875,68.15121799045139,58.52338792768503,66.92408388397584,68.93584749426097
HAM10000,ISIC_0030638,nv,nv,True,Phase 4B processed HAM JPG; model Resize(384x384),600,450,600.0,450.0,1.3333333333333333,384,384,0.9954019784927368,0.03489086709551843,0.9928847306873649,0.0012238171184435487,0.000422114651883021,0.00028228951850906014,0.0025172478053718805,6.999347533565015e-05,0.0012238171184435487,0.9954019784927368,8.247246296377853e-05,77.29810926649306,55.29486215573585,226.2858811009353,0.307219435083061,0.17100694444444445,0.016594780815972224,7.490595388729848,0.6768696839495197,77.35571967230902,76.72210693359375,80.09676784939236,48.04728294459129,60.59514405339588,56.42687927216959
HAM10000,ISIC_0030648,nv,nv,True,Phase 4B processed HAM JPG; model Resize(384x384),600,450,600.0,450.0,1.3333333333333333,384,384,0.9619921445846558,0.1892410205569421,0.9311443604528904,0.030847784131765366,0.00019120077195111662,0.00033819969394244254,0.001931059523485601,0.0030350172892212868,0.030847784131765366,0.9619921445846558,0.0016646774020045996,42.099392361111114,47.67305353981915,115.72040473090277,0.3637383886931509,0.63043212890625,0.014790852864583334,6.346695545218623,1.0790878942299273,41.16270616319444,40.71150037977431,51.71338568793403,43.55422905166741,49.37055320836887,53.14946790368505
HAM10000,ISIC_0030656,nv,nv,True,Phase 4B processed HAM JPG; model Resize(384x384),600,450,600.0,450.0,1.3333333333333333,384,384,0.990934431552887,0.062490984482092955,0.9871151794213802,0.0038192521315068007,7.895701855886728e-05,0.0004088853602297604,0.0038192521315068007,0.00017689286323729903,0.0038192521315068007,0.990934431552887,0.00076240801718086,49.297648111979164,47.120626724324275,240.7665694716076,0.47403849017905775,0.3538547092013889,0.019497341579861112,6.535947279138723,0.8992239637241384,64.29576958550348,42.38447401258681,45.54509819878472,44.559804867846786,48.9340108864324,50.316986871908924
HAM10000,ISIC_0030662,nv,nv,True,Phase 4B processed HAM JPG; model Resize(384x384),600,450,600.0,450.0,1.3333333333333333,384,384,0.9932435154914856,0.04536077470268066,0.9877327643334866,0.00019096506002824754,5.000372766517103e-06,0.0002549717901274562,0.005510751157999039,0.0005558230332098901,0.00019096506002824754,0.9932435154914856,0.00023905650596134365,68.72250705295139,37.12986582882331,598.1079305526283,0.31952968090447986,0.04726833767361111,0.014539930555555556,6.735431512084952,0.4868549020507418,67.98241509331598,67.22074381510417,78.40274386935764,39.453509297696314,38.52636879577357,38.74862432189017
HAM10000,ISIC_0030667,nv,nv,True,Phase 4B processed HAM JPG; model Resize(384x384),600,450,600.0,450.0,1.3333333333333333,384,384,0.9597968459129333,0.19841294658635247,0.9281662777066231,0.03163056820631027,0.0023467931896448135,0.00026125385193154216,0.005051329266279936,0.0008110300404950976,0.03163056820631027,0.9597968459129333,0.00010230847692582756,44.217502170138886,32.271051915986845,136.82100860162834,0.2226509576269744,0.21381971571180555,0.014071994357638888,5.981005274180604,0.6599561283328924,45.08434380425347,43.38299560546875,46.22035047743056,31.636518082239455,32.88590719444128,34.182587711513406
HAM10000,ISIC_0030679,nv,nv,True,Phase 4B processed HAM JPG; model Resize(384x384),600,450,600.0,450.0,1.3333333333333333,384,384,0.9657158851623535,0.17694914209887705,0.9453922249376774,0.013067193329334259,0.00018822841229848564,7.908068801043555e-05,0.020323660224676132,0.0003794899384956807,0.013067193329334259,0.9657158851623535,0.000246456969762221,73.17601860894098,49.16761856016307,444.0678788671891,0.33459557759735836,0.0823974609375,0.022182888454861112,7.108690618004111,0.6109649906335625,85.5999755859375,66.64836290147569,74.20358615451389,46.69770799005482,51.11174042085877,52.75694439511323
HAM10000,ISIC_0030680,nv,nv,True,Phase 4B processed HAM JPG; model Resize(384x384),600,450,600.0,450.0,1.3333333333333333,384,384,0.4993109703063965,1.0527329650637822,0.10470902919769287,0.3946019411087036,0.012536680325865746,0.002278644358739257,0.07565201818943024,0.010352753102779388,0.3946019411087036,0.4993109703063965,0.005267054308205843,73.77819146050348,60.045156048537734,244.48255614807573,0.3495074901705474,0.18962266710069445,0.024685329861111112,7.270213882684974,0.7510742799773263,64.28699408637152,76.41921657986111,85.08670383029514,55.748456777382586,63.586227422217256,60.83464189582036
HAM10000,ISIC_0030691,nv,nv,True,Phase 4B processed HAM JPG; model Resize(384x384),600,450,600.0,450.0,1.3333333333333333,384,384,0.913470983505249,0.30925529407919067,0.8294948264956474,0.08397615700960159,0.0002993368252646178,0.0002646802749950439,0.0014141780557110906,0.00021560423192568123,0.08397615700960159,0.913470983505249,0.0003589596599340439,43.56524658203125,59.222083575197686,120.1279432479246,0.3901049645118464,0.7499457465277778,0.024136013454861112,6.213516082402803,1.3044553796503209,40.55750189887153,43.10137939453125,53.87940809461806,52.713437358469925,62.0454849959493,65.4270931613925
HAM10000,ISIC_0030703,nv,nv,True,Phase 4B processed HAM JPG; model Resize(384x384),600,450,600.0,450.0,1.3333333333333333,384,384,0.9735473990440369,0.14612876683264764,0.9567104894667864,0.007395114284008741,0.00018901507428381592,8.552921644877642e-05,0.01683690957725048,0.00010479258344275877,0.007395114284008741,0.9735473990440369,0.001841238932684064,44.162021213107636,65.62241945525675,127.33084444752265,0.2999284598822167,0.7798529730902778,0.043986002604166664,5.994972379848037,1.4114366851497666,40.44153510199653,45.36524115668403,47.70356580946181,62.832346724076224,67.31470366274758,67.04385259574498
HAM10000,ISIC_0030704,nv,nv,True,Phase 4B processed HAM JPG; model Resize(384x384),600,450,600.0,450.0,1.3333333333333333,384,384,0.8682979345321655,0.40313098806941755,0.7389846593141556,0.12931327521800995,2.9524713681894355e-05,9.75670845946297e-05,0.00196735723875463,5.141423753229901e-05,0.12931327521800995,0.8682979345321655,0.00024289992870762944,38.00670030381944,45.14794694456276,79.25189613339342,0.35997966026688455,0.6129625108506944,0.015848795572916668,6.411947091877657,1.1123632479981895,45.206156412760414,34.923421223958336,35.01471625434028,45.23360978918395,45.604944495126546,44.2328211552414
HAM10000,ISIC_0030718,nv,nv,True,Phase 4B processed HAM JPG; model Resize(384x384),600,450,600.0,450.0,1.3333333333333333,384,384,0.9893497824668884,0.07074351004080182,0.9829471851699054,0.0008864504052326083,2.5692765120766126e-05,0.00019358964345883578,0.0006104388739913702,0.0025314348749816418,0.0008864504052326083,0.9893497824668884,0.006402597296983004,52.21003553602431,48.78823565022859,249.59658158690107,0.3619197006059368,0.3036634657118056,0.022108289930555556,6.616145802905948,0.8680978266713585,54.87366400824653,49.214938693576386,60.64726426866319,45.6518362415812,51.184213269009526,48.928519578952596
HAM10000,ISIC_0030724,nv,nv,True,Phase 4B processed HAM JPG; model Resize(384x384),600,450,600.0,450.0,1.3333333333333333,384,384,0.9292258024215698,0.3167751790742557,0.8743938207626343,0.05483198165893555,0.0032355389557778835,0.003093408653512597,0.005574155133217573,0.0006284640985541046,0.05483198165893555,0.9292258024215698,0.003410742152482271,49.15302191840278,47.12213780593855,125.34565375795887,0.4072228126276552,0.3898857964409722,0.016628689236111112,6.662098088215977,0.9128171140554358,40.51349555121528,52.08617485894097,56.70311143663194,43.205103677427466,50.205354795294475,49.31730892067503
HAM10000,ISIC_0030733,nv,nv,True,Phase 4B processed HAM JPG; model Resize(384x384),600,450,600.0,450.0,1.3333333333333333,384,384,0.6892116665840149,0.7108186851607821,0.398518830537796,0.29069283604621887,0.0010281242430210114,0.0010161461541429162,0.015679361298680305,0.0009020155994221568,0.29069283604621887,0.6892116665840149,0.0014698462327942252,63.5704345703125,48.15042832915613,222.66766652681025,0.30206857319750813,0.2018093532986111,0.018147786458333332,7.155531660956049,0.6864369186242576,72.69279649522569,59.17411973741319,62.283365885416664,48.78247080869563,48.76213029587235,49.64511547749215
HAM10000,ISIC_0030742,nv,nv,True,Phase 4B processed HAM JPG; model Resize(384x384),600,450,600.0,450.0,1.3333333333333333,384,384,0.5274296402931213,0.7779808519750382,0.06919082999229431,0.458238810300827,0.0025200166273862123,0.001966427778825164,0.0019022083142772317,0.00484324898570776,0.458238810300827,0.5274296402931213,0.0030996734276413918,74.15098063151042,51.86909098435136,445.9605385681362,0.594114828005855,0.1379665798611111,0.017069498697916668,7.314191512114747,0.6460514959600134,101.35005696614583,64.03188747829861,54.92119004991319,41.41242884644973,60.28642076497743,57.79280897942674
HAM10000,ISIC_0030754,mel,nv,False,Phase 4B processed HAM JPG; model Resize(384x384),600,450,600.0,450.0,1.3333333333333333,384,384,0.7100736498832703,0.6438583627963271,0.4276258647441864,0.28244778513908386,9.56805088208057e-05,0.00010265020682709292,0.0048266747035086155,0.0005725368391722441,0.28244778513908386,0.7100736498832703,0.0018809462198987603,43.45171440972222,43.59952655862584,128.84454405266376,0.501882834839665,0.50164794921875,0.012736002604166666,6.560302649442804,0.9014437160404954,41.028232150607636,40.800537109375,63.48228624131944,46.55372361691297,43.041530486359505,46.06608778386255
HAM10000,ISIC_0030787,nv,nv,True,Phase 4B processed HAM JPG; model Resize(384x384),600,450,600.0,450.0,1.3333333333333333,384,384,0.9519932866096497,0.23125965849597002,0.91995420306921,0.032039083540439606,6.960774044273421e-05,0.00044251978397369385,0.00014116184320300817,0.013840525411069393,0.032039083540439606,0.9519932866096497,0.0014738158788532019,50.112874348958336,45.28792626581324,198.47327429700044,0.4429675532322304,0.31964111328125,0.018486870659722224,6.530033298958156,0.842203326771887,63.594638400607636,43.642903645833336,48.062744140625,44.7897399447102,46.571801446614145,47.96921834416756
HAM10000,ISIC_0030790,nv,nv,True,Phase 4B processed HAM JPG; model Resize(384x384),600,450,600.0,450.0,1.3333333333333333,384,384,0.5807583332061768,0.8051086799168247,0.18548834323883057,0.011445274576544762,0.004889015574008226,0.002203651936724782,0.3952699899673462,0.003314540721476078,0.011445274576544762,0.5807583332061768,0.002119231503456831,65.24403889973958,46.63381406598115,502.98986221224436,0.4075464984170752,0.16493055555555555,0.018419053819444444,7.098340511768281,0.6401664640935074,76.95376247829861,61.61339653862847,53.217976888020836,45.29765626965041,47.84082312143954,49.27879080019013
HAM10000,ISIC_0030793,nv,mel,False,Phase 4B processed HAM JPG; model Resize(384x384),600,450,600.0,450.0,1.3333333333333333,384,384,0.5455979108810425,0.709932093142381,0.0941639244556427,0.5455979108810425,0.0001830277033150196,0.0004197736852802336,0.0020321793854236603,0.0001866376114776358,0.5455979108810425,0.4514339864253998,0.00014649353397544473,41.99296739366319,40.96470431267418,109.32797155262512,0.4368217784075436,0.3914320203993056,0.014607747395833334,5.887919053197721,0.887526548413209,34.315348307291664,43.902669270833336,52.33534071180556,41.80440955452596,41.694548053503986,41.19114083756375
HAM10000,ISIC_0030799,nv,nv,True,Phase 4B processed HAM JPG; model Resize(384x384),600,450,600.0,450.0,1.3333333333333333,384,384,0.9359594583511353,0.24367408117760597,0.8727622777223587,0.06319718062877655,0.00016067852266132832,9.650935680838302e-05,0.00033292631269432604,7.256507524289191e-05,0.06319718062877655,0.9359594583511353,0.00018065572658088058,57.87537977430556,67.58346528648268,127.76704325922479,0.3117215424581291,0.6297471788194444,0.029771592881944444,6.705758202503091,1.1138077337499235,55.176974826388886,57.74388970269097,65.63226996527777,61.7654956405352,69.9242512493325,73.49580677928705
HAM10000,ISIC_0030814,nv,nv,True,Phase 4B processed HAM JPG; model Resize(384x384),600,450,600.0,450.0,1.3333333333333333,384,384,0.9499177932739258,0.2598601232036412,0.9262597598135471,0.014096495695412159,0.00014112945063970983,0.000179102600668557,0.023658033460378647,0.009222164750099182,0.014096495695412159,0.9499177932739258,0.002785268472507596,76.68743896484375,54.50826589598826,429.0736252654022,0.37838788998672385,0.09471299913194445,0.024244520399305556,7.237537653137049,0.6616917255807722,91.20752631293402,69.02313232421875,78.06867811414931,51.422817461205156,57.20491206734277,56.74761957878124
HAM10000,ISIC_0030823,nv,nv,True,Phase 4B processed HAM JPG; model Resize(384x384),600,450,600.0,450.0,1.3333333333333333,384,384,0.982461154460907,0.08978037110600467,0.9651391990482807,0.017321955412626266,1.0719181773310993e-05,5.551016147364862e-05,8.284378418466076e-05,2.7695046810549684e-05,0.017321955412626266,0.982461154460907,4.013895522803068e-05,76.42520480685764,63.135846920056146,256.20938295746845,0.27190885523046027,0.2868381076388889,0.028761121961805556,7.403464650223362,0.7748455277396264,73.89150661892361,75.80380588107639,86.26587592230902,60.66013981975878,64.29927735446293,66.48185000870056
HAM10000,ISIC_0030833,nv,bkl,False,Phase 4B processed HAM JPG; model Resize(384x384),600,450,600.0,450.0,1.3333333333333333,384,384,0.5321873426437378,0.8522369102013794,0.0978286862373352,0.012285759672522545,0.014747271314263344,0.0011217457940801978,0.5321873426437378,0.004184103570878506,0.012285759672522545,0.4343586564064026,0.0011151921935379505,41.635782877604164,38.9664826309844,90.07291611458783,0.3741126631859341,0.4349704318576389,0.015252007378472222,6.46363948433898,0.8438335372219339,45.94976806640625,40.800028483072914,34.627102322048614,37.30888864613069,40.002064328635555,39.97372029722794
HAM10000,ISIC_0030836,nv,nv,True,Phase 4B processed HAM JPG; model Resize(384x384),600,450,600.0,450.0,1.3333333333333333,384,384,0.628359317779541,0.9566882907804801,0.3827704191207886,0.0025679608806967735,0.0010809904197230935,0.0013907328248023987,0.1118365004658699,0.24558889865875244,0.0025679608806967735,0.628359317779541,0.0091756172478199,108.86075168185764,50.89757628662203,1007.9299981159469,0.3717836999165986,0.024637858072916668,0.017022026909722224,7.616085845663309,0.41244779706613777,130.26422119140625,98.12295871310764,107.99911159939236,44.017857380566525,57.2172799304227,58.14204772608631
HAM10000,ISIC_0030841,nv,mel,False,Phase 4B processed HAM JPG; model Resize(384x384),600,450,600.0,450.0,1.3333333333333333,384,384,0.5198544263839722,0.7087241585356752,0.04187655448913574,0.5198544263839722,7.032314169919118e-05,1.0371259122621268e-05,0.001017369912005961,0.00034817674895748496,0.5198544263839722,0.4779778718948364,0.0007214232464320958,68.59164767795139,67.32720352689992,145.92279051405228,0.3728988747191585,0.4539455837673611,0.028598361545138888,7.327216240542228,0.9353948618453625,57.24824354383681,72.15479871961806,80.01127794053819,62.89594450227473,70.44722155926664,68.53236495767015
HAM10000,ISIC_0030856,nv,nv,True,Phase 4B processed HAM JPG; model Resize(384x384),600,450,600.0,450.0,1.3333333333333333,384,384,0.7461977005004883,0.6048127326040256,0.49868178367614746,0.000688465079292655,0.0010621583787724376,0.0009246233385056257,0.24751591682434082,0.0029643867164850235,0.000688465079292655,0.7461977005004883,0.0006467530620284379,70.19683159722223,45.93106155570505,292.8050578346499,0.28237243519369554,0.16050211588541666,0.013970269097222222,7.303904841360174,0.5793579481875163,73.36817762586806,69.41392686631944,65.89870198567708,45.60005944950179,48.2349439681081,45.24171359043763
HAM10000,ISIC_0030858,nv,nv,True,Phase 4B processed HAM JPG; model Resize(384x384),600,450,600.0,450.0,1.3333333333333333,384,384,0.8212835192680359,0.489984228682731,0.6457377672195435,0.17554575204849243,0.00027658825274556875,0.0009247849229723215,0.0011828179704025388,0.0004402636259328574,0.17554575204849243,0.8212835192680359,0.0003462424792815,23.143269856770832,36.82628712925645,20.80019726852576,0.26399683734170754,0.8812662760416666,0.01214599609375,5.567474255692769,1.4126509588124982,21.1741943359375,24.234022352430557,22.709635416666668,35.30671597597335,38.66716321925908,36.51951096224889
HAM10000,ISIC_0030862,nv,nv,True,Phase 4B processed HAM JPG; model Resize(384x384),600,450,600.0,450.0,1.3333333333333333,384,384,0.9144682884216309,0.30289413893169376,0.8307282030582428,0.08374008536338806,2.3288812371902168e-05,0.00010643179120961577,0.000932087074033916,0.0005018421215936542,0.08374008536338806,0.9144682884216309,0.00022797207930125296,44.218899197048614,46.27472493698869,171.64376826345185,0.4159417445363562,0.5105929904513888,0.017727322048611112,6.3827870886811855,0.9719875476049696,52.345614963107636,38.968424479166664,49.927022298177086,44.512121517919034,47.37501638940966,48.22649983119174
HAM10000,ISIC_0030892,nv,nv,True,Phase 4B processed HAM JPG; model Resize(384x384),600,450,600.0,450.0,1.3333333333333333,384,384,0.8547356128692627,0.5657513077820031,0.7817975580692291,0.07293805480003357,0.006312861572951078,0.006886088289320469,0.057818617671728134,0.0005061873234808445,0.07293805480003357,0.8547356128692627,0.0008025902789086103,38.57927110460069,39.489376342418424,67.68409652014573,0.315907809521378,0.5198025173611112,0.014777289496527778,6.460400788139979,0.9311933974713015,38.44678412543403,38.00707329644097,41.894619411892364,40.28685715561405,39.499756856355,39.84523413383038
HAM10000,ISIC_0030895,nv,nv,True,Phase 4B processed HAM JPG; model Resize(384x384),600,450,600.0,450.0,1.3333333333333333,384,384,0.9795928001403809,0.1296316305615815,0.9700546367093921,0.009538163430988789,0.0013916587922722101,0.0017523630522191525,0.003914454951882362,0.0030815054196864367,0.009538163430988789,0.9795928001403809,0.0007290682406164706,70.66409640842014,48.84193439162846,264.23595509885087,0.3556503661577478,0.11517333984375,0.02276611328125,7.134958153727978,0.6267829643502973,83.84962293836806,65.04130723741319,65.01943630642361,48.03701849124548,50.12288538218914,51.67740801952421
HAM10000,ISIC_0030897,nv,nv,True,Phase 4B processed HAM JPG; model Resize(384x384),600,450,600.0,450.0,1.3333333333333333,384,384,0.9201855063438416,0.288966612763653,0.8421020358800888,0.07808347046375275,2.0761739506269805e-05,0.0003601884818635881,0.0002432401670375839,0.0003337711386848241,0.07808347046375275,0.9201855063438416,0.0007730157230980694,53.298672146267364,54.049995366372244,207.5954919523203,0.32353135318797654,0.4187418619791667,0.025370279947916668,6.704414203779398,0.9637258723468868,53.91139051649306,51.845947265625,59.17192925347222,52.564632178108766,54.723634548856516,58.04585162295571
HAM10000,ISIC_0030919,nv,nv,True,Phase 4B processed HAM JPG; model Resize(384x384),600,450,600.0,450.0,1.3333333333333333,384,384,0.4379461109638214,1.4733644321853316,0.19371584057807922,0.021761508658528328,0.2442302703857422,0.12022574990987778,0.13441243767738342,0.02485242299735546,0.021761508658528328,0.4379461109638214,0.01657145656645298,82.30035400390625,50.54576909730133,207.71890802952794,0.3089341107536765,0.1269192165798611,0.015577528211805556,7.539968193484005,0.5553840947669942,97.31148274739583,76.06150987413194,75.04493543836806,56.79769395121171,49.09122603357698,50.466012611855064
HAM10000,ISIC_0030930,nv,nv,True,Phase 4B processed HAM JPG; model Resize(384x384),600,450,600.0,450.0,1.3333333333333333,384,384,0.745005190372467,0.615259008252715,0.49932853877544403,0.245676651597023,0.00041044430690817535,0.00028822015156038105,0.0073144808411598206,0.0006054137484170496,0.245676651597023,0.745005190372467,0.0006995542207732797,61.31396484375,43.15255248778961,224.57717032523618,0.4544528005429603,0.20014784071180555,0.015509711371527778,7.0764800125305225,0.6510242673038783,81.20338270399306,53.304050021701386,50.394144694010414,49.30822723724084,42.17253337121074,43.1256530578228
HAM10000,ISIC_0030940,nv,nv,True,Phase 4B processed HAM JPG; model Resize(384x384),600,450,600.0,450.0,1.3333333333333333,384,384,0.5246301889419556,1.1093775205871903,0.1927792727947235,0.08011164516210556,0.05481844022870064,0.007966088131070137,0.33185091614723206,0.0004028538824059069,0.08011164516210556,0.5246301889419556,0.00021988508524373174,76.90387641059027,45.579929337255884,149.18113844023077,0.3774755274288535,0.11351182725694445,0.009562174479166666,7.380854411721116,0.4870879506195231,69.67032199435764,81.84852430555556,70.40153672960069,48.1175299404995,48.49405473021703,47.27239351299694
HAM10000,ISIC_0030951,mel,mel,True,Phase 4B processed HAM JPG; model Resize(384x384),600,450,600.0,450.0,1.3333333333333333,384,384,0.5746006965637207,0.9410420131772831,0.2585131824016571,0.5746006965637207,0.002100860932841897,0.00019275705562904477,0.10629044473171234,0.00040489109233021736,0.5746006965637207,0.3160875141620636,0.0003228073474019766,69.54991319444444,49.99170861149856,314.4818442128598,0.37799947235838777,0.2211574978298611,0.014512803819444444,7.364633386793932,0.6395634829925186,79.78895399305556,66.05143907335069,60.71765814887153,50.34797938723306,51.61554949604502,51.263424141009686
HAM10000,ISIC_0030962,nv,nv,True,Phase 4B processed HAM JPG; model Resize(384x384),600,450,600.0,450.0,1.3333333333333333,384,384,0.9750627279281616,0.14375498192791702,0.9587155040353537,0.0036674404982477427,0.00029092616750858724,0.01634722389280796,0.0023725065402686596,0.000278690189588815,0.0036674404982477427,0.9750627279281616,0.001980368746444583,44.45324028862847,32.12103646459395,94.75304865377183,0.6521136248553241,0.3004489474826389,0.011420355902777778,6.41248187115724,0.6060986173895906,24.97124565972222,49.852199978298614,67.75754801432292,29.25237083648595,34.024437477967766,41.478686565539185
HAM10000,ISIC_0030973,nv,nv,True,Phase 4B processed HAM JPG; model Resize(384x384),600,450,600.0,450.0,1.3333333333333333,384,384,0.6740314364433289,0.7086379588653173,0.3654373586177826,0.30859407782554626,0.0014572599902749062,7.470971468137577e-05,0.014944103546440601,0.0005899373791180551,0.30859407782554626,0.6740314364433289,0.0003084558993577957,40.891825358072914,50.18856435037733,73.30802908645552,0.495196573095384,0.5871310763888888,0.018527560763888888,6.547731428352964,1.1518418858535997,49.770792643229164,38.03111436631944,32.33397081163194,50.40062678313135,50.717717552089844,49.5553301739906
HAM10000,ISIC_0030980,nv,nv,True,Phase 4B processed HAM JPG; model Resize(384x384),600,450,600.0,450.0,1.3333333333333333,384,384,0.9155622124671936,0.33869557544331186,0.8474005609750748,0.002311954041942954,9.950334060704336e-06,5.033496199757792e-05,0.013768657110631466,0.000135230555315502,0.002311954041942954,0.9155622124671936,0.06816165149211884,59.222941080729164,64.20246614028267,74.52347262143905,0.34767531849979577,0.5231865776909722,0.020026312934027776,6.991591991140232,1.0193063460804541,63.84361436631944,57.37506103515625,56.567660861545136,63.165658625566955,65.43273164814032,63.6108141172565
HAM10000,ISIC_0030982,nv,nv,True,Phase 4B processed HAM JPG; model Resize(384x384),600,450,600.0,450.0,1.3333333333333333,384,384,0.9815147519111633,0.11513378148293771,0.9720252985134721,0.0054559907875955105,0.00011878569785039872,0.0008950256160460413,0.001090201665647328,0.0014358446933329105,0.0054559907875955105,0.9815147519111633,0.00948945339769125,22.28595648871528,34.07312469272224,50.93060302619397,0.3703047343069172,0.9148966471354166,0.013339572482638888,5.182463715935517,1.4167213720895129,24.033671061197918,20.449422200520832,27.21042209201389,32.2638993333038,34.81859638673207,36.63510503012237
HAM10000,ISIC_0030985,nv,nv,True,Phase 4B processed HAM JPG; model Resize(384x384),600,450,600.0,450.0,1.3333333333333333,384,384,0.962982177734375,0.17562387834481247,0.9308254756033421,0.003916318528354168,8.710323527338915e-06,8.72865566634573e-05,3.51294620486442e-05,0.0008137216209433973,0.003916318528354168,0.962982177734375,0.032156702131032944,60.58888075086806,58.7374953868313,224.94851994951384,0.4156819129561547,0.3487616644965278,0.026570638020833332,6.998206979383636,0.9190246361878075,68.96788194444444,54.70354546440972,68.91173638237848,53.235452598982675,61.75045339846984,61.26538724447572
HAM10000,ISIC_0031001,nv,nv,True,Phase 4B processed HAM JPG; model Resize(384x384),600,450,600.0,450.0,1.3333333333333333,384,384,0.7636051177978516,0.6160652214608685,0.5435429215431213,0.22006219625473022,0.00021278008352965117,0.00201486237347126,0.013555614277720451,9.00967643246986e-05,0.22006219625473022,0.7636051177978516,0.00045933990622870624,49.40825737847222,41.78521895053944,141.8910748623312,0.33027229392190904,0.3153008355034722,0.013529459635416666,6.697092327980575,0.7352795863901541,51.913547092013886,48.92772081163194,45.30884467230903,41.469093909026014,43.01321008303881,43.22071452769786
HAM10000,ISIC_0031042,nv,nv,True,Phase 4B processed HAM JPG; model Resize(384x384),600,450,600.0,450.0,1.3333333333333333,384,384,0.7583754658699036,0.5787701872765925,0.5206723660230637,0.2377030998468399,0.0004990777815692127,0.0004553039325401187,0.0016047620447352529,0.0008690924732945859,0.2377030998468399,0.7583754658699036,0.0004932633601129055,19.43676079644097,35.80536853684387,32.983125473062195,0.47677858306951254,0.9219021267361112,0.013481987847222222,5.116491666482528,1.696311347460122,21.24496120876736,18.0662841796875,21.688462999131943,33.37581082110752,36.636180446781644,40.456962888640426
HAM10000,ISIC_0031048,nv,nv,True,Phase 4B processed HAM JPG; model Resize(384x384),600,450,600.0,450.0,1.3333333333333333,384,384,0.8785659074783325,0.3713773684546763,0.7573198303580284,0.12124607712030411,3.745902574792126e-07,1.444605368305929e-05,8.678119775140658e-05,8.009092198335566e-06,0.12124607712030411,0.8785659074783325,7.840027683414519e-05,54.658053927951386,43.50281722261156,199.54508931396737,0.30489398233251636,0.2441134982638889,0.016357421875,6.838579177173376,0.7092587141824049,60.491373697916664,52.042575412326386,52.821987575954864,42.71555952487946,45.378127964419235,44.48471072248811
HAM10000,ISIC_0031053,nv,nv,True,Phase 4B processed HAM JPG; model Resize(384x384),600,450,600.0,450.0,1.3333333333333333,384,384,0.6986947059631348,0.6717188837987083,0.41082870960235596,0.2878659963607788,0.00046070149983279407,0.00011180258297827095,0.012430599890649319,0.0001312220556428656,0.2878659963607788,0.6986947059631348,0.0003051004314329475,68.30532497829861,64.01729824996785,193.51170674513708,0.3669007012527233,0.4102105034722222,0.024454752604166668,7.204272803905509,0.8879762400495045,61.657857259114586,68.30740695529514,85.76380072699652,60.02095228540459,65.69282429277145,69.84318684986755
HAM10000,ISIC_0031081,nv,nv,True,Phase 4B processed HAM JPG; model Resize(384x384),600,450,600.0,450.0,1.3333333333333333,384,384,0.4860237240791321,1.0377466073546655,0.0645829439163208,0.4214407801628113,0.026758264750242233,0.0005166330956853926,0.04726126044988632,0.016325082629919052,0.4214407801628113,0.4860237240791321,0.0016742394072934985,76.12566460503473,48.37951778793535,322.2096333867514,0.4954796485651552,0.1392279730902778,0.011847601996527778,7.424930659052106,0.5601261491597059,93.76376003689236,69.07549370659723,66.17911105685764,50.164004948246244,52.04648681040441,58.135185255233644
HAM10000,ISIC_0031100,nv,nv,True,Phase 4B processed HAM JPG; model Resize(384x384),600,450,600.0,450.0,1.3333333333333333,384,384,0.9627686142921448,0.2101590171076592,0.9475376764312387,0.015230937860906124,0.00021896162070333958,0.00033649528631940484,0.009540590457618237,0.005592216271907091,0.015230937860906124,0.9627686142921448,0.006312105804681778,76.50541856553819,59.089647346613376,398.9586826776281,0.3765035392412173,0.17399766710069445,0.02093505859375,7.365833816833329,0.7334742411633488,89.90684000651042,69.39238823784723,77.98090277777777,54.92906983639507,62.096775692751464,61.554377318479546
HAM10000,ISIC_0031202,nv,nv,True,Phase 4B processed HAM JPG; model Resize(384x384),600,450,600.0,450.0,1.3333333333333333,384,384,0.9699512720108032,0.13770200604473287,0.9403160214424133,0.029635250568389893,1.0707437468226999e-05,0.00010604965063976124,0.00010278684203512967,9.177831816487014e-05,0.029635250568389893,0.9699512720108032,0.00010218633542535827,41.72687445746528,53.1196852007185,92.51901580062176,0.37702844158496734,0.7127346462673612,0.016187879774305556,6.389877164473714,1.1956078797732315,36.64396837022569,42.502766927083336,51.060811360677086,49.60331448760815,54.24195206743811,58.516555266837436
HAM10000,ISIC_0031206,nv,nv,True,Phase 4B processed HAM JPG; model Resize(384x384),600,450,600.0,450.0,1.3333333333333333,384,384,0.9177037477493286,0.2880898758379444,0.835934117436409,0.08176963031291962,5.465086360345595e-06,3.481130988802761e-05,2.1869624106329866e-05,0.00019227502343710512,0.08176963031291962,0.9177037477493286,0.00027221249183639884,52.202046712239586,33.24680087192831,63.62729265789191,0.44321445972052015,0.03799099392361111,0.01513671875,5.649494770149193,0.5836169295071124,41.433736165364586,53.86438666449653,71.91558837890625,31.917348992689853,34.13860111319012,35.06301645136576
HAM10000,ISIC_0031221,nv,mel,False,Phase 4B processed HAM JPG; model Resize(384x384),600,450,600.0,450.0,1.3333333333333333,384,384,0.45232564210891724,1.0727846808893424,0.046863555908203125,0.45232564210891724,0.004674567840993404,0.012412440031766891,0.12377975881099701,0.0004339541483204812,0.45232564210891724,0.4054620862007141,0.000911531678866595,50.423258463541664,33.22365700885647,131.68621698311634,0.358443249804262,0.21964518229166666,0.011793348524305556,6.590783243602649,0.5705374113944138,43.016153971354164,51.80076768663194,62.752095540364586,32.810814639372374,33.72279005307023,36.85758262338901
HAM10000,ISIC_0031233,mel,nv,False,Phase 4B processed HAM JPG; model Resize(384x384),600,450,600.0,450.0,1.3333333333333333,384,384,0.47457948327064514,0.9125513902110257,0.010087311267852783,0.46449217200279236,0.005944975186139345,0.0002589182695373893,0.05230577662587166,0.0019816174171864986,0.46449217200279236,0.47457948327064514,0.00043700734386220574,67.57401529947917,56.45482169498173,164.61861841100048,0.21923463775701252,0.2628851996527778,0.021579318576388888,7.3419185142414225,0.7469742759029148,69.13787163628473,66.73512098524306,67.80211046006944,54.458135521768746,57.69457722554308,57.79676761254282
HAM10000,ISIC_0031307,nv,nv,True,Phase 4B processed HAM JPG; model Resize(384x384),600,450,600.0,450.0,1.3333333333333333,384,384,0.9283611178398132,0.2759906435793746,0.8601185008883476,0.0682426169514656,0.0016190804308280349,0.00040618187631480396,0.0009352234192192554,0.00023785109806340188,0.0682426169514656,0.9283611178398132,0.0001979572552954778,50.894978841145836,55.10772769059032,104.74181646108627,0.2667890561172385,0.5430636935763888,0.0201416015625,6.516742549903389,1.0367522668623308,50.666402180989586,50.039998372395836,55.862094455295136,51.293302375503046,56.372674275861904,60.64454704222574
HAM10000,ISIC_0031341,nv,nv,True,Phase 4B processed HAM JPG; model Resize(384x384),600,450,600.0,450.0,1.3333333333333333,384,384,0.9880083799362183,0.07740191051278704,0.9794812761247158,0.008527103811502457,0.0008563380688428879,0.0003822307917289436,0.0012218654155731201,0.00039206011570058763,0.008527103811502457,0.9880083799362183,0.0006119972094893456,43.24774848090278,59.4540298499191,110.43346812530064,0.3848743978928377,0.73681640625,0.026163736979166668,6.288279493477505,1.3190521690024715,43.47520616319444,41.868733723958336,49.77562120225694,55.35829422928042,61.14479649408056,65.56002147471563
HAM10000,ISIC_0031343,nv,nv,True,Phase 4B processed HAM JPG; model Resize(384x384),600,450,600.0,450.0,1.3333333333333333,384,384,0.9554791450500488,0.23587775466981953,0.9318118821829557,0.01280968077480793,0.004641624633222818,0.0012927143834531307,0.023667262867093086,0.0012927143834531307,0.01280968077480793,0.9554791450500488,0.0008168987114913762,47.17792426215278,45.188554289427856,123.42758384880459,0.3174954948342184,0.3474799262152778,0.019083658854166668,6.404681506066558,0.9001223900391433,46.325527615017364,46.050686306423614,55.2169189453125,41.48068121411346,47.05706620973933,48.77852992609932
HAM10000,ISIC_0031371,nv,nv,True,Phase 4B processed HAM JPG; model Resize(384x384),600,450,600.0,450.0,1.3333333333333333,384,384,0.9017798900604248,0.3318821637730802,0.8052362203598022,0.09654366970062256,5.8874429669231176e-05,0.00012033154052915052,0.00037795756361447275,0.0007472670404240489,0.09654366970062256,0.9017798900604248,0.0003720978565979749,45.262105305989586,46.04285538358921,146.5920921600895,0.3264246057581019,0.5271674262152778,0.017137315538194444,6.658784468488814,0.9722282911568348,45.308566623263886,44.110982259114586,51.06255425347222,41.806556528852234,48.357328840053306,48.43579781111265
HAM10000,ISIC_0031374,nv,nv,True,Phase 4B processed HAM JPG; model Resize(384x384),600,450,600.0,450.0,1.3333333333333333,384,384,0.6179836392402649,1.1345802201469737,0.42765969038009644,0.1216287910938263,0.02865055948495865,0.0023702261969447136,0.19032394886016846,0.02884708158671856,0.1216287910938263,0.6179836392402649,0.010195737704634666,67.26801893446181,51.590275204321486,238.66159644497586,0.43016219128710514,0.2415093315972222,0.017178005642361112,7.371936364219627,0.6965646685166961,82.21392144097223,61.82966444227431,56.068393283420136,52.97080116160289,53.34050808533076,50.54417666071028
HAM10000,ISIC_0031385,nv,nv,True,Phase 4B processed HAM JPG; model Resize(384x384),600,450,600.0,450.0,1.3333333333333333,384,384,0.8434697985649109,0.6234631219885068,0.7775008454918861,0.06596895307302475,0.0048516602255403996,0.03403260558843613,0.05045066028833389,0.00035145305446349084,0.06596895307302475,0.8434697985649109,0.0008749665576033294,40.13281928168403,40.13638043791322,89.09413560654647,0.26660361030262797,0.4857584635416667,0.014675564236111112,6.044920703307916,0.9157481625275236,42.5201416015625,39.66505262586806,36.28131781684028,41.61511004457132,39.36060116099255,41.89195364255708
HAM10000,ISIC_0031391,nv,nv,True,Phase 4B processed HAM JPG; model Resize(384x384),600,450,600.0,450.0,1.3333333333333333,384,384,0.9746831059455872,0.14114621304912633,0.9559607226401567,0.018722383305430412,0.0010762885212898254,0.00041901826625689864,0.003225780325010419,0.00027967203641310334,0.018722383305430412,0.9746831059455872,0.001593761146068573,49.651957194010414,53.38092010376839,149.99985628639473,0.388069714648012,0.5026448567708334,0.021457248263888888,6.681916211499267,1.008192147478989,56.65812852647569,45.961832682291664,50.281283908420136,51.11415086823573,54.22875780658021,59.685368918928326
HAM10000,ISIC_0031398,nv,nv,True,Phase 4B processed HAM JPG; model Resize(384x384),600,450,600.0,450.0,1.3333333333333333,384,384,0.9818449020385742,0.1015608013106921,0.9670884637162089,0.014756438322365284,3.2996693335007876e-05,5.4615276894764975e-05,0.002870460506528616,0.00030224898364394903,0.014756438322365284,0.9818449020385742,0.00013837967708241194,54.04259575737847,42.50692963446207,184.2687365706596,0.25012680419389977,0.13606770833333334,0.018812391493055556,6.286858633667885,0.7345590716184554,57.46421983506944,51.505391438802086,58.116488986545136,41.71920314399524,43.81589374549829,41.14279310931298
HAM10000,ISIC_0031405,nv,nv,True,Phase 4B processed HAM JPG; model Resize(384x384),600,450,600.0,450.0,1.3333333333333333,384,384,0.5013619065284729,0.7602497443175124,0.01447528600692749,0.4868866205215454,0.00017729548562783748,0.00021893071243539453,0.0026309057138860226,0.007627661339938641,0.4868866205215454,0.5013619065284729,0.0010967246489599347,63.279995388454864,56.228347903468915,222.36140625105227,0.45207216350081697,0.2859361436631944,0.022874620225694444,7.067591958324254,0.8298358162141176,57.327657063802086,61.813083224826386,86.45352511935764,54.576325876679995,57.922237266275864,57.78099410775574
HAM10000,ISIC_0031423,nv,nv,True,Phase 4B processed HAM JPG; model Resize(384x384),600,450,600.0,450.0,1.3333333333333333,384,384,0.970580518245697,0.14658500761139295,0.945016760379076,0.025563757866621017,2.3402366423397325e-05,0.00010529263090575114,0.00012214158778078854,0.000409984088037163,0.025563757866621017,0.970580518245697,0.003194995690137148,44.001871744791664,59.44413175950623,137.24114298654928,0.34249001629731757,0.7367214626736112,0.024861653645833332,6.206126090978732,1.301979366208413,44.254659016927086,42.742214626736114,49.845981174045136,53.960391258157784,61.68213076479491,64.59340894390353
HAM10000,ISIC_0031426,nv,nv,True,Phase 4B processed HAM JPG; model Resize(384x384),600,450,600.0,450.0,1.3333333333333333,384,384,0.9877514839172363,0.08501464405739519,0.9842443254310638,0.003507158486172557,0.0002790277940221131,0.003281825687736273,0.0004028236726298928,0.0021251230500638485,0.003507158486172557,0.9877514839172363,0.0026525177527219057,32.99584282769097,38.61859127746219,124.02415473299263,0.3914261961294934,0.7030910915798612,0.014383951822916666,5.77061566619332,1.083491474416377,37.1688232421875,29.999613444010418,37.46880425347222,36.31367799215105,39.709201007484644,42.01017553192619
HAM10000,ISIC_0031441,nv,nv,True,Phase 4B processed HAM JPG; model Resize(384x384),600,450,600.0,450.0,1.3333333333333333,384,384,0.930033802986145,0.3602050777494761,0.90100815333426,0.004758013878017664,0.004730215761810541,0.005318325012922287,0.01807972602546215,0.029025649651885033,0.004758013878017664,0.930033802986145,0.008054230362176895,63.034342447916664,39.60174788310004,291.0737365256121,0.3945144154667075,0.14902750651041666,0.012586805555555556,7.000350921259823,0.5523947670767408,75.5115966796875,56.384195963541664,64.54815673828125,40.1804913394718,41.09460686838667,43.22278834399868
HAM10000,ISIC_0031446,nv,nv,True,Phase 4B processed HAM JPG; model Resize(384x384),600,450,600.0,450.0,1.3333333333333333,384,384,0.9606105089187622,0.18970646760903856,0.9276115782558918,5.59984655410517e-05,0.0003396985703147948,0.0005927064339630306,0.03299893066287041,0.004349705297499895,5.59984655410517e-05,0.9606105089187622,0.0010524941608309746,129.97988552517361,47.13626670651478,873.8540648288199,0.24994399126838235,0.020785861545138888,0.020745171440972224,7.571237741739415,0.29465221825040416,137.43073187934027,126.35752360026042,129.07335747612848,41.532155479793154,52.71044446179773,51.75553155955202
HAM10000,ISIC_0031456,nv,nv,True,Phase 4B processed HAM JPG; model Resize(384x384),600,450,600.0,450.0,1.3333333333333333,384,384,0.7735635042190552,0.5992768861636627,0.5591717958450317,0.21439170837402344,0.0012188195250928402,0.0010104369139298797,0.005196982063353062,0.00242865108884871,0.21439170837402344,0.7735635042190552,0.002189822029322386,48.92155626085069,41.0054993818518,143.9304145425558,0.32521642880242374,0.28118896484375,0.015184190538194444,6.561308874386574,0.7855507060929963,53.48164198133681,45.55310736762153,54.296780056423614,36.84701355889631,42.89454025120026,45.94468557326287
HAM10000,ISIC_0031466,nv,nv,True,Phase 4B processed HAM JPG; model Resize(384x384),600,450,600.0,450.0,1.3333333333333333,384,384,0.9238807559013367,0.3369421740971001,0.8676336370408535,0.05624711886048317,0.000737691530957818,0.004142736084759235,0.0004211457271594554,0.004466261714696884,0.05624711886048317,0.9238807559013367,0.010104267857968807,52.28294542100694,57.67738709815423,107.327616373284,0.31127948303887526,0.5033976236979166,0.021260579427083332,6.765829866285805,1.0333870188283987,49.651713053385414,52.841552734375,56.30668809678819,50.83706334686606,61.674888051066404,59.80441005292732
HAM10000,ISIC_0031472,nv,nv,True,Phase 4B processed HAM JPG; model Resize(384x384),600,450,600.0,450.0,1.3333333333333333,384,384,0.9952620267868042,0.03450297789118899,0.9917761862743646,0.0034858405124396086,7.277145778061822e-05,9.678384230937809e-05,0.0002515289525035769,0.0006081191240809858,0.0034858405124396086,0.9952620267868042,0.00022284232545644045,51.920016818576386,44.042300817825605,265.56355614113954,0.3548487445108252,0.2741495768229167,0.01776123046875,6.5980903347006565,0.789639477899729,63.457600911458336,46.50212944878472,49.55809868706597,45.05203553410358,44.0419591826129,46.75035339102526
HAM10000,ISIC_0031491,nv,nv,True,Phase 4B processed HAM JPG; model Resize(384x384),600,450,600.0,450.0,1.3333333333333333,384,384,0.947588324546814,0.28904441769977174,0.9322719862684608,0.015316338278353214,0.011118469759821892,0.008222298696637154,0.013359148055315018,0.002432881621643901,0.015316338278353214,0.947588324546814,0.0019625267013907433,46.082010904947914,46.28995517790543,164.7391551848915,0.39447324665543304,0.4796142578125,0.016628689236111112,6.591177856308374,0.9374718914786594,52.603969997829864,41.94172498914931,50.294413248697914,44.05188012564915,47.02295373160291,52.80813871636022
HAM10000,ISIC_0031524,nv,nv,True,Phase 4B processed HAM JPG; model Resize(384x384),600,450,600.0,450.0,1.3333333333333333,384,384,0.6051331758499146,0.7425829807647796,0.222734272480011,0.38239890336990356,0.0015235964674502611,0.0012459543067961931,0.0016831769607961178,0.006821620278060436,0.38239890336990356,0.6051331758499146,0.0011935511138290167,29.71648491753472,43.268860366332035,43.591092099332144,0.38788679534313725,0.83966064453125,0.013020833333333334,5.683292498702602,1.3488785525423597,30.340983072916668,29.55209689670139,29.06738959418403,39.00510795779667,45.47441675141262,49.31426450242116
HAM10000,ISIC_0031532,nv,nv,True,Phase 4B processed HAM JPG; model Resize(384x384),600,450,600.0,450.0,1.3333333333333333,384,384,0.9547128081321716,0.21473693772579455,0.920924935489893,0.03378787264227867,0.00030620169127359986,0.0003227823763154447,0.010495143011212349,6.481321906903759e-05,0.03378787264227867,0.9547128081321716,0.0003104167990386486,42.084574381510414,45.33226582432549,137.5487937286588,0.3268231826150599,0.4851888020833333,0.021233452690972224,6.243063686291932,0.9985322984707098,43.17865668402778,40.4544677734375,47.59136962890625,41.734178335745035,47.03194287449054,49.53410005496198
HAM10000,ISIC_0031543,mel,bkl,False,Phase 4B processed HAM JPG; model Resize(384x384),600,450,600.0,450.0,1.3333333333333333,384,384,0.6460511684417725,1.0439994393668606,0.49505335092544556,0.1509978175163269,0.052676256746053696,0.006650598254054785,0.6460511684417725,0.0011027773143723607,0.1509978175163269,0.1421266496181488,0.0003947463701479137,79.20847574869792,48.44769495693698,253.0605639874199,0.24252421726068898,0.12311469184027778,0.015177408854166666,7.443388255011356,0.5079929568370257,78.39215087890625,80.50779215494792,74.64966498480902,47.946758191345666,49.6193990752181,48.35983546296706
HAM10000,ISIC_0031554,mel,nv,False,Phase 4B processed HAM JPG; model Resize(384x384),600,450,600.0,450.0,1.3333333333333333,384,384,0.8095019459724426,0.5371289458210099,0.6306329667568207,0.17886897921562195,0.00014338060282170773,0.0006400819984264672,0.01011082623153925,0.00025065973750315607,0.17886897921562195,0.8095019459724426,0.0004841038607992232,91.60224066840277,57.36497113271008,283.9222456643151,0.31333172700503814,0.07658555772569445,0.023091634114583332,7.566998937215643,0.5692966575639606,78.13606770833333,95.88411458333333,104.89008924696181,54.04924170686765,59.81355953482488,58.742320419847914
HAM10000,ISIC_0031560,nv,nv,True,Phase 4B processed HAM JPG; model Resize(384x384),600,450,600.0,450.0,1.3333333333333333,384,384,0.838299572467804,0.46626976040924234,0.6804798096418381,0.15781976282596588,0.0007195196812972426,0.0017566467868164182,0.0006011812365613878,0.0005614580004476011,0.15781976282596588,0.838299572467804,0.00024195219157263637,32.37787543402778,39.33268718131124,76.79146604952807,0.2785687880838099,0.7501152886284722,0.0118408203125,5.948248588563918,1.1226322771714115,30.204833984375,32.684814453125,36.50166151258681,36.07976776378517,40.43431522398608,45.90454292969733
HAM10000,ISIC_0031576,nv,nv,True,Phase 4B processed HAM JPG; model Resize(384x384),600,450,600.0,450.0,1.3333333333333333,384,384,0.957579493522644,0.21749826204059197,0.9318131916224957,0.02576630190014839,0.0010867143282666802,0.0013340733712539077,0.013027277775108814,0.0005043830024078488,0.02576630190014839,0.957579493522644,0.0007016354938969016,42.01628960503472,50.029055473292814,154.75372497829392,0.355708715235226,0.6329413519965278,0.0198974609375,6.307120308531021,1.1208885554304844,45.637417263454864,39.61303032769097,44.879604763454864,45.327299989178684,51.73059826491625,56.25789752281965
HAM10000,ISIC_0031582,nv,nv,True,Phase 4B processed HAM JPG; model Resize(384x384),600,450,600.0,450.0,1.3333333333333333,384,384,0.7632986307144165,0.6344850179650773,0.5509238541126251,0.0005538473487831652,0.00020454649347811937,0.0003230563015677035,0.21237477660179138,0.0007555424235761166,0.0005538473487831652,0.7632986307144165,0.022489583119750023,79.95963541666667,61.39503779314976,530.3114482559909,0.41330148867272604,0.11814371744791667,0.02398681640625,7.208384098716671,0.731885865605523,94.47298177083333,74.29060872395833,71.08420817057292,55.50040863216875,66.09718595543647,59.630145178894665
HAM10000,ISIC_0031607,nv,nv,True,Phase 4B processed HAM JPG; model Resize(384x384),600,450,600.0,450.0,1.3333333333333333,384,384,0.9841518402099609,0.08946100422143316,0.9701273702085018,0.014024470001459122,5.3475469030672684e-05,0.00011188864300493151,0.000779700989369303,0.0005306723178364336,0.014024470001459122,0.9841518402099609,0.0003480234299786389,35.833279079861114,40.44724427008151,105.55786586355094,0.3232683302270561,0.5724758572048612,0.019843207465277776,5.941450933704855,1.0518715452093879,33.619296603732636,36.145039876302086,40.037618001302086,37.991991009179706,42.0153469753262,42.21820740821295
HAM10000,ISIC_0031613,nv,nv,True,Phase 4B processed HAM JPG; model Resize(384x384),600,450,600.0,450.0,1.3333333333333333,384,384,0.7688738703727722,0.6943408555873175,0.5808208584785461,0.03028935007750988,0.0036879959516227245,0.0035745282657444477,0.18805301189422607,0.004536312539130449,0.03028935007750988,0.7688738703727722,0.000984886079095304,30.63140190972222,51.79387743472211,45.01222059001893,0.3882666228383715,0.8446926540798612,0.019687228732638888,5.70533675841615,1.6321875512899515,28.11809624565972,30.454508463541668,38.17481825086806,48.5567821344778,52.60062454828304,58.11528113839832
HAM10000,ISIC_0031646,nv,nv,True,Phase 4B processed HAM JPG; model Resize(384x384),600,450,600.0,450.0,1.3333333333333333,384,384,0.5954267978668213,1.0389985592356716,0.35602444410324097,0.1426747441291809,0.010105770081281662,0.009023437276482582,0.23940235376358032,0.002259310567751527,0.1426747441291809,0.5954267978668213,0.0011075707152485847,30.951619466145832,33.41398576652769,41.17681305234631,0.4285374593630855,0.6525743272569444,0.011949327256944444,5.951879240924131,0.9718517453879744,24.40338812934028,33.08311631944444,37.14471435546875,33.04490115790361,33.62518669257398,35.627776045806115
HAM10000,ISIC_0031654,nv,nv,True,Phase 4B processed HAM JPG; model Resize(384x384),600,450,600.0,450.0,1.3333333333333333,384,384,0.9254961013793945,0.3226114920813923,0.881183572113514,0.044312529265880585,4.798544614459388e-05,0.00017012316675391048,0.00011922995327040553,0.02866625227034092,0.044312529265880585,0.9254961013793945,0.00118782848585397,111.98343234592014,58.71289556072315,354.0138263801274,0.26324428317333876,0.03652615017361111,0.04194471571180555,7.720212145510498,0.4850218469945948,113.41014946831598,111.24603271484375,112.04033067491319,54.925499695807375,60.79715047363953,66.25068293270382
HAM10000,ISIC_0031660,nv,nv,True,Phase 4B processed HAM JPG; model Resize(384x384),600,450,600.0,450.0,1.3333333333333333,384,384,0.7352561354637146,0.7122376372291849,0.5054736882448196,0.22978244721889496,0.0011629968648776412,0.0025903198402374983,0.026405146345496178,0.0026259776204824448,0.22978244721889496,0.7352561354637146,0.0021770119201391935,50.15058729383681,33.97655313972316,156.75704682494202,0.3225928479030501,0.24224853515625,0.011515299479166666,6.636805702616622,0.5850007476382425,52.93682183159722,47.077657063802086,58.66168891059028,36.11389073179951,33.53965381076606,35.094962881158196
HAM10000,ISIC_0031669,nv,nv,True,Phase 4B processed HAM JPG; model Resize(384x384),600,450,600.0,450.0,1.3333333333333333,384,384,0.9570658206939697,0.24200565386569367,0.9378700014203787,0.0060049439780414104,0.008918171748518944,0.01919581927359104,0.0026362063363194466,0.0026934563647955656,0.0060049439780414104,0.9570658206939697,0.003485591383650899,79.11948649088542,48.77829914520283,338.99008305573165,0.4209641533479711,0.10899522569444445,0.015109592013888888,7.420282722199112,0.540803809165348,97.87811279296875,69.82087537977431,77.79596625434027,46.95256490018928,51.22484732890551,52.231773978071494
HAM10000,ISIC_0031676,nv,nv,True,Phase 4B processed HAM JPG; model Resize(384x384),600,450,600.0,450.0,1.3333333333333333,384,384,0.9071617126464844,0.427686846387221,0.8551105335354805,0.014835745096206665,0.0006751609616912901,0.004641001112759113,0.0067526171915233135,0.013882558792829514,0.014835745096206665,0.9071617126464844,0.052051179111003876,70.15407307942708,56.66666957563257,251.60373614190348,0.3923507391237745,0.22728135850694445,0.024909125434027776,7.373549722041501,0.7297889143637758,80.88055419921875,67.19097222222223,57.262661404079864,56.97969923307363,58.05259466818114,53.03203440676304
HAM10000,ISIC_0031684,nv,nv,True,Phase 4B processed HAM JPG; model Resize(384x384),600,450,600.0,450.0,1.3333333333333333,384,384,0.9700665473937988,0.18062742720722785,0.959441602230072,0.010624945163726807,0.0005700173787772655,0.004078319296240807,0.0035122993867844343,0.002714094938710332,0.010624945163726807,0.9700665473937988,0.00843380019068718,49.906094021267364,50.36108850416006,161.28721740345156,0.38050257863562087,0.4655287000868056,0.018073187934027776,6.787542579780858,0.9703474576309692,49.475138346354164,47.92976209852431,61.21092393663194,43.923195040450864,53.11357487605695,56.61372803922198
HAM10000,ISIC_0031701,nv,nv,True,Phase 4B processed HAM JPG; model Resize(384x384),600,450,600.0,450.0,1.3333333333333333,384,384,0.9703078269958496,0.15141279842255895,0.9460047818720341,0.004415121395140886,0.00018116916180588305,7.976769848028198e-05,0.024303045123815536,0.00018259008356835693,0.004415121395140886,0.9703078269958496,0.000530409743078053,75.80374484592014,58.648799231411886,266.953869289822,0.2854424902556509,0.14943440755208334,0.025865342881944444,7.317470101433232,0.719584785502743,72.48584662543402,75.93558078342014,83.83007134331598,59.09716557262552,59.32922572411334,62.77940935700784
HAM10000,ISIC_0031714,nv,bkl,False,Phase 4B processed HAM JPG; model Resize(384x384),600,450,600.0,450.0,1.3333333333333333,384,384,0.3972613215446472,1.4331329412503828,0.1458539068698883,0.04426783695816994,0.10904856771230698,0.2514074146747589,0.3972613215446472,0.002490114187821746,0.04426783695816994,0.19465239346027374,0.000872406701091677,71.18419731987848,34.200874486637545,331.82912590603036,0.32384400211907677,0.055487738715277776,0.010491265190972222,6.873352563747732,0.3790044613953979,73.11135525173611,71.26574028862848,65.69996473524306,35.55295025414857,35.993440568930815,37.96890877165471
HAM10000,ISIC_0031717,nv,nv,True,Phase 4B processed HAM JPG; model Resize(384x384),600,450,600.0,450.0,1.3333333333333333,384,384,0.900233805179596,0.3941569389569854,0.8179982230067253,0.08223558217287064,0.005474579520523548,0.007615560665726662,0.0023568877950310707,0.0006926244241185486,0.08223558217287064,0.900233805179596,0.0013909656554460526,66.65357801649306,45.62808595741737,333.3862389877531,0.31419002225456155,0.14543321397569445,0.016981336805555556,7.115982251212168,0.630816613123389,70.97321234809027,64.74161783854167,65.16657172309027,46.44045370377855,46.43226783331414,49.50553756311165
HAM10000,ISIC_0031720,nv,nv,True,Phase 4B processed HAM JPG; model Resize(384x384),600,450,600.0,450.0,1.3333333333333333,384,384,0.9651737809181213,0.16498888617823648,0.9348077718168497,0.03036600910127163,2.8513451979961246e-05,2.85649321085657e-06,0.004373195115476847,4.5033524656901136e-05,0.03036600910127163,0.9651737809181213,1.0696399840526283e-05,32.64971923828125,33.03152456643009,136.79047069946927,0.3691008657152097,0.5526055230034722,0.014655219184027778,5.749403678073778,0.9134323272386562,36.00788031684028,32.107754177517364,26.622572157118057,32.30941935180274,33.44536074830246,34.5223876879023
HAM10000,ISIC_0031730,nv,nv,True,Phase 4B processed HAM JPG; model Resize(384x384),600,450,600.0,450.0,1.3333333333333333,384,384,0.8862559795379639,0.5143324337674046,0.8447241969406605,0.004817051813006401,0.029093125835061073,0.005228860303759575,0.031487904489040375,0.04153178259730339,0.004817051813006401,0.8862559795379639,0.0015853956574574113,100.33426242404514,56.60190208539275,619.4659941902406,0.282879758348652,0.04842800564236111,0.023939344618055556,7.664873126548002,0.4984773276822114,107.21870252821181,96.10407850477431,104.05537245008681,51.30834234120376,60.111749960938084,61.97607468236999
HAM10000,ISIC_0031731,nv,nv,True,Phase 4B processed HAM JPG; model Resize(384x384),600,450,600.0,450.0,1.3333333333333333,384,384,0.9844306111335754,0.1022501192873664,0.9767173398286104,0.007713271304965019,0.0005898668896406889,0.0030937008559703827,0.0006015009712427855,0.001512173330411315,0.007713271304965019,0.9844306111335754,0.0020588375627994537,20.67949761284722,29.21674354569896,61.62041374194769,0.39309587333197166,0.9303860134548612,0.01165771484375,4.975362113157288,1.2486918875251616,22.04025607638889,18.95370144314236,25.988606770833332,28.715049549620627,29.497985991762857,30.96130130793784
HAM10000,ISIC_0031732,nv,nv,True,Phase 4B processed HAM JPG; model Resize(384x384),600,450,600.0,450.0,1.3333333333333333,384,384,0.9589124321937561,0.20938463547472974,0.9289416316896677,0.029970800504088402,0.00020527206652332097,0.0015197321772575378,0.005002513062208891,0.0008071236661635339,0.029970800504088402,0.9589124321937561,0.0035821241326630116,53.047824435763886,53.28400535232606,192.73834074495565,0.3231626689304194,0.4646945529513889,0.019382052951388888,6.7277896289384405,0.9561823270112996,52.909688313802086,52.58141411675347,55.814053005642364,52.222230958134475,53.89390789566738,58.264625093336555
HAM10000,ISIC_0031733,nv,nv,True,Phase 4B processed HAM JPG; model Resize(384x384),600,450,600.0,450.0,1.3333333333333333,384,384,0.8171993494033813,0.5131975568112557,0.6409845948219299,0.0022074116859585047,0.0004954345640726388,0.0003813495859503746,0.17621475458145142,0.0011792368022724986,0.0022074116859585047,0.8171993494033813,0.0023224016185849905,60.747158474392364,35.49259251156512,102.99732714063592,0.564898242825776,0.0967068142361111,0.01385498046875,6.679510842713335,0.5130955612129883,40.652553982204864,65.66874186197917,88.10671657986111,34.04570777573056,36.498721803425134,43.39612030859992
HAM10000,ISIC_0031737,nv,nv,True,Phase 4B processed HAM JPG; model Resize(384x384),600,450,600.0,450.0,1.3333333333333333,384,384,0.8957048058509827,0.3570741533867595,0.7953075990080833,0.0009794653160497546,0.0012237351620569825,0.10039720684289932,0.0004501870134845376,0.0006864531897008419,0.0009794653160497546,0.8957048058509827,0.0005580825381912291,95.12494574652777,40.390088548141904,783.2988530969546,0.3850172387748502,0.027106391059027776,0.01513671875,7.2545253500450935,0.3284765008203945,119.29520670572917,83.84033881293402,89.82871500651042,45.139386873483424,42.84938091851471,42.917179663487495
HAM10000,ISIC_0031744,nv,nv,True,Phase 4B processed HAM JPG; model Resize(384x384),600,450,600.0,450.0,1.3333333333333333,384,384,0.9295612573623657,0.3213745832258635,0.8804883807897568,0.04907287657260895,0.0007321487064473331,0.013807889074087143,0.0016370827797800303,0.0017701084725558758,0.04907287657260895,0.9295612573623657,0.0034186439588665962,32.37791612413194,45.762122136274165,85.71108647169154,0.3779868398097086,0.7828301323784722,0.014946831597222222,5.860616571822057,1.3367963021360187,32.469272189670136,31.42232937282986,37.102132161458336,41.477352536849786,47.05923563175888,52.641649437899524
HAM10000,ISIC_0031748,nv,nv,True,Phase 4B processed HAM JPG; model Resize(384x384),600,450,600.0,450.0,1.3333333333333333,384,384,0.5753369927406311,0.8521989321325806,0.20676228404045105,0.36857470870018005,0.00025518995244055986,0.00028579914942383766,0.05537541210651398,5.225160566624254e-05,0.36857470870018005,0.5753369927406311,0.00011960510892095044,41.71598985460069,46.561181362637754,133.8105593476398,0.3775996721388208,0.5479465060763888,0.01617431640625,6.309978717408422,1.0128076696683082,39.85071478949653,43.265055338541664,38.638278537326386,45.2571927182376,46.95556131141039,52.745240553740715
HAM10000,ISIC_0031767,nv,nv,True,Phase 4B processed HAM JPG; model Resize(384x384),600,450,600.0,450.0,1.3333333333333333,384,384,0.9726253747940063,0.16192897666831235,0.9573507886379957,0.015274586156010628,0.0025216685608029366,0.0014824125682935119,0.004865393042564392,0.002364266198128462,0.015274586156010628,0.9726253747940063,0.0008663740591146052,41.726596408420136,44.428108100343984,117.2211628548893,0.42557835797079246,0.51739501953125,0.016282823350694444,6.404223685944754,0.9972077716975944,49.22044542100694,37.79332817925347,42.32293701171875,40.758757017453924,46.03381967006232,49.57790402316441
HAM10000,ISIC_0031772,nv,nv,True,Phase 4B processed HAM JPG; model Resize(384x384),600,450,600.0,450.0,1.3333333333333333,384,384,0.9965255856513977,0.02794267543316785,0.9950477140955627,0.0011782619403675199,0.00020515150390565395,0.00032719154842197895,0.0014778715558350086,0.00012491770030464977,0.0011782619403675199,0.9965255856513977,0.00016102528024930507,49.24669053819444,58.86869257417688,175.5171789585808,0.3670321861383442,0.60302734375,0.024169921875,6.481251445060376,1.13776028622546,54.044331868489586,46.23725043402778,52.15454779730903,54.89047310879043,60.243221875994664,64.6838380758271
HAM10000,ISIC_0031782,nv,nv,True,Phase 4B processed HAM JPG; model Resize(384x384),600,450,600.0,450.0,1.3333333333333333,384,384,0.9909651279449463,0.06493323602819062,0.9873454878106713,0.0036196401342749596,0.000691495428327471,0.0020846829283982515,0.0018668738193809986,0.0005857194191776216,0.0036196401342749596,0.9909651279449463,0.00018647732213139534,40.8104248046875,44.90718152019047,153.59448734877842,0.43895965775633167,0.5567694769965278,0.019687228732638888,6.326160531219166,1.0339463729079097,49.825724283854164,36.271999782986114,40.525417751736114,42.29464751965085,45.715635353934175,50.73736182616318
HAM10000,ISIC_0031828,nv,nv,True,Phase 4B processed HAM JPG; model Resize(384x384),600,450,600.0,450.0,1.3333333333333333,384,384,0.9550176858901978,0.19278910826070017,0.9118096381425858,0.043208047747612,2.6711926693678834e-05,9.35986900003627e-05,0.00012351470650173724,0.00042525469325482845,0.043208047747612,0.9550176858901978,0.0011051831534132361,56.361958821614586,66.97071869978741,117.48527659967911,0.3230319552951389,0.6693522135416666,0.027865939670138888,6.554652846648768,1.131290014443753,50.7633056640625,57.14288330078125,67.05866156684027,59.995978829199956,70.09193204215441,72.58248507645975
HAM10000,ISIC_0031844,mel,nv,False,Phase 4B processed HAM JPG; model Resize(384x384),600,450,600.0,450.0,1.3333333333333333,384,384,0.8419798016548157,0.5983502456747624,0.7396363690495491,0.028020154684782028,0.021610049530863762,0.0027920377906411886,0.10234343260526657,0.0020347347017377615,0.028020154684782028,0.8419798016548157,0.0012197509640827775,43.415378146701386,46.478458138290016,125.93057028889474,0.40122852200776143,0.5392252604166666,0.017008463541666668,6.543884117372307,0.9881981871436633,48.791280110677086,41.157748752170136,40.92877875434028,45.3285223130837,47.479895662492495,49.667969008374186
HAM10000,ISIC_0031859,nv,nv,True,Phase 4B processed HAM JPG; model Resize(384x384),600,450,600.0,450.0,1.3333333333333333,384,384,0.9491340517997742,0.2626253687034105,0.9246127009391785,0.024521350860595703,0.0023298044688999653,0.010772907175123692,0.012868325226008892,0.000229782541282475,0.024521350860595703,0.9491340517997742,0.00014379425556398928,74.92846001519098,55.575298825558335,190.82207025256423,0.269992989600354,0.29901123046875,0.017564561631944444,7.418561955946123,0.6916948963405808,73.67740885416667,74.08406575520833,82.55230034722223,54.33900612291322,56.03338729311376,59.729913682890505
HAM10000,ISIC_0031878,nv,nv,True,Phase 4B processed HAM JPG; model Resize(384x384),600,450,600.0,450.0,1.3333333333333333,384,384,0.9885916113853455,0.07178293195265964,0.9797800341621041,0.00881157722324133,5.5638774938415736e-05,8.450823952443898e-05,0.0006147552048787475,0.0008144183084368706,0.00881157722324133,0.9885916113853455,0.001027512364089489,88.42024739583333,60.31297968364581,514.8055912372139,0.35247486255787036,0.12546793619791666,0.023661295572916668,7.61095928516642,0.6110073427614893,101.0062255859375,81.47039116753473,91.19528537326389,55.7083070556983,63.77569547466933,62.437589095232546
HAM10000,ISIC_0031880,nv,nv,True,Phase 4B processed HAM JPG; model Resize(384x384),600,450,600.0,450.0,1.3333333333333333,384,384,0.7691534757614136,0.6278325003748253,0.5594937652349472,0.01646195910871029,0.0026110270991921425,0.0005388159188441932,0.20965971052646637,0.0009512086398899555,0.01646195910871029,0.7691534757614136,0.0006238178466446698,50.081210666232636,37.91124765447253,115.79546756196171,0.4105897724758306,0.3175523546006944,0.01202392578125,6.8424803714513125,0.6657099448036928,61.11552598741319,46.57982720269097,39.171054416232636,42.52364307180771,37.185532630796075,35.48896539199525
HAM10000,ISIC_0031886,nv,nv,True,Phase 4B processed HAM JPG; model Resize(384x384),600,450,600.0,450.0,1.3333333333333333,384,384,0.9978499412536621,0.01745721355674129,0.9963066410273314,6.721452518831939e-05,5.214264820097014e-05,3.874912727042101e-05,0.0015433002263307571,0.00019147637067362666,6.721452518831939e-05,0.9978499412536621,0.0002571568766143173,90.79010687934027,56.75394864352059,509.99616602021786,0.2973463669321895,0.050713433159722224,0.027920193142361112,7.448877404373203,0.5824111411327657,102.41204155815973,85.69429524739583,86.53939480251736,53.260378542524,59.690743840066965,58.856969487309776
HAM10000,ISIC_0031894,nv,nv,True,Phase 4B processed HAM JPG; model Resize(384x384),600,450,600.0,450.0,1.3333333333333333,384,384,0.6981600522994995,0.6271202555093452,0.39847105741500854,0.29968899488449097,6.157562165753916e-05,8.615979459136724e-05,0.0001700157590676099,0.0015958294970914721,0.29968899488449097,0.6981600522994995,0.00023743062047287822,52.36932373046875,51.21022431217429,117.65923150155095,0.2987255221098856,0.3692626953125,0.023050944010416668,6.858169334202038,0.9189509153887327,52.647006564670136,50.69245062934028,60.261501736111114,46.05033231594325,53.74135916470416,56.00504707075137
HAM10000,ISIC_0031898,nv,nv,True,Phase 4B processed HAM JPG; model Resize(384x384),600,450,600.0,450.0,1.3333333333333333,384,384,0.9818823933601379,0.11124669125815881,0.9722821731120348,0.009600220248103142,5.314415102475323e-05,0.00015317817451432347,0.0006705942214466631,0.002308821538463235,0.009600220248103142,0.9818823933601379,0.005331599153578281,42.13195122612847,51.827933673149175,124.19742430121073,0.3596104441125409,0.6856214735243056,0.021796332465277776,6.090996784194177,1.163730230221315,47.86969672309028,38.31324598524306,46.73210991753472,49.27965039816932,52.63055683229777,56.29750018722808
HAM10000,ISIC_0031908,mel,nv,False,Phase 4B processed HAM JPG; model Resize(384x384),600,450,600.0,450.0,1.3333333333333333,384,384,0.6660641431808472,0.6605938672147823,0.3356938660144806,0.3303702771663666,0.00014370103599503636,0.00019337089906912297,0.0004166256985627115,0.0005174873513169587,0.3303702771663666,0.6660641431808472,0.002294437261298299,51.72107611762153,63.01551948691093,67.00031226169732,0.40591495821418844,0.6802639431423612,0.021240234375,6.465326464941496,1.163827146517946,37.25592719184028,57.26708984375,61.14085557725694,48.94407384731505,71.13079444163532,70.49004880828767
HAM10000,ISIC_0031913,nv,nv,True,Phase 4B processed HAM JPG; model Resize(384x384),600,450,600.0,450.0,1.3333333333333333,384,384,0.40220847725868225,1.162539444793376,0.030952274799346924,0.2020457237958908,0.02047964558005333,0.0026784860529005527,0.3712562024593353,0.0007408889941871166,0.2020457237958908,0.40220847725868225,0.0005906882579438388,77.55746799045139,51.42902765330199,316.55513103343077,0.24857768139808006,0.15561930338541666,0.018208821614583332,7.500214049053937,0.565077584886876,81.61707221137152,75.88957383897569,75.49492730034723,52.419638899568646,52.07829578052697,50.797671103338885
HAM10000,ISIC_0031919,nv,bkl,False,Phase 4B processed HAM JPG; model Resize(384x384),600,450,600.0,450.0,1.3333333333333333,384,384,0.5584123134613037,1.1277859416515956,0.30250275135040283,0.2559095621109009,0.05555415153503418,0.0031375964172184467,0.5584123134613037,0.0012901842128485441,0.2559095621109009,0.12472037225961685,0.0009757861844263971,11.03936767578125,40.36290625469661,127.9316331475145,0.6101429525803377,0.9444986979166666,0.0225830078125,3.4132721584908947,2.8512096884719362,10.096605088975695,11.210137261284721,12.738328721788195,42.80483435626047,39.70242609867726,39.12224271830857
HAM10000,ISIC_0031926,nv,nv,True,Phase 4B processed HAM JPG; model Resize(384x384),600,450,600.0,450.0,1.3333333333333333,384,384,0.9218127131462097,0.3583248662167843,0.8787423558533192,0.02565029263496399,0.0061148302629590034,0.0007835108553990722,0.04307035729289055,0.0013804862974211574,0.02565029263496399,0.9218127131462097,0.0011877315118908882,52.026265462239586,51.778910943046846,153.72749814703872,0.35033786083877994,0.4123602973090278,0.016771104600694444,6.756527134862277,0.9379166716766252,44.561191134982636,54.864345974392364,56.99589708116319,45.41103927773781,54.703741605595546,59.27247684851957
HAM10000,ISIC_0031954,nv,nv,True,Phase 4B processed HAM JPG; model Resize(384x384),600,450,600.0,450.0,1.3333333333333333,384,384,0.9747536182403564,0.139438248001493,0.9580800402909517,0.016673577949404716,7.557278877357021e-05,0.000613295123912394,0.000288007635390386,0.0004053633310832083,0.016673577949404716,0.9747536182403564,0.007190501783043146,45.268948025173614,52.90345323227832,162.79334682888458,0.39164007182734206,0.5223931206597222,0.025790744357638888,6.296699042066172,1.0750618019471805,52.3741455078125,40.898173014322914,49.1170654296875,48.73691734226826,55.39674182578736,54.113494861877534
HAM10000,ISIC_0031957,mel,mel,True,Phase 4B processed HAM JPG; model Resize(384x384),600,450,600.0,450.0,1.3333333333333333,384,384,0.6400017142295837,0.7929472769490573,0.3118414580821991,0.6400017142295837,0.0058426340110599995,0.0027625614311546087,0.021215511485934258,0.001555721741169691,0.6400017142295837,0.32816025614738464,0.0004616703372448683,49.043056911892364,43.459283016073506,159.55859366887145,0.4654488889739924,0.3373684353298611,0.015252007378472222,6.692433696982559,0.8216341548025237,58.59147813585069,46.457180447048614,37.308492024739586,43.98882468144422,43.59528210959318,44.28868727045938
HAM10000,ISIC_0031965,nv,df,False,Phase 4B processed HAM JPG; model Resize(384x384),600,450,600.0,450.0,1.3333333333333333,384,384,0.9007636904716492,0.4148827133236984,0.8292392045259476,0.0007976751076057553,0.002362885745242238,0.0019704126752913,0.007324547041207552,0.9007636904716492,0.0007976751076057553,0.0715244859457016,0.015256351791322231,82.8759765625,50.93877290098678,122.8099206595877,0.3284019852515659,0.15126546223958334,0.013726128472222222,7.574180935092721,0.5530216669228755,97.31400553385417,77.42107476128473,73.09714084201389,57.858375128470385,50.0343683062092,49.31266025408025
HAM10000,ISIC_0031974,nv,nv,True,Phase 4B processed HAM JPG; model Resize(384x384),600,450,600.0,450.0,1.3333333333333333,384,384,0.9529185891151428,0.23975429005395218,0.9202477596700191,0.00295112282037735,0.00046149545232765377,0.002441792981699109,0.03267082944512367,0.004818294662982225,0.00295112282037735,0.9529185891151428,0.003737862454727292,31.37326388888889,34.0107013646555,106.8659600018995,0.36081835511982574,0.6873033311631944,0.013800726996527778,5.659457222545145,1.0120449968123644,33.152988009982636,29.313184950086807,37.31049262152778,32.71334822384406,34.943915665885115,34.9507889333916
HAM10000,ISIC_0031992,nv,nv,True,Phase 4B processed HAM JPG; model Resize(384x384),600,450,600.0,450.0,1.3333333333333333,384,384,0.9888140559196472,0.07380678901756633,0.9816153673455119,0.0071986885741353035,0.0004481118230614811,0.0021842485293745995,0.00021458689298015088,0.0005901834811083972,0.0071986885741353035,0.9888140559196472,0.000550111464690417,32.597249348958336,39.91425945963207,66.62962028053072,0.3469028182019336,0.73162841796875,0.015801323784722224,5.852599910262478,1.1563186401300276,35.38914659288194,31.041578504774307,33.29765489366319,35.74145538395093,41.77211689520838,43.92222693236484
HAM10000,ISIC_0032001,nv,nv,True,Phase 4B processed HAM JPG; model Resize(384x384),600,450,600.0,450.0,1.3333333333333333,384,384,0.9648892283439636,0.1585472919477653,0.9310234859585762,0.03386574238538742,6.1887758420198224e-06,2.6673613319871947e-05,0.00017224349721800536,0.00014618117711506784,0.03386574238538742,0.9648892283439636,0.0008937209495343268,62.431376139322914,65.50169558517632,162.9624766695923,0.29061242064099946,0.5137125651041666,0.03712293836805555,6.769810273800037,1.0139080406767935,63.71631537543403,61.100070529513886,65.88652886284723,59.57578840886276,68.71086527019993,66.50174890708206
HAM10000,ISIC_0032037,nv,nv,True,Phase 4B processed HAM JPG; model Resize(384x384),600,450,600.0,450.0,1.3333333333333333,384,384,0.9816259145736694,0.12121814667111976,0.9763268483802676,0.0006587373791262507,0.00099275226239115,0.0052990661934018135,0.004414583556354046,0.0036993445828557014,0.0006587373791262507,0.9816259145736694,0.0033096005208790302,90.23757595486111,57.64478930663612,481.1181428288512,0.3083686246851171,0.0993923611111111,0.023878309461805556,7.636335034794444,0.5938756681075207,101.56033664279514,84.06943088107639,92.29621039496527,55.02558437562462,59.947062623249124,60.0389936610919
HAM10000,ISIC_0032068,nv,nv,True,Phase 4B processed HAM JPG; model Resize(384x384),600,450,600.0,450.0,1.3333333333333333,384,384,0.9559340476989746,0.19512756058098507,0.9149061888456345,0.04102785885334015,0.00011125784658361226,0.0002127862098859623,0.0004757894785143435,0.0019207736477255821,0.04102785885334015,0.9559340476989746,0.0003175637684762478,51.867228190104164,57.02223533881661,158.67972834242715,0.34147927942878537,0.5287611219618056,0.022725423177083332,6.686612951797812,1.0321029973662281,54.614230685763886,50.254909939236114,52.94953070746528,51.4213429735061,59.47929119935634,61.881396450091756
HAM10000,ISIC_0032073,nv,nv,True,Phase 4B processed HAM JPG; model Resize(384x384),600,450,600.0,450.0,1.3333333333333333,384,384,0.5717523694038391,0.8654569855396769,0.1863936185836792,0.02758333645761013,0.00015291752060875297,0.002862888155505061,0.00900102686136961,0.003288734471425414,0.02758333645761013,0.5717523694038391,0.3853587508201599,45.82379828559028,38.873859956210616,158.0892271145166,0.41654704307938456,0.21693250868055555,0.016181098090277776,5.8987301275183865,0.7598686639892781,48.23176405164931,41.22246636284722,63.21742078993056,39.95500708339974,39.11267785990841,38.11262263947862
HAM10000,ISIC_0032075,nv,nv,True,Phase 4B processed HAM JPG; model Resize(384x384),600,450,600.0,450.0,1.3333333333333333,384,384,0.9325131177902222,0.32168302575870644,0.8923043757677078,0.01521315611898899,0.0014019766822457314,0.0007160597015172243,0.008886762894690037,0.001060336478985846,0.01521315611898899,0.9325131177902222,0.04020874202251434,52.66053602430556,49.7420919818421,153.09561052127384,0.3713508689065904,0.4179823133680556,0.015353732638888888,6.89176953195636,0.8741869517631096,47.34386528862847,53.90947808159722,60.174587673611114,42.05216504088067,55.02538832341951,53.783268494859314
HAM10000,ISIC_0032091,nv,nv,True,Phase 4B processed HAM JPG; model Resize(384x384),600,450,600.0,450.0,1.3333333333333333,384,384,0.9921061992645264,0.0551413919765683,0.9884841602761298,0.001442859647795558,2.1193174688960426e-05,5.369751306716353e-05,0.0026344587095081806,0.00011959941184613854,0.001442859647795558,0.9921061992645264,0.0036220389883965254,67.42890082465277,65.05927340691248,265.1822753200928,0.32007192308346955,0.3833346896701389,0.026753743489583332,7.147070175883318,0.9152498650605179,60.75916205512153,68.96211751302083,77.03910319010417,58.04339111407347,69.0211696805369,67.26726846470783
HAM10000,ISIC_0032115,nv,nv,True,Phase 4B processed HAM JPG; model Resize(384x384),600,450,600.0,450.0,1.3333333333333333,384,384,0.9865619540214539,0.08455649348770448,0.9793577091768384,0.0072042448446154594,3.380914859008044e-05,0.00011260165774729103,0.00035298813600093126,0.0051467567682266235,0.0072042448446154594,0.9865619540214539,0.0005876902723684907,48.0069580078125,46.92381333272284,166.7301533714765,0.2935557778884123,0.3590291341145833,0.020880805121527776,6.472957950553152,0.9173760541707987,48.267055935329864,46.60008409288194,54.574849446614586,46.39189758036687,47.81761720861091,46.36409697929922
HAM10000,ISIC_0032122,nv,nv,True,Phase 4B processed HAM JPG; model Resize(384x384),600,450,600.0,450.0,1.3333333333333333,384,384,0.8340843915939331,0.533912387214878,0.6895662695169449,0.14451812207698822,0.01250513456761837,0.001017501694150269,0.007083583623170853,0.0004910715506412089,0.14451812207698822,0.8340843915939331,0.0003001860168296844,61.494181315104164,62.014981719576156,187.75159717415585,0.2547101853979439,0.3553534613715278,0.025648328993055556,6.585239822770723,0.9518819403775038,56.37682427300347,63.53466118706597,64.40586344401042,59.77156678657943,63.34776943899182,63.834683066708415
HAM10000,ISIC_0032134,mel,mel,True,Phase 4B processed HAM JPG; model Resize(384x384),600,450,600.0,450.0,1.3333333333333333,384,384,0.5659879446029663,0.9957496418901464,0.2240372598171234,0.5659879446029663,0.003558135824277997,0.024268001317977905,0.0594511404633522,0.0015125063946470618,0.5659879446029663,0.3419506847858429,0.0032715124543756247,55.495402018229164,57.548049142319876,100.67706800316587,0.38688885059232025,0.5318603515625,0.02215576171875,6.993060277183785,0.9537395194778878,48.599026150173614,56.888468424479164,66.43455674913194,55.41775360311141,59.1242867719574,58.03506721961353
HAM10000,ISIC_0032141,nv,nv,True,Phase 4B processed HAM JPG; model Resize(384x384),600,450,600.0,450.0,1.3333333333333333,384,384,0.948512852191925,0.26715857766619816,0.920608788728714,0.00470325443893671,0.01239747740328312,0.004786659963428974,0.02790406346321106,0.0006503394688479602,0.00470325443893671,0.948512852191925,0.0010453464929014444,60.380764431423614,50.50136690043494,97.77577673022945,0.30355096954146243,0.24314371744791666,0.018093532986111112,7.02669284158754,0.7686484692243427,67.40523274739583,57.65196397569444,56.00404188368056,48.381747127895494,51.70840538797211,52.4155685781157
HAM10000,ISIC_0032151,nv,mel,False,Phase 4B processed HAM JPG; model Resize(384x384),600,450,600.0,450.0,1.3333333333333333,384,384,0.6060184240341187,0.8291872971315576,0.24520686268806458,0.6060184240341187,0.005526998080313206,0.0058490862138569355,0.01610260084271431,0.004312845412641764,0.6060184240341187,0.3608115613460541,0.0013784682378172874,90.08181423611111,51.30178160556996,391.36498314248,0.3561301104643246,0.060112847222222224,0.016764322916666668,7.501832577551734,0.4930186764171452,106.03361680772569,84.83401150173611,75.25745307074652,55.5151369982763,52.054130567365895,47.35447437875078
HAM10000,ISIC_0032153,nv,nv,True,Phase 4B processed HAM JPG; model Resize(384x384),600,450,600.0,450.0,1.3333333333333333,384,384,0.8105595707893372,0.6919419512010347,0.7120833918452263,0.048996828496456146,0.0001396954176016152,0.001309952000156045,0.0013228071620687842,0.09847617894411087,0.048996828496456146,0.8105595707893372,0.03919503092765808,107.56492784288194,46.88443918133509,583.9715802093715,0.35667168777233116,0.018805609809027776,0.019992404513888888,7.389621369445457,0.3683084667229544,129.9814249674479,93.75404188368056,119.89242892795139,41.61750877243761,50.89412625847763,50.875997728072605
HAM10000,ISIC_0032160,nv,nv,True,Phase 4B processed HAM JPG; model Resize(384x384),600,450,600.0,450.0,1.3333333333333333,384,384,0.9819750189781189,0.1178119564543389,0.9765747925266623,0.003079962683841586,0.00040360880666412413,0.005400226451456547,0.0004954786272719502,0.004775000270456076,0.003079962683841586,0.9819750189781189,0.0038706909399479628,44.950893825954864,45.952261616203394,158.23562207634066,0.4377132640165441,0.4688856336805556,0.019388834635416668,6.448355235804839,0.9683381057802315,51.73035346137153,39.691928439670136,54.229709201388886,41.921500306331765,47.573438426098,52.28821079800465
HAM10000,ISIC_0032186,nv,bkl,False,Phase 4B processed HAM JPG; model Resize(384x384),600,450,600.0,450.0,1.3333333333333333,384,384,0.40686094760894775,1.3335294782455869,0.06324446201324463,0.1504451334476471,0.06399865448474884,0.0044021992944180965,0.40686094760894775,0.02806837111711502,0.1504451334476471,0.3436164855957031,0.0026082168333232403,70.09703911675348,50.48813794287624,242.50196924359523,0.2679785900905501,0.17384847005208334,0.018608940972222224,7.329583062110908,0.6296688972665955,73.58466932508681,68.27909342447917,70.31123182508681,48.54319553595514,51.93404282163589,53.27559051419952
HAM10000,ISIC_0032202,nv,nv,True,Phase 4B processed HAM JPG; model Resize(384x384),600,450,600.0,450.0,1.3333333333333333,384,384,0.8441209197044373,0.5414293232251643,0.7176077216863632,0.12651319801807404,0.0004498623893596232,0.0036152852699160576,0.01776033639907837,0.0022491703275591135,0.12651319801807404,0.8441209197044373,0.0052911206148564816,40.39558241102431,43.64643762341331,145.86151795254813,0.3466252212690632,0.5282999674479166,0.014980740017361112,6.180413095851281,1.0115453343113123,43.11284722222222,37.80280219184028,46.61168077256944,40.71628584533878,44.89209111389985,47.99438265964523
HAM10000,ISIC_0032205,nv,nv,True,Phase 4B processed HAM JPG; model Resize(384x384),600,450,600.0,450.0,1.3333333333333333,384,384,0.9748073220252991,0.1450936911904141,0.9641239335760474,0.00021113443654030561,3.0062436053412966e-05,6.096547076595016e-05,0.010036114603281021,0.010683388449251652,0.00021113443654030561,0.9748073220252991,0.004170926753431559,77.97579616970486,57.22976335002951,552.994817500819,0.33625927096098857,0.09095594618055555,0.031019422743055556,7.191796690140097,0.697873382368987,88.93119981553819,72.41647677951389,77.85139973958333,52.46090789832908,60.32105554962692,59.47827742778767
HAM10000,ISIC_0032251,nv,bcc,False,Phase 4B processed HAM JPG; model Resize(384x384),600,450,600.0,450.0,1.3333333333333333,384,384,0.8267565965652466,0.7475599344293281,0.7828865833580494,0.005430980119854212,0.03953661397099495,0.8267565965652466,0.02279282547533512,0.041146714240312576,0.005430980119854212,0.020466305315494537,0.04387001320719719,66.53963894314236,42.28825997080459,257.5777636100021,0.3076163896548203,0.1729193793402778,0.010748969184027778,7.196484748117586,0.5491328582331946,76.99302164713542,61.628804524739586,64.40119764539931,45.8475097792924,41.62645973621709,41.2062148054677
HAM10000,ISIC_0032252,nv,nv,True,Phase 4B processed HAM JPG; model Resize(384x384),600,450,600.0,450.0,1.3333333333333333,384,384,0.9889481067657471,0.07059933460486287,0.9809040362015367,0.008044070564210415,2.7553123800316826e-05,3.621789437602274e-05,0.0015400241827592254,0.0006019053980708122,0.008044070564210415,0.9889481067657471,0.0008020810782909393,61.432217068142364,60.035201449396624,157.93821006787962,0.3766887191074346,0.4895222981770833,0.020758734809027776,7.07133805804,0.9300140895487439,53.44493272569444,62.580790201822914,76.47814263237848,53.41338081454538,62.67960389412132,68.04396807568409
HAM10000,ISIC_0032253,nv,bcc,False,Phase 4B processed HAM JPG; model Resize(384x384),600,450,600.0,450.0,1.3333333333333333,384,384,0.7746288180351257,0.8398778490730053,0.6648703366518021,0.0022536253090947866,0.10975848138332367,0.7746288180351257,0.03758009523153305,0.019726714119315147,0.0022536253090947866,0.04772802069783211,0.008324314840137959,45.048177083333336,35.66684271272843,233.04514422971337,0.439243477881604,0.3403388129340278,0.014241536458333334,6.38347184469571,0.6949374896556816,53.22595893012153,41.10748969184028,43.875691731770836,34.24406034097136,37.86014347826362,36.70856993830467
HAM10000,ISIC_0032256,nv,nv,True,Phase 4B processed HAM JPG; model Resize(384x384),600,450,600.0,450.0,1.3333333333333333,384,384,0.9972687363624573,0.020084297136352583,0.9948657795321196,0.0024029568303376436,3.4641354886844056e-06,5.302849785948638e-06,5.1505150622688234e-05,1.026151585392654e-05,0.0024029568303376436,0.9972687363624573,0.00025776113034226,69.19758436414931,70.38883088547989,269.14691169155225,0.2812310644744009,0.4516737196180556,0.030320909288194444,6.978190486650365,0.9521058960984948,68.42745632595486,68.612060546875,74.22197129991319,65.6437944317569,73.29205142003369,71.5210969192524
HAM10000,ISIC_0032262,nv,nv,True,Phase 4B processed HAM JPG; model Resize(384x384),600,450,600.0,450.0,1.3333333333333333,384,384,0.9762949347496033,0.12782769529441085,0.95814074203372,0.018154192715883255,0.00015652859292458743,5.8949211961589754e-05,0.0049124485813081264,0.0002575684629846364,0.018154192715883255,0.9762949347496033,0.00016532714653294533,47.75555419921875,44.00141210514242,144.30720037180515,0.3516916445397603,0.3818020290798611,0.018649631076388888,6.599529873832921,0.8582412875073507,45.7333984375,46.705240885416664,58.458964029947914,39.2590200166157,46.41840210659019,48.554451643306265
HAM10000,ISIC_0032263,nv,nv,True,Phase 4B processed HAM JPG; model Resize(384x384),600,450,600.0,450.0,1.3333333333333333,384,384,0.9561615586280823,0.1854383487908056,0.9131964668631554,0.04296509176492691,4.567099313135259e-05,0.00014150326023809612,0.0003801644779741764,7.269751222338527e-05,0.04296509176492691,0.9561615586280823,0.00023329943360295147,38.0198974609375,46.97735985566433,110.41699896693045,0.3328243347034995,0.6297336154513888,0.025200737847222224,5.985700554473856,1.166676124339723,39.123196072048614,36.26641845703125,44.15034315321181,44.09677747975171,48.576948737838805,48.070715632910954
HAM10000,ISIC_0032291,nv,nv,True,Phase 4B processed HAM JPG; model Resize(384x384),600,450,600.0,450.0,1.3333333333333333,384,384,0.5972490906715393,1.0342885886553665,0.3794560581445694,0.2177930325269699,0.014100925996899605,0.16472020745277405,0.0008288269746117294,0.0023290470708161592,0.2177930325269699,0.5972490906715393,0.0029788967221975327,74.15281168619792,54.72177284773778,158.0936794092902,0.4180707412088099,0.23974609375,0.018846299913194444,7.503544543460034,0.6439514759592098,62.795742458767364,76.04755995008681,94.18972439236111,51.99230058626479,56.65247262717413,56.16524504693399
HAM10000,ISIC_0032297,nv,nv,True,Phase 4B processed HAM JPG; model Resize(384x384),600,450,600.0,450.0,1.3333333333333333,384,384,0.9901009798049927,0.06274079100189335,0.9819570742547512,0.00814390555024147,0.00020825544197577983,0.0007573163020424545,0.000280786189250648,0.00025366918998770416,0.00814390555024147,0.9901009798049927,0.0002551599172875285,75.76093207465277,62.52505565357619,218.05423309364252,0.3047109566482843,0.2668321397569444,0.027018229166666668,7.475183539825262,0.769501545572832,80.72953287760417,72.29644775390625,80.55811903211806,58.68983309733297,64.6462331457957,65.85714282989969
HAM10000,ISIC_0032301,nv,nv,True,Phase 4B processed HAM JPG; model Resize(384x384),600,450,600.0,450.0,1.3333333333333333,384,384,0.9613026976585388,0.21410939214467437,0.9438754413276911,0.013806303963065147,0.0024729177821427584,0.0024062148295342922,0.01742725633084774,0.0016028846148401499,0.013806303963065147,0.9613026976585388,0.000981739372946322,56.98943413628472,40.348127319156596,258.4201786775648,0.3625643595111656,0.19889322916666666,0.01470947265625,6.857293338959397,0.627780601206356,63.13227674696181,54.22102186414931,55.13409423828125,37.403690611819776,42.494559757993805,43.92670582596628
HAM10000,ISIC_0032322,nv,nv,True,Phase 4B processed HAM JPG; model Resize(384x384),600,450,600.0,450.0,1.3333333333333333,384,384,0.9080016016960144,0.3364639878438981,0.8237090930342674,0.08429250866174698,4.269823693903163e-05,4.011128476122394e-05,0.007031543180346489,8.829823491396382e-05,0.08429250866174698,0.9080016016960144,0.0005031833425164223,99.28354899088542,51.99611144129281,273.61606163448755,0.20750447857094226,0.030877007378472224,0.03082275390625,7.059091498955053,0.4744354440304493,98.41948106553819,98.22144232855902,107.00800916883681,45.981981517016884,54.259955239005706,60.61873096911929
HAM10000,ISIC_0032324,nv,nv,True,Phase 4B processed HAM JPG; model Resize(384x384),600,450,600.0,450.0,1.3333333333333333,384,384,0.9957190155982971,0.03375240557457906,0.9941145334159955,0.001604482182301581,8.885462011676282e-05,0.00047567556612193584,0.0014481139369308949,0.0005073439097031951,0.001604482182301581,0.9957190155982971,0.00015655506285838783,98.76858181423611,61.922346431764716,315.22929290925833,0.2568139967575572,0.13633897569444445,0.026292588975694444,7.745888877882414,0.5832789240578142,99.05593532986111,96.77608913845486,108.28750271267361,56.632316958055625,64.32466196894488,67.68739778547871
HAM10000,ISIC_0032375,nv,nv,True,Phase 4B processed HAM JPG; model Resize(384x384),600,450,600.0,450.0,1.3333333333333333,384,384,0.5317473411560059,0.6981634085835458,0.06431147456169128,0.4674358665943146,1.6462929124827497e-05,4.763706965604797e-05,0.00035544720594771206,0.00012575232540257275,0.4674358665943146,0.5317473411560059,0.00027146836509928107,63.538553873697914,47.26758725417939,125.79318648535344,0.3078164094413807,0.06483289930555555,0.016689724392361112,6.508379136344372,0.6947780688244433,57.012736002604164,63.64203559027778,80.14408365885417,43.97472172427277,48.50487649923422,52.58774230486458
HAM10000,ISIC_0032400,mel,mel,True,Phase 4B processed HAM JPG; model Resize(384x384),600,450,600.0,450.0,1.3333333333333333,384,384,0.8241809010505676,0.5303585619106456,0.6645621061325073,0.8241809010505676,0.0002764818782452494,0.001219895319081843,0.013256755657494068,0.000419940915890038,0.8241809010505676,0.1596187949180603,0.0010272548533976078,45.070590549045136,40.922390744299875,123.02764489621293,0.457001756323189,0.3955552842881944,0.011203342013888888,6.470976354248329,0.7762070234788989,35.19695366753472,48.24224853515625,54.647976345486114,40.26410310104919,42.76000808965729,43.66136662637857
HAM10000,ISIC_0032430,mel,bkl,False,Phase 4B processed HAM JPG; model Resize(384x384),600,450,600.0,450.0,1.3333333333333333,384,384,0.772185742855072,0.7280352781131658,0.6048623621463776,0.16732338070869446,0.010592673905193806,0.011046954430639744,0.772185742855072,0.00042210816172882915,0.16732338070869446,0.0378996878862381,0.0005294422735460103,73.59499782986111,44.64836795452438,232.51551645768828,0.3195483238868464,0.12043592664930555,0.017313639322916668,7.279951554909015,0.520079223811878,76.2694091796875,74.40674506293402,62.399169921875,46.059489639973435,45.65058795197831,44.06509723020391
HAM10000,ISIC_0032435,nv,nv,True,Phase 4B processed HAM JPG; model Resize(384x384),600,450,600.0,450.0,1.3333333333333333,384,384,0.9733524322509766,0.14634264045361522,0.9555093478411436,0.017843084409832954,0.00014603027375414968,0.00028591344016604125,0.006893306504935026,0.001246812054887414,0.017843084409832954,0.9733524322509766,0.00023244594922289252,82.86648220486111,68.27435542864025,144.45953474069637,0.3116354815580746,0.3184271918402778,0.030192057291666668,7.614514749128103,0.7882660499748287,76.49639214409723,83.99641248914931,93.77204047309027,64.27992184865084,69.5125348907185,76.14948991627719
HAM10000,ISIC_0032438,nv,nv,True,Phase 4B processed HAM JPG; model Resize(384x384),600,450,600.0,450.0,1.3333333333333333,384,384,0.9958957433700562,0.02810530643658064,0.9920974541455507,0.0037982892245054245,7.735134204267524e-06,3.493836265988648e-05,0.000171302177477628,2.1863867004867643e-05,0.0037982892245054245,0.9958957433700562,7.01651006238535e-05,71.07988823784723,63.960837828682784,174.94977794638203,0.2509051021667348,0.3411458333333333,0.03294542100694445,7.244621732043974,0.8711924810729815,71.76032172309027,69.05674235026042,79.71223280164931,60.98181822423502,64.65949611886909,70.35471881485638
HAM10000,ISIC_0032441,mel,bkl,False,Phase 4B processed HAM JPG; model Resize(384x384),600,450,600.0,450.0,1.3333333333333333,384,384,0.8870007991790771,0.46964800021046177,0.826551154255867,0.01688903011381626,0.03458642214536667,0.0006225864053703845,0.8870007991790771,0.00020772729476448148,0.01688903011381626,0.060449644923210144,0.00024380833201576024,29.53714328342014,42.27515252595362,27.97163298229376,0.4590051455695125,0.7335611979166666,0.017049153645833332,6.052734353802508,1.330828228729559,24.755330403645832,30.25347222222222,38.38978407118056,42.267331618134904,42.37458999398652,44.668752347979215
HAM10000,ISIC_0032454,nv,nv,True,Phase 4B processed HAM JPG; model Resize(384x384),600,450,600.0,450.0,1.3333333333333333,384,384,0.6872541308403015,0.6424602491711255,0.37748441100120544,0.30976971983909607,0.00017676735296845436,0.0002995191025547683,0.0007814588607288897,0.0008189618238247931,0.30976971983909607,0.6872541308403015,0.0008994537056423724,57.333882649739586,67.5198285881539,220.53586088286505,0.35143838188487203,0.6421915690104166,0.025322808159722224,6.628749092206451,1.1143116455392676,56.128885904947914,56.157009548611114,66.61383734809027,62.65000052842594,69.6981612284285,73.68964043294932
HAM10000,ISIC_0032465,nv,nv,True,Phase 4B processed HAM JPG; model Resize(384x384),600,450,600.0,450.0,1.3333333333333333,384,384,0.988129198551178,0.08424075192329941,0.9850630480796099,0.002860758686438203,0.0003785625158343464,0.0016094485763460398,0.0017710891552269459,0.002184868324548006,0.002860758686438203,0.988129198551178,0.0030661504715681076,61.97328016493056,43.95030555923436,397.3099510220834,0.5026502023335376,0.12935384114583334,0.023518880208333332,6.810709361680345,0.6497687110279865,79.77023654513889,56.022250705295136,45.939005533854164,44.62281686089322,44.968413242308735,47.550383992635844
HAM10000,ISIC_0032467,nv,nv,True,Phase 4B processed HAM JPG; model Resize(384x384),600,450,600.0,450.0,1.3333333333333333,384,384,0.9929157495498657,0.04869287969971396,0.9878613939508796,0.005054355598986149,7.880644261604175e-05,0.0012327403528615832,0.00013249251060187817,0.00018251613073516637,0.005054355598986149,0.9929157495498657,0.00040335109224542975,58.051472981770836,51.39628468769717,241.38985071781974,0.3786633327376089,0.2546861436631944,0.0225830078125,6.884558490848319,0.8380939065762218,63.97422960069444,54.19013807508681,62.38188340928819,45.4611820789257,54.42409357436318,56.2474682808917
HAM10000,ISIC_0032483,nv,nv,True,Phase 4B processed HAM JPG; model Resize(384x384),600,450,600.0,450.0,1.3333333333333333,384,384,0.7533895969390869,0.5698585979863158,0.5083216428756714,0.24506795406341553,0.00019415677525103092,0.00011041132529499009,7.045639358693734e-05,0.0008566597825847566,0.24506795406341553,0.7533895969390869,0.0003108681703452021,55.664306640625,62.59961923971412,128.1299370299151,0.30387008101851853,0.568115234375,0.026163736979166668,6.77533095623297,1.0877763327416967,52.18449571397569,55.83275689019097,63.94984266493056,57.03358013422659,65.12834689598262,66.52852147277208
HAM10000,ISIC_0032516,nv,nv,True,Phase 4B processed HAM JPG; model Resize(384x384),600,450,600.0,450.0,1.3333333333333333,384,384,0.8814312815666199,0.5183972494214384,0.8203481622040272,0.021169112995266914,0.008302095346152782,0.023731445893645287,0.0610831193625927,0.002594573190435767,0.021169112995266914,0.8814312815666199,0.0016883210046216846,39.530910915798614,32.69058007326528,130.45116065148216,0.2976739621629902,0.4068806966145833,0.011088053385416666,6.185610387567643,0.7390947537845575,43.206814236111114,37.660122341579864,39.513827853732636,33.663805445890695,32.72968067383959,33.9491441951162
HAM10000,ISIC_0032542,nv,mel,False,Phase 4B processed HAM JPG; model Resize(384x384),600,450,600.0,450.0,1.3333333333333333,384,384,0.737164318561554,0.6048079539193364,0.4789002239704132,0.737164318561554,0.000693545036483556,0.0018379857065156102,0.0016833394765853882,0.0002863029367290437,0.737164318561554,0.25826409459114075,7.043615187285468e-05,68.25658501519098,55.98607953583408,195.31143856048584,0.41751639837792753,0.2900594075520833,0.016655815972222224,7.4096917721393485,0.7475595578207676,79.71658664279514,64.05724419487848,59.841573079427086,55.057846990675515,59.465169322787126,57.051499805240866
HAM10000,ISIC_0032543,nv,nv,True,Phase 4B processed HAM JPG; model Resize(384x384),600,450,600.0,450.0,1.3333333333333333,384,384,0.9764946103096008,0.1422531806387042,0.96676588896662,0.009728721342980862,0.0008766427054069936,0.0002053935022559017,0.008358065038919449,0.0011017059441655874,0.009728721342980862,0.9764946103096008,0.003234933130443096,73.46525065104167,60.22734885390296,252.26190905935235,0.41386394292960244,0.2131279839409722,0.0240478515625,7.3236709839462195,0.7694196041884304,87.95962863498264,68.21742078993056,62.47450086805556,58.62018817135736,61.335319126959554,62.881604885158744
HAM10000,ISIC_0032575,nv,nv,True,Phase 4B processed HAM JPG; model Resize(384x384),600,450,600.0,450.0,1.3333333333333333,384,384,0.9224150776863098,0.30449770585813635,0.8549398183822632,0.06747525930404663,0.00013308666530065238,1.8152588381781243e-05,0.00982451718300581,7.207586895674467e-05,0.06747525930404663,0.9224150776863098,6.189104897202924e-05,49.161777072482636,47.80106156067761,73.14427747618821,0.2863950110209014,0.3970743815104167,0.0206298828125,6.831606473856354,0.9136527994620243,44.947848849826386,51.5736083984375,47.808132595486114,46.25342656324776,48.60346295146392,51.74568101322005
HAM10000,ISIC_0032605,nv,nv,True,Phase 4B processed HAM JPG; model Resize(384x384),600,450,600.0,450.0,1.3333333333333333,384,384,0.6920551657676697,0.7275848983235428,0.40692469477653503,0.28513047099113464,0.0028616099152714014,0.001646496937610209,0.00247651687823236,0.0027199217583984137,0.28513047099113464,0.6920551657676697,0.013109760358929634,57.78375922309028,60.18425906758407,102.56711136834855,0.32188768573835785,0.3722737630208333,0.029303656684027776,6.827562777816917,1.0022901072270456,64.11469184027777,55.541103786892364,52.77100965711806,56.73543886199703,62.164342425750064,60.815946247509466
HAM10000,ISIC_0032616,nv,nv,True,Phase 4B processed HAM JPG; model Resize(384x384),600,450,600.0,450.0,1.3333333333333333,384,384,0.9813629388809204,0.1077829323962183,0.9693836327642202,0.005948129575699568,1.3964820027467795e-05,7.432269921991974e-05,0.00042937154648825526,0.0001920268259709701,0.005948129575699568,0.9813629388809204,0.011979306116700172,55.18806287977431,48.521325863022284,74.92397308055264,0.2245125963796977,0.3378567165798611,0.009589301215277778,7.0891207182639775,0.8179075297162554,52.915506998697914,56.60639105902778,53.88060845269097,42.54056354018451,52.79213213993954,51.32360662560081
HAM10000,ISIC_0032634,nv,nv,True,Phase 4B processed HAM JPG; model Resize(384x384),600,450,600.0,450.0,1.3333333333333333,384,384,0.5722402930259705,1.0371037267903402,0.3280380964279175,0.24420219659805298,0.010973216965794563,0.00047234277008101344,0.16898880898952484,0.002284441376104951,0.24420219659805298,0.5722402930259705,0.0008387592388316989,62.259724934895836,44.84829368181134,152.12239826387832,0.35252932878880716,0.15321180555555555,0.02020263671875,6.968014650539214,0.662453673758049,73.01812744140625,58.54187689887153,53.17894829644097,45.3720275107027,45.69227208288162,45.68330596892605
HAM10000,ISIC_0032641,nv,nv,True,Phase 4B processed HAM JPG; model Resize(384x384),600,450,600.0,450.0,1.3333333333333333,384,384,0.593902587890625,0.8635573170806353,0.23368245363235474,0.36022013425827026,0.002624368527904153,0.0038709971122443676,0.03301241621375084,0.003337008412927389,0.36022013425827026,0.593902587890625,0.0030324524268507957,10.27706570095486,32.999203397419784,54.51097529611471,0.25244095413773143,0.9224921332465278,0.013400607638888888,3.576903222261129,2.889467912230408,9.904093424479166,10.565409342447916,10.370646158854166,35.239458021443056,32.090266508425245,34.81409977878595
HAM10000,ISIC_0032651,nv,nv,True,Phase 4B processed HAM JPG; model Resize(384x384),600,450,600.0,450.0,1.3333333333333333,384,384,0.9444566369056702,0.22046303227766453,0.8899104781448841,0.054546158760786057,2.3587308533024043e-05,8.661647734697908e-05,5.86076348554343e-05,0.00010821784962899983,0.054546158760786057,0.9444566369056702,0.0007202901761047542,41.34150526258681,45.55883888363658,80.72134468713658,0.44561868638514435,0.5633816189236112,0.016133626302083332,6.482088572367508,1.043188487884926,49.742106119791664,37.60017225477431,38.60554334852431,41.541151185698084,47.46355412280627,50.12339032564956
HAM10000,ISIC_0032669,nv,nv,True,Phase 4B processed HAM JPG; model Resize(384x384),600,450,600.0,450.0,1.3333333333333333,384,384,0.868070662021637,0.4029436032085066,0.7382852435112,0.129785418510437,3.5465473047224805e-05,9.985468204831704e-05,0.0015498345019295812,0.0003148679679725319,0.129785418510437,0.868070662021637,0.0001438757753930986,32.47124565972222,32.61889602577805,82.15244917953271,0.39020480153867104,0.6028171115451388,0.012681749131944444,5.968861146963689,0.916234032259736,39.21782769097222,29.823350694444443,28.45400661892361,32.19907670203519,33.15619749926528,34.033427449786814
HAM10000,ISIC_0032687,mel,mel,True,Phase 4B processed HAM JPG; model Resize(384x384),600,450,600.0,450.0,1.3333333333333333,384,384,0.8194456696510315,0.5379801518955191,0.6531276851892471,0.8194456696510315,0.0024935470428317785,9.555889846524224e-05,0.005325439386069775,0.006165564525872469,0.8194456696510315,0.16631798446178436,0.00015632392023690045,30.66622585720486,38.71383260123184,29.510942452483707,0.4685035456239787,0.7021891276041666,0.013359917534722222,6.1467813012613846,1.1450047062968836,21.3829345703125,33.759738498263886,39.049777560763886,34.49189122106246,40.91223195211105,44.0353671133494
HAM10000,ISIC_0032689,nv,nv,True,Phase 4B processed HAM JPG; model Resize(384x384),600,450,600.0,450.0,1.3333333333333333,384,384,0.6442474126815796,0.8495753381647643,0.3666183054447174,0.2776291072368622,0.0007782814209349453,0.0003065704077016562,0.07619662582874298,0.0001334085682174191,0.2776291072368622,0.6442474126815796,0.0007086332770995796,11.93716091579861,33.5485732380717,50.86091077286337,0.3079978660300926,0.8923068576388888,0.015265570746527778,4.194867296571969,2.5231838701927005,11.216688368055555,12.485907660590279,11.841376410590279,34.551879832957795,33.25705207262531,33.031068278014615
HAM10000,ISIC_0032698,mel,mel,True,Phase 4B processed HAM JPG; model Resize(384x384),600,450,600.0,450.0,1.3333333333333333,384,384,0.8926289081573486,0.44413880215936746,0.8190347626805305,0.8926289081573486,0.010944136418402195,0.0033606677316129208,0.07359414547681808,0.001439770101569593,0.8926289081573486,0.01798226125538349,5.0042057409882545e-05,75.63909912109375,42.75903501957418,227.58501262944415,0.2966187055334287,0.08301459418402778,0.016377766927083332,7.207759415346231,0.49338327696013806,77.06721327039931,76.68983968098958,66.46613226996527,42.06221904582832,45.507577104930085,42.570431490234476
HAM10000,ISIC_0032705,nv,nv,True,Phase 4B processed HAM JPG; model Resize(384x384),600,450,600.0,450.0,1.3333333333333333,384,384,0.7793505191802979,0.6300800867805189,0.5949602127075195,0.18439030647277832,6.546073564095423e-05,2.175596819142811e-05,0.03558894991874695,3.165474481647834e-05,0.18439030647277832,0.7793505191802979,0.0005513170617632568,58.69459364149306,78.6910814375506,194.49164467093385,0.26902810223481755,0.7092759874131944,0.041266547309027776,6.332616552178855,1.2753801817108836,55.17438422309028,60.00904676649306,61.33985731336806,77.09707137061548,80.30499282339863,77.7771094666624
HAM10000,ISIC_0032718,mel,nv,False,Phase 4B processed HAM JPG; model Resize(384x384),600,450,600.0,450.0,1.3333333333333333,384,384,0.3992300033569336,1.4003302635992532,0.0864822268486023,0.3127477765083313,0.04958062618970871,0.05329623818397522,0.17299002408981323,0.007852459326386452,0.3127477765083313,0.3992300033569336,0.004302792716771364,48.10540093315972,45.7861158785592,60.66259046832537,0.30868821486928105,0.4361775716145833,0.014092339409722222,6.8918809151682,0.8339339932607311,42.39927842881944,49.890109592013886,53.90379503038194,43.553862339846496,47.427691569061345,46.95697571826146
HAM10000,ISIC_0032736,mel,mel,True,Phase 4B processed HAM JPG; model Resize(384x384),600,450,600.0,450.0,1.3333333333333333,384,384,0.2560105621814728,1.7662200264721446,0.0071485936641693115,0.2560105621814728,0.1203124076128006,0.24886196851730347,0.09592141211032867,0.09648510813713074,0.2560105621814728,0.16579677164554596,0.016611767932772636,48.43132866753472,45.864828093154244,61.82499435194481,0.2904002204180283,0.4338446723090278,0.015652126736111112,6.894400052912334,0.8533173812562097,43.5069580078125,50.177218967013886,52.362325032552086,43.66229636652879,47.564800755966246,46.64654579983458
HAM10000,ISIC_0032742,nv,nv,True,Phase 4B processed HAM JPG; model Resize(384x384),600,450,600.0,450.0,1.3333333333333333,384,384,0.7937083840370178,0.5531804479511419,0.5961387306451797,0.19756965339183807,0.0001243067963514477,0.0012144534848630428,0.0062585133127868176,0.00043133855797350407,0.19756965339183807,0.7937083840370178,0.0006933276890777051,11.61953396267361,35.80221148568127,68.82057514782122,0.35211030050040854,0.9207899305555556,0.016954210069444444,4.017983342870501,2.802574846483045,10.840684678819445,12.04037814670139,12.51251220703125,37.30491331780626,34.95927376050541,37.97191156554954
HAM10000,ISIC_0032779,nv,nv,True,Phase 4B processed HAM JPG; model Resize(384x384),600,450,600.0,450.0,1.3333333333333333,384,384,0.8572672009468079,0.4935850832692562,0.7381489351391792,0.11911826580762863,0.0004000474000349641,0.0009429421043023467,0.0019461613846942782,0.0022575869224965572,0.11911826580762863,0.8572672009468079,0.01806778460741043,47.43549940321181,50.919607093417504,91.62074241000744,0.38908186104302833,0.4166531032986111,0.024685329861111112,6.499420645871686,1.022717246593118,57.965108235677086,43.038540310329864,42.507344563802086,49.767911700323204,51.532477316402314,52.93048450646596
HAM10000,ISIC_0032788,nv,bcc,False,Phase 4B processed HAM JPG; model Resize(384x384),600,450,600.0,450.0,1.3333333333333333,384,384,0.4177868962287903,1.2789148100225156,0.04764819145202637,0.06727574020624161,0.010822759009897709,0.4177868962287903,0.0029300241731107235,0.008867849595844746,0.06727574020624161,0.3701387047767639,0.12217804044485092,57.324374728732636,48.221245934944825,148.5778173029791,0.3862094322320942,0.28985595703125,0.021816677517361112,7.050217289489871,0.728373916402796,65.52966986762152,54.724575466579864,49.17942979600694,46.75505024636459,50.71983995046312,47.502840844327025
HAM10000,ISIC_0032793,nv,nv,True,Phase 4B processed HAM JPG; model Resize(384x384),600,450,600.0,450.0,1.3333333333333333,384,384,0.8270844221115112,0.5769582870620635,0.7102362439036369,0.054658785462379456,0.001145539223216474,6.035666956449859e-05,0.1168481782078743,8.31448269309476e-05,0.054658785462379456,0.8270844221115112,0.00011956560774706304,55.48072645399306,56.266725258974915,83.73188612081202,0.31167170372923475,0.4064466688368056,0.024163140190972224,7.013594492846802,0.9534618764297653,47.77534315321181,58.56444634331597,59.830769856770836,52.059547224280465,58.14708930804532,61.86805620884649
HAM10000,ISIC_0032822,nv,mel,False,Phase 4B processed HAM JPG; model Resize(384x384),600,450,600.0,450.0,1.3333333333333333,384,384,0.4903527796268463,0.8421162779963436,0.016013920307159424,0.4903527796268463,0.0017547255847603083,0.0005630390951409936,0.030282778665423393,0.0019121916266158223,0.4903527796268463,0.4743388593196869,0.0007955647888593376,63.22810194227431,49.42171615293112,108.39031416104166,0.29277755970009534,0.2811821831597222,0.014600965711805556,7.2729144629402045,0.7177682548242897,66.91762288411458,61.92536078559028,60.255411783854164,49.12601868225205,50.853193196758845,51.65259284394067
HAM10000,ISIC_0032870,mel,mel,True,Phase 4B processed HAM JPG; model Resize(384x384),600,450,600.0,450.0,1.3333333333333333,384,384,0.6049734354019165,0.9726970934431455,0.3269123435020447,0.6049734354019165,0.021853996440768242,0.0007380086462944746,0.2780610918998718,9.456316183786839e-05,0.6049734354019165,0.09423669427633286,4.2126383050344884e-05,11.66824001736111,33.156548244635104,41.72232818309172,0.49417860243055556,0.8988579644097222,0.014533148871527778,4.090945087405678,2.5486469520541335,10.099466959635416,12.424519856770834,12.46762424045139,34.57672758255568,32.60172609527241,34.18037086994347
HAM10000,ISIC_0032888,mel,nv,False,Phase 4B processed HAM JPG; model Resize(384x384),600,450,600.0,450.0,1.3333333333333333,384,384,0.6526964902877808,0.7588714130704326,0.3389170169830322,0.31377947330474854,9.678202331997454e-05,1.8688904674490914e-05,0.03307211026549339,7.449578697560355e-05,0.31377947330474854,0.6526964902877808,0.00026205513859167695,54.9239501953125,65.80205701017324,105.55838347911651,0.3282485330286628,0.6225518120659722,0.027140299479166668,6.724847185825011,1.1325644354056832,44.97144911024306,58.112284342447914,64.79622395833333,56.673321250218756,70.02848415169589,72.24519723187275
HAM10000,ISIC_0032912,nv,nv,True,Phase 4B processed HAM JPG; model Resize(384x384),600,450,600.0,450.0,1.3333333333333333,384,384,0.9477676153182983,0.21637643388910197,0.897733598947525,0.050034016370773315,3.377352186362259e-05,0.0006770357140339911,7.262449071276933e-05,0.00012138581223553047,0.050034016370773315,0.9477676153182983,0.001293600769713521,50.687744140625,49.945705281795696,131.25209197949297,0.5021523469413808,0.3716701931423611,0.022779676649305556,6.760595982547157,0.9069279988563761,66.93734402126736,44.48008897569444,40.042683919270836,49.22496971569246,51.315901106931506,49.99918953792369
HAM10000,ISIC_0032915,mel,akiec,False,Phase 4B processed HAM JPG; model Resize(384x384),600,450,600.0,450.0,1.3333333333333333,384,384,0.6004889011383057,1.2008701330131837,0.45518913865089417,0.1438877284526825,0.6004889011383057,0.1452997624874115,0.053485430777072906,0.05326390266418457,0.1438877284526825,0.0021031734067946672,0.0014711221447214484,67.26178656684027,47.772485363097665,140.26844573020935,0.4558946131621051,0.16984049479166666,0.016777886284722224,7.245922901707432,0.5793427136240746,48.728515625,74.62530517578125,77.95810275607639,46.27735295939662,51.765061189063864,51.50934557407172
HAM10000,ISIC_0032917,mel,mel,True,Phase 4B processed HAM JPG; model Resize(384x384),600,450,600.0,450.0,1.3333333333333333,384,384,0.9282402396202087,0.3236158993490068,0.8846133649349213,0.9282402396202087,0.000559466308914125,0.00043913014815188944,0.043626874685287476,0.003315222915261984,0.9282402396202087,0.023346085101366043,0.0004729617794509977,76.83395046657986,77.44698354264656,199.1210523753622,0.38661013667619826,0.5037367078993056,0.038567437065972224,7.181649990125935,0.9541498314850769,63.441433376736114,84.06697591145833,74.69656711154514,73.28974165564175,82.38035554695747,72.64249442771191
HAM10000,ISIC_0032925,mel,mel,True,Phase 4B processed HAM JPG; model Resize(384x384),600,450,600.0,450.0,1.3333333333333333,384,384,0.9527665376663208,0.2285150076542809,0.9263001959770918,0.9527665376663208,0.0004420150362420827,0.0001407257077516988,0.019586652517318726,0.0005522496649064124,0.9527665376663208,0.02646634168922901,4.5508830226026475e-05,33.774814181857636,55.93233457058756,78.93415754352823,0.337241444972086,0.8407050238715278,0.025112575954861112,5.7827521215096604,1.541621122479362,28.400288899739582,35.998270670572914,36.59773084852431,50.13295866023353,60.00368960641299,54.960155479464184
HAM10000,ISIC_0032956,nv,nv,True,Phase 4B processed HAM JPG; model Resize(384x384),600,450,600.0,450.0,1.3333333333333333,384,384,0.663215696811676,0.9426837065518368,0.4733866900205612,0.1229824498295784,0.022331248968839645,0.0005474363570101559,0.1898290067911148,0.0007252352661453187,0.1229824498295784,0.663215696811676,0.00036896983510814607,51.747836642795136,63.986892672467135,108.8807243284896,0.30970895139739923,0.6363864474826388,0.025105794270833332,6.6310586855948515,1.1841942933939935,53.07947455512153,51.29173448350694,50.66193305121528,61.031753898934554,65.22928706902637,67.4927655830565
HAM10000,ISIC_0032957,nv,nv,True,Phase 4B processed HAM JPG; model Resize(384x384),600,450,600.0,450.0,1.3333333333333333,384,384,0.9246721267700195,0.2995931144865503,0.8576236590743065,0.06704846769571304,0.00035912799648940563,0.0004357367579359561,0.0066257440485060215,0.00019949481065850705,0.06704846769571304,0.9246721267700195,0.0006592486170120537,25.123921712239582,41.30204233152587,44.807162248012105,0.41807273582175924,0.8998277452256944,0.021192762586805556,5.32576796865709,1.5286999818404763,21.01340060763889,25.85931396484375,32.141825358072914,38.186724417902326,42.79725185836038,43.509420298631575
HAM10000,ISIC_0032960,mel,mel,True,Phase 4B processed HAM JPG; model Resize(384x384),600,450,600.0,450.0,1.3333333333333333,384,384,0.9120855927467346,0.3641744720108109,0.8471655994653702,0.9120855927467346,0.01585311070084572,0.00025070333504118025,0.06491999328136444,0.00010615447536110878,0.9120855927467346,0.006772712804377079,1.1679838280542754e-05,99.80565728081598,47.810221421903144,354.43277602651983,0.340757149756604,0.05107286241319445,0.012437608506944444,7.558523407808504,0.37156855522273347,94.72592502170139,102.81827121310764,97.62362331814236,46.231093165158896,53.26121179063909,50.163416927379956
HAM10000,ISIC_0032961,nv,nv,True,Phase 4B processed HAM JPG; model Resize(384x384),600,450,600.0,450.0,1.3333333333333333,384,384,0.7857658267021179,0.5279474094873912,0.5726211220026016,0.2131447046995163,7.701077265664935e-05,0.0003595887392293662,0.0003478453145362437,0.0001804597704904154,0.2131447046995163,0.7857658267021179,0.00012451349175535142,59.584696451822914,57.99838630074302,152.276608766597,0.2819638586771514,0.4755316840277778,0.019402398003472224,7.078852603569009,0.910326060416753,54.513034396701386,61.32667371961806,63.94122314453125,52.7621532385686,60.42357124961727,63.60268594977889
HAM10000,ISIC_0032969,nv,nv,True,Phase 4B processed HAM JPG; model Resize(384x384),600,450,600.0,450.0,1.3333333333333333,384,384,0.5794554352760315,0.7958632170662155,0.18042334914207458,0.3990320861339569,0.005388970486819744,0.006953445263206959,0.006343560758978128,0.0020176481921225786,0.3990320861339569,0.5794554352760315,0.0008088595350272954,35.543233235677086,36.906775569362104,39.656039569067,0.4348519252536084,0.6101481119791666,0.011576334635416666,6.334424274322326,0.9437220064690888,27.22820366753472,37.785617404513886,45.825663248697914,33.628408210567315,38.554722674025605,42.80506633787927
HAM10000,ISIC_0032980,nv,nv,True,Phase 4B processed HAM JPG; model Resize(384x384),600,450,600.0,450.0,1.3333333333333333,384,384,0.8177739381790161,0.6012127995521191,0.6669435054063797,0.010405433364212513,0.001385036506690085,0.007414672989398241,0.1508304327726364,0.0015694521134719253,0.010405433364212513,0.8177739381790161,0.010621028952300549,41.287455240885414,39.13648173300771,112.32459009351368,0.5158848315802015,0.4285007052951389,0.015509711371527778,6.3225718697693924,0.8931104114511791,53.18328179253472,37.359951443142364,30.299879286024307,39.184042908515536,39.69643909892534,40.054095047102905
HAM10000,ISIC_0032987,mel,mel,True,Phase 4B processed HAM JPG; model Resize(384x384),600,450,600.0,450.0,1.3333333333333333,384,384,0.758594274520874,0.811702772074817,0.6514221951365471,0.758594274520874,0.02088814787566662,0.009300795383751392,0.10717207938432693,0.00030516815604642034,0.758594274520874,0.10362144559621811,0.00011811328295152634,74.42584228515625,47.27464424718144,164.67717090796359,0.35771707771650324,0.1414794921875,0.015272352430555556,7.373019483221251,0.5700310348646586,81.07512071397569,73.13711886935764,63.62164306640625,48.30017459982103,50.11148788668596,45.89063623771957
HAM10000,ISIC_0032988,mel,mel,True,Phase 4B processed HAM JPG; model Resize(384x384),600,450,600.0,450.0,1.3333333333333333,384,384,0.7921322584152222,0.6896885230167012,0.6576690077781677,0.7921322584152222,0.016114329919219017,0.0005781466024927795,0.05646466836333275,0.00019139870710205287,0.7921322584152222,0.13446325063705444,5.591820445260964e-05,88.15601264105902,43.155047208446064,367.71048739055794,0.24072446469907408,0.03468153211805555,0.016425238715277776,7.261127876795017,0.39359877417632894,95.34851752387152,85.88130018446181,81.00491672092014,43.00127433334975,44.33286075939791,44.42452347024479
HAM10000,ISIC_0032998,nv,nv,True,Phase 4B processed HAM JPG; model Resize(384x384),600,450,600.0,450.0,1.3333333333333333,384,384,0.8770918250083923,0.49904163349804137,0.8054114431142807,0.07168038189411163,0.0013238153187558055,0.010659542866051197,0.03654378652572632,0.0003360229602549225,0.07168038189411163,0.8770918250083923,0.0023645698092877865,43.076809353298614,36.93874808943031,84.23802382301216,0.32343699469805287,0.3231404622395833,0.015970865885416668,6.203401601213809,0.7636405312356548,51.342319064670136,40.02385796440972,37.12877739800347,37.43544934015705,37.05556095048542,37.76246542987169
HAM10000,ISIC_0032999,nv,nv,True,Phase 4B processed HAM JPG; model Resize(384x384),600,450,600.0,450.0,1.3333333333333333,384,384,0.9094366431236267,0.3200568461047388,0.8216477781534195,0.08778886497020721,1.7414433386875317e-05,0.0005149234202690423,0.0007897785399109125,0.0004884727532044053,0.08778886497020721,0.9094366431236267,0.0009638842893764377,9.84920925564236,32.68071503582112,53.42628617193779,0.19186812257455063,0.93597412109375,0.014058430989583334,3.8471329781086685,2.9617909635679265,9.609368218315971,10.01287841796875,10.260077582465279,34.121093349403935,31.947470310841354,34.245955503910814
HAM10000,ISIC_0033014,nv,nv,True,Phase 4B processed HAM JPG; model Resize(384x384),600,450,600.0,450.0,1.3333333333333333,384,384,0.5160021781921387,0.9351851460167722,0.11177775263786316,0.07440979033708572,0.0014607112389057875,0.0027773622423410416,0.4042244255542755,0.0005913345376029611,0.07440979033708572,0.5160021781921387,0.0005342262447811663,75.80937364366319,46.11128805678603,345.62039641907194,0.26644606247446895,0.128173828125,0.011786566840277778,7.360208915452097,0.5600249844346387,77.71236843532986,74.84857177734375,75.77325439453125,51.12064014848943,45.463683059266614,43.00283084670786
HAM10000,ISIC_0033026,nv,nv,True,Phase 4B processed HAM JPG; model Resize(384x384),600,450,600.0,450.0,1.3333333333333333,384,384,0.7751486301422119,0.721832867064285,0.6187404990196228,0.05471707880496979,0.0033004882279783487,0.00046446596388705075,0.1564081311225891,0.005111895967274904,0.05471707880496979,0.7751486301422119,0.004849307704716921,31.514811197916668,46.949665479954504,54.955372099339215,0.47598297185627725,0.82177734375,0.019056532118055556,5.828786232557901,1.4208087827359634,36.77716742621528,29.68903266059028,27.184224446614582,45.17118530698315,47.70375456385095,48.79884403595824
HAM10000,ISIC_0033046,nv,nv,True,Phase 4B processed HAM JPG; model Resize(384x384),600,450,600.0,450.0,1.3333333333333333,384,384,0.5987061858177185,0.8069701462301129,0.23415124416351318,0.3645549416542053,0.00017280013707932085,7.345456106122583e-05,0.034308597445487976,0.000214214829611592,0.3645549416542053,0.5987061858177185,0.0019698829855769873,35.17527940538194,53.28330171089485,74.59701217527008,0.28559280428751366,0.7210015190972222,0.027235243055555556,6.1353862299510595,1.410560508035516,32.084560818142364,36.14960394965278,38.34333631727431,52.53285973886256,53.9894736583022,53.099256484187165
HAM10000,ISIC_0033051,mel,vasc,False,Phase 4B processed HAM JPG; model Resize(384x384),600,450,600.0,450.0,1.3333333333333333,384,384,0.6758803129196167,1.0535952388496836,0.534000426530838,0.0746150016784668,0.0013997989008203149,0.004114237613976002,0.08002091199159622,0.02208983711898327,0.0746150016784668,0.1418798863887787,0.6758803129196167,65.34027099609375,45.377736646654036,299.0664607549524,0.5776613189763753,0.10886637369791667,0.015285915798611112,6.9446363826403195,0.5782265816019292,49.88890245225694,68.02522786458333,92.05485026041667,51.19858518870624,45.54202808509528,43.95187044980572
HAM10000,ISIC_0033055,mel,mel,True,Phase 4B processed HAM JPG; model Resize(384x384),600,450,600.0,450.0,1.3333333333333333,384,384,0.5323786735534668,1.2021347731696153,0.31023338437080383,0.5323786735534668,0.13632617890834808,0.0002859490050468594,0.10513915121555328,0.003559224074706435,0.5323786735534668,0.22214528918266296,0.00016549458086956292,58.86811659071181,47.86828869120196,120.18982625817074,0.2748848443457244,0.3093465169270833,0.015455457899305556,7.17508126014917,0.7276025188388734,60.06611463758681,58.219217936197914,59.068142361111114,45.52558244561514,49.266524761800035,51.204006776424876
HAM10000,ISIC_0033061,mel,vasc,False,Phase 4B processed HAM JPG; model Resize(384x384),600,450,600.0,450.0,1.3333333333333333,384,384,0.7131292223930359,1.0244869163526789,0.5763599425554276,0.041569944471120834,0.011834628880023956,0.018169434741139412,0.04360749572515488,0.13676927983760834,0.041569944471120834,0.034920044243335724,0.7131292223930359,68.17298041449652,56.08771492341664,221.8105094726715,0.41713614536526417,0.23360188802083334,0.017788357204861112,7.225322494797457,0.6960797718796453,64.21099853515625,68.73424614800348,75.67852105034723,59.57063349196786,57.46152736781153,51.59353499752284
HAM10000,ISIC_0033072,nv,nv,True,Phase 4B processed HAM JPG; model Resize(384x384),600,450,600.0,450.0,1.3333333333333333,384,384,0.5617780685424805,1.171068374187862,0.3419973701238632,0.21978069841861725,0.0074546742253005505,0.014624077826738358,0.010574554093182087,0.016203194856643677,0.21978069841861725,0.5617780685424805,0.16958476603031158,44.53114149305556,42.656233862928744,95.70154367548264,0.49489543972971134,0.3973388671875,0.017571343315972224,6.463182701709778,0.8850951906169844,60.470865885416664,37.98469373914931,36.43608940972222,44.71141512061689,42.6188571776305,44.276669629576965
HAM10000,ISIC_0033081,mel,mel,True,Phase 4B processed HAM JPG; model Resize(384x384),600,450,600.0,450.0,1.3333333333333333,384,384,0.32532963156700134,1.3719519707913144,0.011698395013809204,0.32532963156700134,0.02163667231798172,0.023601345717906952,0.289354145526886,0.008631725795567036,0.32532963156700134,0.31363123655319214,0.017815230414271355,75.69953070746527,75.24414532725962,94.80984654024613,0.2505901660794526,0.5099419487847222,0.03902859157986111,6.973073284717752,0.954644350220185,68.61378987630208,78.6583251953125,79.04674614800348,71.0321379431419,77.97964871684243,77.04168316183578
HAM10000,ISIC_0033100,nv,nv,True,Phase 4B processed HAM JPG; model Resize(384x384),600,450,600.0,450.0,1.3333333333333333,384,384,0.2696725130081177,1.552053607942163,0.020631298422813416,0.15523843467235565,0.24904121458530426,0.24758626520633698,0.07462983578443527,0.002157787326723337,0.15523843467235565,0.2696725130081177,0.0016739348648115993,45.46429443359375,51.18781174189965,75.25814403717715,0.22690025445942266,0.5209893120659722,0.020494249131944444,6.436590150510982,1.021988108447077,41.004123263888886,46.584804958767364,51.47491455078125,46.483309795580595,53.27007761004553,55.085727239048175
HAM10000,ISIC_0033217,mel,mel,True,Phase 4B processed HAM JPG; model Resize(384x384),600,450,600.0,450.0,1.3333333333333333,384,384,0.5029926896095276,1.029360260316333,0.14701342582702637,0.5029926896095276,0.009514359757304192,0.00039079171256162226,0.3559792637825012,0.0001224886509589851,0.5029926896095276,0.13082963228225708,0.00017072423361241817,69.63209364149306,53.08067014584364,204.97649305764543,0.2510061625561683,0.1972724066840278,0.019110785590277776,7.336307801455733,0.698986923127999,67.53220621744792,70.67209879557292,69.78505452473958,50.29476300080279,54.99967254537856,55.42680328460808
HAM10000,ISIC_0033236,nv,nv,True,Phase 4B processed HAM JPG; model Resize(384x384),600,450,600.0,450.0,1.3333333333333333,384,384,0.917011022567749,0.29644413322523444,0.8362550437450409,0.08075597882270813,5.29294493389898e-06,1.685131564954645e-06,0.0022095728199929,1.1470888239273336e-05,0.08075597882270813,0.917011022567749,5.030873126088409e-06,32.311442057291664,42.14423364363369,50.528995875775095,0.32360847822201794,0.7611423068576388,0.016092936197916668,5.885955311645976,1.2352107940008354,32.443379720052086,32.419820149739586,31.48743353949653,39.276916844539684,43.93582621640475,43.53359975568475
HAM10000,ISIC_0033281,nv,nv,True,Phase 4B processed HAM JPG; model Resize(384x384),600,450,600.0,450.0,1.3333333333333333,384,384,0.9921758770942688,0.05559011039445285,0.9890517396852374,0.00303097628057003,1.568913103255909e-05,0.00020626051991712302,0.003124137409031391,0.0003619984781835228,0.00303097628057003,0.9921758770942688,0.0010849576210603118,44.95654975043403,60.79661245302141,121.96408239834838,0.2626586648114107,0.7153523763020834,0.025661892361111112,6.244827858465444,1.300565676043977,43.64463975694444,44.914998372395836,48.64484320746528,55.18161789270429,63.28788227148039,65.10589760399965
HAM10000,ISIC_0033283,nv,mel,False,Phase 4B processed HAM JPG; model Resize(384x384),600,450,600.0,450.0,1.3333333333333333,384,384,0.5190466642379761,0.748559956616009,0.04829177260398865,0.5190466642379761,0.0002733958826866001,0.0006494691479019821,0.008530051447451115,0.0004578520020004362,0.5190466642379761,0.4707548916339874,0.0002876378421206027,11.330729166666666,35.040574258233676,67.00966906211809,0.4694537260433687,0.9243706597222222,0.016438802083333332,4.0463494185128335,2.8069317446345514,9.967061360677084,12.148274739583334,11.58761257595486,36.21141881507205,34.716993737075526,34.75993732085234
HAM10000,ISIC_0033285,nv,nv,True,Phase 4B processed HAM JPG; model Resize(384x384),600,450,600.0,450.0,1.3333333333333333,384,384,0.9161731004714966,0.3080235613390066,0.8368193134665489,0.07935378700494766,3.31617848132737e-05,0.00016515208699274808,0.0038517420180141926,0.00013270344061311334,0.07935378700494766,0.9161731004714966,0.0002904176071751863,32.65465630425347,44.438492961973566,85.24322193819616,0.29563828678172654,0.7395697699652778,0.020602756076388888,5.911520773822609,1.2850931688938607,36.00389946831597,31.12197536892361,31.793986002604168,42.56606136104127,45.34463555689817,46.60432554927656
HAM10000,ISIC_0033292,nv,nv,True,Phase 4B processed HAM JPG; model Resize(384x384),600,450,600.0,450.0,1.3333333333333333,384,384,0.7703281044960022,0.8019724375576066,0.6514422073960304,0.11888589709997177,0.03442924842238426,0.06659132242202759,0.007837546989321709,0.0009563898202031851,0.11888589709997177,0.7703281044960022,0.0009714507614262402,28.48409695095486,37.11048433167838,50.992424481444885,0.2915182674632353,0.755615234375,0.01409912109375,5.839345852120799,1.1481477226530201,29.329427083333332,28.08038330078125,28.40213351779514,35.77703776363733,37.95949981415567,38.57547026263481
HAM10000,ISIC_0033296,nv,nv,True,Phase 4B processed HAM JPG; model Resize(384x384),600,450,600.0,450.0,1.3333333333333333,384,384,0.8096763491630554,0.5731275431405742,0.6453411877155304,0.16433516144752502,0.0009224619716405869,0.00020988870528526604,0.023698579519987106,0.0008350041462108493,0.16433516144752502,0.8096763491630554,0.0003225521359127015,37.67835828993056,58.254751244817676,61.96545044415526,0.3247220041445397,0.7928127712673612,0.029866536458333332,6.0741258517406855,1.487706425798613,36.24755859375,37.63536919487847,41.702236599392364,52.39268954396832,60.68549017983828,63.840715191125646
HAM10000,ISIC_0033299,mel,mel,True,Phase 4B processed HAM JPG; model Resize(384x384),600,450,600.0,450.0,1.3333333333333333,384,384,0.9085882306098938,0.36906464358606733,0.8383884578943253,0.9085882306098938,0.0012292733881622553,0.00038006805698387325,0.017797013744711876,0.0012054970720782876,0.9085882306098938,0.07019977271556854,0.0006002712761983275,34.71067979600694,39.260091837286446,32.86586101849875,0.5172256104047521,0.5284898546006944,0.014424641927083334,6.367704290396638,1.024502847152721,25.15111626519097,39.042324490017364,37.48749457465278,37.66374601908123,41.15338232212926,38.8246326170147
HAM10000,ISIC_0033303,nv,nv,True,Phase 4B processed HAM JPG; model Resize(384x384),600,450,600.0,450.0,1.3333333333333333,384,384,0.9959341287612915,0.02942072856650061,0.9936609901487827,0.002273138612508774,1.0739584467955865e-05,1.3898054930905346e-05,0.0017620755825191736,2.0982924979762174e-06,0.002273138612508774,0.9959341287612915,3.844304046651814e-06,71.66634792751736,47.680101588415205,112.37278834532624,0.36670038892293033,0.13255479600694445,0.016343858506944444,7.307053886514054,0.6121748450912297,73.95473225911458,73.72648111979167,55.042032877604164,48.291762078566116,49.374685358817814,44.145160893426755
HAM10000,ISIC_0033333,mel,nv,False,Phase 4B processed HAM JPG; model Resize(384x384),600,450,600.0,450.0,1.3333333333333333,384,384,0.6387273669242859,0.6940078772184975,0.2839157283306122,0.3548116385936737,0.0016207924345508218,0.003659652778878808,0.0004319910367485136,0.00013699814735446125,0.3548116385936737,0.6387273669242859,0.0006115893484093249,48.711161295572914,53.34389232829541,108.67667910231303,0.3883396522671569,0.5708685980902778,0.017266167534722224,6.733069569653248,1.0273146336393648,54.745388454861114,46.40294731987847,44.792636447482636,50.96526068469214,55.22081810726153,53.17181049172337
HAM10000,ISIC_0033334,nv,nv,True,Phase 4B processed HAM JPG; model Resize(384x384),600,450,600.0,450.0,1.3333333333333333,384,384,0.6585496664047241,0.7827768264514502,0.35348957777023315,0.30506008863449097,0.0011530190240591764,0.0018425192683935165,0.03021979331970215,0.0019922382198274136,0.30506008863449097,0.6585496664047241,0.001182669773697853,58.67298719618056,33.71043863520172,254.19232427908315,0.29195101868872547,0.12872314453125,0.010233561197916666,6.738811882017961,0.4852869201608143,68.07806396484375,55.05584038628472,52.629007975260414,38.188346061113144,32.98769266918369,31.886140639883177
HAM10000,ISIC_0033336,mel,nv,False,Phase 4B processed HAM JPG; model Resize(384x384),600,450,600.0,450.0,1.3333333333333333,384,384,0.9035890102386475,0.35620342019889883,0.8155946135520935,0.0026676005218178034,4.070363502250984e-05,0.0005911671323701739,0.0035896485205739737,0.0015273926546797156,0.0026676005218178034,0.9035890102386475,0.08799439668655396,73.35986328125,48.85150275189557,170.43918166516556,0.39888394756774237,0.15110948350694445,0.015536838107638888,7.389987887545713,0.5946974607666472,64.17586941189236,74.88381618923611,89.60591634114583,50.47422612420826,49.56311912463992,51.082661563732884
HAM10000,ISIC_0033344,mel,mel,True,Phase 4B processed HAM JPG; model Resize(384x384),600,450,600.0,450.0,1.3333333333333333,384,384,0.5299357175827026,1.0125230361576734,0.1534203290939331,0.5299357175827026,0.03813154622912407,0.004730380605906248,0.04932931810617447,0.0007211891934275627,0.5299357175827026,0.37651538848876953,0.0006364473374560475,90.79077826605902,43.64317270600686,375.21106793483096,0.23256569989106754,0.028415256076388888,0.01922607421875,7.269109612731176,0.3806806309343163,96.35152180989583,89.72376166449652,81.69496663411458,41.87987663502281,45.41111283594951,45.07029834870508
HAM10000,ISIC_0033345,nv,nv,True,Phase 4B processed HAM JPG; model Resize(384x384),600,450,600.0,450.0,1.3333333333333333,384,384,0.7062407732009888,0.6141055710974674,0.4135558009147644,0.29268497228622437,0.00012006387987639755,9.460806904826313e-05,0.000495710875838995,0.0001760620652930811,0.29268497228622437,0.7062407732009888,0.00018778350204229355,39.864990234375,54.054364893610156,79.78062095447086,0.3121048804721541,0.7056477864583334,0.023288302951388888,6.3199562960142766,1.2904327435522753,39.838826497395836,39.36620415581597,42.506673177083336,48.60902911242103,56.31218786655253,59.266916051692675
HAM10000,ISIC_0033359,nv,mel,False,Phase 4B processed HAM JPG; model Resize(384x384),600,450,600.0,450.0,1.3333333333333333,384,384,0.606653094291687,0.7190873724440203,0.22254425287246704,0.606653094291687,0.00038318769657053053,5.381941809901036e-05,0.007983610033988953,0.0006317696534097195,0.606653094291687,0.38410884141921997,0.00018565972277428955,69.01249186197917,56.69895517745928,164.41425888033376,0.3297564870132081,0.2604912651909722,0.023274739583333332,7.384023322729728,0.7511854978935695,75.14271375868056,66.39029269748264,66.45433213975694,53.587797587870604,58.626985554680196,60.14428173200129
HAM10000,ISIC_0033362,mel,nv,False,Phase 4B processed HAM JPG; model Resize(384x384),600,450,600.0,450.0,1.3333333333333333,384,384,0.7646484971046448,0.6010960606278193,0.5438547879457474,0.2207937091588974,3.9956707041710615e-05,2.822308670147322e-05,0.01444253884255886,1.1719265785359312e-05,0.2207937091588974,0.7646484971046448,3.526166983647272e-05,52.999003092447914,66.70903646547778,115.4185993361896,0.39513955375987203,0.6672227647569444,0.033935546875,6.608980225356097,1.1969541244867792,41.42674424913194,56.830281575520836,63.481974283854164,57.98989901174636,71.28480769392466,72.34787886845743
HAM10000,ISIC_0033381,nv,nv,True,Phase 4B processed HAM JPG; model Resize(384x384),600,450,600.0,450.0,1.3333333333333333,384,384,0.8643315434455872,0.5393875618636399,0.7829487845301628,0.019875653088092804,0.0007729238132014871,0.0023484446574002504,0.08138275891542435,0.0006546920049004257,0.019875653088092804,0.8643315434455872,0.030634064227342606,42.095947265625,48.95795936651319,97.15972919357414,0.3428484083520561,0.6035630967881944,0.015936957465277776,6.525641899743075,1.0835980949387762,47.458780924479164,39.38953314887153,41.95219590928819,47.99222936040467,49.91713216237585,50.857657396328534
HAM10000,ISIC_0033405,mel,vasc,False,Phase 4B processed HAM JPG; model Resize(384x384),600,450,600.0,450.0,1.3333333333333333,384,384,0.5089931488037109,0.8940619045375019,0.07192426919937134,0.045607902109622955,5.047306331107393e-05,0.0037300398107618093,0.0006519927992485464,0.0038976126816123724,0.045607902109622955,0.4370688796043396,0.5089931488037109,72.25320095486111,52.13514418382406,168.11902518694603,0.44197833158871186,0.18107096354166666,0.018547905815972224,7.41953606501716,0.6572224709298308,62.65495469835069,73.75562879774306,89.69447835286458,54.20905927245897,53.14386845326662,53.47109999849666
HAM10000,ISIC_0033409,nv,nv,True,Phase 4B processed HAM JPG; model Resize(384x384),600,450,600.0,450.0,1.3333333333333333,384,384,0.8340166807174683,0.47394751047444733,0.6723351776599884,0.16168150305747986,3.3415122743463144e-05,0.00030133643303997815,0.0027441091369837523,0.000793915765825659,0.16168150305747986,0.8340166807174683,0.00042912279604934156,11.472920735677084,35.71716421341172,72.85653680562973,0.35157595698869826,0.9120347764756944,0.017489963107638888,3.8756553739613535,2.816529259781599,10.132636176215279,12.4580078125,11.00229220920139,36.003158986619006,35.748652362395,35.620625876063556
HAM10000,ISIC_0033474,nv,nv,True,Phase 4B processed HAM JPG; model Resize(384x384),600,450,600.0,450.0,1.3333333333333333,384,384,0.6475294828414917,0.7309839316098362,0.3155093789100647,0.332020103931427,0.0006472396198660135,6.433621456380934e-05,0.019644610583782196,2.249608951387927e-05,0.332020103931427,0.6475294828414917,7.17722432455048e-05,65.89961073133681,59.38490351306851,217.84924513745452,0.30662538615706697,0.3953043619791667,0.017171223958333332,7.348874224664661,0.8001891919010101,67.24859619140625,65.38261583116319,65.02528211805556,57.31590681617056,61.42254211382659,60.11781520119828
HAM10000,ISIC_0033511,nv,nv,True,Phase 4B processed HAM JPG; model Resize(384x384),600,450,600.0,450.0,1.3333333333333333,384,384,0.681836724281311,0.6538651848515903,0.3678346574306488,0.31400206685066223,0.0003741784894373268,0.0004037940234411508,0.001392959849908948,0.0010785002959892154,0.31400206685066223,0.681836724281311,0.0009117428562603891,29.805460611979168,36.57020201728946,54.03848647409016,0.40989187070227395,0.7318522135416666,0.014628092447916666,5.848579398453877,1.1262538551513421,37.118306477864586,26.564561631944443,27.27859836154514,35.25186988130804,37.215183346449905,39.233937158479
HAM10000,ISIC_0033512,nv,mel,False,Phase 4B processed HAM JPG; model Resize(384x384),600,450,600.0,450.0,1.3333333333333333,384,384,0.3079538941383362,1.5017428690099512,0.022586286067962646,0.3079538941383362,0.012735625728964806,0.28536760807037354,0.0018819223623722792,0.028784379363059998,0.3079538941383362,0.2195480763912201,0.14372850954532623,59.4552001953125,49.761947282867474,145.21397525274458,0.35611245149101306,0.2785305447048611,0.020731608072916668,7.112022030131211,0.7381228925286084,63.53205702039931,58.613071017795136,53.084309895833336,46.61066167645829,52.79451847887983,49.333596983827626
HAM10000,ISIC_0033555,nv,nv,True,Phase 4B processed HAM JPG; model Resize(384x384),600,450,600.0,450.0,1.3333333333333333,384,384,0.8137060403823853,0.5219224310162679,0.6360028237104416,0.17770321667194366,0.0015314402990043163,0.00019168219296261668,0.006577982567250729,0.00018290444859303534,0.17770321667194366,0.8137060403823853,0.00010668722097761929,43.393269856770836,52.49750429910797,57.81421597633097,0.3027892135586873,0.6238132052951388,0.017713758680555556,6.505492756374375,1.1342662349286647,44.030063205295136,42.658474392361114,45.50855848524306,49.26544795612438,53.57808796208623,57.82141736307766
HAM10000,ISIC_0033557,nv,nv,True,Phase 4B processed HAM JPG; model Resize(384x384),600,450,600.0,450.0,1.3333333333333333,384,384,0.8851063847541809,0.45389809823609495,0.7970830202102661,0.0880233645439148,0.0023491820320487022,0.003192191943526268,0.014167380519211292,0.005629894323647022,0.0880233645439148,0.8851063847541809,0.0015316305216401815,50.89210340711806,52.64207620741043,139.80876924796607,0.26859035117953434,0.4284328884548611,0.022616916232638888,6.731432410647865,0.9850139957916668,51.144124348958336,50.55322265625,51.986545138888886,49.537358397889975,54.55272220749545,53.87838194362356
HAM10000,ISIC_0033558,nv,nv,True,Phase 4B processed HAM JPG; model Resize(384x384),600,450,600.0,450.0,1.3333333333333333,384,384,0.9983288645744324,0.013573292800102848,0.9971263641491532,0.0012025004252791405,3.157484115945408e-06,1.7002650565700606e-05,0.0004163854755461216,9.50043886405183e-06,0.0012025004252791405,0.9983288645744324,2.252485319331754e-05,57.81084526909722,51.93876264093904,49.53539006793756,0.31490709890727125,0.2980617947048611,0.02508544921875,7.020726095601658,0.8632085867382729,52.74200439453125,60.383646647135414,57.86869981553819,52.148657476749186,52.46278130844106,52.798045596617385
HAM10000,ISIC_0033561,nv,nv,True,Phase 4B processed HAM JPG; model Resize(384x384),600,450,600.0,450.0,1.3333333333333333,384,384,0.6275040507316589,0.9270773581118165,0.424180805683136,0.1677398532629013,0.0005354455788619816,0.0002534210216253996,0.20332324504852295,0.0003804300504270941,0.1677398532629013,0.6275040507316589,0.0002635162090882659,26.823201497395832,33.51035462468971,51.8821981260438,0.42100330095145694,0.7723049587673612,0.013136121961805556,5.731607620524598,1.1408959365915978,34.027798122829864,23.74768744574653,23.738084581163193,33.57449838547707,33.784011615848186,34.69158720257262
HAM10000,ISIC_0033572,nv,mel,False,Phase 4B processed HAM JPG; model Resize(384x384),600,450,600.0,450.0,1.3333333333333333,384,384,0.7518153786659241,0.5974405216653991,0.5096360743045807,0.7518153786659241,0.0004758067079819739,0.0012269385624676943,0.001198516576550901,0.0023742420598864555,0.7518153786659241,0.24217930436134338,0.0007297820993699133,41.452060275607636,36.89478278435449,41.58757807806503,0.37461011965550106,0.4647555881076389,0.011427137586805556,6.634952567063269,0.8130494988774118,32.45209418402778,44.284511990017364,50.490763346354164,33.00029773445457,39.13729114942843,42.020391240749156
HAM10000,ISIC_0033590,nv,nv,True,Phase 4B processed HAM JPG; model Resize(384x384),600,450,600.0,450.0,1.3333333333333333,384,384,0.6195177435874939,0.8629153823008336,0.2849864661693573,0.016622833907604218,0.0010410912800580263,0.01845378428697586,0.3345312774181366,0.002507222816348076,0.016622833907604218,0.6195177435874939,0.007326085120439529,11.518107096354166,32.405276421104645,38.12916078814018,0.3911007018909995,0.9370930989583334,0.01483154296875,4.444273368560544,2.5209644852832347,10.648295084635416,11.720994737413195,13.333516438802084,34.013461095494165,31.69576818250223,33.62858386548649
HAM10000,ISIC_0033596,nv,nv,True,Phase 4B processed HAM JPG; model Resize(384x384),600,450,600.0,450.0,1.3333333333333333,384,384,0.535976231098175,0.8369529424467466,0.10362166166305542,0.43235456943511963,0.0014142364962026477,0.0006190420244820416,0.022014623507857323,0.00302923028357327,0.43235456943511963,0.535976231098175,0.004592039156705141,92.30944146050348,57.548849332661185,198.7303473815138,0.2830700710188589,0.13494873046875,0.016370985243055556,7.716093503339867,0.575451246114867,90.48585340711806,93.89715576171875,88.91206868489583,56.929595386817674,60.031297976271915,57.98913541928578
HAM10000,ISIC_0033610,nv,nv,True,Phase 4B processed HAM JPG; model Resize(384x384),600,450,600.0,450.0,1.3333333333333333,384,384,0.6575947403907776,0.7363406113422818,0.33522528409957886,0.32236945629119873,0.0033576630521565676,0.014649257063865662,0.0008572812657803297,0.0005039696116000414,0.32236945629119873,0.6575947403907776,0.0006676513003185391,28.80065239800347,39.128570788222994,54.81147449210655,0.2729727817776416,0.7880723741319444,0.016513400607638888,5.777251195386539,1.2076058015285944,29.49197726779514,28.422654893663193,28.96523708767361,36.56420477212275,40.39007292289693,41.1077632262444
HAM10000,ISIC_0033612,mel,nv,False,Phase 4B processed HAM JPG; model Resize(384x384),600,450,600.0,450.0,1.3333333333333333,384,384,0.5718768239021301,1.0007320996833715,0.2366712987422943,0.3352055251598358,0.011834203265607357,0.014177524484694004,0.06182539835572243,0.0014037650544196367,0.3352055251598358,0.5718768239021301,0.003676821244880557,42.386867947048614,64.39497348980207,49.544792690716775,0.31793234166496465,0.7863362630208334,0.028571234809027776,6.089935641155383,1.454376943937514,39.20429823133681,43.195292154947914,46.594706217447914,60.997542007805514,66.30163783991767,66.49491779676134
HAM10000,ISIC_0033622,nv,nv,True,Phase 4B processed HAM JPG; model Resize(384x384),600,450,600.0,450.0,1.3333333333333333,384,384,0.7180328369140625,0.628759438086093,0.44228577613830566,0.27574706077575684,0.00010041088535217568,0.00017417347407899797,0.005160164088010788,0.00021091561939101666,0.27574706077575684,0.7180328369140625,0.0005744489608332515,46.18103705512153,43.47830303867015,151.33407248814166,0.5327946016731345,0.4001939561631944,0.018351236979166668,6.609191917019197,0.8884551386320297,64.54158528645833,38.88145616319444,35.631632486979164,45.6710762066041,43.63545675286662,43.85036595061547
HAM10000,ISIC_0033625,nv,mel,False,Phase 4B processed HAM JPG; model Resize(384x384),600,450,600.0,450.0,1.3333333333333333,384,384,0.590614914894104,0.6940596734180825,0.18389803171157837,0.590614914894104,0.00014326567179523408,3.993915015598759e-05,0.002362404251471162,5.995576429995708e-05,0.590614914894104,0.40671688318252563,6.258813664317131e-05,38.940388997395836,66.28461409131809,72.42651986629691,0.23044388382523148,0.8265923394097222,0.034871419270833336,5.63300803617535,1.6459776478767123,34.166585286458336,40.732157389322914,42.45966932508681,59.16974676998564,70.06321572387408,69.58890108367632
HAM10000,ISIC_0033633,nv,nv,True,Phase 4B processed HAM JPG; model Resize(384x384),600,450,600.0,450.0,1.3333333333333333,384,384,0.7290564179420471,0.6425365148727678,0.46910330653190613,0.259953111410141,0.001506984350271523,0.003104233182966709,0.005902316886931658,0.00012036418775096536,0.259953111410141,0.7290564179420471,0.0003565447113942355,49.21588134765625,53.398658853648186,93.77948254636594,0.20973161020050382,0.5825534396701388,0.016777886284722224,6.570654291430115,0.9888870561918558,44.619181315104164,50.66541205512153,53.814107259114586,47.19035799408583,56.13489811632102,57.8378130285559
HAM10000,ISIC_0033658,nv,nv,True,Phase 4B processed HAM JPG; model Resize(384x384),600,450,600.0,450.0,1.3333333333333333,384,384,0.7429153323173523,0.7069252120683306,0.5298585444688797,0.03878394886851311,0.00030416069785133004,0.0003187576658092439,0.2130567878484726,0.00019485266238916665,0.03878394886851311,0.7429153323173523,0.004426172468811274,58.305087619357636,76.6775685406227,161.83591498926648,0.281216410717933,0.7029758029513888,0.04201931423611111,6.4738567757493435,1.2476658238851643,54.915018717447914,59.45093451605903,61.463134765625,75.85724104177449,77.75984154188092,76.02466738842395
HAM10000,ISIC_0033671,nv,nv,True,Phase 4B processed HAM JPG; model Resize(384x384),600,450,600.0,450.0,1.3333333333333333,384,384,0.9443221092224121,0.268031696390804,0.906424380838871,0.03789772838354111,0.0012383112916722894,0.0031009772792458534,0.011887261644005775,0.0004839834582526237,0.03789772838354111,0.9443221092224121,0.0010695781093090773,93.21330430772569,54.50150264738659,411.1250605384049,0.41265446282679735,0.09065755208333333,0.017571343315972224,7.656223713424982,0.5393755408966244,108.53970675998264,88.25697157118056,78.52840847439236,51.9663832495933,59.51303803073142,58.20454235997964
HAM10000,ISIC_0033678,mel,mel,True,Phase 4B processed HAM JPG; model Resize(384x384),600,450,600.0,450.0,1.3333333333333333,384,384,0.9733144640922546,0.14756203804212265,0.9572720117866993,0.9733144640922546,0.002370566828176379,0.0001128390576923266,0.008107125759124756,3.7648995203198865e-05,0.9733144640922546,0.016042452305555344,1.4917351109033916e-05,58.6363525390625,50.48946597214736,118.4321174437617,0.2720212450214461,0.3545667860243056,0.01348876953125,7.187739029609875,0.7595056768641624,56.820095486111114,59.12041558159722,60.92802598741319,46.01292757410599,53.16840559174619,53.52726272106772
HAM10000,ISIC_0033688,nv,nv,True,Phase 4B processed HAM JPG; model Resize(384x384),600,450,600.0,450.0,1.3333333333333333,384,384,0.808997631072998,0.6103964917946374,0.6492291688919067,0.1597684621810913,0.0022812013048678637,0.0009754005004651845,0.013583853840827942,0.012380325235426426,0.1597684621810913,0.808997631072998,0.002013153163716197,39.78710259331597,41.52435474708397,96.9655749561886,0.30897988047215413,0.5059882269965278,0.017137315538194444,6.295351060088467,0.9783786325333397,42.99946424696181,37.832004123263886,41.43030463324653,39.70625590253061,42.57521559297874,43.61287676383722
HAM10000,ISIC_0033699,nv,nv,True,Phase 4B processed HAM JPG; model Resize(384x384),600,450,600.0,450.0,1.3333333333333333,384,384,0.9551461338996887,0.18662497898752334,0.9108210019767284,0.04432513192296028,4.353328768047504e-05,6.04399865551386e-05,0.0002767557161860168,2.66113638645038e-05,0.04432513192296028,0.9551461338996887,0.00012137882731622085,46.98224555121528,51.55639586125364,97.56826074876719,0.42479697499659586,0.5634087456597222,0.018927680121527776,6.656470847830801,1.052075363540761,51.75080702039931,44.81477186414931,45.67291937934028,45.847890858395395,54.06299912109696,57.322066088662474
HAM10000,ISIC_0033703,nv,nv,True,Phase 4B processed HAM JPG; model Resize(384x384),600,450,600.0,450.0,1.3333333333333333,384,384,0.7540145516395569,0.6316845934973653,0.5258426666259766,0.22817188501358032,6.508831575047225e-05,0.014961643144488335,0.0021512233652174473,8.100371633190662e-05,0.22817188501358032,0.7540145516395569,0.0005546421743929386,69.91768391927083,64.62496730348145,168.13233640293276,0.3253411585988562,0.4412367078993056,0.023206922743055556,7.2165121469874425,0.8615035647340848,58.9312744140625,73.78448486328125,78.8233642578125,59.24338915084721,67.82892306980519,69.10313707025348
HAM10000,ISIC_0033708,mel,mel,True,Phase 4B processed HAM JPG; model Resize(384x384),600,450,600.0,450.0,1.3333333333333333,384,384,0.9208589792251587,0.3073533283787679,0.8492930382490158,0.9208589792251587,0.004229171201586723,6.759478856110945e-05,0.07156594097614288,2.8287986424402334e-05,0.9208589792251587,0.003247371641919017,2.5502392873022472e-06,102.98309326171875,47.79317851614031,388.4586349390447,0.3677374812772331,0.04806857638888889,0.015082465277777778,7.576055662568198,0.3631900069736197,88.15562608506944,110.32339138454861,104.07800971137152,46.548400023385405,52.74059973282307,51.68022228338069
HAM10000,ISIC_0033711,nv,nv,True,Phase 4B processed HAM JPG; model Resize(384x384),600,450,600.0,450.0,1.3333333333333333,384,384,0.865533173084259,0.44519050187633835,0.7444413974881172,0.12109177559614182,0.000320139602990821,0.00023744335339870304,0.011829792521893978,0.00039997955900616944,0.12109177559614182,0.865533173084259,0.000587677932344377,18.19415961371528,37.33511686245194,14.992190055227208,0.3493854464528867,0.9047648111979166,0.0118408203125,5.136765758545277,1.9299188361678385,15.221055772569445,19.86920166015625,17.69384087456597,36.16528903345593,38.6539338548729,34.206288898945225
HAM10000,ISIC_0033717,mel,nv,False,Phase 4B processed HAM JPG; model Resize(384x384),600,450,600.0,450.0,1.3333333333333333,384,384,0.6520193219184875,0.8372976318825881,0.3514554798603058,0.30056384205818176,0.0035439091734588146,0.02615419775247574,0.014334817416965961,0.0007088264683261514,0.30056384205818176,0.6520193219184875,0.002675083000212908,11.72060818142361,35.863578829466704,66.26793066660564,0.2735406879765795,0.9134860568576388,0.015889485677083332,3.9322970400392068,2.7939519762370546,11.17282443576389,12.078599717881945,11.913411458333334,38.043211677520674,34.9676365040966,37.627385854836504
HAM10000,ISIC_0033748,nv,nv,True,Phase 4B processed HAM JPG; model Resize(384x384),600,450,600.0,450.0,1.3333333333333333,384,384,0.9290763139724731,0.28373811211972894,0.8643525466322899,0.06472376734018326,5.810540824313648e-05,0.00023343034263234586,0.00044644722947850823,0.002642924664542079,0.06472376734018326,0.9290763139724731,0.0028188792057335377,48.2591552734375,54.98594733474597,118.72209280356765,0.36876260595383986,0.5207316080729166,0.0206298828125,6.677219910832638,1.0775183313312904,54.613972981770836,45.351718478732636,46.57807074652778,54.14774963705567,56.00199667532986,55.61115628106579
HAM10000,ISIC_0033755,nv,nv,True,Phase 4B processed HAM JPG; model Resize(384x384),600,450,600.0,450.0,1.3333333333333333,384,384,0.6458892226219177,0.6696425492193565,0.29472532868385315,0.3511638939380646,7.605891732964665e-05,6.159439362818375e-05,0.0021480778232216835,0.00031959518673829734,0.3511638939380646,0.6458892226219177,0.00034153886372223496,21.429857042100693,45.66634504377701,39.02202223954193,0.1869118019386574,0.9317694769965278,0.022603352864583332,4.980023204744106,1.9959401014631537,20.33812798394097,21.847615559895832,22.10198296440972,41.83276839174551,47.58327019033752,48.17319356343312
HAM10000,ISIC_0033767,nv,nv,True,Phase 4B processed HAM JPG; model Resize(384x384),600,450,600.0,450.0,1.3333333333333333,384,384,0.5150091648101807,0.8333417861107658,0.06493198871612549,0.4500771760940552,0.0008537139510735869,0.0010378521401435137,0.03168535605072975,0.0005363314994610846,0.4500771760940552,0.5150091648101807,0.0008004251285456121,11.000250922309029,34.827295780031484,63.35792794639682,0.1148435372412854,0.902099609375,0.01544189453125,3.591458195150116,2.8531945838439254,11.032036675347221,10.974053276909721,11.287407769097221,36.614661371109854,34.100434479237755,36.18176682398258
HAM10000,ISIC_0033774,nv,nv,True,Phase 4B processed HAM JPG; model Resize(384x384),600,450,600.0,450.0,1.3333333333333333,384,384,0.6042690277099609,0.750970548886525,0.22241619229316711,0.3818528354167938,0.00534670427441597,0.0006582002388313413,0.004119526594877243,0.0016742204315960407,0.3818528354167938,0.6042690277099609,0.002079535275697708,41.19318305121528,56.86879526949915,75.71070645579402,0.40421062793607027,0.72808837890625,0.019436306423611112,6.244808244254316,1.3311604018123948,43.700480143229164,40.13238525390625,40.14429389105903,52.50541676221119,58.67188162929996,60.66858627351044
HAM10000,ISIC_0033775,nv,nv,True,Phase 4B processed HAM JPG; model Resize(384x384),600,450,600.0,450.0,1.3333333333333333,384,384,0.8107882142066956,0.5946694927261216,0.6676755994558334,0.14311261475086212,0.00021684866806026548,0.00012307493307162076,0.0454077422618866,0.0001630478072911501,0.14311261475086212,0.8107882142066956,0.00018840137636289,27.15274386935764,42.68066913590897,65.27656857099062,0.29974437040441176,0.8576863606770834,0.01605224609375,5.566504038786133,1.4855417919778175,28.074991861979168,26.359510633680557,28.793592664930557,39.224437663387356,44.2164308522674,45.89820661780265
HAM10000,ISIC_0033793,nv,nv,True,Phase 4B processed HAM JPG; model Resize(384x384),600,450,600.0,450.0,1.3333333333333333,384,384,0.5248059630393982,0.7234969314492337,0.054372966289520264,0.47043299674987793,0.0002392297756159678,0.0005508204340003431,0.0032799667678773403,0.00040694355266168714,0.47043299674987793,0.5248059630393982,0.00028409238439053297,11.801011827256945,35.8465187868007,68.01472774479124,0.5076433036322168,0.9187893337673612,0.01739501953125,3.914181900555184,2.740946731627455,9.959479437934029,13.04400634765625,11.357666015625,36.06677184492348,35.93192942958672,35.62666494250873
HAM10000,ISIC_0033798,nv,nv,True,Phase 4B processed HAM JPG; model Resize(384x384),600,450,600.0,450.0,1.3333333333333333,384,384,0.9721528887748718,0.1617123934371726,0.9554428458213806,0.01671004295349121,0.0005366334225982428,0.0009547859081067145,0.003161344677209854,0.003961344249546528,0.01671004295349121,0.9721528887748718,0.0025229062885046005,30.685377332899307,35.21012352822579,84.15810809238457,0.34873459095009535,0.7235514322916666,0.012986924913194444,5.792102231268075,1.0636636172005116,34.91192626953125,27.920796712239582,33.82239447699653,34.68164767656766,35.25970156993981,38.76721690011403
HAM10000,ISIC_0033834,mel,mel,True,Phase 4B processed HAM JPG; model Resize(384x384),600,450,600.0,450.0,1.3333333333333333,384,384,0.9229002594947815,0.3537526792539754,0.8830184787511826,0.9229002594947815,0.02511630766093731,0.0012365024304017425,0.01063491404056549,0.00014912840561009943,0.9229002594947815,0.03988178074359894,8.107971370918676e-05,64.82819281684027,53.836992511411324,111.38451818459562,0.2505451942061547,0.3341403537326389,0.017049153645833332,7.349287708997051,0.7287841173171905,64.36733669704861,64.65445285373264,66.93908013237848,51.15147990249923,55.636858199803704,55.799712441078455
HAM10000,ISIC_0033838,nv,nv,True,Phase 4B processed HAM JPG; model Resize(384x384),600,450,600.0,450.0,1.3333333333333333,384,384,0.97555011510849,0.13487612245151745,0.9632637538015842,0.012286361306905746,4.587466537486762e-05,9.303207480115816e-05,0.01157018169760704,0.000335021351929754,0.012286361306905746,0.97555011510849,0.00011945555888814852,29.447265625,45.88872732226912,43.71803598230085,0.2832818723192402,0.8080647786458334,0.020779079861111112,5.832844709439864,1.4884737487863058,30.341722276475693,28.62451850043403,31.36922878689236,41.96226493298383,47.44969422123136,50.4573097426237
HAM10000,ISIC_0033852,nv,nv,True,Phase 4B processed HAM JPG; model Resize(384x384),600,450,600.0,450.0,1.3333333333333333,384,384,0.7062375545501709,0.7182528459973876,0.4371308386325836,0.2691067159175873,0.0006181254284456372,0.0032135415822267532,0.015368424355983734,0.002512503881007433,0.2691067159175873,0.7062375545501709,0.0029431572183966637,10.249504937065971,33.387620330761074,58.31765397605889,0.22599852983728214,0.9259575737847222,0.01434326171875,3.5917680443888655,2.9292776071816236,10.044969346788195,10.398179796006945,10.596232096354166,35.06886968889897,32.61762061750825,34.91151471219078
HAM10000,ISIC_0033894,nv,nv,True,Phase 4B processed HAM JPG; model Resize(384x384),600,450,600.0,450.0,1.3333333333333333,384,384,0.7179865837097168,0.8304576597220349,0.5645201057195663,0.11922837793827057,0.004465462174266577,0.004544650670140982,0.15346647799015045,0.00016618678637314588,0.11922837793827057,0.7179865837097168,0.0001421471097273752,63.095194498697914,51.07205281449603,154.535936958214,0.3318666279445806,0.2428046332465278,0.021775987413194444,7.188175339273779,0.7330436522455449,64.75265163845486,61.65930853949653,66.13682725694444,47.66424137967105,53.36531415744148,57.51777006496567
HAM10000,ISIC_0033896,nv,nv,True,Phase 4B processed HAM JPG; model Resize(384x384),600,450,600.0,450.0,1.3333333333333333,384,384,0.7938731908798218,0.5661247104940701,0.6008401811122894,0.19303300976753235,0.00031257214141078293,0.00012097894796170294,0.010792247951030731,0.0013237112434580922,0.19303300976753235,0.7938731908798218,0.0005443121190182865,45.017659505208336,38.990509357763116,131.88139772631322,0.4104363734426062,0.3541056315104167,0.015089246961805556,6.499887918840004,0.7879917746996425,55.91673448350694,40.7359619140625,38.479207356770836,40.372705975908374,38.991049753195675,40.79561480803057
HAM10000,ISIC_0033901,mel,mel,True,Phase 4B processed HAM JPG; model Resize(384x384),600,450,600.0,450.0,1.3333333333333333,384,384,0.8873001933097839,0.4168005416160357,0.7892912849783897,0.8873001933097839,0.0009132707491517067,0.003053560620173812,0.00609649857506156,0.0029770052060484886,0.8873001933097839,0.0980089083313942,0.0016504930099472404,27.824483235677082,44.5552485019622,45.08217296758552,0.3418509157135076,0.8370496961805556,0.019015842013888888,5.781480564734592,1.418243120759072,24.37816704644097,28.67544216579861,32.6878662109375,40.94585511567897,46.7316356044801,45.35509385545125
HAM10000,ISIC_0033915,nv,nv,True,Phase 4B processed HAM JPG; model Resize(384x384),600,450,600.0,450.0,1.3333333333333333,384,384,0.5939316153526306,0.7401688595612668,0.20136678218841553,0.3925648331642151,0.00035449396818876266,0.0004826467775274068,0.012317631393671036,0.00013041103375144303,0.3925648331642151,0.5939316153526306,0.0002183973992941901,10.965949164496529,34.42825657027941,63.05706779585208,0.23794806985294117,0.9137166341145834,0.015157063802083334,3.820582219977467,2.8368396975927404,10.533955891927084,11.138617621527779,11.648308648003471,36.16694174412285,33.64670735609346,35.959282030940905
HAM10000,ISIC_0033950,nv,nv,True,Phase 4B processed HAM JPG; model Resize(384x384),600,450,600.0,450.0,1.3333333333333333,384,384,0.7321877479553223,0.661449126595748,0.4801369309425354,0.25205081701278687,0.0007261644932441413,0.0012208563275635242,0.003956397529691458,0.0020128521136939526,0.25205081701278687,0.7321877479553223,0.007845218293368816,80.20999484592014,67.48137374572013,140.5710971741305,0.2052145831205746,0.20546468098958334,0.03094482421875,7.312832052479844,0.8106581881586635,76.73600260416667,82.57998318142361,77.13346354166667,61.95338186451361,70.79979658935072,67.81643650960085
HAM10000,ISIC_0033963,nv,nv,True,Phase 4B processed HAM JPG; model Resize(384x384),600,450,600.0,450.0,1.3333333333333333,384,384,0.6524688601493835,0.8414245053089332,0.37565603852272034,0.2768128216266632,0.004474262706935406,0.00017690769163891673,0.06578091531991959,0.00015013960364740342,0.2768128216266632,0.6524688601493835,0.00013617071090266109,37.597920735677086,44.40079485226622,64.97443933614794,0.3570710092847903,0.6152411566840278,0.015984429253472224,6.31315058457992,1.093747554038745,43.437839084201386,35.01188829210069,35.61156548394097,43.8453209043848,44.661093305096664,47.528108162576984
HAM10000,ISIC_0033967,mel,mel,True,Phase 4B processed HAM JPG; model Resize(384x384),600,450,600.0,450.0,1.3333333333333333,384,384,0.5675712823867798,0.9041853938110198,0.1916961669921875,0.5675712823867798,0.00011914862261619419,0.009191869758069515,0.0014123748987913132,0.0073570809327065945,0.5675712823867798,0.3758751153945923,0.03847312927246094,24.15355767144097,35.56939552882364,30.06257339976268,0.4236322540083742,0.8294677734375,0.012539333767361112,5.638008308548004,1.3553214896352637,20.252278645833332,25.57976616753472,27.002726236979168,35.40836483914194,35.87734017557745,35.4504601819875
HAM10000,ISIC_0033968,mel,mel,True,Phase 4B processed HAM JPG; model Resize(384x384),600,450,600.0,450.0,1.3333333333333333,384,384,0.7326552867889404,0.6316303896707308,0.47597092390060425,0.7326552867889404,0.0004296729457564652,0.00011700808681780472,0.009137602522969246,0.0002839965163730085,0.7326552867889404,0.2566843628883362,0.000692000612616539,32.597751193576386,51.636273180217046,58.76509696392365,0.22964141114345044,0.81292724609375,0.020263671875,5.929785861282379,1.4639436126826801,28.20043267144097,34.16320122612847,36.15301513671875,44.45871950344063,54.907492632076654,56.91075053760965
HAM10000,ISIC_0034005,mel,nv,False,Phase 4B processed HAM JPG; model Resize(384x384),600,450,600.0,450.0,1.3333333333333333,384,384,0.4446120858192444,1.2607348373241962,0.18929284811019897,0.2553192377090454,0.023311806842684746,0.020896567031741142,0.24940475821495056,0.00284188543446362,0.2553192377090454,0.4446120858192444,0.003613591892644763,9.982625325520834,33.68073962953032,50.89406434800706,0.5374403211805555,0.933837890625,0.015550401475694444,3.6392207325254,3.041974856916969,8.976576063368055,10.14019775390625,11.891242133246529,34.38334604070151,33.33029880101198,34.630531145310215
HAM10000,ISIC_0034034,mel,mel,True,Phase 4B processed HAM JPG; model Resize(384x384),600,450,600.0,450.0,1.3333333333333333,384,384,0.6396501660346985,0.9092108389149792,0.41246505081653595,0.6396501660346985,0.0031655526254326105,0.00026393632288090885,0.22718511521816254,9.157095337286592e-05,0.6396501660346985,0.12957264482975006,7.103750249370933e-05,72.84122043185764,49.5401545386754,185.71300641139166,0.28042290049700436,0.16656494140625,0.018202039930555556,7.3891385941352885,0.6179628281179373,73.36561414930556,72.86082628038194,71.36499701605902,50.62051933632063,50.55370573834013,48.75821846455188
HAM10000,ISIC_0034043,nv,nv,True,Phase 4B processed HAM JPG; model Resize(384x384),600,450,600.0,450.0,1.3333333333333333,384,384,0.8441840410232544,0.4877967622348463,0.7010249644517899,0.14315907657146454,0.0008004613919183612,0.00021670731075573713,0.009442365728318691,0.0010750368237495422,0.14315907657146454,0.8441840410232544,0.0011222366010770202,85.43467881944444,59.48071950199466,235.80314852237518,0.34231978273080066,0.1564263237847222,0.01800537109375,7.629913295772177,0.6646102664012615,95.6317138671875,81.78799099392361,77.46877712673611,57.60475329882532,61.67565303584228,60.89791539769152
HAM10000,ISIC_0034044,nv,nv,True,Phase 4B processed HAM JPG; model Resize(384x384),600,450,600.0,450.0,1.3333333333333333,384,384,0.5721963047981262,0.728000171188721,0.1519300937652588,0.42026621103286743,0.00016038063040468842,0.0006621674983762205,0.005311076994985342,0.0008160723373293877,0.42026621103286743,0.5721963047981262,0.0005877948133274913,10.52752685546875,32.416127781746326,56.440786254994656,0.4959241813044662,0.9277750651041666,0.013665093315972222,4.0106472483737985,2.759925950702502,9.425971137152779,10.774373372395834,12.34283447265625,33.57989680260729,31.85677300490826,33.89799563587324
HAM10000,ISIC_0034053,nv,nv,True,Phase 4B processed HAM JPG; model Resize(384x384),600,450,600.0,450.0,1.3333333333333333,384,384,0.8601173162460327,0.4843570418297453,0.7384836226701736,0.12163369357585907,0.0009992565028369427,0.0012906109914183617,0.007004283834248781,0.003594948910176754,0.12163369357585907,0.8601173162460327,0.005359891802072525,39.90765380859375,41.232470885048855,33.90787636530068,0.419755072167756,0.5090738932291666,0.01239013671875,6.590520837019521,0.9500738391253464,48.10894775390625,37.365946451822914,31.48212348090278,42.91996020699707,42.06821792438216,40.124289702314826
HAM10000,ISIC_0034062,mel,mel,True,Phase 4B processed HAM JPG; model Resize(384x384),600,450,600.0,450.0,1.3333333333333333,384,384,0.6620244383811951,0.9876715602746234,0.49851593375205994,0.6620244383811951,0.04539358243346214,0.0008835228509269655,0.16350850462913513,0.0012755142524838448,0.6620244383811951,0.12672027945518494,0.00019408421940170228,91.22992621527777,52.007687030261316,422.4935221469237,0.2951147407747821,0.06390380859375,0.020148383246527776,7.542329824022777,0.49970563395134604,97.03135172526042,90.16129557291667,81.51023356119792,50.48641318752154,54.49603995900781,53.813600342267584
HAM10000,ISIC_0034080,nv,nv,True,Phase 4B processed HAM JPG; model Resize(384x384),600,450,600.0,450.0,1.3333333333333333,384,384,0.6028212308883667,0.6950774597296423,0.2090226411819458,0.3937985897064209,0.000247770018177107,0.000282962282653898,0.002232200466096401,0.00034131764550693333,0.3937985897064209,0.6028212308883667,0.00027586810756474733,18.13501654730903,42.71986068991471,49.63702783301287,0.36324090562874456,0.9380425347222222,0.021294487847222224,4.596060099651939,2.2000164135755584,15.955084906684029,18.653971354166668,21.615966796875,40.20894503186136,43.944301009510134,44.555858892907246
HAM10000,ISIC_0034112,nv,nv,True,Phase 4B processed HAM JPG; model Resize(384x384),600,450,600.0,450.0,1.3333333333333333,384,384,0.7636042237281799,0.561499322701465,0.5293495059013367,0.23425471782684326,6.156069866847247e-05,0.0007226422894746065,0.0011236309073865414,0.00011546066525625065,0.23425471782684326,0.7636042237281799,0.00011773792357416824,46.457255045572914,48.63359936184005,99.35502393138998,0.33115606702750544,0.4782511393229167,0.016757541232638888,6.76042307576695,0.9777933172258958,50.46027967664931,44.993374294704864,43.52808295355903,46.635090589044985,49.87306944507137,51.55137267538906
HAM10000,ISIC_0034114,nv,nv,True,Phase 4B processed HAM JPG; model Resize(384x384),600,450,600.0,450.0,1.3333333333333333,384,384,0.9288953542709351,0.28210620338736025,0.8632934018969536,0.06560195237398148,0.00011241755419177935,0.002707716077566147,0.00020356189634185284,0.000501856324262917,0.06560195237398148,0.9288953542709351,0.001977141946554184,45.72968885633681,51.19283806910957,125.30866614273853,0.3379845313776552,0.5492078993055556,0.01763916015625,6.551410765642951,1.0625078751915331,51.54002549913194,43.470241970486114,42.13483344184028,48.870478698446405,52.71125299561034,51.15382628332772
HAM10000,ISIC_0034120,mel,nv,False,Phase 4B processed HAM JPG; model Resize(384x384),600,450,600.0,450.0,1.3333333333333333,384,384,0.48769909143447876,0.8237738570686852,0.0019012987613677979,0.48579779267311096,0.001504482002928853,0.015769189223647118,0.007890623062849045,0.00020321219926699996,0.48579779267311096,0.48769909143447876,0.0011356425238773227,43.846476236979164,46.16146292647524,100.26634133961282,0.48045664934810733,0.5137057834201388,0.016343858506944444,6.608409892889592,0.9735225184635877,57.775980631510414,38.39268663194444,35.438720703125,48.329354025922854,46.643506642654465,44.131485831804646
HAM10000,ISIC_0034122,nv,nv,True,Phase 4B processed HAM JPG; model Resize(384x384),600,450,600.0,450.0,1.3333333333333333,384,384,0.9858696460723877,0.09520746378567034,0.9808210507035255,0.005048595368862152,5.592075831373222e-05,0.0014967405004426837,0.0031903341878205538,0.0009293473558500409,0.005048595368862152,0.9858696460723877,0.0034093852154910564,63.42646620008681,71.49493284363487,163.2684368673298,0.26473598771105666,0.5803426106770834,0.028652615017361112,6.847932779190651,1.0908695723916606,57.09301079644097,65.30000135633681,70.40679931640625,63.704966017505726,75.19044170913476,76.42105526551168
HAM10000,ISIC_0034170,mel,mel,True,Phase 4B processed HAM JPG; model Resize(384x384),600,450,600.0,450.0,1.3333333333333333,384,384,0.6240905523300171,1.04966310132413,0.4587230086326599,0.6240905523300171,0.16536754369735718,0.0025555018801242113,0.047423429787158966,0.0003754161298274994,0.6240905523300171,0.15996696054935455,0.0002206957433372736,90.36154513888889,52.73237877558876,365.38657968900634,0.24472286581733388,0.07671440972222222,0.016676161024305556,7.5830311155429815,0.5008739801887234,89.57780626085069,91.19026692708333,88.14152696397569,50.82015065366441,54.44844974541536,56.267149528966996
HAM10000,ISIC_0034179,nv,nv,True,Phase 4B processed HAM JPG; model Resize(384x384),600,450,600.0,450.0,1.3333333333333333,384,384,0.9877223968505859,0.08077160165962972,0.9802779955789447,0.002324822824448347,0.0005388758145272732,0.0013130528386682272,0.007444401271641254,0.00021226689568720758,0.002324822824448347,0.9877223968505859,0.000444133736891672,46.007534450954864,50.230142722101206,96.9201130060778,0.42198244315087147,0.5507405598958334,0.017829047309027776,6.535839686330432,1.0359370421123792,53.079243977864586,43.389811197916664,40.946621365017364,48.09593877526639,51.13407502127947,53.527172242199846
HAM10000,ISIC_0034188,mel,nv,False,Phase 4B processed HAM JPG; model Resize(384x384),600,450,600.0,450.0,1.3333333333333333,384,384,0.5350654125213623,1.2007898012291045,0.3189849704504013,0.02945827879011631,0.0007353161927312613,0.18948371708393097,0.216080442070961,0.0021443956065922976,0.02945827879011631,0.5350654125213623,0.027032436802983284,10.15572781032986,31.123963177337824,46.279394125450914,0.470772191797726,0.9361165364583334,0.012607150607638888,3.99987649475314,2.7490990488430125,9.729532877604166,10.03768581814236,12.147148980034721,33.16250939364738,30.244303698781582,32.58368165974014
HAM10000,ISIC_0034193,nv,nv,True,Phase 4B processed HAM JPG; model Resize(384x384),600,450,600.0,450.0,1.3333333333333333,384,384,0.8154941201210022,0.4949245920520727,0.633532777428627,0.18196134269237518,9.792538185138255e-05,0.00010024762013927102,0.0010569174773991108,0.0006837313994765282,0.18196134269237518,0.8154941201210022,0.0006057524587959051,29.33431667751736,40.5360757360764,69.6754915912946,0.452898305589597,0.7896253797743056,0.019510904947916668,5.679544785436429,1.2938171979087567,36.97576904296875,26.30632866753472,24.92547607421875,39.47093162710675,41.11270168039637,42.43369362112095
HAM10000,ISIC_0034198,nv,nv,True,Phase 4B processed HAM JPG; model Resize(384x384),600,450,600.0,450.0,1.3333333333333333,384,384,0.7972211241722107,0.6712669239760517,0.6970466524362564,0.10017447173595428,9.480081644142047e-05,0.0001134617195930332,0.09596125781536102,0.00017919897800311446,0.10017447173595428,0.7972211241722107,0.006255593150854111,39.15985107421875,61.66733591354152,113.61468519914297,0.2692522435406454,0.7798122829861112,0.03483751085069445,5.99137112410828,1.472973063929727,36.20222303602431,40.21974012586806,41.53772650824653,60.9513884698019,62.51026271971823,60.972484177869624
HAM10000,ISIC_0034199,nv,nv,True,Phase 4B processed HAM JPG; model Resize(384x384),600,450,600.0,450.0,1.3333333333333333,384,384,0.8038763999938965,0.6073732284807001,0.6487969160079956,0.15507948398590088,0.0005720085464417934,0.0016878069145604968,0.03851760923862457,7.69606776884757e-05,0.15507948398590088,0.8038763999938965,0.00018973690748680383,42.61181640625,45.309940987598154,82.485307013501,0.21582055185355392,0.4710761176215278,0.014662000868055556,6.155213721695989,0.9785524796626757,45.243747287326386,41.228373209635414,42.822794596354164,43.54427334350761,45.89665551594992,48.059900110533675
HAM10000,ISIC_0034205,mel,nv,False,Phase 4B processed HAM JPG; model Resize(384x384),600,450,600.0,450.0,1.3333333333333333,384,384,0.5974576473236084,0.8278747751016928,0.23366296291351318,0.3637946844100952,0.0015919331926852465,0.0014608398778364062,0.03230734169483185,0.001519033103249967,0.3637946844100952,0.5974576473236084,0.0018684427486732602,9.01894802517361,30.35051970484668,34.797815693703335,0.39779523463031047,0.9440985785590278,0.01220703125,3.7876471230747346,3.0098127640198586,8.444600423177084,9.310953776041666,9.613993326822916,32.3280943139494,29.69929363551168,30.344542267590477
HAM10000,ISIC_0034206,nv,nv,True,Phase 4B processed HAM JPG; model Resize(384x384),600,450,600.0,450.0,1.3333333333333333,384,384,0.9421172142028809,0.2673287043321114,0.8969868421554565,0.045130372047424316,0.00023032208264339715,0.001985797192901373,0.006917588412761688,0.0011997510446235538,0.045130372047424316,0.9421172142028809,0.002418834948912263,51.06263563368056,35.9700073290905,155.90055554659097,0.5306116706665305,0.26580810546875,0.012715657552083334,6.722754314903649,0.6458093768022415,70.93313937717014,44.072964138454864,34.922566731770836,43.00804341485566,34.7268369742508,33.57692628909189
HAM10000,ISIC_0034209,nv,bkl,False,Phase 4B processed HAM JPG; model Resize(384x384),600,450,600.0,450.0,1.3333333333333333,384,384,0.9213780164718628,0.3288041168284362,0.8571905493736267,0.008918922394514084,0.0028983792290091515,0.0014292079722508788,0.9213780164718628,0.0003361676644999534,0.008918922394514084,0.06418746709823608,0.0008517538662999868,76.35940890842014,67.82259906468413,159.2540923665611,0.25543686278764977,0.37005615234375,0.029852973090277776,7.3151296887086374,0.8423518017802171,71.09632703993056,77.69800482855902,83.27901882595486,65.23168094542238,69.58667504865268,70.60464247531321
HAM10000,ISIC_0034224,nv,nv,True,Phase 4B processed HAM JPG; model Resize(384x384),600,450,600.0,450.0,1.3333333333333333,384,384,0.6951808929443359,0.656187505175191,0.3973529636859894,0.29782792925834656,0.0005955154774710536,0.004033998120576143,0.0017674939008429646,0.00029537786031141877,0.29782792925834656,0.6951808929443359,0.0002988596970681101,12.05118136935764,36.16404184726709,61.879852200547845,0.506249015990945,0.9243367513020834,0.01812744140625,4.1929461300653905,2.7280389732204258,10.52438693576389,12.689568413628471,13.401814778645834,37.60117340644049,35.61901762352211,36.84213593296576
HAM10000,ISIC_0034245,nv,nv,True,Phase 4B processed HAM JPG; model Resize(384x384),600,450,600.0,450.0,1.3333333333333333,384,384,0.843879759311676,0.4773145333638472,0.6973785758018494,0.14650118350982666,8.97769132279791e-05,0.004774099215865135,0.004568843171000481,5.2571365813491866e-05,0.14650118350982666,0.843879759311676,0.00013372230750974268,53.90851508246528,61.46505534988461,128.4649793525905,0.25747745821418844,0.5992838541666666,0.02142333984375,6.83265761040591,1.0765011456845532,48.6134033203125,55.851833767361114,57.794026692708336,56.20829349795164,64.25610116052701,65.60810940136832
HAM10000,ISIC_0034257,nv,nv,True,Phase 4B processed HAM JPG; model Resize(384x384),600,450,600.0,450.0,1.3333333333333333,384,384,0.9318767189979553,0.3201249997454938,0.891211848706007,0.01986691914498806,0.0031510868575423956,0.04066487029194832,0.0024684902746230364,0.0004391318070702255,0.01986691914498806,0.9318767189979553,0.001532720634713769,61.878885904947914,44.982779216587865,86.98419528518929,0.33289763008067813,0.24609375,0.012064615885416666,7.217306857182697,0.6548559831984894,72.31673855251736,57.53710259331597,56.86869981553819,51.18084127646407,44.23931713756071,44.42623864240816
HAM10000,ISIC_0034297,nv,nv,True,Phase 4B processed HAM JPG; model Resize(384x384),600,450,600.0,450.0,1.3333333333333333,384,384,0.8479549288749695,0.5366430928166925,0.7527240663766861,0.09523086249828339,0.0007993396720848978,0.00037610926665365696,0.05506160110235214,9.038682037498802e-05,0.09523086249828339,0.8479549288749695,0.00048672151751816273,41.04303656684028,55.47338271012114,96.36363370918932,0.27558253336056643,0.7281155056423612,0.019476996527777776,6.22416534630723,1.284892545162486,41.161397298177086,40.78338623046875,42.090291341145836,53.89562633756512,56.47972441649995,57.378050397862644
HAM10000,ISIC_0034308,nv,nv,True,Phase 4B processed HAM JPG; model Resize(384x384),600,450,600.0,450.0,1.3333333333333333,384,384,0.8964639902114868,0.4331470725072573,0.8405781164765358,0.05588587373495102,0.0025626355782151222,0.0014459558296948671,0.04077732190489769,0.001545236329548061,0.05588587373495102,0.8964639902114868,0.001319131813943386,20.95272488064236,31.58087416444654,41.68419000175264,0.33348338141680284,0.9218682183159722,0.013081868489583334,5.13612694537599,1.3461703582413702,20.124159071180557,20.409925672743057,25.972127278645832,30.042199967061403,32.22594660951634,33.4216048671434
HAM10000,ISIC_0034319,nv,nv,True,Phase 4B processed HAM JPG; model Resize(384x384),600,450,600.0,450.0,1.3333333333333333,384,384,0.6968584060668945,0.6289133324325552,0.39597028493881226,0.3008881211280823,2.305612179043237e-05,9.859851707005873e-05,0.0015881946310400963,0.00026386333047412336,0.3008881211280823,0.6968584060668945,0.0002797860070131719,44.03297254774306,44.48820742729562,101.08083442111074,0.43393294058074616,0.4582044813368056,0.017645941840277776,6.645657859038261,0.932144313384924,56.316073947482636,39.068603515625,37.39031982421875,46.22355147573393,44.91114440126089,43.72011970564071
PH2,IMD003,nv,nv,True,Frozen HAM-matched PH2 diagnostic pipeline,765,574,765.0,574.0,1.3327526132404182,384,384,0.8191244602203369,0.6603558799147525,0.7171979919075966,0.05942416191101074,0.013021925464272499,0.0021403522696346045,0.10192646831274033,0.0021195521112531424,0.05942416191101074,0.8191244602203369,0.0022430699318647385,44.57097032335069,44.31210050406239,78.16396750325775,0.31512751693559365,0.5615098741319444,0.013746473524305556,6.450245101026956,0.9066244385759509,37.983066134982636,47.2066650390625,48.29157850477431,43.606699427948605,44.64351195007704,45.73822285562037
PH2,IMD009,nv,nv,True,Frozen HAM-matched PH2 diagnostic pipeline,766,575,766.0,575.0,1.3321739130434782,384,384,0.7286575436592102,0.8649926696248141,0.5896247625350952,0.10352238267660141,0.00569530064240098,0.0010412507690489292,0.139032781124115,0.02089366503059864,0.10352238267660141,0.7286575436592102,0.0011570705100893974,58.158854166666664,42.864154972672296,127.98410865333345,0.4669637842116013,0.14701334635416666,0.018195258246527776,6.751612254430214,0.6654386385423529,41.79179551866319,65.19281684027777,64.90380859375,43.213111736467454,42.55607608190075,47.2474146810697
PH2,IMD010,nv,bkl,False,Frozen HAM-matched PH2 diagnostic pipeline,765,573,765.0,573.0,1.3350785340314135,384,384,0.7382360696792603,0.884579432786348,0.5785033404827118,0.028318673372268677,0.006226864643394947,0.00219010841101408,0.7382360696792603,0.04042621701955795,0.028318673372268677,0.15973272919654846,0.024869410321116447,61.276279025607636,34.820725069226,111.20473634529812,0.42941024880004086,0.030225965711805556,0.013529459635416666,6.110456900809617,0.515806120398675,44.31658935546875,67.75901285807292,72.39444986979167,36.79179898148575,34.15236075485472,40.201772897056856
PH2,IMD016,nv,nv,True,Frozen HAM-matched PH2 diagnostic pipeline,765,573,765.0,573.0,1.3350785340314135,384,384,0.9537261724472046,0.2065426591677513,0.9127530790865421,0.00463537173345685,3.08238340949174e-05,7.65883014537394e-05,0.04097309336066246,0.000143085781019181,0.00463537173345685,0.9537261724472046,0.00041484192479401827,53.177083333333336,40.9194127836217,144.88203929511855,0.40859053202444173,0.2099677191840278,0.014017740885416666,6.382767769816047,0.6760746669989924,38.854715983072914,58.41881646050347,63.77258978949653,37.824755405017314,41.67278488217582,53.72503617066966
PH2,IMD017,nv,nv,True,Frozen HAM-matched PH2 diagnostic pipeline,764,572,764.0,572.0,1.3356643356643356,384,384,0.9786913394927979,0.11689735254753175,0.9621615931391716,0.01652974635362625,2.0220822989358567e-06,2.1235840904409997e-05,0.0002153138048015535,0.00043579618795774877,0.01652974635362625,0.9786913394927979,0.004104546271264553,78.08307562934027,54.44826369203916,139.2788755517959,0.42981592647909855,0.2647365993923611,0.015123155381944444,7.2693965896645105,0.6453844457230221,57.19701470269097,84.57048882378473,99.46436903211806,47.55830821953275,57.58202554320155,70.5335514824776
PH2,IMD020,nv,bkl,False,Frozen HAM-matched PH2 diagnostic pipeline,764,574,764.0,574.0,1.3310104529616724,384,384,0.7517984509468079,0.6326943122681806,0.5225128829479218,0.017829066142439842,0.00010330083750886843,0.0002627595386002213,0.7517984509468079,0.00017640840087551624,0.017829066142439842,0.2292855679988861,0.0005444383714348078,48.436855740017364,45.835818770189775,81.01137271298118,0.3683006004050926,0.4566446940104167,0.018703884548611112,6.429710532223635,0.8753708449831362,40.10847303602431,51.80457899305556,52.99827745225694,46.640464327569795,45.73118075453976,45.18271205094151
PH2,IMD022,nv,nv,True,Frozen HAM-matched PH2 diagnostic pipeline,765,573,765.0,573.0,1.3350785340314135,384,384,0.4101581275463104,1.1125464925112074,0.08315154910087585,0.25792673230171204,0.002501607174053788,0.00042881121044047177,0.32700657844543457,0.0011319757904857397,0.25792673230171204,0.4101581275463104,0.0008461564430035651,44.95819091796875,43.2982582943673,89.70388856967105,0.5790865364157816,0.5364990234375,0.013970269097222222,6.63796210295289,0.8859534712234576,32.888753255208336,46.06218126085069,70.94172498914931,41.967372036812364,43.94629365108783,54.52951313014383
PH2,IMD024,nv,nv,True,Frozen HAM-matched PH2 diagnostic pipeline,765,573,765.0,573.0,1.3350785340314135,384,384,0.7516186833381653,0.7505598587514491,0.6088684797286987,0.14275020360946655,0.0003101374604739249,0.0005954750231467187,0.10191939771175385,0.0016218334203585982,0.14275020360946655,0.7516186833381653,0.0011842433596029878,38.26994493272569,44.23926324118224,127.30491914641526,0.3733323174104711,0.6546698676215278,0.01495361328125,6.284169703126485,1.070219688144944,31.932386610243057,39.71874321831597,47.438320583767364,42.4728645927597,45.08720033975669,48.55618642833273
PH2,IMD025,nv,nv,True,Frozen HAM-matched PH2 diagnostic pipeline,769,577,769.0,577.0,1.3327556325823224,384,384,0.7437450885772705,0.577873422711691,0.48871392011642456,0.25503116846084595,3.6862509205093374e-06,1.5338884622906335e-05,0.00089410284999758,0.00014439875667449087,0.25503116846084595,0.7437450885772705,0.00016620194946881384,57.42743598090278,43.2562856990205,202.6189498996569,0.5410087635314543,0.10387505425347222,0.012858072916666666,6.326258197365434,0.6834622987597255,40.11918809678819,62.161587185329864,78.43108452690973,42.218159373476006,43.54612255893002,49.89724927320766
PH2,IMD035,nv,mel,False,Frozen HAM-matched PH2 diagnostic pipeline,766,575,766.0,575.0,1.3321739130434782,384,384,0.5851919054985046,0.9808280438635684,0.25948354601860046,0.5851919054985046,0.008106311783194542,0.00989333912730217,0.06258128583431244,0.007467884570360184,0.5851919054985046,0.3257083594799042,0.0010509287239983678,40.542277018229164,38.682432836038984,57.42287173641869,0.5068385969839324,0.5047743055555556,0.011813693576388888,6.2904513651039995,0.8752251108185477,27.709269205729168,45.369852701822914,49.35083685980903,39.01141437053701,39.2481596879893,45.87246089359995
PH2,IMD038,nv,nv,True,Frozen HAM-matched PH2 diagnostic pipeline,764,575,764.0,575.0,1.328695652173913,384,384,0.8451390862464905,0.4960459695610899,0.7103698700666428,0.13476921617984772,9.168421820504591e-05,0.00011189590441063046,0.019073549658060074,0.0004548249999061227,0.13476921617984772,0.8451390862464905,0.0003597961913328618,50.06340874565972,51.48516474853125,146.4083024093674,0.3645841577733524,0.48443603515625,0.016676161024305556,6.4500952338041735,0.9587160715705249,39.64655219184028,53.79755316840278,58.14580620659722,47.004778608310204,54.19570564234133,56.29914803856177
PH2,IMD039,nv,nv,True,Frozen HAM-matched PH2 diagnostic pipeline,764,572,764.0,572.0,1.3356643356643356,384,384,0.7300119400024414,0.7473242200573671,0.5056246817111969,0.032121505588293076,0.001349983154796064,0.0004620077961590141,0.2243872582912445,0.007768616545945406,0.032121505588293076,0.7300119400024414,0.00389868370257318,35.90613471137153,46.648463000163716,56.222751146481365,0.3319048979183687,0.7648790147569444,0.016404893663194444,5.860031578167981,1.210926047335797,32.514872233072914,36.937581380208336,39.55157470703125,44.83553428004082,47.79166365121365,47.82101638237536
PH2,IMD041,nv,nv,True,Frozen HAM-matched PH2 diagnostic pipeline,764,572,764.0,572.0,1.3356643356643356,384,384,0.7702444791793823,0.7181897942115787,0.6568704470992088,0.1128217950463295,0.001299451687373221,3.4359727578703314e-05,0.11337403208017349,0.0010836140718311071,0.1128217950463295,0.7702444791793823,0.0011422912357375026,48.05804443359375,49.04048184762906,140.7740342579782,0.4143739787581699,0.5929497612847222,0.013149685329861112,6.527004004949664,0.949990726644847,39.239501953125,51.21448432074653,54.96342637803819,47.37106365036078,50.127147194448604,50.32389300127697
PH2,IMD042,nv,nv,True,Frozen HAM-matched PH2 diagnostic pipeline,765,572,765.0,572.0,1.3374125874125875,384,384,0.7389448285102844,0.6668583079647813,0.503224715590477,0.23572011291980743,0.0002469219616614282,4.4967830035602674e-05,0.023193184286355972,0.0011574727250263095,0.23572011291980743,0.7389448285102844,0.0006925097550265491,60.73065863715278,58.281176624732325,193.17343006158868,0.4586192012612336,0.5026584201388888,0.013271755642361112,6.920401972442953,0.8962129397705284,47.70490180121528,64.77383761935764,74.078857421875,53.3221236272225,61.420973411950094,62.31386807827791
PH2,IMD044,nv,bkl,False,Frozen HAM-matched PH2 diagnostic pipeline,761,574,761.0,574.0,1.3257839721254356,384,384,0.7864394187927246,0.7471824603785645,0.6600470989942551,0.055676963180303574,0.022782934829592705,0.0018492522649466991,0.7864394187927246,0.0049585304223001,0.055676963180303574,0.12639231979846954,0.0019005154026672244,74.53674994574652,47.46418497777753,237.81649483533374,0.5174413211465142,0.16478135850694445,0.015570746527777778,7.346823463317196,0.5624950661867758,56.36979844835069,77.38208685980902,107.53090413411458,44.95293614098334,49.16515378837245,54.064432465976395
PH2,IMD045,nv,mel,False,Frozen HAM-matched PH2 diagnostic pipeline,765,573,765.0,573.0,1.3350785340314135,384,384,0.5332418084144592,0.9592722221542269,0.17593872547149658,0.5332418084144592,0.0006292589823715389,0.0007428977987729013,0.10717713087797165,0.0006243619718588889,0.5332418084144592,0.35730308294296265,0.0002814220206346363,35.80596923828125,41.42936638415751,61.454805571171974,0.34425227013548476,0.6923421223958334,0.013983832465277778,6.019485745979579,1.0667812552167626,31.280192057291668,36.352193196614586,44.871066623263886,41.68669876410644,41.35556503384086,45.29632933430714
PH2,IMD050,nv,nv,True,Frozen HAM-matched PH2 diagnostic pipeline,765,573,765.0,573.0,1.3350785340314135,384,384,0.9094250798225403,0.3704369972279554,0.8517399094998837,0.03143954649567604,6.1019462009426206e-05,2.1336340068955906e-05,0.05768517032265663,0.0008228347869589925,0.03143954649567604,0.9094250798225403,0.000544923881534487,90.32388644748264,35.010393471208054,149.47900518646213,0.3209868121510757,0.013285319010416666,0.016187879774305556,6.222492124905554,0.32567172396851374,73.11497667100694,97.97125922309027,96.11922200520833,35.32168739235714,33.94883020992914,47.60670210564637
PH2,IMD058,mel,bkl,False,Frozen HAM-matched PH2 diagnostic pipeline,767,576,767.0,576.0,1.3315972222222223,384,384,0.5199820399284363,1.3231747725082483,0.2608698308467865,0.09892584383487701,0.006233676336705685,0.05058808997273445,0.5199820399284363,0.025913676247000694,0.09892584383487701,0.2591122090816498,0.03924444317817688,103.77277967664931,52.16353655364634,295.01613439081444,0.3759631852958197,0.05093044704861111,0.019605848524305556,7.522918948904371,0.440657577938101,86.74383544921875,108.02748616536458,126.51966688368056,52.9891762801834,53.13920967530614,51.33517683714874
PH2,IMD061,mel,nv,False,Frozen HAM-matched PH2 diagnostic pipeline,764,575,764.0,575.0,1.328695652173913,384,384,0.8214719891548157,0.6302990302069686,0.6950021237134933,0.12646986544132233,0.001674953382462263,0.0011534281075000763,0.03263116255402565,0.012719408608973026,0.12646986544132233,0.8214719891548157,0.0038792004343122244,97.47744411892361,38.6890040785251,274.8756112638447,0.33637676696112473,0.017612033420138888,0.013726128472222222,7.044841168979815,0.31971884048170596,79.31222195095486,102.94668918185764,116.97393798828125,39.871086977308885,39.039071092276124,42.3537198411878
PH2,IMD063,mel,nv,False,Frozen HAM-matched PH2 diagnostic pipeline,767,576,767.0,576.0,1.3315972222222223,384,384,0.5247329473495483,0.9488037702359822,0.15264156460762024,0.10192301124334335,0.0003604819066822529,2.1733347239205614e-05,0.3720913827419281,0.0003777817764785141,0.10192301124334335,0.5247329473495483,0.0004927202826365829,86.032470703125,60.90463192396834,195.85960883007922,0.2995783388225082,0.2631903754340278,0.018364800347222224,7.4532743335546865,0.6528091911130367,75.88988579644098,88.52721489800348,99.78318956163194,58.422796508105485,62.692939974733385,67.015769029988
PH2,IMD064,mel,nv,False,Frozen HAM-matched PH2 diagnostic pipeline,767,576,767.0,576.0,1.3315972222222223,384,384,0.6865614056587219,0.976433472127837,0.5414507687091827,0.14511063694953918,0.009793272241950035,0.006536480505019426,0.13148117065429688,0.01303748320788145,0.14511063694953918,0.6865614056587219,0.007479488383978605,135.69725206163196,45.0932233830617,345.46356181409436,0.2971240872651144,0.016791449652777776,0.019694010416666668,7.5047845448267045,0.268434678519146,115.28590223524306,147.58953179253473,127.98983425564236,45.27620560136884,47.07904807434777,47.67170384689459
PH2,IMD065,mel,mel,True,Frozen HAM-matched PH2 diagnostic pipeline,767,576,767.0,576.0,1.3315972222222223,384,384,0.4163353741168976,1.081622125453508,0.04748266935348511,0.4163353741168976,0.0009470092481933534,0.0005343458615243435,0.21202123165130615,0.0009656873880885541,0.4163353741168976,0.3688527047634125,0.0003436545666772872,103.92838541666667,59.3532077921177,393.08525324304713,0.23012682015080338,0.060791015625,0.014600965711805556,7.664999574532839,0.4775383218206599,96.00825330946181,106.50264485677083,111.43429226345486,59.769598574083844,60.240575309140716,58.60638575316476
PH2,IMD080,mel,nv,False,Frozen HAM-matched PH2 diagnostic pipeline,767,576,767.0,576.0,1.3315972222222223,384,384,0.4382423162460327,1.0641542951057117,0.026551783084869385,0.41169053316116333,0.0018298907671123743,0.00010903829388553277,0.13776446878910065,0.008867397904396057,0.41169053316116333,0.4382423162460327,0.0014964333968237042,96.35601806640625,56.79886069428633,279.8116075407116,0.34839984170751637,0.1991034613715278,0.011054144965277778,7.48999846804978,0.535580242121352,82.86174858940973,100.52088758680556,110.30787489149306,54.60137784734027,59.32850882621956,60.620074205206336
PH2,IMD085,mel,bkl,False,Frozen HAM-matched PH2 diagnostic pipeline,764,575,764.0,575.0,1.328695652173913,384,384,0.6555670499801636,0.9647276620271752,0.4195235073566437,0.019815750420093536,0.07357728481292725,0.008092756383121014,0.6555670499801636,0.004966364707797766,0.019815750420093536,0.2360435426235199,0.0019372740061953664,92.08349609375,39.30816948877903,334.0813457777747,0.4373273463031046,0.016615125868055556,0.019368489583333332,6.939298819263988,0.3392321212694647,66.48805067274306,101.95210096571181,108.39826117621527,43.7877875738406,38.664736529804266,37.68870756704842
PH2,IMD088,mel,bkl,False,Frozen HAM-matched PH2 diagnostic pipeline,764,575,764.0,575.0,1.328695652173913,384,384,0.7269867658615112,0.7730983037414062,0.5266808569431305,0.06628003716468811,0.00319367996416986,0.00020297235460020602,0.7269867658615112,0.002277966821566224,0.06628003716468811,0.20030590891838074,0.0007526623085141182,98.67368570963542,59.58246760867247,355.4285492300987,0.36536479609204797,0.09810384114583333,0.0296630859375,7.717933434913839,0.5290617641972899,81.30485026041667,104.02240668402777,116.69577365451389,58.991662903504604,60.697315004213706,61.59531380172255
PH2,IMD090,mel,bkl,False,Frozen HAM-matched PH2 diagnostic pipeline,767,576,767.0,576.0,1.3315972222222223,384,384,0.3462398946285248,1.3362931456983271,0.04217258095741272,0.28204137086868286,0.017942477017641068,0.0010024080984294415,0.3462398946285248,0.03934335708618164,0.28204137086868286,0.30406731367111206,0.009363137185573578,91.28388807508681,52.70249828495154,207.64105848761065,0.40678426372719223,0.12483045789930555,0.020107693142361112,7.557984104716642,0.5253615004592735,73.0592041015625,96.39467366536458,112.78303358289931,52.044660456582555,54.073266967376334,56.989874855109164
PH2,IMD091,mel,df,False,Frozen HAM-matched PH2 diagnostic pipeline,764,575,764.0,575.0,1.328695652173913,384,384,0.7401394844055176,0.8045679153347547,0.5651972442865372,0.002087036147713661,0.0010331578087061644,0.004828868433833122,0.01226489432156086,0.7401394844055176,0.002087036147713661,0.06470425426959991,0.1749422401189804,132.41109890407986,64.36364003750977,518.791065969401,0.36159617438555286,0.020650227864583332,0.032206217447916664,7.690333888734525,0.4647159006727334,118.10666910807292,137.49344889322916,143.75926378038196,73.50312196274254,65.47616252990306,47.16032335350098
PH2,IMD092,nv,nv,True,Frozen HAM-matched PH2 diagnostic pipeline,769,575,769.0,575.0,1.337391304347826,384,384,0.6041166186332703,1.0058250256854415,0.39957746863365173,0.17892566323280334,0.006122498773038387,0.003952982369810343,0.20453914999961853,0.00133969122543931,0.17892566323280334,0.6041166186332703,0.0010033822618424892,47.463283962673614,40.7374757764895,239.68436111344232,0.5086457163160403,0.20338270399305555,0.013678656684027778,5.789613241464063,0.7816654425269852,35.122212727864586,50.79887559678819,62.67662217881944,41.59647526964526,40.54740471561798,42.334135597782264
PH2,IMD101,nv,nv,True,Frozen HAM-matched PH2 diagnostic pipeline,768,577,768.0,577.0,1.3310225303292895,384,384,0.7692137360572815,0.7241237969376896,0.5972433984279633,0.04317942261695862,0.006012293975800276,0.001147466478869319,0.17197033762931824,0.006221344228833914,0.04317942261695862,0.7692137360572815,0.002255423227325082,65.22052680121527,38.71239169869571,234.37368480198913,0.547901534203091,0.11268446180555555,0.016370985243055556,6.836442240228356,0.5210008630691186,41.92521837022569,72.56702338324652,88.49366590711806,39.02449387047005,39.13650607692755,49.79917051986651
PH2,IMD103,nv,nv,True,Frozen HAM-matched PH2 diagnostic pipeline,767,576,767.0,576.0,1.3315972222222223,384,384,0.445556104183197,1.086673077798383,0.16564294695854187,0.27991315722465515,0.0011130853090435266,0.00015602984058205038,0.27236300706863403,0.0005808545392937958,0.27991315722465515,0.445556104183197,0.0003176609752699733,35.83892822265625,41.48145451834627,54.64086913768156,0.44652788415713507,0.7103542751736112,0.014973958333333334,6.117699493524018,1.0723460967269034,27.697408040364582,37.815585666232636,47.043416341145836,41.24733258694776,41.66788069691598,49.82656838578773
PH2,IMD105,nv,bkl,False,Frozen HAM-matched PH2 diagnostic pipeline,768,574,768.0,574.0,1.3379790940766552,384,384,0.36285555362701416,1.1212578282685124,0.011163890361785889,0.2809412181377411,0.0026695113629102707,0.000434086803579703,0.36285555362701416,0.0010618582600727677,0.2809412181377411,0.35169166326522827,0.00034608415444381535,45.248270670572914,37.75527426002546,173.90567038120864,0.5162262827222903,0.32159423828125,0.013590494791666666,6.047773871391787,0.7566027680333683,32.133144802517364,49.06141493055556,60.030558268229164,39.26667896420835,37.312521612902614,42.00744468501657
PH2,IMD107,nv,nv,True,Frozen HAM-matched PH2 diagnostic pipeline,767,575,767.0,575.0,1.333913043478261,384,384,0.8872072100639343,0.4595886533908439,0.8195241168141365,0.037001919001340866,0.00053473497973755,0.0024437832180410624,0.06768309324979782,0.0019106692634522915,0.037001919001340866,0.8872072100639343,0.0032185723539441824,38.60307481553819,40.52652070916938,99.08826476832229,0.48974319491251367,0.6355048285590278,0.014146592881944444,6.16769550501107,0.9702718120104824,28.18674045138889,41.042561848958336,53.360683865017364,39.7199637835734,40.963544222971244,49.84915872864557
PH2,IMD108,nv,nv,True,Frozen HAM-matched PH2 diagnostic pipeline,763,575,763.0,575.0,1.3269565217391304,384,384,0.5859774351119995,0.9732050819704645,0.3695646673440933,0.2164127677679062,0.0006078589358367026,0.00024800735991448164,0.19646961987018585,0.00012229390267748386,0.2164127677679062,0.5859774351119995,0.00016201309335883707,30.59127468532986,39.021708522168915,43.69561410571138,0.46905392582380173,0.7386474609375,0.013970269097222222,5.96902787022149,1.1789157503898884,23.67978244357639,31.752543131510418,42.76060655381944,39.436296428742615,39.08976388362597,45.97027360192928
PH2,IMD112,nv,mel,False,Frozen HAM-matched PH2 diagnostic pipeline,767,576,767.0,576.0,1.3315972222222223,384,384,0.42160797119140625,1.0677484417854888,0.017732292413711548,0.42160797119140625,0.0038077733479440212,0.0006289292359724641,0.4038756787776947,0.0014824338722974062,0.42160797119140625,0.16836044192314148,0.00023685691121499985,43.67094590928819,39.54982228059505,50.501246204346785,0.5045154047947303,0.4168768988715278,0.015882703993055556,6.464127767488554,0.8321191153612388,31.64889187282986,47.27173529730903,56.654568142361114,40.071309006499234,39.35684146768321,49.72504553326348
PH2,IMD118,nv,nv,True,Frozen HAM-matched PH2 diagnostic pipeline,768,576,768.0,576.0,1.3333333333333333,384,384,0.8329845070838928,0.5391821848987481,0.6895001530647278,0.14348435401916504,0.00012399860133882612,0.0008133241790346801,0.0022238362580537796,0.01733030192553997,0.14348435401916504,0.8329845070838928,0.0030396240763366222,53.075039333767364,45.16790392090793,118.96479832753539,0.4321904467081971,0.2779473198784722,0.016025119357638888,6.6341849300437925,0.7801621912138696,40.77534315321181,57.05535888671875,64.88050672743056,44.02988696477341,45.874033857080384,49.209028783189304
PH2,IMD125,nv,nv,True,Frozen HAM-matched PH2 diagnostic pipeline,765,575,765.0,575.0,1.3304347826086957,384,384,0.5805470943450928,0.985856203866128,0.3380659371614456,0.17380191385746002,0.0011495394865050912,0.0008509348845109344,0.24248115718364716,0.00048295778105966747,0.17380191385746002,0.5805470943450928,0.0006864214665256441,42.015889485677086,41.48345247808144,171.8543961323614,0.5680077646292893,0.5674709743923612,0.015157063802083334,6.2553798850132285,0.90382901029969,29.39584689670139,44.654690212673614,61.54435899522569,41.014013726334035,41.93559498198997,49.53853660201344
PH2,IMD132,nv,nv,True,Frozen HAM-matched PH2 diagnostic pipeline,767,576,767.0,576.0,1.3315972222222223,384,384,0.630042314529419,0.95719931488427,0.3614357113838196,0.0741739571094513,0.0017286650836467743,0.020213158801198006,0.26860660314559937,0.0011448115110397339,0.0741739571094513,0.630042314529419,0.004090542439371347,37.28046332465278,45.1038467949849,62.10465791490341,0.3980860491983252,0.7244940863715278,0.016886393229166668,6.043625830773364,1.1236816428696683,31.63037109375,37.98900010850694,48.455851236979164,43.98740212364349,45.71120255646718,51.50742235352183
PH2,IMD133,nv,nv,True,Frozen HAM-matched PH2 diagnostic pipeline,767,576,767.0,576.0,1.3315972222222223,384,384,0.6138321161270142,0.930630884441338,0.3338949382305145,0.27993717789649963,0.001168884220533073,0.0010980651713907719,0.09874819219112396,0.0035863800439983606,0.27993717789649963,0.6138321161270142,0.0016291866777464747,38.16278076171875,45.278045882003326,70.50096052369955,0.4428548443031726,0.6907552083333334,0.014879014756944444,6.189998920779054,1.1092739042507023,32.833957248263886,38.10206434461806,52.458394368489586,44.316312623790644,45.74419806310987,51.93638036535853
PH2,IMD134,nv,nv,True,Frozen HAM-matched PH2 diagnostic pipeline,767,576,767.0,576.0,1.3315972222222223,384,384,0.8054436445236206,0.5033842008709902,0.6126335561275482,0.1928100883960724,5.899867119296687e-06,2.4742528694332577e-05,0.001605796511285007,5.017690273234621e-05,0.1928100883960724,0.8054436445236206,5.958654946880415e-05,44.19495985243056,47.158057788415746,81.26155589226586,0.36921594158496734,0.6133558485243056,0.015577528211805556,6.378902757680418,0.9925704130015729,36.745361328125,45.623019748263886,56.37891303168403,44.58075212384865,47.944032070665536,57.37049276552975
PH2,IMD135,nv,nv,True,Frozen HAM-matched PH2 diagnostic pipeline,767,576,767.0,576.0,1.3315972222222223,384,384,0.9633276462554932,0.19011633770442155,0.9431036822497845,0.014489629305899143,4.222416100674309e-05,6.565402145497501e-05,0.020223964005708694,0.0006144496728666127,0.014489629305899143,0.9633276462554932,0.0012363833375275135,65.87462022569444,45.39832777761028,128.4851940770484,0.5083036534926471,0.2773980034722222,0.011203342013888888,7.1155750419421055,0.615307751431079,45.67346869574653,72.01302083333333,87.25632731119792,40.979711860311596,48.5637223984434,53.210009254682255
PH2,IMD142,nv,nv,True,Frozen HAM-matched PH2 diagnostic pipeline,767,576,767.0,576.0,1.3315972222222223,384,384,0.9113416075706482,0.36507812904210535,0.8521640188992023,0.02741953544318676,0.00011203002941329032,8.793337474344298e-05,0.05917758867144585,0.000431135791586712,0.02741953544318676,0.9113416075706482,0.0014303034404292703,40.11970350477431,44.22463077072122,65.08064639402761,0.43940929670479306,0.6567111545138888,0.017388237847222224,6.273392639694292,1.0265501292784025,30.11041259765625,42.66590711805556,53.244723849826386,40.10562052390124,46.16997678701074,55.9914348588594
PH2,IMD143,nv,nv,True,Frozen HAM-matched PH2 diagnostic pipeline,767,576,767.0,576.0,1.3315972222222223,384,384,0.9128401875495911,0.37878001082032065,0.8632657714188099,0.03140581026673317,0.00019275606609880924,0.0017621961887925863,0.049574416130781174,0.0007608775049448013,0.03140581026673317,0.9128401875495911,0.0034637164790183306,35.111484103732636,41.31475858276936,54.36583945371301,0.4317245849077478,0.7433064778645834,0.015353732638888888,5.8409322436730085,1.0901558097412436,26.59469943576389,38.03551567925347,42.40034315321181,39.4473168181483,42.4678341088243,48.59080309527805
PH2,IMD144,nv,nv,True,Frozen HAM-matched PH2 diagnostic pipeline,767,576,767.0,576.0,1.3315972222222223,384,384,0.8994753360748291,0.3932012751508957,0.8255697637796402,0.0739055722951889,0.00011275213910266757,0.0006071560201235116,0.024809719994664192,0.00041082227835431695,0.0739055722951889,0.8994753360748291,0.0006786556914448738,36.428432888454864,46.98568217131051,61.78244195087456,0.37267912156181915,0.7617662217881944,0.015699598524305556,5.946010015390953,1.1958136924566145,30.613511827256943,38.44380018446181,41.27619086371528,45.48500792461919,47.9607203988111,48.91757999160498
PH2,IMD146,nv,nv,True,Frozen HAM-matched PH2 diagnostic pipeline,767,576,767.0,576.0,1.3315972222222223,384,384,0.6897915601730347,0.6948639097291797,0.3959990441799164,0.2937925159931183,0.00010994761396432295,0.00047387409722432494,0.013337620534002781,0.0015030300710350275,0.2937925159931183,0.6897915601730347,0.0009915039408951998,40.57672797309028,46.97450144719199,73.71771870553493,0.33301568457244013,0.6958211263020834,0.016350640190972224,6.113365070627396,1.0795964443081132,35.64606391059028,41.192647298177086,50.36016167534722,43.62028918212957,48.36419187021635,54.82198744516078
PH2,IMD147,nv,nv,True,Frozen HAM-matched PH2 diagnostic pipeline,767,576,767.0,576.0,1.3315972222222223,384,384,0.6912426948547363,0.6430955017672776,0.3868926763534546,0.30435001850128174,0.00010411176481284201,0.00011659964366117492,0.004005274269729853,0.00012267364945728332,0.30435001850128174,0.6912426948547363,5.862998295924626e-05,54.82655164930556,45.23029644562811,99.17516174687097,0.5206591903254357,0.368408203125,0.018547905815972224,7.010307515884219,0.7468029096849578,39.58856879340278,57.33839246961806,81.86180962456598,42.23763588647448,46.428733249306326,58.92366881000132
PH2,IMD150,nv,nv,True,Frozen HAM-matched PH2 diagnostic pipeline,767,576,767.0,576.0,1.3315972222222223,384,384,0.8235187530517578,0.5862240356846234,0.6997916400432587,0.12372711300849915,0.00016272223729174584,0.00014586327597498894,0.04996586963534355,0.0001162923508672975,0.12372711300849915,0.8235187530517578,0.002363327657803893,69.53593614366319,56.77652205194444,204.20592996809216,0.40715111294083606,0.3821682400173611,0.015862358940972224,7.151351154189017,0.7263230318335265,50.99329969618056,78.43857150607639,72.2645263671875,50.56923753595592,61.24874958756359,61.01700008469489
PH2,IMD152,nv,nv,True,Frozen HAM-matched PH2 diagnostic pipeline,764,576,764.0,576.0,1.3263888888888888,384,384,0.8841122984886169,0.42481293298932604,0.7842859849333763,0.005498668644577265,0.0004109663132112473,0.007457300089299679,0.09982631355524063,0.0007529358845204115,0.005498668644577265,0.8841122984886169,0.001941557158716023,110.97840711805556,43.77475096998757,292.1742988751258,0.31975602958197163,0.014377170138888888,0.030632866753472224,6.9747614611339666,0.34278428286420676,91.02798800998264,119.42692735460069,119.81944444444444,45.10786929488905,44.19751547114137,46.8984920075096
PH2,IMD156,nv,nv,True,Frozen HAM-matched PH2 diagnostic pipeline,767,576,767.0,576.0,1.3315972222222223,384,384,0.5339540243148804,0.9402452349286252,0.1245572566986084,0.409396767616272,0.002420139964669943,0.015936164185404778,0.016815515235066414,0.002571198856458068,0.409396767616272,0.5339540243148804,0.018906189128756523,43.307271321614586,37.85036205989821,175.11944800389952,0.43151980464494827,0.38836669921875,0.011834038628472222,6.323958526452863,0.7984438699729839,34.42304823133681,46.011081271701386,52.683865017361114,34.555567499319565,40.58343726368375,43.03959556156179
PH2,IMD159,nv,nv,True,Frozen HAM-matched PH2 diagnostic pipeline,764,576,764.0,576.0,1.3263888888888888,384,384,0.8537017107009888,0.515021302860908,0.7566005066037178,0.048303861171007156,7.297738920897245e-05,2.123763260897249e-05,0.09710120409727097,0.0004166877770330757,0.048303861171007156,0.8537017107009888,0.0003823741863016039,70.35679796006944,49.62374082145556,209.86831284852497,0.5493894888684641,0.04039171006944445,0.024468315972222224,6.777073268342914,0.6213193943255374,47.46076795789931,80.66268581814236,77.34503173828125,54.88588428302235,47.91877226817908,52.29889239406798
PH2,IMD160,nv,nv,True,Frozen HAM-matched PH2 diagnostic pipeline,767,576,767.0,576.0,1.3315972222222223,384,384,0.7131881713867188,0.7352300127423944,0.4724264293909073,0.24076174199581146,0.00017744710203260183,0.0006169365951791406,0.044330328702926636,0.00043918576557189226,0.24076174199581146,0.7131881713867188,0.00048613431863486767,59.80384657118056,44.78045996390491,111.2206659830279,0.5049772507744417,0.2919108072916667,0.0205078125,7.0465590539950576,0.6776425656743209,44.2998046875,62.610819498697914,86.020751953125,42.98729068381859,45.86858293969846,53.16616719004068
PH2,IMD161,nv,nv,True,Frozen HAM-matched PH2 diagnostic pipeline,767,576,767.0,576.0,1.3315972222222223,384,384,0.8819044232368469,0.46528527985315393,0.8020091652870178,0.030097095295786858,0.0005849226727150381,0.00042961345752701163,0.0798952579498291,0.002147932071238756,0.030097095295786858,0.8819044232368469,0.004940731450915337,60.239162868923614,45.324572721388876,91.51803959368002,0.521336906615945,0.3306477864583333,0.017652723524305556,7.003908642152421,0.6938249156342148,44.16517469618056,62.969380696614586,88.35567898220486,42.774670834996144,46.52193851327337,55.86085302437759
PH2,IMD162,nv,bkl,False,Frozen HAM-matched PH2 diagnostic pipeline,767,576,767.0,576.0,1.3315972222222223,384,384,0.667556643486023,0.8779792639951729,0.47423285245895386,0.1933237910270691,0.001135043683461845,0.0005607909988611937,0.667556643486023,0.0005414182087406516,0.1933237910270691,0.136552631855011,0.00032967200968414545,44.445841471354164,43.67983146330584,68.8449083853191,0.4426414473124319,0.5576917860243056,0.015997992621527776,6.282479576774496,0.9130593505383161,34.40308295355903,46.59815131293403,59.694437662760414,42.37104434983239,44.256390218764665,52.452600807562725
PH2,IMD168,mel,mel,True,Frozen HAM-matched PH2 diagnostic pipeline,767,576,767.0,576.0,1.3315972222222223,384,384,0.39903783798217773,1.5347851568048678,0.21471533179283142,0.39903783798217773,0.0016564574325457215,0.175442174077034,0.10959809273481369,0.009131340309977531,0.39903783798217773,0.1843225061893463,0.1208115741610527,70.46727837456598,64.10551148196079,130.4398427532043,0.36684628821146514,0.2834269205729167,0.02557373046875,7.30567278124097,0.8222679091485368,64.32988823784723,73.13347710503473,72.85373263888889,67.17398568645731,64.99014311320262,58.84232834624657
PH2,IMD173,nv,nv,True,Frozen HAM-matched PH2 diagnostic pipeline,764,575,764.0,575.0,1.328695652173913,384,384,0.9323545098304749,0.3039052048722215,0.8966418206691742,0.03571268916130066,6.646266410825774e-05,0.0003158394538331777,0.02994123287498951,0.0005197151331230998,0.03571268916130066,0.9323545098304749,0.0010895447339862585,55.93701850043403,45.86471819108685,171.3004958077253,0.5215478302866285,0.3141750759548611,0.016126844618055556,6.812239436526876,0.7474238050271304,37.25090196397569,61.75426567925347,74.98149956597223,41.259838136237335,47.515267387234054,59.840604152581754
PH2,IMD175,nv,nv,True,Frozen HAM-matched PH2 diagnostic pipeline,767,576,767.0,576.0,1.3315972222222223,384,384,0.7394682765007019,0.7083362152881972,0.5312986522912979,0.05176693946123123,0.00017149360792245716,4.762205935548991e-05,0.208169624209404,0.000121607183245942,0.05176693946123123,0.7394682765007019,0.0002544431190472096,42.12370469835069,43.69154969061704,73.62086422350488,0.43514614396105666,0.6061130099826388,0.016248914930555556,6.4417975206658875,0.9625806922769974,30.84764946831597,45.06439208984375,56.54747856987847,39.98605819563695,45.146850112312215,59.11669723657834
PH2,IMD176,nv,nv,True,Frozen HAM-matched PH2 diagnostic pipeline,767,576,767.0,576.0,1.3315972222222223,384,384,0.6848036050796509,0.7229104118651809,0.39821770787239075,0.027908653020858765,3.8316164136631414e-05,2.552406476752367e-05,0.28658589720726013,8.143278682837263e-05,0.027908653020858765,0.6848036050796509,0.0005564921302720904,49.221435546875,44.86631329065391,78.34606593332173,0.5003640301606754,0.4711235894097222,0.014906141493055556,6.824358333857999,0.8477826564645254,33.693868001302086,53.35247802734375,68.67451307508681,40.674308675455485,46.680388909333956,60.45715851112816
PH2,IMD177,nv,nv,True,Frozen HAM-matched PH2 diagnostic pipeline,767,576,767.0,576.0,1.3315972222222223,384,384,0.753183901309967,0.6519444633684266,0.527478352189064,0.22570554912090302,0.000246330484515056,0.00034199602669104934,0.01273343525826931,0.005881255958229303,0.22570554912090302,0.753183901309967,0.0019075004383921623,41.821017795138886,46.22138991556016,78.35045314051304,0.41976682708673746,0.6316799587673612,0.014668782552083334,6.372598488617552,1.027437271374321,33.25933837890625,43.907741970486114,53.543850368923614,42.608322437051825,48.566209966389785,51.63486402451485
PH2,IMD182,nv,nv,True,Frozen HAM-matched PH2 diagnostic pipeline,767,576,767.0,576.0,1.3315972222222223,384,384,0.5473726391792297,0.784902048480947,0.11857330799102783,0.4287993311882019,0.0001142370529123582,1.380449793941807e-05,0.02334410883486271,0.00010731578367995098,0.4287993311882019,0.5473726391792297,0.0002485438890289515,40.353549533420136,41.58621329403179,46.90386937020555,0.4497560721337146,0.5761379665798612,0.017754448784722224,6.360010541896326,0.947591350442878,29.568074544270832,44.611612955729164,46.710550944010414,39.89865639723513,43.64317696161403,45.37678128922797
PH2,IMD196,nv,nv,True,Frozen HAM-matched PH2 diagnostic pipeline,767,576,767.0,576.0,1.3315972222222223,384,384,0.5778657793998718,1.1757108805509866,0.3622491806745529,0.14518286287784576,0.016732443124055862,0.010228336788713932,0.2156165987253189,0.0278850756585598,0.14518286287784576,0.5778657793998718,0.006488841027021408,49.29021538628472,39.54377722385986,68.6615036394401,0.5441069825282544,0.1857571072048611,0.016282823350694444,6.267752217635882,0.7357825028402428,33.24567328559028,55.258951822916664,60.649454752604164,42.00437914423948,38.97592525810524,41.75249674778392
PH2,IMD197,nv,nv,True,Frozen HAM-matched PH2 diagnostic pipeline,767,576,767.0,576.0,1.3315972222222223,384,384,0.5818297863006592,0.9717826993770571,0.30859851837158203,0.1407848298549652,0.0005930397310294211,0.00014307748642750084,0.27323126792907715,0.00032878946512937546,0.1407848298549652,0.5818297863006592,0.0030891522765159607,46.403279622395836,49.02853832844994,73.81284986436366,0.44507899731072986,0.5707261827256944,0.016133626302083332,6.6121832440096675,0.972764492859525,37.2080078125,49.897060818142364,52.573486328125,46.70429797723989,51.10080083802036,50.50181676718659
PH2,IMD198,nv,bkl,False,Frozen HAM-matched PH2 diagnostic pipeline,765,575,765.0,575.0,1.3304347826086957,384,384,0.4595043659210205,0.9363040035597202,0.005353361368179321,0.08491679280996323,0.0003830095811281353,0.0006579149048775434,0.4595043659210205,0.00011102759162895381,0.08491679280996323,0.4541510045528412,0.00027587145450524986,32.017605251736114,38.040068826468655,137.4600499316038,0.4565989508867783,0.7234361436631944,0.012749565972222222,5.902093751610455,1.0823270666131475,24.88720703125,33.27173529730903,44.28185356987847,38.30547791523788,38.05435494633588,44.541377448826125
PH2,IMD199,nv,bkl,False,Frozen HAM-matched PH2 diagnostic pipeline,767,576,767.0,576.0,1.3315972222222223,384,384,0.49649301171302795,0.7695190269115174,0.0067417919635772705,0.0096141267567873,0.0009622082579880953,0.0005881861434318125,0.49649301171302795,0.00040583621012046933,0.0096141267567873,0.4897512197494507,0.002185376826673746,42.442538791232636,41.06337606706808,78.03924581698246,0.5847256795513344,0.5250040690104166,0.011969672309027778,6.466936152867049,0.8828289692393448,29.149122450086807,44.723354763454864,65.57803683810764,40.949594000052045,42.13569509356071,51.427251073545044
PH2,IMD200,nv,bkl,False,Frozen HAM-matched PH2 diagnostic pipeline,767,576,767.0,576.0,1.3315972222222223,384,384,0.7393268346786499,0.6377253374574804,0.4902280569076538,0.0047395178116858006,0.001997062936425209,0.0007959298091009259,0.7393268346786499,0.0012255581095814705,0.0047395178116858006,0.2490987777709961,0.002816310152411461,50.86561414930556,43.43620843668862,110.39880874380468,0.6283107915475218,0.32696533203125,0.016228569878472224,6.707751656652618,0.779938388248028,33.30218505859375,54.221462673611114,79.64970567491319,42.82351892232995,45.50177690921986,50.8454880319478
PH2,IMD203,nv,nv,True,Frozen HAM-matched PH2 diagnostic pipeline,764,575,764.0,575.0,1.328695652173913,384,384,0.8390569686889648,0.5593695269489568,0.7262765616178513,0.04384314641356468,0.0006392824579961598,0.0020475697237998247,0.11278040707111359,0.0005641647730953991,0.04384314641356468,0.8390569686889648,0.0010685076704248786,41.11570909288194,40.927745618416665,139.84227084888167,0.46577831924870644,0.5498521592881944,0.0145263671875,6.284894605734767,0.9029260252864602,29.30807156032986,45.3243408203125,50.421725802951386,39.832232491897074,41.4828123132393,49.69562306389624
PH2,IMD204,nv,nv,True,Frozen HAM-matched PH2 diagnostic pipeline,764,575,764.0,575.0,1.328695652173913,384,384,0.3437732756137848,1.6748847858249678,0.1271764189004898,0.21659685671329498,0.07910247147083282,0.145847350358963,0.14919671416282654,0.05246255174279213,0.21659685671329498,0.3437732756137848,0.01302075944840908,36.14873589409722,40.122932561928344,137.80781592368896,0.4414890929244962,0.7123006184895834,0.013237847222222222,5.830661085883574,1.006553388791855,27.25405544704861,39.228915744357636,43.63885498046875,39.09234351087518,40.73068251230315,46.39234243644469
PH2,IMD206,nv,nv,True,Frozen HAM-matched PH2 diagnostic pipeline,764,575,764.0,575.0,1.328695652173913,384,384,0.6968187093734741,0.9328967578879349,0.5273020714521408,0.10037706792354584,0.008041463792324066,0.002615785226225853,0.1695166379213333,0.019271641969680786,0.10037706792354584,0.6968187093734741,0.0033587347716093063,53.80034722222222,46.4922705874891,179.33307286526684,0.46939886088984206,0.2067938910590278,0.013753255208333334,6.52236423386155,0.7828087044496981,38.497294108072914,60.48737250434028,59.531087239583336,44.348410194938374,47.76456089512022,51.08762675516454
PH2,IMD207,nv,bkl,False,Frozen HAM-matched PH2 diagnostic pipeline,764,575,764.0,575.0,1.328695652173913,384,384,0.4700201749801636,1.1293419232211757,0.2032548487186432,0.2484099268913269,0.009547613561153412,0.0006260543595999479,0.4700201749801636,0.0038425452075898647,0.2484099268913269,0.2667653262615204,0.0007883214275352657,47.567165798611114,39.03457063949644,151.0082991871937,0.5713228379459422,0.3311564127604167,0.01519775390625,6.377606220050726,0.7422831728749305,30.9058837890625,53.00421820746528,63.274258083767364,39.62297270425337,39.10404122529636,44.13439881488025
PH2,IMD208,nv,nv,True,Frozen HAM-matched PH2 diagnostic pipeline,768,576,768.0,576.0,1.3333333333333333,384,384,0.9214239716529846,0.323917628088899,0.8569820746779442,0.06444189697504044,4.4792239350499585e-05,5.036127186031081e-05,0.010146524757146835,0.0020714816637337208,0.06444189697504044,0.9214239716529846,0.0018209489062428474,82.50114610460069,37.037006537882334,94.76322336476525,0.32047254774305556,0.012363009982638888,0.013800726996527778,6.302958622430085,0.40491466444611757,65.07526991102431,89.12102593315973,94.10938856336806,33.74270569435844,37.54069082952071,50.07461240460174
PH2,IMD211,mel,nv,False,Frozen HAM-matched PH2 diagnostic pipeline,768,576,768.0,576.0,1.3333333333333333,384,384,0.8198716044425964,0.5262460502960425,0.6533045768737793,0.011544491164386272,3.0261362553574145e-05,2.5985224056057632e-05,0.16656702756881714,0.0001567109429743141,0.011544491164386272,0.8198716044425964,0.001804001396521926,71.98265245225694,64.95201030149066,218.3707838352356,0.34250201056985297,0.4009060329861111,0.019761827256944444,7.203177808081714,0.8398601204480399,66.28287760416667,73.65793863932292,78.31298828125,65.42410100576082,66.11281316601308,64.70305681771369
PH2,IMD219,mel,mel,True,Frozen HAM-matched PH2 diagnostic pipeline,764,575,764.0,575.0,1.328695652173913,384,384,0.7613835334777832,0.7049946200498376,0.5617925822734833,0.7613835334777832,0.006717180833220482,0.0032229386270046234,0.020539384335279465,0.007493556011468172,0.7613835334777832,0.19959095120429993,0.001052483799867332,94.99134657118056,48.904746476809926,305.84852943817776,0.31797656888276143,0.02716064453125,0.012234157986111112,7.414948690102289,0.43220594786217337,78.25011528862848,101.21444363064236,106.85565185546875,47.81751860817226,49.569547392928726,55.20016698095766
PH2,IMD240,mel,nv,False,Frozen HAM-matched PH2 diagnostic pipeline,767,576,767.0,576.0,1.3315972222222223,384,384,0.5825768113136292,0.9496088638384632,0.25095853209495544,0.3316182792186737,0.0002634976408444345,0.003673168830573559,0.01035208161920309,0.0022762722801417112,0.3316182792186737,0.5825768113136292,0.06923995912075043,79.88362630208333,54.817886914999086,198.17638144223594,0.3387385482621868,0.20135498046875,0.014634874131944444,7.47997985739549,0.6078966077055679,74.00018310546875,81.97301567925348,84.54825168185764,58.872930671500235,55.141268574301264,48.22714324080077
PH2,IMD242,mel,mel,True,Frozen HAM-matched PH2 diagnostic pipeline,767,576,767.0,576.0,1.3315972222222223,384,384,0.6680793762207031,0.8810555311311242,0.45826904475688934,0.6680793762207031,0.002130507491528988,0.0004772410320583731,0.20981033146381378,0.0010754793183878064,0.6680793762207031,0.11711965501308441,0.001307450351305306,88.3480224609375,46.83218763827369,168.1665392037895,0.4008177647143927,0.03190782335069445,0.019171820746527776,7.043991904016618,0.46188791231418636,68.47724745008681,95.97880045572917,101.17638481987848,49.09679664131088,46.93571341072137,46.84416849234756
PH2,IMD284,mel,mel,True,Frozen HAM-matched PH2 diagnostic pipeline,768,576,768.0,576.0,1.3333333333333333,384,384,0.681643009185791,0.9432286705568513,0.4588279724121094,0.681643009185791,0.010299786925315857,0.011580361984670162,0.019931063055992126,0.22281503677368164,0.681643009185791,0.04999670758843422,0.003733980469405651,106.60615370008681,43.331889622520244,255.6565691216124,0.4040344903152233,0.03512234157986111,0.01824951171875,7.358909959280685,0.31462683248204787,82.79555935329861,113.56534830729167,133.2350056966146,41.50858071570779,44.49577993921394,52.41996106087621
PH2,IMD285,mel,nv,False,Frozen HAM-matched PH2 diagnostic pipeline,767,576,767.0,576.0,1.3315972222222223,384,384,0.8094609379768372,0.6209311866563043,0.6898482292890549,0.11961270868778229,0.00011341764911776409,4.9355327064404264e-05,0.06956537812948227,0.0006839959532953799,0.11961270868778229,0.8094609379768372,0.0005142943118698895,63.934326171875,45.97364693674459,107.03495261109906,0.4403518178104575,0.2721761067708333,0.016459147135416668,7.135063699978592,0.6585554780412293,48.56047227647569,68.77167426215277,79.36283365885417,43.78768487716729,47.89164249255244,49.60165811545468
PH2,IMD348,mel,nv,False,Frozen HAM-matched PH2 diagnostic pipeline,767,576,767.0,576.0,1.3315972222222223,384,384,0.6702672839164734,0.9605768048522344,0.4742536246776581,0.10372153669595718,0.003855394897982478,0.0017411599401384592,0.1960136592388153,0.01712748222053051,0.10372153669595718,0.6702672839164734,0.007273510564118624,125.90662299262152,50.869669769816035,392.8296134625964,0.2664578705831291,0.021043565538194444,0.013651529947916666,7.570672201316201,0.3309121960289529,110.21631537543402,134.07009548611111,125.01767306857639,51.317784134301526,52.42088775493577,52.03176391919165
PH2,IMD349,mel,mel,True,Frozen HAM-matched PH2 diagnostic pipeline,767,576,767.0,576.0,1.3315972222222223,384,384,0.8628435134887695,0.46932118269857004,0.7467525526881218,0.8628435134887695,0.0006068144575692713,8.037785300984979e-05,0.01829664595425129,0.001847343984991312,0.8628435134887695,0.11609096080064774,0.00023440518998540938,65.60403781467014,47.17449778008513,138.50340583915875,0.4563396777982026,0.2581380208333333,0.015726725260416668,7.250360785260714,0.6372101156196515,52.720804850260414,67.56396484375,89.29279242621527,44.82631992963635,48.542799178407016,53.818997735731934
PH2,IMD364,nv,nv,True,Frozen HAM-matched PH2 diagnostic pipeline,767,576,767.0,576.0,1.3315972222222223,384,384,0.6541237235069275,0.8024381623761003,0.3451375365257263,0.30898618698120117,0.000546296127140522,0.001899327035062015,0.02293606474995613,0.006294912192970514,0.30898618698120117,0.6541237235069275,0.0052135721780359745,37.882168240017364,45.940043249200414,76.56550427273284,0.5016112217456427,0.6924302842881944,0.015407986111111112,6.196853800440839,1.1351886385281893,30.91229926215278,38.700710720486114,51.95671929253472,45.0251843359665,46.82269924905368,49.13769255338704
PH2,IMD365,nv,nv,True,Frozen HAM-matched PH2 diagnostic pipeline,767,576,767.0,576.0,1.3315972222222223,384,384,0.7982392311096191,0.6114878684537768,0.6242539137601852,0.1739853173494339,6.310822209343314e-05,0.0017945461440831423,0.004945232532918453,0.002715061418712139,0.1739853173494339,0.7982392311096191,0.0182575061917305,39.24976264105903,44.586181739142255,68.84800125267587,0.5058062119161901,0.6701117621527778,0.016228569878472224,6.195775373305249,1.060978872089815,30.091695149739582,40.53541395399306,56.661458333333336,43.12034410802418,45.69007166602536,54.43166385726816
PH2,IMD367,nv,mel,False,Frozen HAM-matched PH2 diagnostic pipeline,767,576,767.0,576.0,1.3315972222222223,384,384,0.6274699568748474,0.9360507663638932,0.35011738538742065,0.6274699568748474,0.004336581565439701,0.000447357160737738,0.07451187074184418,0.015555746853351593,0.6274699568748474,0.27735257148742676,0.0003260174999013543,42.18598090277778,42.49983290374198,61.465120750398924,0.4326587020441857,0.5544976128472222,0.0186767578125,6.368098850034705,0.9352131969049294,32.607998318142364,45.07813178168403,52.41380479600694,42.19351231324478,43.004877555564406,46.07225549760638
PH2,IMD371,nv,nv,True,Frozen HAM-matched PH2 diagnostic pipeline,764,576,764.0,576.0,1.3263888888888888,384,384,0.9965292811393738,0.027272837239563672,0.9950650514801964,0.001464229659177363,6.504091061287909e-07,1.703842826827895e-05,0.0002691413974389434,0.001348911551758647,0.001464229659177363,0.9965292811393738,0.00037075794534757733,114.73864067925348,48.57367747564672,294.46034176242944,0.3138310983030365,0.015536838107638888,0.029900444878472224,7.168761461893025,0.3904415623699045,96.97581651475694,125.618408203125,105.31255425347223,52.18821001794134,47.011979298859465,52.66877471950602
PH2,IMD372,nv,nv,True,Frozen HAM-matched PH2 diagnostic pipeline,765,575,765.0,575.0,1.3304347826086957,384,384,0.746959924697876,0.8663586467758103,0.6149848401546478,0.07840650528669357,0.009950791485607624,0.024556400254368782,0.13197508454322815,0.003186682239174843,0.07840650528669357,0.746959924697876,0.00496463431045413,50.20245361328125,40.048853998574536,184.6187040661864,0.44835223694512527,0.2019110785590278,0.016777886284722224,6.413353025054664,0.7083136045241644,36.94317626953125,54.62603759765625,62.20001220703125,39.946624992141274,40.0925791219925,47.243511961647364
PH2,IMD374,nv,mel,False,Frozen HAM-matched PH2 diagnostic pipeline,767,576,767.0,576.0,1.3315972222222223,384,384,0.5356232523918152,1.0591722906077097,0.21547546982765198,0.5356232523918152,0.0014105475274845958,0.0024229688569903374,0.009848679415881634,0.12433528900146484,0.5356232523918152,0.3201477825641632,0.006211483851075172,43.78832329644097,45.066172226148,93.72916597771793,0.5724660437091503,0.5107896592881944,0.013699001736111112,6.281335954165224,0.9499279687984106,32.12144639756944,46.155239529079864,62.20018853081597,44.61259878545258,46.543036588828855,46.99581418959045
PH2,IMD375,nv,mel,False,Frozen HAM-matched PH2 diagnostic pipeline,767,576,767.0,576.0,1.3315972222222223,384,384,0.701469361782074,0.6996507065888513,0.41970592737197876,0.701469361782074,0.0017118115210905671,0.002986770821735263,0.005634781438857317,0.004278351552784443,0.701469361782074,0.2817634344100952,0.0021554960403591394,44.115268283420136,43.53811832825674,68.25376201333638,0.48585505599809364,0.5354275173611112,0.017686631944444444,6.2502518828338545,0.9056692731839234,32.25151231553819,47.70966932508681,56.759012858072914,41.47628160834224,45.61361245867928,48.38840712763909
PH2,IMD378,nv,nv,True,Frozen HAM-matched PH2 diagnostic pipeline,767,576,767.0,576.0,1.3315972222222223,384,384,0.4067263901233673,1.1025465954833198,0.025387823581695557,0.38133856654167175,0.003560352139174938,5.7323377404827625e-05,0.20451487600803375,0.002146846614778042,0.38133856654167175,0.4067263901233673,0.0016557176131755114,49.708841959635414,46.2602542879886,87.63601430878042,0.45952278752212694,0.4793497721354167,0.018079969618055556,6.758022835603656,0.8551898379939391,35.35832383897569,55.12836371527778,59.435757107204864,42.39055302808054,49.633583628184866,49.624477648856676
PH2,IMD379,nv,mel,False,Frozen HAM-matched PH2 diagnostic pipeline,767,576,767.0,576.0,1.3315972222222223,384,384,0.7069344520568848,0.6331481665199147,0.41850411891937256,0.7069344520568848,0.00011423120304243639,0.00012594946019817144,0.0031391303054988384,0.0009342901175841689,0.7069344520568848,0.2884303331375122,0.0003216232289560139,51.003946940104164,51.56665530019129,105.97347466808596,0.5255051157832925,0.5111151801215278,0.016886393229166668,6.778340765487384,0.9475870287831484,37.82386610243056,53.99518500434028,70.17493353949652,47.15424027414097,54.08466979435224,59.683298451276116
PH2,IMD380,nv,nv,True,Frozen HAM-matched PH2 diagnostic pipeline,767,576,767.0,576.0,1.3315972222222223,384,384,0.5876822471618652,0.7866915846066238,0.2045224905014038,0.3831597566604614,6.773359928047284e-05,2.7581487302086316e-05,0.028539355844259262,0.00018268618441652507,0.3831597566604614,0.5876822471618652,0.00034063676139339805,43.09309217664931,51.22724005568668,65.17786975683254,0.33637322984749457,0.6859809027777778,0.019809299045138888,6.287269378225462,1.1205228709878283,37.05103217230903,44.08753119574653,53.83751085069444,46.740472538890565,52.77975396002629,60.5558915083083
PH2,IMD381,nv,nv,True,Frozen HAM-matched PH2 diagnostic pipeline,767,576,767.0,576.0,1.3315972222222223,384,384,0.831806480884552,0.5137337377026323,0.6791351586580276,0.15267132222652435,3.850878056255169e-05,0.0003486300411168486,0.012822951190173626,0.00014704374189022928,0.15267132222652435,0.831806480884552,0.002165016485378146,42.40080430772569,42.25799770280237,54.2015293335749,0.5701859883493328,0.5378078884548612,0.015814887152777776,6.492240556378052,0.9195275013464441,29.129408094618057,45.69282362196181,60.254984537760414,39.90649425753814,44.17350402851182,54.25421884577421
PH2,IMD383,nv,nv,True,Frozen HAM-matched PH2 diagnostic pipeline,765,575,765.0,575.0,1.3304347826086957,384,384,0.5038685202598572,1.0466298591186987,0.17148157954216003,0.33238694071769714,0.002781795570626855,0.0018970196833834052,0.15654915571212769,0.0007414340507239103,0.33238694071769714,0.5038685202598572,0.0017751373816281557,36.778781467013886,39.724162842984384,170.20688463209405,0.5931257127416939,0.6477118598090278,0.0142822265625,6.088133650363097,0.984156429183201,26.11016167534722,38.18109130859375,57.559794108072914,40.1531000958201,39.993782010999205,46.763510846510805
PH2,IMD384,nv,nv,True,Frozen HAM-matched PH2 diagnostic pipeline,767,576,767.0,576.0,1.3315972222222223,384,384,0.4476589560508728,1.0065157683953965,0.029579132795333862,0.41807982325553894,0.0014585885219275951,0.00010301080328645185,0.13219857215881348,0.00026614803937263787,0.41807982325553894,0.4476589560508728,0.00023487482394557446,45.02893744574653,48.06579203055788,89.07347912258572,0.5305343328737745,0.5979207356770834,0.01324462890625,6.413202505612865,0.9872285085216667,31.82659233940972,49.29496934678819,57.686862521701386,44.615553422442204,50.360859352334245,55.884671039384315
PH2,IMD385,nv,nv,True,Frozen HAM-matched PH2 diagnostic pipeline,767,576,767.0,576.0,1.3315972222222223,384,384,0.638795018196106,0.6875840075346348,0.2832520306110382,0.35554298758506775,1.6784635590738617e-05,1.3123049029672984e-05,0.0039304872043430805,0.00022855846327729523,0.35554298758506775,0.638795018196106,0.0014730248367413878,46.180874294704864,49.36186485396877,82.48060121686187,0.3721974890216503,0.6519843207465278,0.017632378472222224,6.3729995050151445,0.9926421680376663,35.173984103732636,50.764804416232636,51.514017740885414,42.362666297832895,53.75751725067586,55.786860288282234
PH2,IMD389,nv,nv,True,Frozen HAM-matched PH2 diagnostic pipeline,767,576,767.0,576.0,1.3315972222222223,384,384,0.8658239245414734,0.4882230613467425,0.7775470241904259,0.044475194066762924,0.0003722194815054536,9.595370102033485e-06,0.08827690035104752,0.0002370596630498767,0.044475194066762924,0.8658239245414734,0.0008051012991927564,68.41039360894098,49.534539056721506,180.76138540090605,0.49900612425959967,0.3010728624131944,0.016370985243055556,7.248474288936907,0.6454963124778642,46.986111111111114,76.73153347439236,81.74053276909723,44.54348725891096,53.41403255007685,55.51659851733362
PH2,IMD390,nv,nv,True,Frozen HAM-matched PH2 diagnostic pipeline,767,576,767.0,576.0,1.3315972222222223,384,384,0.5427013635635376,1.0378825309355415,0.31155675649642944,0.22099095582962036,0.0011664688354358077,0.0007605197024531662,0.23114460706710815,0.0011687494115903974,0.22099095582962036,0.5427013635635376,0.0020673067774623632,37.283420138888886,41.92103971917742,57.84056803137984,0.47864500889331424,0.6512451171875,0.016594780815972224,6.24131838219954,1.0433267555615156,28.443406846788193,38.450527615017364,54.45616997612847,40.97931161422097,42.8023808165804,51.884679401937014
PH2,IMD392,nv,nv,True,Frozen HAM-matched PH2 diagnostic pipeline,767,576,767.0,576.0,1.3315972222222223,384,384,0.8223761916160583,0.5750528126746333,0.6820957958698273,0.14028039574623108,0.0003584079968277365,0.0003301809192635119,0.033638279885053635,0.0006748460000380874,0.14028039574623108,0.8223761916160583,0.0023416827898472548,39.556430392795136,44.8886956607056,64.46164878043862,0.4730963414011438,0.6817694769965278,0.016805013020833332,6.101531738495596,1.05187825466832,32.10468885633681,40.77118598090278,52.792867024739586,40.25788459235853,47.84984866651723,56.595548666536416
PH2,IMD394,nv,nv,True,Frozen HAM-matched PH2 diagnostic pipeline,767,576,767.0,576.0,1.3315972222222223,384,384,0.7920332551002502,0.6914748948045477,0.6419008672237396,0.15013238787651062,0.0008312941063195467,0.0002889758034143597,0.0350467711687088,0.006700234021991491,0.15013238787651062,0.7920332551002502,0.014967083930969238,51.014370388454864,56.87891366010631,109.38342223780941,0.367537328516476,0.6258951822916666,0.016526963975694444,6.4738858618355914,1.0393875230084375,43.418965657552086,54.12218560112847,55.016872829861114,52.5153419139858,59.86957404345966,58.56072900673344
PH2,IMD395,nv,nv,True,Frozen HAM-matched PH2 diagnostic pipeline,766,576,766.0,576.0,1.3298611111111112,384,384,0.7154205441474915,0.8509389258984414,0.5564109832048416,0.15900956094264984,6.916432903381065e-05,0.00041386825614608824,0.0018368035089224577,0.10832925885915756,0.15900956094264984,0.7154205441474915,0.01492075715214014,59.47808159722222,54.78469643608547,108.40236314560894,0.47528714448018794,0.48248291015625,0.016866048177083332,6.993819633857912,0.8708509876984725,44.95245361328125,63.485860188802086,76.93646918402777,50.32583768852866,57.373589068415775,63.04532521905472
PH2,IMD397,nv,nv,True,Frozen HAM-matched PH2 diagnostic pipeline,768,576,768.0,576.0,1.3333333333333333,384,384,0.9503242373466492,0.22450667039460936,0.9088543616235256,0.04146987572312355,2.3776701709721237e-06,1.467922811571043e-05,0.006849570665508509,0.0007905758102424443,0.04146987572312355,0.9503242373466492,0.0005486864829435945,83.72960069444444,38.025411988763615,97.70713181388966,0.2934754880684913,0.014085557725694444,0.013258192274305556,6.497659786539015,0.4062739564414458,69.03497992621527,89.64011637369792,91.83527289496527,34.6868711988619,38.32927092373997,51.66366225688875
PH2,IMD399,nv,mel,False,Frozen HAM-matched PH2 diagnostic pipeline,768,576,768.0,576.0,1.3333333333333333,384,384,0.8166708946228027,0.5279302020176375,0.6471509635448456,0.8166708946228027,0.00010728528286563233,3.993328573415056e-05,0.013352595269680023,0.00024224378284998238,0.8166708946228027,0.16951993107795715,6.713741458952427e-05,63.474704318576386,55.0099262348983,177.2994892771965,0.4403868964035267,0.24226209852430555,0.021240234375,6.997088394957391,0.7981166104495698,49.35344102647569,67.58484564887152,79.34722222222223,51.961055336291686,57.662322216758945,60.603852683278575
PH2,IMD400,nv,nv,True,Frozen HAM-matched PH2 diagnostic pipeline,768,576,768.0,576.0,1.3333333333333333,384,384,0.8053770661354065,0.546868422968474,0.6249698102474213,0.013627460226416588,8.385960245504975e-05,3.025352634722367e-05,0.18040725588798523,0.00020755451987497509,0.013627460226416588,0.8053770661354065,0.0002665052597876638,69.92822265625,42.38976191974603,106.82051852672004,0.4400157388259123,0.04007297092013889,0.013617621527777778,6.862925096829999,0.547767338081093,51.57929823133681,77.21952989366319,80.51739501953125,37.722628970172536,43.109308188762505,58.28509243779713
PH2,IMD402,nv,nv,True,Frozen HAM-matched PH2 diagnostic pipeline,768,576,768.0,576.0,1.3333333333333333,384,384,0.7916874885559082,0.6379048247610226,0.630059152841568,0.1616283357143402,0.00015982979675754905,0.0011203262256458402,0.043427396565675735,0.0016525039682164788,0.1616283357143402,0.7916874885559082,0.0003241287195123732,77.13929578993056,52.16794266051875,125.01627176705703,0.45290814568014703,0.016872829861111112,0.015143500434027778,6.674561976773264,0.628372649611675,55.37366400824653,85.9073486328125,89.12973361545139,49.79960400846567,52.632537870307445,60.67954529361144
PH2,IMD403,mel,bkl,False,Frozen HAM-matched PH2 diagnostic pipeline,768,576,768.0,576.0,1.3333333333333333,384,384,0.6731441617012024,0.9590273515640939,0.4515979140996933,0.03301040455698967,0.0533592514693737,0.003129476448521018,0.6731441617012024,0.013754066079854965,0.03301040455698967,0.2215462476015091,0.002056373283267021,95.27934434678819,50.89598806722178,358.0674655937854,0.4455981551691857,0.04708523220486111,0.023790147569444444,7.551001328447097,0.41966245935947327,69.19045681423611,104.97902425130208,113.76409912109375,47.922987666943975,53.77201950517307,56.46517697530144
PH2,IMD404,mel,bkl,False,Frozen HAM-matched PH2 diagnostic pipeline,768,576,768.0,576.0,1.3333333333333333,384,384,0.8098488450050354,0.6858784870473053,0.6992801800370216,0.04778775945305824,0.027576522901654243,0.0010850360849872231,0.8098488450050354,0.0023377558682113886,0.04778775945305824,0.11056866496801376,0.0007953813183121383,73.65696885850694,47.1729831881959,262.5561415795467,0.5217597645612064,0.10099283854166667,0.017618815104166668,7.254564347710599,0.5435021740035738,54.21886528862847,78.31320529513889,100.67965359157986,46.6554540014206,49.265927079003816,50.67603849747962
PH2,IMD405,mel,mel,True,Frozen HAM-matched PH2 diagnostic pipeline,768,576,768.0,576.0,1.3333333333333333,384,384,0.6968188881874084,0.8260323461392924,0.5313098877668381,0.6968188881874084,0.0002537404652684927,6.56770498608239e-05,0.13721176981925964,7.018648466328159e-05,0.6968188881874084,0.16550900042057037,7.073696906445548e-05,80.99345567491319,46.29019760129042,115.10147895043094,0.37436063346779686,0.017449273003472224,0.017991807725694444,6.515546053547996,0.5233005617807854,64.27738444010417,87.05777994791667,93.59087456597223,48.61886132874375,46.137343712319606,44.709072217111256
PH2,IMD406,mel,nv,False,Frozen HAM-matched PH2 diagnostic pipeline,767,576,767.0,576.0,1.3315972222222223,384,384,0.945458173751831,0.27203118355150824,0.9118914641439915,0.033566709607839584,9.302445687353611e-05,0.0005058406968601048,0.009958704933524132,0.00395936518907547,0.033566709607839584,0.945458173751831,0.006458141375333071,68.72378200954861,57.3756991233145,180.046723495295,0.425174994042756,0.3093939887152778,0.020290798611111112,7.223446192847007,0.76232304037336,56.97523328993056,71.11515977647569,87.23746066623264,56.791528359077965,58.53308685366384,59.49447263173681
PH2,IMD407,mel,bkl,False,Frozen HAM-matched PH2 diagnostic pipeline,767,576,767.0,576.0,1.3315972222222223,384,384,0.5881184935569763,0.9696242551492392,0.33418187499046326,0.15492545068264008,0.0020558275282382965,0.00035585646401159465,0.5881184935569763,0.0002760608331300318,0.15492545068264008,0.25393661856651306,0.000331694696797058,71.49123806423611,53.404446600616176,223.6833870453231,0.2765812227668845,0.112060546875,0.021009657118055556,7.12022844907872,0.6364535451886344,64.89488389756944,73.58163791232639,78.02420383029514,53.97104654745534,54.15216372618423,53.96291196140249
PH2,IMD408,mel,mel,True,Frozen HAM-matched PH2 diagnostic pipeline,768,576,768.0,576.0,1.3333333333333333,384,384,0.7458910942077637,0.7341068844889362,0.5631026178598404,0.7458910942077637,0.0028636001516133547,0.00043149531120434403,0.06777152419090271,9.259120997739956e-05,0.7458910942077637,0.18278847634792328,0.00016123801469802856,114.47188991970486,53.317433815487334,506.2857998558033,0.2877349920002723,0.026570638020833332,0.025383843315972224,7.669851698809544,0.3150014952883662,101.74286566840277,120.54395209418402,116.56349690755208,56.76981151690427,53.95123180791114,54.07284865768965
PH2,IMD409,mel,nv,False,Frozen HAM-matched PH2 diagnostic pipeline,768,576,768.0,576.0,1.3333333333333333,384,384,0.4825703799724579,0.9374106863075155,0.02209848165512085,0.46047189831733704,0.004003362730145454,0.020914755761623383,0.027788842096924782,0.001947276177816093,0.46047189831733704,0.4825703799724579,0.0023034322075545788,125.08589002821181,48.47630160717976,287.3166280646384,0.2384464305470452,0.021687825520833332,0.024915907118055556,7.373636466176187,0.30650829766054777,110.66554768880208,130.50155978732639,135.0018107096354,50.68348246250111,48.63512437619051,50.19775971637137
PH2,IMD410,mel,nv,False,Frozen HAM-matched PH2 diagnostic pipeline,768,576,768.0,576.0,1.3333333333333333,384,384,0.510087251663208,0.829699823312658,0.05817499756813049,0.4519122540950775,0.00021971626847516745,8.53725359775126e-05,0.03753248229622841,9.826319728745148e-05,0.4519122540950775,0.510087251663208,6.469480285886675e-05,76.77035861545139,39.30240892903768,137.75479337200522,0.4676124589375681,0.021538628472222224,0.018914116753472224,6.797600662624331,0.44065878945150594,53.789998372395836,85.06840684678819,94.3504638671875,37.85908795387992,39.30301519189978,49.97135387671259
PH2,IMD411,mel,nv,False,Frozen HAM-matched PH2 diagnostic pipeline,764,576,764.0,576.0,1.3263888888888888,384,384,0.8205673098564148,0.7571089614368685,0.7674270235002041,0.024110615253448486,0.002658000448718667,0.01814640499651432,0.040102604776620865,0.05314028635621071,0.024110615253448486,0.8205673098564148,0.04127470776438713,120.49684651692708,41.061423218261574,433.7763222571876,0.3212671217575572,0.014533148871527778,0.016201443142361112,7.293333809015879,0.27700112509032415,102.25438774956598,128.74966769748264,125.85982937282986,46.52364548747726,40.86818493723326,39.687331157132796
PH2,IMD413,mel,bkl,False,Frozen HAM-matched PH2 diagnostic pipeline,768,576,768.0,576.0,1.3333333333333333,384,384,0.6781768798828125,1.0792193904007967,0.5483014136552811,0.039774518460035324,0.10825042426586151,0.0069949571043252945,0.6781768798828125,0.020821990445256233,0.039774518460035324,0.12987546622753143,0.016105709597468376,88.98489040798611,46.1160713032064,274.1955398850512,0.5407199967660675,0.10504828559027778,0.013543023003472222,7.455935222281061,0.4380783158894247,63.577067057291664,95.18218315972223,123.72660319010417,47.10667964710494,48.23489309110006,51.66070314053715
PH2,IMD417,mel,bkl,False,Frozen HAM-matched PH2 diagnostic pipeline,768,576,768.0,576.0,1.3333333333333333,384,384,0.4249630868434906,1.4026499125274208,0.14897391200065613,0.19389840960502625,0.02028760500252247,0.0072196535766124725,0.4249630868434906,0.031699445098638535,0.19389840960502625,0.2759891748428345,0.04594260826706886,107.29121907552083,44.77201501368703,233.71788166463375,0.34270641850490197,0.028842502170138888,0.020711263020833332,7.431769786321658,0.3507066014035114,89.77090115017361,112.78213840060764,124.97726779513889,48.159188018088294,45.37206216127969,44.13281532756297
PH2,IMD418,mel,nv,False,Frozen HAM-matched PH2 diagnostic pipeline,768,576,768.0,576.0,1.3333333333333333,384,384,0.7754513025283813,0.6640674759430434,0.5822376161813736,0.010847275145351887,0.006420524790883064,0.00048033404164016247,0.19321368634700775,0.011592057533562183,0.010847275145351887,0.7754513025283813,0.0019948214758187532,106.97652859157986,50.616961124797086,467.68186700767205,0.2430367795989924,0.026448567708333332,0.028910319010416668,7.503287727970594,0.3606971925808231,95.39961751302083,111.77802870008681,112.60999213324652,51.34635516637452,51.384571325559556,51.30473541934884
PH2,IMD419,mel,nv,False,Frozen HAM-matched PH2 diagnostic pipeline,768,576,768.0,576.0,1.3333333333333333,384,384,0.6259328722953796,0.8603499891626843,0.3127271234989166,0.313205748796463,0.0010580532252788544,0.0009210497955791652,0.05287494882941246,0.0017649977235123515,0.313205748796463,0.6259328722953796,0.004242287017405033,132.48621961805554,54.340818923026966,374.07704804837704,0.35176658879697714,0.048468695746527776,0.016065809461805556,7.674262505358033,0.3447185122264174,108.38568115234375,143.69961886935764,137.960205078125,54.64343170665721,58.75849491503566,54.55504224699728
PH2,IMD420,mel,bkl,False,Frozen HAM-matched PH2 diagnostic pipeline,768,576,768.0,576.0,1.3333333333333333,384,384,0.4715348184108734,1.038701513613611,0.041358113288879395,0.430176705121994,0.005658401641994715,0.0012165657244622707,0.4715348184108734,0.03429155796766281,0.430176705121994,0.0562000535428524,0.0009219062048941851,100.19329833984375,54.925211999134035,207.3281409074035,0.3435311244723584,0.06755913628472222,0.013963487413194444,7.592073703728331,0.4827316037589305,83.64714219835069,106.30707465277777,112.12060546875,54.625393892172404,56.92759223118403,54.64462773584075
PH2,IMD421,mel,mel,True,Frozen HAM-matched PH2 diagnostic pipeline,768,576,768.0,576.0,1.3333333333333333,384,384,0.7502934336662292,0.7843324031306521,0.5734699666500092,0.7502934336662292,0.009389622136950493,0.00021739921066910028,0.1768234670162201,0.020943978801369667,0.7502934336662292,0.042004384100437164,0.0003276321804150939,94.63389078776042,52.736700347019514,214.42975975623656,0.4922723907271242,0.13279893663194445,0.013142903645833334,7.600939269896065,0.48830632364224436,66.00786675347223,104.15407307942708,120.70590549045139,45.95510153818769,56.7668164800175,61.04862254486304
PH2,IMD423,mel,nv,False,Frozen HAM-matched PH2 diagnostic pipeline,768,576,768.0,576.0,1.3333333333333333,384,384,0.8287535905838013,0.5333583053134467,0.68246990442276,0.14628368616104126,0.00010972646850859746,1.722614251775667e-05,0.02416754700243473,0.00037119988701306283,0.14628368616104126,0.8287535905838013,0.00029710461967624724,126.09630669487848,56.57083879436199,520.5589746074912,0.18038984311172387,0.024102105034722224,0.038289388020833336,7.581747889116679,0.33794672950695887,117.25460476345486,130.35186767578125,127.35108100043402,56.223104969148906,57.656985980966326,58.95993502865258
PH2,IMD424,mel,vasc,False,Frozen HAM-matched PH2 diagnostic pipeline,768,576,768.0,576.0,1.3333333333333333,384,384,0.6312457323074341,0.9263896248356194,0.33768919110298157,0.04595111310482025,0.00023948658781591803,0.007026216480880976,0.014802047051489353,0.007178803440183401,0.04595111310482025,0.2935565412044525,0.6312457323074341,95.63956705729167,51.74611337314739,354.7650437144862,0.3800735506876362,0.03573947482638889,0.03177218967013889,7.4667703525221025,0.4270820324392693,81.1270751953125,100.79064263237848,107.1854248046875,56.24544269635115,51.639271940316625,51.01880002468071
PH2,IMD425,mel,bkl,False,Frozen HAM-matched PH2 diagnostic pipeline,768,576,768.0,576.0,1.3333333333333333,384,384,0.5459120273590088,1.0111240660076213,0.29840418696403503,0.2051912099123001,0.0011240195017307997,7.298772834474221e-05,0.5459120273590088,8.400835213251412e-05,0.2051912099123001,0.24750784039497375,0.00010786886559799314,89.15694851345486,49.23174863768406,180.81190890621073,0.4380039988000409,0.018086751302083332,0.016649034288194444,7.210328249593738,0.4887085081318672,66.35359700520833,97.53437635633681,105.85016547309027,49.56822997469556,49.763385158194666,51.42965523016056
PH2,IMD426,mel,mel,True,Frozen HAM-matched PH2 diagnostic pipeline,768,576,768.0,576.0,1.3333333333333333,384,384,0.5862983465194702,0.7931772016349099,0.20028957724571228,0.5862983465194702,0.0019941842183470726,0.0002486283192411065,0.024439886212348938,0.0007673263899050653,0.5862983465194702,0.38600876927375793,0.00024286886036861688,86.40412055121527,39.42599731348024,150.3197228444487,0.4544910173270697,0.019314236111111112,0.01617431640625,6.887919334304804,0.39206313278685795,61.05187310112847,95.56474473741319,105.74015977647569,39.092703620192474,39.49418190662,45.874677968434
PH2,IMD429,mel,mel,True,Frozen HAM-matched PH2 diagnostic pipeline,767,576,767.0,576.0,1.3315972222222223,384,384,0.5608094930648804,0.7208327912878749,0.12744948267936707,0.5608094930648804,5.517853787750937e-05,0.00021908948838245124,0.004739557392895222,0.00031815131660550833,0.5608094930648804,0.4333600103855133,0.0004985709674656391,50.07665337456597,52.396038520226234,112.89328339364795,0.42868495434197984,0.5345933702256944,0.013400607638888888,6.681718021643066,0.9707723764090889,42.58741590711806,52.21405029296875,58.71906195746528,52.39795475489211,53.28527465578815,51.93066281993255
PH2,IMD435,mel,mel,True,Frozen HAM-matched PH2 diagnostic pipeline,768,576,768.0,576.0,1.3333333333333333,384,384,0.700285792350769,0.8624178012626186,0.5517676174640656,0.700285792350769,0.001370479236356914,0.009329011663794518,0.1485181748867035,4.791362880496308e-05,0.700285792350769,0.14033980667591095,0.00010882189963012934,77.40739610460069,46.7554312327164,223.69569140300152,0.46019749859579245,0.0762057834201389,0.016309950086805556,7.2801157705248905,0.49768797120229696,57.08086480034722,84.66255018446181,93.37685139973958,46.190571699217415,47.410388807402406,51.546385301789655
