image_id,true_label,predicted_label,correct,probabilities
ISIC_0025339,bkl,bkl,True,"[0.2869921326637268, 0.07826796919107437, 0.5361718535423279, 0.0034742974676191807, 0.09030608087778091, 0.0041989958845078945, 0.0005886059370823205]"
ISIC_0030118,bkl,bkl,True,"[0.0008615260594524443, 0.002013895893469453, 0.9429345726966858, 1.7094957001972944e-05, 0.03245505318045616, 0.02170434780418873, 1.3523223060474265e-05]"
ISIC_0027162,bkl,bkl,True,"[0.031148822978138924, 0.0023543317802250385, 0.7491597533226013, 0.0002608164504636079, 0.1942882537841797, 0.0227667223662138, 2.128404230461456e-05]"
ISIC_0029195,bkl,bkl,True,"[2.3857830910856137e-06, 9.145641342911404e-06, 0.9915527701377869, 1.6080081195468665e-06, 1.5802253983565606e-05, 0.008412687107920647, 5.547112323256442e-06]"
ISIC_0029176,bkl,df,False,"[0.028028156608343124, 0.01706334762275219, 0.030965697020292282, 0.8760378956794739, 0.013217765837907791, 0.007758948486298323, 0.02692810632288456]"
ISIC_0029068,bkl,bcc,False,"[0.013659786432981491, 0.3957042396068573, 0.025594715029001236, 0.08507708460092545, 0.0271392110735178, 0.3338678479194641, 0.11895708739757538]"
ISIC_0027041,bkl,nv,False,"[4.7309891670010984e-05, 8.062212145887315e-06, 0.2782866060733795, 0.000910278526134789, 0.045163627713918686, 0.6754440069198608, 0.0001401420886395499]"
ISIC_0026844,bkl,nv,False,"[0.03615439683198929, 0.009642142802476883, 0.1976802945137024, 0.0028060232289135456, 0.07786764204502106, 0.6746473908424377, 0.0012021504808217287]"
ISIC_0030372,bkl,akiec,False,"[0.6082899570465088, 0.0824035257101059, 0.28958943486213684, 0.0009417160763405263, 0.002932017669081688, 0.01568959653377533, 0.00015373091446235776]"
ISIC_0028404,bkl,akiec,False,"[0.6897966861724854, 0.11778003722429276, 0.1727130115032196, 0.0013420648174360394, 0.001757233403623104, 0.016347702592611313, 0.00026323794736526906]"
ISIC_0028386,bkl,nv,False,"[2.0258230506442487e-05, 1.2239334864716511e-05, 0.22969292104244232, 0.00030774276820011437, 0.0018778034718707204, 0.767988383769989, 0.00010069304698845372]"
ISIC_0032655,bkl,nv,False,"[0.00017708088853396475, 3.1195646442938596e-05, 0.27654320001602173, 5.539544144994579e-05, 0.0306658074259758, 0.6925190687179565, 8.266022632597014e-06]"
ISIC_0033620,bkl,nv,False,"[0.0006145737133920193, 0.0009352844790555537, 0.15008780360221863, 0.00020585641323123127, 0.028756869956851006, 0.8193293213844299, 7.03132463968359e-05]"
ISIC_0025454,bkl,bkl,True,"[0.0002460655814502388, 0.0001081298032659106, 0.737821638584137, 0.0002436742652207613, 0.03895066678524017, 0.22240130603313446, 0.00022846415231470019]"
ISIC_0028503,bkl,bkl,True,"[3.1890824629954295e-06, 7.894232112448663e-05, 0.925286054611206, 6.051814580132486e-06, 0.0003159033367410302, 0.07419267296791077, 0.00011712582636391744]"
ISIC_0027275,bkl,bkl,True,"[2.7034818685933715e-06, 4.726260613097111e-06, 0.8716422319412231, 7.067297246976523e-06, 0.00026506889844313264, 0.12804864346981049, 2.9638429623446427e-05]"
ISIC_0033449,bkl,nv,False,"[0.0042737508192658424, 7.346217171289027e-05, 0.3674522638320923, 0.0006795154185965657, 0.148174449801445, 0.4792480766773224, 9.846875764196739e-05]"
ISIC_0033676,bkl,bkl,True,"[0.012247766368091106, 0.0003900681622326374, 0.5354864597320557, 0.001545765670016408, 0.12906602025032043, 0.32100504636764526, 0.0002588283969089389]"
ISIC_0032343,bkl,bkl,True,"[0.0005073450156487525, 5.16769323439803e-05, 0.7915357351303101, 4.06349226977909e-06, 0.1715162992477417, 0.03637555614113808, 9.374378350912593e-06]"
ISIC_0034315,bkl,bkl,True,"[0.007090372499078512, 0.0009502522880211473, 0.7579466104507446, 0.0003283984260633588, 0.1821502149105072, 0.051478270441293716, 5.585411417996511e-05]"
ISIC_0032967,bkl,bkl,True,"[0.008685052394866943, 0.0003444895555730909, 0.854669451713562, 0.0019364784238860011, 0.11188948154449463, 0.0222594253718853, 0.0002155760448658839]"
ISIC_0029519,bkl,nv,False,"[0.008675609715282917, 0.0006711177993565798, 0.017161088064312935, 7.75359440012835e-05, 0.42098432779312134, 0.5522937178611755, 0.0001366124051855877]"
ISIC_0028309,bkl,nv,False,"[0.00013214763021096587, 8.318184700328857e-05, 0.1489347368478775, 3.2958454539766535e-05, 0.23706918954849243, 0.6137108206748962, 3.705619019456208e-05]"
ISIC_0027905,bkl,bkl,True,"[0.011003521271049976, 0.008018962107598782, 0.6150187849998474, 0.0008944463334046304, 0.10148337483406067, 0.2629709243774414, 0.0006099593592807651]"
ISIC_0024709,bkl,df,False,"[0.19506479799747467, 0.0187472403049469, 0.01783641055226326, 0.7639986872673035, 0.0025758594274520874, 0.0003572202695067972, 0.0014197491109371185]"
ISIC_0030458,bkl,nv,False,"[0.0008098700200207531, 3.700068191392347e-05, 0.22193840146064758, 0.0015012618387117982, 0.10260795056819916, 0.6730198264122009, 8.569376223022118e-05]"
ISIC_0031459,bkl,mel,False,"[0.0022697392851114273, 2.0680225134128705e-05, 0.10243568569421768, 0.0002832600730471313, 0.53463214635849, 0.360339879989624, 1.8610187908052467e-05]"
ISIC_0026675,bkl,bkl,True,"[0.027454890310764313, 0.0018393630161881447, 0.6970933675765991, 0.0001814115821616724, 0.09224594384431839, 0.18113870918750763, 4.640870974981226e-05]"
ISIC_0034318,bkl,bkl,True,"[5.791338116978295e-05, 5.460936790768756e-06, 0.49662429094314575, 2.730296728259418e-05, 0.016231201589107513, 0.48701873421669006, 3.519491292536259e-05]"
ISIC_0032972,bkl,bkl,True,"[4.0645780245540664e-05, 0.0001029849227052182, 0.5141177177429199, 5.665194839821197e-05, 0.17389781773090363, 0.3106124699115753, 0.0011717143934220076]"
ISIC_0025879,bkl,nv,False,"[2.4675571694388054e-05, 1.3521099390345626e-05, 0.24118362367153168, 0.0008151502697728574, 0.0002439173695165664, 0.7575501799583435, 0.00016895661246962845]"
ISIC_0027612,bkl,bkl,True,"[0.0023118676617741585, 0.00021067216584924608, 0.8254968523979187, 0.006525081116706133, 0.008737687952816486, 0.15632276237010956, 0.000395127892261371]"
ISIC_0031989,bkl,akiec,False,"[0.8798741102218628, 0.018132369965314865, 0.07801704108715057, 0.005403275601565838, 0.012493789196014404, 0.005963384639471769, 0.00011604063183767721]"
ISIC_0033587,bkl,nv,False,"[0.0025183979887515306, 0.00017221798771061003, 0.41818657517433167, 6.971839320613071e-05, 0.02718130126595497, 0.5518473386764526, 2.4473458324791864e-05]"
ISIC_0032675,bkl,bkl,True,"[6.798398680984974e-05, 9.967705409508198e-06, 0.5476616024971008, 1.2821896007153555e-06, 0.07141788303852081, 0.38083887100219727, 2.4048210889304755e-06]"
ISIC_0028774,bkl,bkl,True,"[0.013573742471635342, 0.0016150291776284575, 0.6327378153800964, 0.000398884090827778, 0.21952418982982635, 0.13211198151111603, 3.83545811928343e-05]"
ISIC_0030565,bkl,akiec,False,"[0.6158373951911926, 0.002679105382412672, 0.30248916149139404, 0.00038370685069821775, 0.0751485824584961, 0.0034484483767300844, 1.362611601507524e-05]"
ISIC_0033582,bkl,bkl,True,"[0.0006563502829521894, 7.523969543399289e-05, 0.538034975528717, 0.0001103317117667757, 0.053376831114292145, 0.4077196717262268, 2.6618763513397425e-05]"
ISIC_0033576,bkl,mel,False,"[0.00014146305329632014, 0.00015967369836289436, 0.09084247797727585, 4.364584583527176e-06, 0.8272536993026733, 0.08158987760543823, 8.512125532433856e-06]"
ISIC_0027737,bkl,bkl,True,"[0.002754054730758071, 0.0009984271600842476, 0.8460795283317566, 0.0009397692047059536, 0.007070600520819426, 0.14194747805595398, 0.00021010078489780426]"
ISIC_0024774,bkl,bkl,True,"[0.000606465560849756, 3.7175715988269076e-05, 0.7936562895774841, 5.515718294191174e-05, 0.11103589832782745, 0.0946037769317627, 5.272637736197794e-06]"
ISIC_0028876,bkl,bkl,True,"[0.0018781808903440833, 1.3117505659465678e-05, 0.6385251879692078, 3.0198214062693296e-06, 0.3540072441101074, 0.0055730934254825115, 2.3105144464352634e-07]"
ISIC_0029527,bkl,bkl,True,"[0.18185460567474365, 0.0021972176618874073, 0.7656365036964417, 0.0007331064553000033, 0.029803141951560974, 0.019674640148878098, 0.0001007775790640153]"
ISIC_0027652,bkl,mel,False,"[0.16449783742427826, 0.005471633281558752, 0.15347865223884583, 0.003464422421529889, 0.40912890434265137, 0.2633807063102722, 0.0005778333870694041]"
ISIC_0028587,bkl,bkl,True,"[1.8844962141884025e-06, 1.7981988094106782e-06, 0.9596131443977356, 1.0469898370502051e-05, 0.002838535001501441, 0.03750006854534149, 3.406231553526595e-05]"
ISIC_0028331,bkl,bkl,True,"[0.00034283334389328957, 0.00014802788791712373, 0.7065179347991943, 0.010418172925710678, 0.00028982452931813896, 0.2793915569782257, 0.002891609910875559]"
ISIC_0028650,bkl,bkl,True,"[0.015637662261724472, 0.038741402328014374, 0.41165682673454285, 0.0018640082562342286, 0.18213723599910736, 0.3483465611934662, 0.0016163184773176908]"
ISIC_0027973,bkl,mel,False,"[0.001748917973600328, 0.00011125998571515083, 0.12177331745624542, 8.202572644222528e-06, 0.8256936073303223, 0.050663623958826065, 1.038774485095928e-06]"
ISIC_0033391,bkl,bkl,True,"[0.0774083361029625, 0.20806780457496643, 0.6789050102233887, 0.004177282564342022, 0.01670806296169758, 0.013696782290935516, 0.0010367659851908684]"
ISIC_0029040,bkl,bcc,False,"[0.12885022163391113, 0.6075484156608582, 0.16609448194503784, 0.014470717869699001, 0.003508311929181218, 0.06961137056350708, 0.009916475042700768]"
ISIC_0029588,bkl,bcc,False,"[0.12918199598789215, 0.6181010603904724, 0.17434340715408325, 0.011992353945970535, 0.0019142160890623927, 0.05941881239414215, 0.005048215854912996]"
ISIC_0031181,bkl,bcc,False,"[0.025693919509649277, 0.6286156177520752, 0.0895930603146553, 0.00674204807728529, 0.0041536553762853146, 0.23466722667217255, 0.010534470900893211]"
ISIC_0024947,bkl,nv,False,"[0.0145573690533638, 0.26989126205444336, 0.22528250515460968, 0.005016174633055925, 0.008408719673752785, 0.46769851446151733, 0.009145422838628292]"
ISIC_0033750,bkl,bkl,True,"[3.9792703319108114e-05, 1.348600289929891e-05, 0.5233776569366455, 4.517245088209165e-06, 0.3029077649116516, 0.17360587418079376, 5.089564365334809e-05]"
ISIC_0029217,bkl,bkl,True,"[0.08401011675596237, 0.00023050095478538424, 0.5542722344398499, 0.0006540761678479612, 0.25927528738975525, 0.10153365880250931, 2.4105562260956503e-05]"
ISIC_0028479,bkl,bkl,True,"[0.12146671116352081, 0.0007055361056700349, 0.6132550239562988, 0.00018549362721387297, 0.2551439106464386, 0.009234951809048653, 8.327014256792609e-06]"
ISIC_0029741,bkl,bkl,True,"[0.0001698452833807096, 1.1740131412807386e-05, 0.9951704144477844, 6.223899981705472e-05, 0.0010978388600051403, 0.0034855196718126535, 2.3851525838836096e-06]"
ISIC_0032051,bkl,bkl,True,"[0.0050946748815476894, 6.876135739730671e-05, 0.8596113920211792, 5.7902867411030456e-05, 0.03603913635015488, 0.09911929816007614, 8.776241884334013e-06]"
ISIC_0028797,bkl,bkl,True,"[0.00010452802962390706, 0.0009389552287757397, 0.7474743127822876, 0.04934944212436676, 0.005267846863716841, 0.19499032199382782, 0.0018746437272056937]"
ISIC_0030561,bkl,nv,False,"[5.548912304220721e-05, 1.3128439604770392e-05, 0.006176631432026625, 0.042981747537851334, 0.0559493824839592, 0.8942020535469055, 0.0006215415196493268]"
ISIC_0031345,bkl,bkl,True,"[0.003491388401016593, 0.00027453701477497816, 0.3880898952484131, 0.0872737318277359, 0.13609938323497772, 0.38431838154792786, 0.0004526349948719144]"
ISIC_0031261,bkl,bkl,True,"[0.029169263318181038, 0.006476839538663626, 0.7837821841239929, 0.006901296321302652, 0.002645142376422882, 0.1701682060956955, 0.0008570763166062534]"
ISIC_0026365,bkl,akiec,False,"[0.3890288174152374, 0.08349903672933578, 0.22936923801898956, 0.07897331565618515, 0.047333013266325, 0.16288557648658752, 0.00891099777072668]"
ISIC_0030988,bkl,nv,False,"[0.1386873424053192, 0.09877718240022659, 0.23649179935455322, 0.00809230376034975, 0.12547725439071655, 0.3914351165294647, 0.0010389173403382301]"
ISIC_0026069,bkl,bkl,True,"[0.01697879284620285, 0.005945583805441856, 0.8212859630584717, 0.0011308626271784306, 0.0008704560459591448, 0.1537134349346161, 7.502680091420189e-05]"
ISIC_0026524,bkl,bkl,True,"[0.04627334699034691, 0.050021205097436905, 0.539455235004425, 0.015363061800599098, 0.006134921684861183, 0.3372529447078705, 0.005499308463186026]"
ISIC_0026301,bkl,mel,False,"[0.001999825704842806, 6.642212247243151e-05, 0.01620541140437126, 3.419117638259195e-05, 0.634182870388031, 0.34750357270240784, 7.6589431046159e-06]"
ISIC_0030227,bkl,nv,False,"[0.07110175490379333, 0.002811289392411709, 0.10642413794994354, 0.0010944850509986281, 0.17477968335151672, 0.6437027454376221, 8.589428762206808e-05]"
ISIC_0024760,bkl,bkl,True,"[0.2399168759584427, 0.031977538019418716, 0.6013864874839783, 0.011886576190590858, 0.008704901672899723, 0.10532495379447937, 0.0008025967981666327]"
ISIC_0026335,bkl,bkl,True,"[0.212018221616745, 0.03418274596333504, 0.6505160331726074, 0.019132697954773903, 0.0161270871758461, 0.06661683320999146, 0.0014064195565879345]"
ISIC_0032804,bkl,bkl,True,"[2.118803604389541e-05, 4.7927701416483615e-06, 0.9822266101837158, 4.896122618447407e-07, 0.0011400053044781089, 0.016605664044618607, 1.3102703633194324e-06]"
ISIC_0033924,bkl,bkl,True,"[0.00012828083708882332, 2.229186793556437e-05, 0.9538716673851013, 7.82518236519536e-06, 0.016412267461419106, 0.02954515442252159, 1.255354618479032e-05]"
ISIC_0033531,bkl,bkl,True,"[0.0001368471421301365, 5.390503429225646e-05, 0.9766770601272583, 1.7192899122164818e-06, 0.016544124111533165, 0.0065807984210550785, 5.485277142724954e-06]"
ISIC_0031424,bkl,mel,False,"[0.052625622600317, 0.0007072527660056949, 0.20036029815673828, 0.0009838428813964128, 0.44192174077033997, 0.3031354248523712, 0.0002658340963535011]"
ISIC_0029770,bkl,bkl,True,"[0.03878156095743179, 0.0008792586741037667, 0.7747759222984314, 0.0019242319976910949, 0.05262128263711929, 0.13087642192840576, 0.00014130971976555884]"
ISIC_0032929,bkl,mel,False,"[0.050060857087373734, 2.118761040037498e-05, 0.16065432131290436, 2.5108067802648293e-06, 0.7876854538917542, 0.0015755764907225966, 7.853274297531243e-08]"
ISIC_0032963,bkl,mel,False,"[0.042226508259773254, 0.0001847794046625495, 0.46022704243659973, 2.1641906641889364e-05, 0.49568405747413635, 0.0016549823340028524, 9.471717703490867e-07]"
ISIC_0025275,bkl,nv,False,"[6.456403207266703e-05, 0.0006432192167267203, 0.017190808430314064, 5.9945676184725016e-05, 0.1546480804681778, 0.8262797594070435, 0.001113555976189673]"
ISIC_0026606,bkl,nv,False,"[7.38111775717698e-05, 0.00022691079357173294, 0.01064346730709076, 3.9818143704906106e-05, 0.14514587819576263, 0.843453586101532, 0.0004165385034866631]"
ISIC_0025986,bkl,nv,False,"[0.00013273730291984975, 0.00034362258156761527, 0.02888808399438858, 5.077654714114033e-05, 0.14247013628482819, 0.8279046416282654, 0.00021005225426051766]"
ISIC_0027018,bkl,akiec,False,"[0.4622756242752075, 0.12285023927688599, 0.17477597296237946, 0.12893466651439667, 0.00902174599468708, 0.09900256246328354, 0.0031392183154821396]"
ISIC_0029897,bkl,bkl,True,"[0.00013582155224867165, 0.00017473928164690733, 0.48457592725753784, 2.770182072708849e-05, 0.061606910079717636, 0.453442245721817, 3.669895158964209e-05]"
ISIC_0029036,bkl,bkl,True,"[0.0011941799893975258, 4.351393727120012e-05, 0.9831057190895081, 2.9438608635246055e-06, 0.0035629877820611, 0.012088797055184841, 1.8712319160840707e-06]"
ISIC_0024358,bkl,mel,False,"[0.024345988407731056, 0.00010716193355619907, 0.3756640553474426, 0.0004424421931616962, 0.4638831615447998, 0.13552606105804443, 3.11859002977144e-05]"
ISIC_0027771,bkl,bkl,True,"[0.005443377420306206, 8.502235868945718e-05, 0.8743146061897278, 0.00010981241939589381, 0.013764227740466595, 0.10627375543117523, 9.209707968693692e-06]"
ISIC_0027957,bkl,nv,False,"[0.017947468906641006, 0.07700496912002563, 0.4092811048030853, 0.007518238853663206, 0.013066690415143967, 0.45436206459999084, 0.02081942744553089]"
ISIC_0031212,bkl,nv,False,"[7.680956332478672e-05, 0.014926007017493248, 0.03507881611585617, 0.0009302653488703072, 0.001443639863282442, 0.9162531495094299, 0.031291283667087555]"
ISIC_0027451,bkl,mel,False,"[0.013380177319049835, 0.00036779852234758437, 0.2371114045381546, 0.000988132320344448, 0.5857113003730774, 0.1623288094997406, 0.0001123915208154358]"
ISIC_0027454,bkl,bkl,True,"[0.045958295464515686, 0.004357105121016502, 0.4777432680130005, 0.01487001683562994, 0.08941533416509628, 0.367014616727829, 0.0006413321243599057]"
ISIC_0032179,bkl,bkl,True,"[5.440712266135961e-05, 3.0046465326449834e-05, 0.7339973449707031, 1.0860875590879004e-05, 6.141098856460303e-05, 0.2658362090587616, 9.735625098983292e-06]"
ISIC_0028511,bkl,mel,False,"[0.0024495285470038652, 7.433141581714153e-05, 0.26006579399108887, 0.0007882866193540394, 0.3866109848022461, 0.34995678067207336, 5.438202788354829e-05]"
ISIC_0026714,bkl,nv,False,"[0.002377027878537774, 0.000104337370430585, 0.1700952798128128, 0.0008583840099163353, 0.15885619819164276, 0.6675045490264893, 0.00020428266725502908]"
ISIC_0028473,bkl,nv,False,"[0.007393416948616505, 0.0007792604737915099, 0.12084822356700897, 0.0023173720110207796, 0.08561057597398758, 0.7826608419418335, 0.00039030914194881916]"
ISIC_0028104,bkl,mel,False,"[0.2879074513912201, 0.25507184863090515, 0.05738511309027672, 0.005547904409468174, 0.3227560520172119, 0.07021108269691467, 0.001120540197007358]"
ISIC_0028124,bkl,bkl,True,"[0.03617159649729729, 0.00044805509969592094, 0.5973321795463562, 0.0008486001752316952, 0.2619764804840088, 0.10319434106349945, 2.8699203539872542e-05]"
ISIC_0030241,bkl,bkl,True,"[0.08183924108743668, 0.0009555784054100513, 0.6912806630134583, 0.0009153880528174341, 0.14979222416877747, 0.0751732885837555, 4.357250145403668e-05]"
ISIC_0029010,bkl,bcc,False,"[0.19781902432441711, 0.4287140369415283, 0.22111451625823975, 0.01905841752886772, 0.013201380148530006, 0.11337625235319138, 0.006716317962855101]"
ISIC_0030789,bkl,bkl,True,"[1.5028964526209165e-06, 8.140464160533156e-06, 0.9981353282928467, 2.617138761706883e-06, 0.0001292804372496903, 0.001713779871352017, 9.406288882018998e-06]"
ISIC_0027820,bkl,bkl,True,"[0.00039284396916627884, 0.00047851051203906536, 0.6924712061882019, 0.0005671365070156753, 0.06428417563438416, 0.24166011810302734, 0.00014593746163882315]"
ISIC_0027781,bkl,mel,False,"[0.006231959443539381, 0.0007064130040816963, 0.019718283787369728, 0.00028991131694056094, 0.7249034643173218, 0.24808533489704132, 6.468794890679419e-05]"
ISIC_0031196,bkl,bkl,True,"[0.00019713799702003598, 3.75510317098815e-05, 0.8804609775543213, 0.00041979370871558785, 0.00017060873506125063, 0.11869288980960846, 2.098209733958356e-05]"
ISIC_0029683,bkl,nv,False,"[0.0008682592888362706, 1.0645349902915768e-05, 0.1675748974084854, 9.75111688603647e-05, 0.1422189623117447, 0.6891734600067139, 5.621512173092924e-05]"
ISIC_0031591,bkl,mel,False,"[0.005672966595739126, 9.122604387812316e-05, 0.10880632698535919, 0.00038708833744749427, 0.8761234879493713, 0.008913939818739891, 4.959133548254613e-06]"
ISIC_0030706,bkl,mel,False,"[0.0005609820946119726, 2.955726631626021e-05, 0.006767746526747942, 4.66821038571652e-05, 0.7853067517280579, 0.20727433264255524, 1.4016510249348357e-05]"
ISIC_0025930,nv,nv,True,"[1.6977488208683167e-12, 4.687634828914877e-12, 0.00015296343190129846, 2.475408940327828e-11, 2.51135861617513e-06, 0.9998445510864258, 2.3205476169102512e-12]"
ISIC_0031444,nv,nv,True,"[0.0004059397033415735, 0.0006851530633866787, 0.00012141003389842808, 0.001407216303050518, 0.05760028585791588, 0.938744306564331, 0.0010355914710089564]"
ISIC_0027421,nv,bkl,False,"[0.14443887770175934, 0.07576168328523636, 0.546972930431366, 0.005775460973381996, 0.05057917907834053, 0.1738017052412033, 0.0026701476890593767]"
ISIC_0028222,nv,bkl,False,"[0.02882191725075245, 0.006550679448992014, 0.5621210336685181, 0.0012417016550898552, 0.08102075755596161, 0.319661945104599, 0.0005819738726131618]"
ISIC_0030699,nv,nv,True,"[0.00024689416750334203, 0.0011179073480889201, 0.0006298510124906898, 7.369798549916595e-05, 0.04732619225978851, 0.9505720138549805, 3.347882011439651e-05]"
ISIC_0033142,nv,nv,True,"[5.7568984630052e-05, 0.00011766335956053808, 0.0002527690085116774, 0.00011249466479057446, 0.006029088515788317, 0.9933549165725708, 7.552534952992573e-05]"
ISIC_0032703,nv,nv,True,"[6.190255226101726e-05, 9.329044405603781e-05, 0.0003218220954295248, 7.734048995189369e-05, 0.013445783406496048, 0.9859319925308228, 6.785400182707235e-05]"
ISIC_0033168,nv,nv,True,"[9.95219306787476e-05, 9.570929250912741e-05, 0.0006904818583279848, 6.048111026757397e-05, 0.01670435443520546, 0.9822916984558105, 5.782430889667012e-05]"
ISIC_0032488,nv,nv,True,"[4.563969469018048e-06, 5.493636763276299e-07, 0.00018333371554035693, 4.024358349852264e-05, 0.00021199689945206046, 0.9995573163032532, 1.91746744349075e-06]"
ISIC_0025565,nv,nv,True,"[0.00017496259533800185, 1.932591840159148e-05, 0.005656985100358725, 4.270926729077473e-05, 0.08580947667360306, 0.9082361459732056, 6.046545604476705e-05]"
ISIC_0024593,nv,nv,True,"[1.1537657051974293e-08, 3.5677583554161174e-08, 3.881495103996713e-06, 2.6139485271414742e-05, 0.01191456988453865, 0.9880474805831909, 7.863840437494218e-06]"
ISIC_0031655,nv,nv,True,"[3.774608558160253e-05, 3.410074714338407e-05, 0.007221283856779337, 0.0010469491826370358, 0.0078080687671899796, 0.9834780097007751, 0.0003738484811037779]"
ISIC_0026520,nv,nv,True,"[4.947446186065463e-08, 1.0764087221559748e-07, 7.429214292642428e-06, 0.00029016772168688476, 0.016651637852191925, 0.983024001121521, 2.657136610650923e-05]"
ISIC_0024405,nv,nv,True,"[2.6119285394088365e-05, 8.613225872977637e-06, 0.0008781440556049347, 0.001329562859609723, 0.018171247094869614, 0.978644609451294, 0.000941651058383286]"
ISIC_0028009,nv,nv,True,"[2.0371639948280063e-06, 1.9479664842947386e-05, 0.0001801843463908881, 0.0027843602001667023, 0.13660378754138947, 0.859996497631073, 0.0004136562056373805]"
ISIC_0031185,nv,nv,True,"[2.544815288274549e-06, 1.6689305084582884e-06, 0.07721665501594543, 6.046270573278889e-05, 0.0001641942362766713, 0.9224968552589417, 5.758134284405969e-05]"
ISIC_0031145,nv,nv,True,"[0.00010245404700981453, 0.00023961268016137183, 0.02059157006442547, 0.0007195551879703999, 0.10452158004045486, 0.8734408617019653, 0.00038439861964434385]"
ISIC_0028430,nv,nv,True,"[6.247200445841372e-08, 9.965007166101714e-07, 6.958772428333759e-05, 3.1483709790336434e-06, 0.002525981981307268, 0.9973936080932617, 6.6651014094532e-06]"
ISIC_0027356,nv,nv,True,"[6.624353545703343e-07, 8.53912865750317e-07, 0.006142169702798128, 5.711402081942651e-06, 0.002405308187007904, 0.991443932056427, 1.4582399217033526e-06]"
ISIC_0028908,nv,nv,True,"[4.943101998833299e-07, 6.689760567724079e-08, 8.494329085806385e-05, 2.7041185603593476e-05, 0.0004529222205746919, 0.9994288086891174, 5.679221885657171e-06]"
ISIC_0025884,nv,nv,True,"[0.00011115307279396802, 8.341256034327671e-05, 0.0025236632209271193, 0.0021979562006890774, 0.07068483531475067, 0.9238443374633789, 0.0005546460160985589]"
ISIC_0033356,nv,nv,True,"[0.005092519801110029, 0.0014805612154304981, 0.21506425738334656, 0.0011197711573913693, 0.06688455492258072, 0.7093124985694885, 0.0010457821190357208]"
ISIC_0033998,nv,nv,True,"[0.0006171662826091051, 0.0004167807928752154, 0.0017157396068796515, 0.001325820805504918, 0.08307360112667084, 0.912521243095398, 0.00032970073516480625]"
ISIC_0033628,nv,nv,True,"[2.5609399017412215e-05, 3.5135656162310624e-06, 0.0021403844002634287, 9.061604941962287e-05, 0.04375314712524414, 0.9539342522621155, 5.244454587227665e-05]"
ISIC_0032065,nv,nv,True,"[0.11038071662187576, 0.39286527037620544, 0.026500871405005455, 0.04597984254360199, 0.0024721971713006496, 0.41494840383529663, 0.006852671969681978]"
ISIC_0027351,nv,mel,False,"[0.0012333248741924763, 0.0027712099254131317, 0.002978886477649212, 0.0003828131884802133, 0.5443309545516968, 0.447754442691803, 0.000548354524653405]"
ISIC_0029026,nv,nv,True,"[0.05211085453629494, 0.07715599983930588, 0.1802271455526352, 0.003583175130188465, 0.04065835103392601, 0.6414616107940674, 0.004802891053259373]"
ISIC_0029729,nv,nv,True,"[6.8073613412877876e-09, 5.417520654305008e-08, 0.000523349444847554, 5.618528120976407e-06, 4.2256990127498284e-05, 0.9994264841079712, 2.3720747321931412e-06]"
ISIC_0024807,nv,nv,True,"[4.490994342631893e-06, 7.974850632308517e-06, 0.00013163115363568068, 3.553199348971248e-05, 0.012381382286548615, 0.9874245524406433, 1.4440587619901635e-05]"
ISIC_0027984,nv,nv,True,"[0.0005978838307783008, 0.0003647659032139927, 0.024979688227176666, 0.0006037510465830564, 0.3831903040409088, 0.5900294184684753, 0.0002341346553293988]"
ISIC_0025974,nv,nv,True,"[1.2433670804057328e-07, 1.0802560268530215e-07, 6.9359798544610385e-06, 5.7299657783005387e-05, 0.0017544758738949895, 0.998166561126709, 1.4399464816960972e-05]"
ISIC_0029593,nv,nv,True,"[4.07978996008751e-06, 9.284171937906649e-06, 1.2689959476119839e-05, 1.5069699657033198e-05, 0.003129484597593546, 0.9967899918556213, 3.939439557143487e-05]"
ISIC_0024430,nv,nv,True,"[3.2926469430094585e-05, 0.00024496435071341693, 0.002131205052137375, 4.219592665322125e-05, 0.002098676050081849, 0.9951841235160828, 0.00026590630295686424]"
ISIC_0026659,nv,nv,True,"[4.1105138848251954e-07, 5.684634061253746e-07, 0.0007359759183600545, 1.6070393030531704e-05, 0.0006597245228476822, 0.9985784292221069, 8.771517968853004e-06]"
ISIC_0029584,nv,nv,True,"[4.1175376281898934e-06, 1.2149482245149557e-05, 0.0002943550352938473, 0.0005063697462901473, 0.003088289173319936, 0.9942923784255981, 0.0018022628501057625]"
ISIC_0031164,nv,nv,True,"[3.979705979872961e-06, 8.407342875216273e-07, 4.183557030046359e-05, 3.4012075047940016e-05, 0.0006189862033352256, 0.9992913007736206, 8.93344076757785e-06]"
ISIC_0028563,nv,nv,True,"[5.5437143601011485e-05, 9.484178008278832e-06, 0.0012421819847077131, 6.468612264143303e-05, 0.005874262657016516, 0.9927345514297485, 1.934657666424755e-05]"
ISIC_0025042,nv,nv,True,"[2.434618728841542e-09, 2.1318233844880297e-09, 1.124337450164603e-05, 3.5089720995529206e-07, 0.005322461016476154, 0.9946635961532593, 2.301583663211204e-06]"
ISIC_0028664,nv,nv,True,"[2.051482442766428e-05, 4.8253450586344115e-06, 0.00019199626694899052, 0.00041447271360084414, 0.009713811799883842, 0.9889023900032043, 0.0007519804639741778]"
ISIC_0031777,nv,nv,True,"[7.37924528948497e-06, 1.4279538845585193e-05, 0.001965876203030348, 0.0002194774424424395, 0.06963447481393814, 0.9280666708946228, 9.184989903587848e-05]"
ISIC_0029720,nv,nv,True,"[0.00024961133021861315, 1.722009437798988e-05, 0.058394864201545715, 0.0007711128564551473, 0.012628775089979172, 0.9278340339660645, 0.00010425692016724497]"
ISIC_0032150,nv,nv,True,"[0.0014378800988197327, 0.00038927444256842136, 0.04429643973708153, 0.0017361091449856758, 0.03014860488474369, 0.9215532541275024, 0.00043852865928784013]"
ISIC_0031193,nv,nv,True,"[5.070963879916235e-07, 5.679210062226048e-07, 2.523349758121185e-05, 1.0905912859016098e-05, 0.010090839117765427, 0.9898619651794434, 1.0027393727796152e-05]"
ISIC_0028302,nv,nv,True,"[2.185241100960411e-05, 7.762498717056587e-05, 0.00017838081112131476, 0.000374327675672248, 0.01918060891330242, 0.9799420833587646, 0.00022527435794472694]"
ISIC_0027574,nv,nv,True,"[0.00018574160640127957, 0.0034130688291043043, 0.0009097990696318448, 0.0004096782358828932, 0.0029447649139910936, 0.9909186363220215, 0.0012183049693703651]"
ISIC_0030058,nv,nv,True,"[5.429381053545512e-05, 0.0010538764763623476, 0.001291236374527216, 0.00028226536232978106, 0.002179373987019062, 0.993374764919281, 0.0017640492878854275]"
ISIC_0033040,nv,nv,True,"[6.751908949809149e-05, 0.00010037314496003091, 0.0078117698431015015, 9.30114765651524e-05, 0.010740170255303383, 0.9810656905174255, 0.00012154698197264224]"
ISIC_0030079,nv,nv,True,"[6.068664151825942e-05, 1.2257208254595753e-05, 0.0008480424294248223, 2.986655272252392e-05, 0.1240910068154335, 0.874926745891571, 3.136106897727586e-05]"
ISIC_0024908,nv,nv,True,"[0.0001337027206318453, 2.0107396267121658e-05, 0.001043469412252307, 2.454004788887687e-05, 0.19048669934272766, 0.8082689642906189, 2.2431420802604407e-05]"
ISIC_0032231,nv,nv,True,"[2.2292329049378168e-06, 0.00019298164988867939, 0.00011322668433422223, 0.008173797279596329, 0.006710462737828493, 0.6518664956092834, 0.33294084668159485]"
ISIC_0032432,nv,nv,True,"[1.3732281445300032e-07, 3.582279362035479e-08, 7.881617057137191e-05, 6.370274059008807e-05, 4.00924363930244e-06, 0.999849796295166, 3.5833493257086957e-06]"
ISIC_0033875,nv,nv,True,"[0.00019751129730138928, 0.00010048560943687335, 0.0019667460583150387, 6.263713294174522e-05, 0.22216740250587463, 0.7754403948783875, 6.475179543485865e-05]"
ISIC_0033858,nv,nv,True,"[1.7786231865102309e-06, 2.5378276404808275e-06, 5.844155020895414e-05, 0.0007433390128426254, 0.1549471914768219, 0.8442062139511108, 4.056042234878987e-05]"
ISIC_0024826,nv,nv,True,"[1.581161814101506e-05, 1.4368550182553008e-05, 8.220222662203014e-05, 1.4035704225534573e-05, 0.03448379784822464, 0.9653791189193726, 1.0636170372890774e-05]"
ISIC_0028845,nv,nv,True,"[3.3989927317179536e-08, 5.053660174780816e-07, 1.5840052469684451e-07, 1.6751777366152965e-05, 0.12939858436584473, 0.8705693483352661, 1.4639724213338923e-05]"
ISIC_0025023,nv,nv,True,"[2.502025893136306e-07, 1.643831382125427e-08, 0.0004299781867302954, 3.35471959260758e-05, 0.0013038928154855967, 0.9982255101203918, 6.84220094626653e-06]"
ISIC_0031850,nv,nv,True,"[2.248656301162555e-06, 1.7756277884473093e-05, 3.9317157643381506e-05, 2.5634180929046124e-05, 0.008424070663750172, 0.9909571409225464, 0.0005338488845154643]"
ISIC_0031503,nv,nv,True,"[2.752106956904754e-05, 4.5909433538326994e-05, 0.2819054126739502, 0.0003534302522893995, 0.006170588545501232, 0.711483895778656, 1.32564346131403e-05]"
ISIC_0031354,nv,nv,True,"[0.0007131973979994655, 2.9726052162004635e-05, 0.014269104227423668, 0.0003692799946293235, 0.41781964898109436, 0.566647469997406, 0.00015155220171436667]"
ISIC_0030017,nv,nv,True,"[1.310602556259255e-06, 8.330696914526925e-07, 0.00011055859795305878, 0.00028678905800916255, 0.0015877869445830584, 0.9979473948478699, 6.534407293656841e-05]"
ISIC_0028459,nv,nv,True,"[0.00019846369104925543, 7.577099313493818e-05, 0.019129091873764992, 0.0002248888195026666, 0.023760085925459862, 0.9565371870994568, 7.459627522621304e-05]"
ISIC_0028491,nv,nv,True,"[1.598375433786714e-06, 7.655268746020738e-06, 3.925817145500332e-05, 0.00013391568791121244, 0.0024961463641375303, 0.9972310662269592, 9.047926141647622e-05]"
ISIC_0033742,nv,nv,True,"[5.131833624716364e-09, 9.891867769340479e-09, 5.99524901190307e-05, 8.939226745496853e-07, 0.25236839056015015, 0.7475696206092834, 1.1168589253429673e-06]"
ISIC_0034127,nv,nv,True,"[0.0001596925430931151, 6.9492518377956e-05, 0.04384801164269447, 7.572865433758125e-05, 0.4760367274284363, 0.47977036237716675, 4.0062383050099015e-05]"
ISIC_0033111,nv,nv,True,"[1.2427440410078816e-08, 1.8081818708992614e-08, 0.00045307513209991157, 1.214318444908713e-06, 0.1771598905324936, 0.8223851919174194, 6.653916102550284e-07]"
ISIC_0029998,nv,nv,True,"[2.860087704448233e-07, 4.396630174596794e-05, 0.00017372035654261708, 8.692660048836842e-05, 0.005473328288644552, 0.991387665271759, 0.0028339847922325134]"
ISIC_0033641,nv,nv,True,"[2.5055333026102744e-06, 1.2451832844817545e-06, 0.0033272712025791407, 8.643285582365934e-06, 0.048513397574424744, 0.9481344223022461, 1.2526877981144935e-05]"
ISIC_0033527,nv,nv,True,"[0.00013093756570015103, 1.7041611499735154e-05, 0.08310379087924957, 5.290356057230383e-05, 0.07731011509895325, 0.839318573474884, 6.661563384113833e-05]"
ISIC_0032895,nv,nv,True,"[1.0247368891214137e-06, 1.0950960813715938e-06, 0.00022454684949479997, 2.0184292225167155e-05, 0.05854558199644089, 0.9411941170692444, 1.3393216249824036e-05]"
ISIC_0024937,nv,nv,True,"[0.0035889919381588697, 0.006928103975951672, 0.007082017604261637, 0.00040622844244353473, 0.08354055881500244, 0.8981456756591797, 0.0003084393101744354]"
ISIC_0030289,nv,nv,True,"[7.235819907691621e-07, 3.596010174078401e-07, 0.00014735799049958587, 4.317777347750962e-05, 0.03283055126667023, 0.9669744968414307, 3.2939376524154795e-06]"
ISIC_0027249,nv,nv,True,"[1.5607580280629918e-05, 0.003332660300657153, 0.012970241717994213, 3.208728230674751e-05, 0.00039128505159169436, 0.9831705689430237, 8.756366150919348e-05]"
ISIC_0031563,nv,nv,True,"[0.00011211300443392247, 0.004032036289572716, 0.013587025925517082, 0.00041573753696866333, 0.017454607412219048, 0.9632816314697266, 0.001116925966925919]"
ISIC_0031126,nv,nv,True,"[0.08608239144086838, 0.011508638970553875, 0.18090657889842987, 0.007090266328305006, 0.01200220175087452, 0.7016603946685791, 0.0007495011668652296]"
ISIC_0028608,nv,nv,True,"[0.007144887000322342, 0.004905811510980129, 0.1830137073993683, 0.026058457791805267, 0.0006613410077989101, 0.7765597701072693, 0.0016561290249228477]"
ISIC_0026331,nv,nv,True,"[3.60924218512082e-06, 1.237614128513087e-06, 9.608529217075557e-05, 0.0001341851457254961, 0.0005091367638669908, 0.9992376565933228, 1.8222161088488065e-05]"
ISIC_0026700,nv,nv,True,"[2.41856614735525e-08, 9.307598958230301e-08, 0.00014469961752183735, 1.9668675577122485e-06, 0.013792923651635647, 0.9860301613807678, 3.0113025786704384e-05]"
ISIC_0030418,nv,nv,True,"[1.1898818002009648e-06, 1.594918899172626e-06, 4.500018258113414e-05, 1.2423094631230924e-05, 0.02789922244846821, 0.9720235466957092, 1.7013555407174863e-05]"
ISIC_0029180,nv,nv,True,"[2.0429772121133283e-05, 7.284459570655599e-06, 0.002308913506567478, 0.0005323212244547904, 0.0023521543480455875, 0.9944668412208557, 0.00031217242940329015]"
ISIC_0029058,nv,nv,True,"[3.070908860536292e-05, 4.964402705809334e-06, 0.013421815820038319, 0.0001469346898375079, 0.0002492131316103041, 0.9860986471176147, 4.7749319492140785e-05]"
ISIC_0033313,nv,nv,True,"[7.531276423833333e-06, 9.483308531343937e-06, 0.005193677730858326, 1.9382625396247022e-05, 0.04378442466259003, 0.9508944153785706, 9.103572665480897e-05]"
ISIC_0030407,nv,nv,True,"[2.834987355981866e-07, 4.619649303094775e-07, 4.383000941743376e-06, 6.421931902877986e-05, 0.04368521273136139, 0.9561809301376343, 6.45336476736702e-05]"
ISIC_0029098,nv,nv,True,"[4.5274330062738954e-08, 3.948897386862882e-08, 0.027270985767245293, 1.9592525859479792e-06, 5.9640482504619285e-05, 0.9726673364639282, 1.5403815112335906e-08]"
ISIC_0034063,nv,nv,True,"[0.0003551834379322827, 0.00015039413119666278, 0.05292021855711937, 0.0004463708319235593, 0.12744586169719696, 0.8181671500205994, 0.0005147741176187992]"
ISIC_0032848,nv,nv,True,"[7.223975990200415e-05, 2.299920015502721e-05, 0.008128528483211994, 0.00026527626323513687, 0.22479841113090515, 0.7664477825164795, 0.0002647586807142943]"
ISIC_0025614,nv,nv,True,"[1.3137831444964831e-07, 5.729149279432022e-07, 4.0282280679093674e-05, 1.5882973457337357e-05, 0.16557851433753967, 0.8343333005905151, 3.128009848296642e-05]"
ISIC_0025733,nv,nv,True,"[9.314192084275419e-08, 2.2383927600344578e-08, 2.8923383069923148e-05, 7.656452908122446e-06, 0.001600901479832828, 0.9983598589897156, 2.59735634244862e-06]"
ISIC_0025340,nv,nv,True,"[0.00020260749442968518, 2.2115473257144913e-06, 0.006496663670986891, 2.081928869301919e-05, 0.11962653696537018, 0.8736291527748108, 2.2075619199313223e-05]"
ISIC_0028359,nv,nv,True,"[4.060191713506356e-05, 0.00019522012735251337, 0.019932448863983154, 0.04014686495065689, 0.0006989074754528701, 0.92994225025177, 0.009043676778674126]"
ISIC_0029305,nv,nv,True,"[3.8379987188363884e-08, 2.6481394854727114e-08, 8.460750541416928e-05, 2.6402860385132954e-05, 0.001396513544023037, 0.9984902143478394, 2.2349838673108025e-06]"
ISIC_0030435,nv,nv,True,"[8.749042308409116e-07, 1.921909671409594e-07, 0.0007403195486404002, 0.00031477471929974854, 0.014377078972756863, 0.9845628142356873, 3.860258857457666e-06]"
ISIC_0030777,nv,nv,True,"[9.713058943816577e-07, 1.5643162214473705e-06, 1.0752983143902384e-05, 7.522590749431401e-05, 0.0007553160539828241, 0.999126136302948, 3.0069262720644474e-05]"
ISIC_0024538,nv,nv,True,"[0.0003216841723769903, 0.00020973313075955957, 0.01288733072578907, 0.00026306428480893373, 0.04016369208693504, 0.9459059238433838, 0.0002485782897565514]"
ISIC_0029499,nv,nv,True,"[0.00011122025898657739, 0.0002194666158175096, 0.004811896476894617, 0.00017565886082593352, 0.06465023010969162, 0.9298351407051086, 0.00019634472846519202]"
ISIC_0025208,nv,nv,True,"[5.639987648464739e-05, 4.833568164031021e-05, 0.005970442201942205, 8.872945181792602e-05, 0.018679862841963768, 0.9750844836235046, 7.171510515036061e-05]"
ISIC_0025036,nv,nv,True,"[6.782058221688203e-07, 6.930377821845468e-06, 4.958497083862312e-05, 1.034294837154448e-05, 0.000555950915440917, 0.9993102550506592, 6.626930553466082e-05]"
ISIC_0025823,nv,nv,True,"[1.992926172533771e-06, 9.140754997361e-08, 0.012333479709923267, 3.7967115531500895e-06, 0.026833774521946907, 0.9608192443847656, 7.669568731216714e-06]"
ISIC_0027458,nv,nv,True,"[1.725018591969274e-06, 4.808951530321792e-07, 0.005804168060421944, 6.743096037098439e-06, 0.08429795503616333, 0.9098355174064636, 5.3454539738595486e-05]"
ISIC_0024339,nv,nv,True,"[1.8909146092482843e-05, 4.707561311079189e-05, 0.001150886993855238, 0.00015495911065954715, 0.010591113939881325, 0.9874952435493469, 0.0005419178050942719]"
ISIC_0031907,nv,nv,True,"[1.4373712886595058e-08, 2.9439789273055794e-07, 4.07198240282014e-06, 4.454097961570369e-07, 0.0030750709120184183, 0.9968276619911194, 9.240677900379524e-05]"
ISIC_0031508,nv,nv,True,"[3.001420054715709e-06, 1.7303163986071013e-06, 0.0008046393631957471, 1.7960017430596054e-05, 0.01237340085208416, 0.9867880344390869, 1.1173429811606184e-05]"
ISIC_0025976,nv,nv,True,"[2.585437505331356e-05, 4.868116957368329e-05, 0.0025306211318820715, 0.00036823813570663333, 0.011005944572389126, 0.983974039554596, 0.002046609530225396]"
ISIC_0025098,nv,nv,True,"[3.8263777241809294e-05, 0.0017042671097442508, 0.0008871893514879048, 0.0009279523510485888, 0.0019477602327242494, 0.9930797219276428, 0.0014149582711979747]"
ISIC_0028618,nv,nv,True,"[0.0010907769901677966, 0.00035759861930273473, 0.008909427560865879, 0.0006564411451108754, 0.06989866495132446, 0.9189378023147583, 0.00014936071238480508]"
ISIC_0031488,nv,nv,True,"[0.005972723942250013, 0.003237813711166382, 0.03496308624744415, 0.001526450738310814, 0.3474704325199127, 0.6062668561935425, 0.0005626476486213505]"
ISIC_0024978,nv,nv,True,"[0.0003875632828567177, 0.0005015441565774381, 0.0030076925177127123, 0.00018888326303567737, 0.003541414625942707, 0.9920565485954285, 0.0003163199289701879]"
ISIC_0026621,nv,nv,True,"[0.0008247980731539428, 0.002535599982365966, 0.06322746723890305, 0.04038654640316963, 0.019175313413143158, 0.8647682070732117, 0.009082133881747723]"
ISIC_0024895,nv,nv,True,"[8.987247383629438e-06, 8.593739767093211e-05, 0.0009252684540115297, 0.00011746249219868332, 0.012679727748036385, 0.9781935214996338, 0.007989197969436646]"
ISIC_0029761,nv,nv,True,"[6.62634761283698e-07, 2.245711812065565e-07, 1.3026480701228138e-05, 3.1463252526009455e-05, 0.06465042382478714, 0.9353021383285522, 2.049047225227696e-06]"
ISIC_0024841,nv,nv,True,"[6.889417272759601e-05, 0.000748681602999568, 0.0011721041519194841, 4.598313171300106e-05, 0.12456357479095459, 0.8731277585029602, 0.00027301444788463414]"
ISIC_0029121,nv,nv,True,"[0.0003138021857012063, 0.0009618706535547972, 0.00041047605918720365, 0.0001584072451805696, 0.031023891642689705, 0.9670118093490601, 0.00011980580893578008]"
ISIC_0030389,nv,nv,True,"[4.2034553189296275e-06, 1.2922290807182435e-05, 8.65998154040426e-05, 0.0007921878132037818, 0.0034965770319104195, 0.995406985282898, 0.00020056558423675597]"
ISIC_0031551,nv,nv,True,"[2.2589019863517024e-06, 1.0181668130826438e-06, 5.1412371249170974e-05, 0.002927403198555112, 0.013030331581830978, 0.9838746786117554, 0.000112844594696071]"
ISIC_0030958,nv,nv,True,"[3.569122100088862e-07, 1.8410934217172326e-06, 0.0008181447628885508, 4.425187398737762e-06, 0.0011685098288580775, 0.9979761242866516, 3.06569563690573e-05]"
ISIC_0033427,nv,nv,True,"[8.606345431871887e-07, 8.133639312291052e-06, 0.001972820144146681, 0.0009332033805549145, 0.005399465560913086, 0.9914719462394714, 0.0002134892565663904]"
ISIC_0033948,nv,nv,True,"[6.993465717641811e-08, 9.121198019101939e-08, 8.472539047943428e-05, 3.3800311939558014e-05, 0.13704809546470642, 0.8627937436103821, 3.9439459214918315e-05]"
ISIC_0033680,nv,nv,True,"[2.7436131858848967e-05, 4.4359614548739046e-05, 0.016778884455561638, 7.815827120793983e-05, 0.3470323979854584, 0.6358017325401306, 0.0002370120055275038]"
ISIC_0025523,nv,nv,True,"[2.942944661299407e-07, 0.00013453517749439925, 9.246457921108231e-05, 0.00013257880345918238, 0.0008014091290533543, 0.9925926327705383, 0.0062461234629154205]"
ISIC_0030797,nv,nv,True,"[6.296299034147523e-06, 5.556464657274773e-06, 0.0002193663822254166, 3.2289033697452396e-05, 0.021900372579693794, 0.9778259992599487, 1.010083724395372e-05]"
ISIC_0028130,nv,nv,True,"[0.004403986502438784, 0.00024365034187212586, 0.1322711557149887, 0.0012301296228542924, 0.06990649551153183, 0.7914893627166748, 0.0004551987804006785]"
ISIC_0025676,nv,nv,True,"[6.082293566578301e-07, 3.5339388659849647e-07, 0.0004323360335547477, 1.0207362720393576e-05, 0.007529808674007654, 0.9920058846473694, 2.082178798445966e-05]"
ISIC_0029005,nv,nv,True,"[1.0770239669000148e-06, 8.30511694971392e-08, 0.0019208629382774234, 3.317962909932248e-05, 0.0010670351330190897, 0.9969769716262817, 7.402271080536593e-07]"
ISIC_0026589,nv,nv,True,"[1.4029112207936123e-05, 3.249149813200347e-05, 0.013210814446210861, 0.00018264437676407397, 0.014242508448660374, 0.9705963730812073, 0.0017210759688168764]"
ISIC_0026344,nv,nv,True,"[0.002580966567620635, 0.00021248022676445544, 0.08300220221281052, 0.0004844758950639516, 0.14724667370319366, 0.7655134201049805, 0.0009597389725968242]"
ISIC_0025013,nv,nv,True,"[2.4658187612658367e-05, 2.2448184608947486e-06, 0.000680769793689251, 0.00020089153258595616, 0.10185248404741287, 0.8972251415252686, 1.380500088998815e-05]"
ISIC_0027724,nv,nv,True,"[2.1482886950252578e-05, 9.73854525909701e-07, 0.0003521761973388493, 3.711909812409431e-05, 0.35027551651000977, 0.6493082642555237, 4.433244157553418e-06]"
ISIC_0025888,nv,nv,True,"[3.594720328692347e-05, 1.8609995322549366e-06, 0.004772965796291828, 0.00013632734771817923, 0.0057741873897612095, 0.9892550706863403, 2.3667018467676826e-05]"
ISIC_0030578,nv,nv,True,"[0.0009799794061109424, 0.054613661020994186, 0.0015060100704431534, 0.0011479519307613373, 0.012187815271317959, 0.9228184819221497, 0.006746173370629549]"
ISIC_0033136,nv,nv,True,"[6.982580202929967e-08, 9.472610145166982e-06, 0.0006458534044213593, 3.857874253299087e-05, 0.021025320515036583, 0.9498217105865479, 0.02845892496407032]"
ISIC_0033215,nv,nv,True,"[0.00018836450180970132, 0.2709971070289612, 0.03443659469485283, 0.000321672938298434, 0.12726210057735443, 0.5538821220397949, 0.01291207317262888]"
ISIC_0031409,nv,nv,True,"[1.3839452549291309e-05, 3.5617456887848675e-05, 0.00012227031402289867, 2.0856790797552094e-05, 0.006108076311647892, 0.99367356300354, 2.57044484897051e-05]"
ISIC_0029853,nv,nv,True,"[2.980570812383121e-08, 7.066716989356792e-08, 3.236828342778608e-05, 9.103183401748538e-06, 0.0003008678322657943, 0.9995591044425964, 9.841955761658028e-05]"
ISIC_0030154,nv,nv,True,"[2.217693327111192e-05, 2.4691884391359054e-05, 4.308242932893336e-05, 3.620825373218395e-05, 0.0014691100222989917, 0.9983872175216675, 1.7577696780790575e-05]"
ISIC_0029426,nv,nv,True,"[1.1497714780261958e-07, 3.68262419669918e-07, 0.0014373721787706017, 3.347524398122914e-05, 0.0004857095773331821, 0.9980319142341614, 1.1147294571856037e-05]"
ISIC_0025015,nv,nv,True,"[4.834105311601888e-06, 3.195148337908904e-06, 0.0008351001306436956, 1.2962028449692298e-05, 0.004552138037979603, 0.9945752620697021, 1.6481830243719742e-05]"
ISIC_0026397,nv,nv,True,"[2.6574753064778633e-06, 2.901614379879902e-06, 0.00015261427324730903, 8.595207873440813e-06, 6.971854600124061e-05, 0.9997566342353821, 6.90644264977891e-06]"
ISIC_0034244,nv,nv,True,"[3.056035711779259e-05, 1.796550532162655e-05, 0.000652134302072227, 4.605608046404086e-05, 0.04991820454597473, 0.9492747187614441, 6.0303558711893857e-05]"
ISIC_0032855,nv,nv,True,"[1.188266742246924e-05, 3.9730221033096313e-05, 0.0011453210609033704, 0.0010561500675976276, 0.11705432087182999, 0.8785414695739746, 0.0021512650419026613]"
ISIC_0032792,nv,nv,True,"[3.817989636445418e-05, 4.507486301008612e-05, 0.0002092398062814027, 3.323612327221781e-05, 0.24283114075660706, 0.75678950548172, 5.363237141864374e-05]"
ISIC_0034260,nv,nv,True,"[0.006369049660861492, 0.0018735169433057308, 0.012403195723891258, 0.003863023826852441, 0.2066326141357422, 0.7677332758903503, 0.0011253023985773325]"
ISIC_0029064,nv,nv,True,"[2.6181958673987538e-05, 2.301542008353863e-05, 0.00017122873396147043, 6.305308488663286e-05, 0.010897847823798656, 0.9886870384216309, 0.0001316708221565932]"
ISIC_0026423,nv,mel,False,"[0.001306571182794869, 0.0007955771288834512, 0.05793945491313934, 9.746159776113927e-05, 0.7247057557106018, 0.21506105363368988, 9.409475023858249e-05]"
ISIC_0026891,nv,nv,True,"[1.631808821400682e-08, 2.0308190684659166e-08, 5.2065992349525914e-05, 3.915303386747837e-05, 0.0011947483289986849, 0.9986967444419861, 1.7259902961086482e-05]"
ISIC_0028874,nv,nv,True,"[1.3074766684439965e-05, 4.545750925899483e-05, 0.00010507439583307132, 6.575386942131445e-05, 0.286868155002594, 0.7127843499183655, 0.00011813831224571913]"
ISIC_0028592,nv,nv,True,"[7.180647116911132e-06, 8.85093686520122e-05, 5.8045858168043196e-05, 1.7360580386593938e-05, 0.2909086346626282, 0.7088431715965271, 7.719924178672954e-05]"
ISIC_0031675,nv,nv,True,"[8.748678374104202e-05, 4.9460541049484164e-05, 0.0008233908447436988, 9.778936509974301e-05, 0.005030353087931871, 0.9938865303993225, 2.511438651708886e-05]"
ISIC_0032106,nv,nv,True,"[7.183249636000255e-06, 2.726454340518103e-06, 0.0007206476293504238, 1.6701555068721063e-05, 0.010894034057855606, 0.9883410334587097, 1.7674845366855152e-05]"
ISIC_0026708,nv,nv,True,"[0.00011120767157990485, 0.00022246254957281053, 0.0008653701515868306, 0.0002952911891043186, 0.03726659342646599, 0.9611181020736694, 0.00012095079728169367]"
ISIC_0025124,nv,nv,True,"[4.655268639908172e-05, 0.00015204527880996466, 0.0013247424503788352, 0.0002548767370171845, 0.00042746387771330774, 0.9977328777313232, 6.14318487350829e-05]"
ISIC_0033993,nv,nv,True,"[2.5359704522998072e-06, 2.5260837901441846e-06, 0.0002200721064582467, 1.5872066796873696e-05, 0.04007648676633835, 0.9596523642539978, 3.0178774977684952e-05]"
ISIC_0032926,nv,nv,True,"[0.0010265483288094401, 0.0006046564085409045, 0.010717792436480522, 0.00010756527626654133, 0.08817530423402786, 0.8992783427238464, 8.987415640149266e-05]"
ISIC_0033049,nv,nv,True,"[0.0003361930721439421, 0.00019609968876466155, 0.003440910018980503, 8.095209341263399e-05, 0.09922900050878525, 0.8965931534767151, 0.00012367851741146296]"
ISIC_0033492,nv,nv,True,"[0.00013316476542968303, 9.704559488454834e-05, 0.000803086266387254, 0.000599138904362917, 0.13638374209403992, 0.8619717359542847, 1.207571585837286e-05]"
ISIC_0032548,nv,nv,True,"[2.1404157450888306e-05, 7.369340892182663e-05, 0.0080802571028471, 2.846688403224107e-05, 0.2728589177131653, 0.7188875079154968, 4.976615673513152e-05]"
ISIC_0033106,nv,nv,True,"[3.9697672036709264e-05, 9.320562821812928e-05, 0.0002696994342841208, 0.00021755775378551334, 0.39954808354377747, 0.5997926592826843, 3.908220969606191e-05]"
ISIC_0026095,nv,nv,True,"[0.0018414437072351575, 0.0012619021581485868, 0.00967206060886383, 0.0008373308228328824, 0.014196996577084064, 0.9717559218406677, 0.00043440156150609255]"
ISIC_0029934,nv,nv,True,"[2.645708718773676e-07, 8.758768643701842e-08, 0.00022289081243798137, 2.934696112788515e-06, 0.00039195033605210483, 0.9993748068809509, 7.053733497741632e-06]"
ISIC_0024406,nv,mel,False,"[8.70440885591961e-07, 0.00034706975566223264, 4.579318192554638e-05, 5.9950384638796095e-06, 0.6082102060317993, 0.3911591172218323, 0.00023097265511751175]"
ISIC_0024942,nv,nv,True,"[1.028450333251385e-05, 8.559523848816752e-06, 0.00010864221258088946, 0.0002094133524224162, 0.003978443797677755, 0.995606005191803, 7.871190609876066e-05]"
ISIC_0031478,nv,nv,True,"[0.00017170238425023854, 5.360809882404283e-05, 0.0005785971297882497, 0.00036849771277047694, 0.05555115267634392, 0.9432539343833923, 2.2566484403796494e-05]"
ISIC_0027885,nv,nv,True,"[4.6948974841143354e-07, 4.487990779011852e-08, 0.0010400417959317565, 0.00015163540956564248, 0.00010611087054712698, 0.9986940026283264, 7.681486749788746e-06]"
ISIC_0031380,nv,nv,True,"[1.9307483398733893e-06, 0.0001322203897871077, 0.0002876700018532574, 0.0003184216620866209, 0.2245761752128601, 0.6917433142662048, 0.08294031023979187]"
ISIC_0031696,nv,nv,True,"[1.8434980120218825e-07, 1.7905400682138861e-06, 3.365329757798463e-05, 4.6990535338409245e-06, 0.482349157333374, 0.5174850821495056, 0.0001254040253115818]"
ISIC_0028382,nv,nv,True,"[1.67460632383154e-06, 8.687743502377998e-07, 3.643960371846333e-05, 5.469415555126034e-06, 0.08509431779384613, 0.9148501753807068, 1.1091766282333992e-05]"
ISIC_0025887,nv,nv,True,"[1.4903207556926645e-05, 1.943454435604508e-06, 0.0017772570718079805, 9.30799069465138e-06, 0.10761788487434387, 0.890575647354126, 3.0574831271223957e-06]"
ISIC_0032386,nv,nv,True,"[5.938161848462187e-06, 1.6204772691708058e-05, 0.0017685809871181846, 0.00040546411764808, 0.010601007379591465, 0.9778566956520081, 0.009346225298941135]"
ISIC_0032355,nv,nv,True,"[1.7456801515436382e-06, 1.9858568975905655e-06, 0.007016167510300875, 0.0011563155567273498, 0.005073335021734238, 0.9839514493942261, 0.0027990269009023905]"
ISIC_0027001,nv,nv,True,"[1.8115683531050308e-07, 9.398293343565456e-08, 7.824501517461613e-05, 1.1339890988892876e-05, 0.0003715132479555905, 0.9995349645614624, 3.6743399505212437e-06]"
ISIC_0031752,nv,nv,True,"[2.034953467955347e-06, 5.2584753575501963e-05, 3.831612502835924e-06, 0.00016686935850884765, 0.0027826980222016573, 0.996531069278717, 0.0004608536546584219]"
ISIC_0028742,nv,nv,True,"[2.8458457563829143e-06, 3.4659149150684243e-07, 0.00039847020525485277, 1.7331070921500213e-05, 0.049201179295778275, 0.9503734111785889, 6.413211849576328e-06]"
ISIC_0028575,nv,nv,True,"[3.894455585395917e-05, 1.2569580576382577e-05, 0.0004955141921527684, 1.6587067875661887e-05, 0.025502046570181847, 0.9739274978637695, 6.860710072942311e-06]"
ISIC_0026480,nv,nv,True,"[3.2728203223086894e-05, 2.5191795430146158e-05, 0.00919056311249733, 0.0010422889608889818, 0.2958512604236603, 0.6932698488235474, 0.0005881070392206311]"
ISIC_0029668,nv,mel,False,"[8.460290700895712e-05, 0.00042547364137135446, 0.0132781732827425, 0.0004663795989472419, 0.5401960015296936, 0.445221871137619, 0.00032749876845628023]"
ISIC_0026323,nv,nv,True,"[9.105075878323987e-05, 2.4843326173140667e-05, 0.012806476093828678, 0.00035800886689685285, 0.018742812797427177, 0.9679169654846191, 5.982928632874973e-05]"
ISIC_0030663,nv,nv,True,"[0.001450287294574082, 0.00014331770944409072, 0.05092507600784302, 0.0002620615705382079, 0.13951441645622253, 0.8075680136680603, 0.00013675469381269068]"
ISIC_0029105,nv,nv,True,"[0.00017882992688100785, 0.0034274104982614517, 0.0003967515076510608, 0.0002355270553380251, 0.11894723027944565, 0.8754811882972717, 0.0013330492656677961]"
ISIC_0029423,nv,nv,True,"[0.000677929085213691, 1.827915730245877e-05, 0.14754007756710052, 0.00045159817091189325, 0.002082059858366847, 0.8490346074104309, 0.00019537135085556656]"
ISIC_0031763,nv,nv,True,"[1.868565568940994e-08, 1.018059521129544e-07, 1.552587264086469e-06, 0.00014718355669174343, 0.0023777431342750788, 0.997462272644043, 1.1043443009839393e-05]"
ISIC_0029168,nv,nv,True,"[3.1722413496027e-07, 3.0931716992199654e-06, 6.497285994555568e-06, 0.0007134519401006401, 0.1051129549741745, 0.8939595222473145, 0.00020410818979144096]"
ISIC_0026859,nv,nv,True,"[6.7268260863784235e-06, 3.1282643249141984e-06, 0.023170489817857742, 3.7586960388580337e-06, 0.003051202278584242, 0.9737558960914612, 8.80777406564448e-06]"
ISIC_0026010,nv,nv,True,"[8.14512546298829e-09, 5.147878212596879e-08, 9.089257559935504e-07, 1.9054964468523394e-06, 0.00473672803491354, 0.9952588677406311, 1.6522936903129448e-06]"
ISIC_0025166,nv,nv,True,"[3.6260342994864914e-07, 1.0593662125302217e-07, 0.03931276127696037, 1.6378214695578208e-06, 0.0007531213923357427, 0.9599312543869019, 8.139537044371536e-07]"
ISIC_0028938,nv,nv,True,"[1.998139168790658e-06, 9.870732498029611e-08, 0.00987810455262661, 4.099915713595692e-06, 0.11640988290309906, 0.8737046718597412, 1.142961536970688e-06]"
ISIC_0025820,nv,nv,True,"[2.5729614208103158e-06, 9.842453891906189e-07, 6.406519969459623e-05, 0.0004799856978934258, 0.05939305201172829, 0.9400151968002319, 4.420365803525783e-05]"
ISIC_0024636,nv,nv,True,"[2.6661233221147995e-09, 6.954997688879416e-10, 5.9128087741555646e-05, 0.00034393349778838456, 6.891522843943676e-06, 0.9995471835136414, 4.292238736525178e-05]"
ISIC_0034217,nv,nv,True,"[3.419396307435818e-06, 3.212225692550419e-06, 0.00014596550317946821, 4.264463859726675e-05, 0.25084465742111206, 0.7488837838172913, 7.631983316969126e-05]"
ISIC_0032952,nv,nv,True,"[2.145512007700745e-05, 6.5690528572304174e-06, 0.000497947505209595, 7.358088623732328e-05, 0.17317485809326172, 0.8261710405349731, 5.446749128168449e-05]"
ISIC_0026705,nv,nv,True,"[5.506997808879532e-07, 1.8957477720960014e-07, 1.4202733837009873e-05, 4.190754043520428e-05, 0.12939460575580597, 0.8705426454544067, 5.9090284594276454e-06]"
ISIC_0033665,nv,nv,True,"[3.0780424253862293e-07, 1.8379829214154597e-07, 4.924973472952843e-05, 3.4883998978330055e-06, 0.43108150362968445, 0.5688637495040894, 1.5329246707551647e-06]"
ISIC_0032813,nv,nv,True,"[2.7126034751745465e-07, 2.6601367153489264e-07, 7.911919965408742e-06, 6.597758329007775e-06, 0.1505252569913864, 0.8494589924812317, 7.519051905546803e-07]"
ISIC_0026812,nv,nv,True,"[1.9054414224228822e-07, 4.7160128247014654e-07, 4.79099435324315e-06, 0.0006336543592624366, 2.41177694988437e-05, 0.9992745518684387, 6.221215153345838e-05]"
ISIC_0030740,nv,nv,True,"[1.9927529137930833e-05, 1.6391939425375313e-05, 0.0003450414806138724, 3.416373147047125e-05, 0.07392838597297668, 0.9255985617637634, 5.7437409850535914e-05]"
ISIC_0026600,nv,nv,True,"[7.825723514542915e-06, 9.795040796234389e-07, 0.0011831916635856032, 1.64702669280814e-05, 0.055961329489946365, 0.9428240060806274, 6.070918516343227e-06]"
ISIC_0032201,nv,nv,True,"[3.140402782264573e-08, 8.209470792053253e-08, 0.00048621054156683385, 6.861317615403095e-06, 0.002390876179561019, 0.9971119165420532, 3.879037649312522e-06]"
ISIC_0028422,nv,nv,True,"[3.6108490348851774e-06, 2.7793696517619537e-06, 1.7842783563537523e-05, 0.00021832692436873913, 0.05318858474493027, 0.9464802145957947, 8.860055822879076e-05]"
ISIC_0030752,nv,nv,True,"[9.623016921977978e-06, 7.642227501492016e-06, 0.0001432158751413226, 0.0005759118357673287, 0.0033564860932528973, 0.9955321550369263, 0.00037493600393645465]"
ISIC_0025920,nv,nv,True,"[6.673268944723532e-05, 0.00039389546145685017, 0.0008654026896692812, 0.00785147026181221, 0.03263294696807861, 0.9416438937187195, 0.016545649617910385]"
ISIC_0029816,nv,nv,True,"[1.3076169125270098e-06, 2.5802694381127367e-06, 0.0006024585454724729, 2.1987452782923356e-05, 0.011412050575017929, 0.9879255294799805, 3.398838816792704e-05]"
ISIC_0030546,nv,nv,True,"[1.926307777466718e-05, 8.351172436960042e-05, 0.004162714350968599, 1.802543738449458e-05, 0.09016188234090805, 0.9052828550338745, 0.0002716934832278639]"
ISIC_0031509,nv,nv,True,"[2.5740053388290107e-05, 1.0420253602205776e-05, 0.001658547786064446, 0.00012719284859485924, 0.004685133695602417, 0.9931083917617798, 0.0003845792089123279]"
ISIC_0024434,nv,nv,True,"[2.6767751478473656e-05, 7.639189789188094e-06, 0.0016870767576619983, 1.0041526365967002e-05, 0.0011846906272694468, 0.9970821738243103, 1.7212611282957369e-06]"
ISIC_0030975,nv,nv,True,"[7.067665896975939e-10, 1.1541093414280112e-08, 2.065587068500463e-06, 2.2138885924505303e-06, 3.705303242895752e-06, 0.9999918937683105, 1.061299244042857e-07]"
ISIC_0025759,nv,nv,True,"[0.0003576521994546056, 2.405498526059091e-05, 0.20268426835536957, 0.00023046704882290214, 0.016475655138492584, 0.7800092101097107, 0.00021862841094844043]"
ISIC_0031366,nv,nv,True,"[0.0013772743986919522, 4.7266010369639844e-05, 0.1719588041305542, 0.00042541156290099025, 0.034026432782411575, 0.7920295000076294, 0.0001351753162452951]"
ISIC_0025640,nv,nv,True,"[0.027433987706899643, 0.0004117853532079607, 0.1076788604259491, 0.00197220710106194, 0.21751727163791656, 0.6443330645561218, 0.0006529103266075253]"
ISIC_0029672,nv,nv,True,"[2.935996974429145e-07, 8.663149628773681e-07, 1.1298877780063776e-06, 0.0005801746738143265, 0.004585763905197382, 0.9941250085830688, 0.0007066919351927936]"
ISIC_0029911,nv,nv,True,"[0.00038137659430503845, 0.00023772893473505974, 0.1376485824584961, 0.0036396642681211233, 0.03814904764294624, 0.8188550472259521, 0.0010885648662224412]"
ISIC_0029589,nv,nv,True,"[0.007784112356603146, 0.0037936733569949865, 0.03291667252779007, 0.0012149014510214329, 0.4208679497241974, 0.5330671072006226, 0.0003556341689545661]"
ISIC_0029476,nv,nv,True,"[0.0011130979983136058, 0.004105480387806892, 0.0020775108132511377, 0.0001367593213217333, 0.11910418421030045, 0.8732187151908875, 0.00024427648168057203]"
ISIC_0033282,nv,nv,True,"[0.003152030287310481, 0.008961777202785015, 0.04785911366343498, 0.008088388480246067, 0.020077688619494438, 0.9070123434066772, 0.0048487004823982716]"
ISIC_0032729,nv,nv,True,"[0.00035518460208550096, 0.0008790903375484049, 0.0159439854323864, 0.002511642873287201, 0.0029884809628129005, 0.9754034280776978, 0.0019182356772944331]"
ISIC_0033076,nv,nv,True,"[5.563385911955265e-06, 0.0008272939012385905, 0.000452435138868168, 4.7315217670984566e-05, 0.279407262802124, 0.7190873622894287, 0.00017273417324759066]"
ISIC_0031497,nv,nv,True,"[1.3246800563138095e-06, 2.4174989903258393e-06, 1.9580424122978002e-05, 4.0848986827768385e-05, 0.0029173665679991245, 0.9969152212142944, 0.0001031969950417988]"
ISIC_0032039,nv,nv,True,"[2.3869604319770588e-06, 2.295517560924054e-06, 0.00019862281624227762, 5.34847094968427e-05, 0.007589143235236406, 0.9920421242713928, 0.00011201734014321119]"
ISIC_0032896,nv,nv,True,"[1.9838937078020535e-05, 3.529771856847219e-05, 0.0004783121985383332, 6.936971658433322e-06, 0.05239427834749222, 0.9470281004905701, 3.728182127815671e-05]"
ISIC_0034166,nv,nv,True,"[9.304309969593305e-06, 9.413985935680103e-06, 0.0011176582193002105, 4.6427856432273984e-05, 0.05111359804868698, 0.9476378560066223, 6.573002610821277e-05]"
ISIC_0029218,nv,nv,True,"[8.535183587810025e-05, 2.7112611178381485e-07, 0.03357010707259178, 2.099822995660361e-05, 0.0004691746144089848, 0.9658523201942444, 1.9116250769002363e-06]"
ISIC_0030234,nv,nv,True,"[6.973182848923898e-07, 7.378446298389463e-08, 0.00020062313706148416, 3.412778096389957e-05, 0.019340477883815765, 0.9804203510284424, 3.5970415410702117e-06]"
ISIC_0025357,nv,nv,True,"[1.109513814157026e-08, 2.877860261207843e-08, 1.5529526535829064e-06, 3.646156983450055e-06, 0.004165906924754381, 0.9957503080368042, 7.853134593460709e-05]"
ISIC_0031205,nv,nv,True,"[3.055809429497458e-05, 2.4650220439070836e-05, 0.0018527511274442077, 1.1024259947589599e-05, 0.3142395317554474, 0.683686375617981, 0.00015518678992521018]"
ISIC_0031647,nv,nv,True,"[9.885976481882608e-08, 3.350421096115497e-08, 0.027263136580586433, 3.033676421182463e-06, 0.0003462218737695366, 0.9723873734474182, 9.885976481882608e-08]"
ISIC_0030307,nv,nv,True,"[0.0018332983599975705, 0.0020672804675996304, 0.001807521446608007, 0.003906760364770889, 0.00021118599397595972, 0.9884675145149231, 0.001706320559605956]"
ISIC_0031916,nv,nv,True,"[3.046582787646912e-05, 1.3893893083150033e-05, 0.00034158542985096574, 0.018486736342310905, 0.0034591681323945522, 0.9725720286369324, 0.005096119362860918]"
ISIC_0028825,nv,nv,True,"[0.0006607459508813918, 4.265459574526176e-05, 0.013168158009648323, 7.500750507460907e-05, 0.031712401658296585, 0.9543253779411316, 1.5691748558310792e-05]"
ISIC_0028733,nv,nv,True,"[4.271013764878262e-08, 1.1364745660102926e-06, 1.8374886394667556e-06, 1.7431002561352216e-06, 7.455407467205077e-05, 0.9999203681945801, 2.55570597573751e-07]"
ISIC_0029087,nv,nv,True,"[2.3026180073770774e-08, 5.0293806452827994e-08, 1.4024935808265582e-06, 1.653595063544344e-05, 0.0006563467322848737, 0.9993038177490234, 2.181584386562463e-05]"
ISIC_0026689,nv,nv,True,"[6.482870503532467e-06, 2.1256513718981296e-05, 0.0004972072783857584, 5.698807854059851e-06, 0.04617792367935181, 0.9532198309898376, 7.162951078498736e-05]"
ISIC_0031127,nv,nv,True,"[2.068542926281225e-06, 1.7587188949619303e-07, 0.0004344202170614153, 5.230095325714501e-07, 0.286842405796051, 0.7127203345298767, 1.1761449059122242e-07]"
ISIC_0027558,nv,nv,True,"[0.0007610727334395051, 0.0011073542991653085, 0.10883841663599014, 0.00010441786434967071, 0.3896523416042328, 0.4993472993373871, 0.00018907633784692734]"
ISIC_0024960,nv,nv,True,"[0.0007736001280136406, 0.00018320861272513866, 0.027808204293251038, 0.043112270534038544, 0.0006469986401498318, 0.9271979331970215, 0.0002777276677079499]"
ISIC_0024629,nv,nv,True,"[7.053494641695579e-07, 3.5611330986284884e-06, 0.00020055420463904738, 2.5280660338466987e-05, 0.0002716600429266691, 0.9994901418685913, 8.05654599389527e-06]"
ISIC_0027890,nv,nv,True,"[1.1086577842434053e-06, 1.6160001337084395e-07, 0.00021116963762324303, 3.428784111747518e-05, 0.035669684410095215, 0.9640817046165466, 1.9918973066523904e-06]"
ISIC_0024605,nv,nv,True,"[0.0001546745770610869, 0.00014305060904007405, 0.0005101388087496161, 0.003166450187563896, 0.07168202847242355, 0.9205528497695923, 0.0037906700745224953]"
ISIC_0032166,nv,nv,True,"[0.00016342864546459168, 0.016161233186721802, 0.014515159651637077, 0.00013338658027350903, 0.023902256041765213, 0.9427276849746704, 0.002396880416199565]"
ISIC_0029046,nv,nv,True,"[0.0002189037622883916, 9.071954264072701e-05, 0.001559329335577786, 3.0926115869078785e-05, 0.1436249017715454, 0.8544074296951294, 6.768090679543093e-05]"
ISIC_0031476,nv,nv,True,"[0.00014832054148428142, 5.6186283472925425e-05, 0.012953254394233227, 6.157896223157877e-06, 0.11266659200191498, 0.8741579651832581, 1.1549491318874061e-05]"
ISIC_0025514,nv,nv,True,"[7.407140856230399e-07, 2.4196004233090207e-05, 0.00012877446715719998, 3.950478640035726e-05, 0.08350583910942078, 0.9154793620109558, 0.0008215656853280962]"
ISIC_0032369,nv,nv,True,"[8.934936204241239e-07, 1.8261825971421786e-06, 2.3774986402713694e-05, 2.1856542389286915e-06, 0.17609700560569763, 0.8238625526428223, 1.1746506061172113e-05]"
ISIC_0028260,nv,nv,True,"[1.1922529665753245e-05, 0.00022277541575022042, 0.004734743386507034, 0.002091050846502185, 0.002880544401705265, 0.9795377850532532, 0.010521169751882553]"
ISIC_0027818,nv,nv,True,"[1.175399688690959e-06, 4.085333671355329e-08, 0.0013351039960980415, 7.1721251515555196e-06, 0.00020434532780200243, 0.9984427094459534, 9.594764378562104e-06]"
ISIC_0025862,nv,nv,True,"[0.000967608648352325, 0.0058783236891031265, 0.0016621103277429938, 0.0017641312442719936, 0.010891372337937355, 0.9784970283508301, 0.0003393310180399567]"
ISIC_0028532,nv,nv,True,"[6.986959277810456e-08, 1.3207227311795577e-07, 7.570603770545858e-07, 2.0225941625540145e-05, 4.995591370970942e-05, 0.9999271631240845, 1.676334591138584e-06]"
ISIC_0031794,nv,nv,True,"[0.00017857280909083784, 8.650808013044298e-06, 0.0012958601582795382, 5.403780232882127e-05, 0.3068809509277344, 0.6915668845176697, 1.5064488252392039e-05]"
ISIC_0030161,nv,nv,True,"[3.0021133170521352e-06, 1.0437553100928199e-05, 0.0006951590767130256, 3.037954775209073e-05, 0.07149919122457504, 0.9272156357765198, 0.000546169700101018]"
ISIC_0028311,nv,nv,True,"[0.00042133231181651354, 5.836462605657289e-06, 0.020360488444566727, 0.03360156714916229, 0.0028764731250703335, 0.942520022392273, 0.00021435649250634015]"
ISIC_0028731,nv,nv,True,"[0.0028340688440948725, 0.0022397444117814302, 0.009081725031137466, 0.0126967653632164, 0.023752551525831223, 0.9478662610054016, 0.0015288654249161482]"
ISIC_0033442,nv,nv,True,"[4.115688170713838e-06, 1.073641215043608e-06, 0.0022190732415765524, 8.612688543507829e-05, 0.06038862094283104, 0.9372857213020325, 1.5232018085953314e-05]"
ISIC_0032943,nv,nv,True,"[0.0015419552801176906, 6.084834967623465e-05, 0.09997560828924179, 0.0003633963060565293, 0.16644948720932007, 0.7315464019775391, 6.229132122825831e-05]"
ISIC_0034181,nv,nv,True,"[9.260430670110509e-05, 2.4394341380684637e-05, 0.004808029625564814, 0.00011192048987140879, 0.0735756903886795, 0.9211827516555786, 0.0002046506415354088]"
ISIC_0026813,nv,nv,True,"[4.295061017955959e-08, 1.7770448721421417e-06, 4.246289336151676e-06, 2.993478574353503e-06, 0.025271987542510033, 0.9746127724647522, 0.00010620868124533445]"
ISIC_0032388,nv,mel,False,"[0.0002837602514773607, 0.002032211050391197, 0.008346515707671642, 0.0021090416703373194, 0.8262826204299927, 0.16080914437770844, 0.00013668251631315798]"
ISIC_0031973,nv,mel,False,"[8.48581621539779e-05, 1.813805829442572e-05, 0.01209977362304926, 0.00034090576809830964, 0.6163721084594727, 0.3709392845630646, 0.00014491354522760957]"
ISIC_0026667,nv,nv,True,"[5.5973890994209796e-05, 5.309862535796128e-05, 0.00029994413489475846, 6.480416050180793e-05, 0.0029736387077718973, 0.9964902997016907, 6.219994247658178e-05]"
ISIC_0025994,nv,nv,True,"[0.0006916304701007903, 0.00020206371846143156, 0.0007898667827248573, 3.9866492443252355e-05, 0.00709522096440196, 0.991158664226532, 2.2715243176207878e-05]"
ISIC_0029517,nv,nv,True,"[1.7362439393764362e-05, 5.296034942148253e-05, 0.0008169906213879585, 0.00012854284432251006, 0.014713146723806858, 0.9842367172241211, 3.4327604225836694e-05]"
ISIC_0033145,nv,nv,True,"[8.627523016002669e-07, 1.0144356821228939e-07, 0.0003748744202312082, 0.0010086188558489084, 0.07938461750745773, 0.9192180037498474, 1.2978703125554603e-05]"
ISIC_0033799,nv,nv,True,"[2.5387382720509777e-06, 4.275933349617844e-07, 0.00037685121060349047, 3.0747476557735354e-05, 0.04635884240269661, 0.9532235860824585, 6.901006145199062e-06]"
ISIC_0029335,nv,nv,True,"[2.935288705430139e-07, 6.718942699990293e-07, 0.00044083641842007637, 5.327102917362936e-05, 0.0017048168228939176, 0.997775137424469, 2.4870289053069428e-05]"
ISIC_0030029,nv,nv,True,"[2.1827865566592664e-05, 1.31362412503222e-05, 0.0014076702063903213, 9.407806646777317e-05, 0.22710946202278137, 0.771308422088623, 4.540441295830533e-05]"
ISIC_0030239,nv,nv,True,"[4.629818306511879e-07, 1.4485420933851856e-06, 0.0029103432316333055, 1.2860381502832752e-05, 0.0004785930213984102, 0.9964595437049866, 0.00013685163867194206]"
ISIC_0033105,nv,nv,True,"[0.00011654665286187083, 2.4003833459573798e-05, 0.01065120566636324, 0.00012213985610287637, 0.21362203359603882, 0.775316059589386, 0.00014790540444664657]"
ISIC_0032572,nv,nv,True,"[0.0002594916441012174, 5.927347592660226e-05, 0.019999269396066666, 0.00015224961680360138, 0.11978934705257416, 0.8595748543739319, 0.00016558848437853158]"
ISIC_0027661,nv,nv,True,"[5.658189820678672e-06, 2.4197010134230368e-05, 0.001864603953436017, 0.0002684001810848713, 0.03999002277851105, 0.9575818777084351, 0.0002652732073329389]"
ISIC_0032183,nv,nv,True,"[1.4468636777564825e-07, 1.2209457054268569e-06, 9.362712262372952e-06, 0.0006557361921295524, 0.023733092471957207, 0.9742950201034546, 0.001305361045524478]"
ISIC_0033096,nv,bkl,False,"[0.0006431291112676263, 0.0009016587282530963, 0.7039005160331726, 0.00012060458539053798, 0.012695609591901302, 0.28163769841194153, 0.00010076890612253919]"
ISIC_0033972,nv,nv,True,"[0.03976637125015259, 0.048367228358983994, 0.011307353153824806, 0.00025805667974054813, 0.048698991537094116, 0.8514888882637024, 0.00011317784810671583]"
ISIC_0033367,nv,nv,True,"[0.002707225037738681, 0.027922147884964943, 0.1420082300901413, 0.0008485450525768101, 0.27641427516937256, 0.5481072664260864, 0.001992287579923868]"
ISIC_0026608,nv,mel,False,"[0.00010165649291593581, 2.500576556485612e-06, 0.025966648012399673, 0.00031434959964826703, 0.5852547883987427, 0.38834378123283386, 1.6305808458128013e-05]"
ISIC_0030334,nv,mel,False,"[0.00016679480904713273, 6.196253525558859e-05, 0.010094961151480675, 6.519033922813833e-05, 0.6943619847297668, 0.2951620817184448, 8.704051288077608e-05]"
ISIC_0026542,nv,nv,True,"[0.0002787264820653945, 7.172282494138926e-05, 0.02192680910229683, 4.881528366240673e-05, 0.01377515122294426, 0.9638282656669617, 7.047308463370427e-05]"
ISIC_0032268,nv,nv,True,"[1.617415364307817e-05, 3.117649976047687e-05, 0.00048044411232694983, 0.00018801834085024893, 8.81224186741747e-05, 0.9991543292999268, 4.1707466152729467e-05]"
ISIC_0030478,nv,nv,True,"[1.1061905524911708e-07, 1.0252122137899278e-06, 4.427962267072871e-05, 0.00020350104023236781, 0.008929942734539509, 0.9906827211380005, 0.00013833590492140502]"
ISIC_0032379,nv,nv,True,"[0.0005087474710308015, 0.001175962737761438, 0.012538280338048935, 0.0025139437057077885, 0.11901798099279404, 0.8457401394844055, 0.018504947423934937]"
ISIC_0029368,nv,nv,True,"[7.026110688457265e-05, 3.7315392546588555e-05, 0.0025454487185925245, 0.0008336813771165907, 0.06488316506147385, 0.9313644766807556, 0.0002656810684129596]"
ISIC_0025476,nv,nv,True,"[0.1028616726398468, 0.0567120723426342, 0.10443051159381866, 0.004112976137548685, 0.048829223960638046, 0.6796437501907349, 0.0034097768366336823]"
ISIC_0029615,nv,nv,True,"[2.701977166452707e-07, 2.5238198304577963e-06, 0.0029664156027138233, 4.989147441847308e-07, 0.46545642614364624, 0.5315678715705872, 5.983794835628942e-06]"
ISIC_0030432,nv,mel,False,"[1.4815459081773952e-08, 7.055322157611954e-07, 5.243070404503669e-07, 4.523366806097329e-05, 0.6530953645706177, 0.34685632586479187, 1.8917933175544022e-06]"
ISIC_0026767,nv,nv,True,"[5.7061065490415785e-06, 3.6697763334814226e-06, 3.6703240766655654e-05, 1.5004254237283021e-05, 0.0639435350894928, 0.9359800815582275, 1.5360072211478837e-05]"
ISIC_0032707,nv,nv,True,"[2.917076926678419e-06, 8.085830813797656e-06, 0.0007225517183542252, 5.678839443135075e-05, 0.3966837227344513, 0.6025122404098511, 1.3647423656948376e-05]"
ISIC_0034311,nv,mel,False,"[2.634789098010515e-06, 4.327096576162148e-06, 0.0001997223444050178, 7.275971438502893e-05, 0.5725558400154114, 0.4271526634693146, 1.1994258784397971e-05]"
ISIC_0030313,nv,nv,True,"[1.2876738537670462e-06, 0.00034268846502527595, 0.00028521064086817205, 8.922119013732299e-05, 0.0017238238360732794, 0.8551971912384033, 0.1423606127500534]"
ISIC_0025861,nv,nv,True,"[6.808687612647191e-05, 2.343845699215308e-05, 0.054096173495054245, 0.00452116085216403, 0.0018555938731878996, 0.938496470451355, 0.0009389927727170289]"
ISIC_0025552,nv,nv,True,"[8.70166695676744e-05, 0.00014802032092120498, 0.0038151652552187443, 0.0021477031987160444, 0.008265210315585136, 0.9846917986869812, 0.0008451694156974554]"
ISIC_0031052,nv,nv,True,"[3.324262706883019e-06, 1.7313547004960128e-06, 1.1785534297814593e-05, 5.56792329007294e-05, 0.02779184654355049, 0.9720722436904907, 6.352561467792839e-05]"
ISIC_0028967,nv,nv,True,"[1.5722907846793532e-05, 2.764438249869272e-06, 0.18609729409217834, 2.3974571377038956e-05, 0.057425498962402344, 0.7564325928688049, 2.1030737116234377e-06]"
ISIC_0029008,nv,nv,True,"[6.135197736512055e-07, 1.86047543593304e-06, 0.0002684089704416692, 0.001631409046240151, 0.0008455376955680549, 0.9967331886291504, 0.0005190164665691555]"
ISIC_0025443,nv,nv,True,"[0.0001170237737824209, 0.0006252542370930314, 8.561642607674003e-05, 4.673102739616297e-05, 0.0853208377957344, 0.913709282875061, 9.532565309200436e-05]"
ISIC_0029389,nv,nv,True,"[0.012547674588859081, 0.01657433807849884, 0.28698161244392395, 0.0171506367623806, 0.07346942275762558, 0.5814196467399597, 0.011856717988848686]"
ISIC_0024789,nv,nv,True,"[0.005742514040321112, 0.0670812726020813, 0.017422465607523918, 0.06459023058414459, 0.041196614503860474, 0.7913010120391846, 0.012665892951190472]"
ISIC_0027977,nv,nv,True,"[4.1888128521350154e-08, 2.8012717478986815e-08, 1.6408524743383168e-06, 2.5742556317709386e-05, 0.060526758432388306, 0.939429759979248, 1.5999534298316576e-05]"
ISIC_0029142,nv,nv,True,"[3.2569299946771935e-05, 0.00010699941776692867, 0.0553189180791378, 2.2037493181414902e-05, 0.0051228986121714115, 0.9393105506896973, 8.597644773544744e-05]"
ISIC_0028903,nv,nv,True,"[1.2837159113487928e-10, 6.803444960179483e-12, 3.22895493809483e-06, 1.0003560646509868e-06, 0.010408271104097366, 0.9895875453948975, 8.68864979963746e-09]"
ISIC_0024373,nv,nv,True,"[4.694073595601367e-06, 2.5276991436840035e-05, 1.3529797797673382e-05, 0.00022617311333306134, 0.022273313254117966, 0.9771490693092346, 0.0003079368034377694]"
ISIC_0029675,nv,nv,True,"[1.2156386901551741e-06, 4.2264541662007105e-06, 0.0010072671575471759, 4.169685780652799e-05, 0.021264638751745224, 0.9776684045791626, 1.2544143828563392e-05]"
ISIC_0026997,nv,nv,True,"[5.334637171472423e-05, 0.0018342731054872274, 0.001693942118436098, 0.0003776006633415818, 0.0009409811464138329, 0.9817759394645691, 0.013323887251317501]"
ISIC_0031425,nv,nv,True,"[2.6535715733189136e-05, 0.00021576604922302067, 0.0037068757228553295, 0.0002478606184013188, 0.029414227232336998, 0.9561586380004883, 0.010230015963315964]"
ISIC_0028562,nv,bcc,False,"[0.0449165515601635, 0.4705618917942047, 0.12245408445596695, 0.00482518645003438, 0.021624986082315445, 0.3177768290042877, 0.017840418964624405]"
ISIC_0025553,nv,nv,True,"[0.028571996837854385, 0.07312610745429993, 0.30657854676246643, 0.007667552679777145, 0.028530173003673553, 0.5460018515586853, 0.009523803368210793]"
ISIC_0027907,nv,nv,True,"[6.019187139827409e-07, 1.752206480887253e-05, 0.0004740498261526227, 0.00014429492875933647, 0.03268628939986229, 0.9664933085441589, 0.0001840161276049912]"
ISIC_0025870,nv,nv,True,"[1.1482374162596898e-07, 3.245568791498954e-07, 3.803007712122053e-05, 0.004268767312169075, 0.40745028853416443, 0.5882232189178467, 1.923509807966184e-05]"
ISIC_0029950,nv,nv,True,"[0.0007147210417315364, 0.00035174551885575056, 0.014310065656900406, 0.08880142122507095, 0.015457767993211746, 0.7522896528244019, 0.12807469069957733]"
ISIC_0027515,nv,nv,True,"[2.340515038667945e-06, 0.00017985801969189197, 0.015298762358725071, 7.950035796966404e-05, 0.00018003374862018973, 0.9842051863670349, 5.43205242138356e-05]"
ISIC_0024321,nv,nv,True,"[0.001146901398897171, 0.04295318201184273, 0.0014427572023123503, 0.002066654385998845, 0.0013820768799632788, 0.9456831812858582, 0.005325275007635355]"
ISIC_0026307,nv,nv,True,"[4.8294587031705305e-06, 1.4873559166517225e-06, 6.352252967189997e-05, 3.158442268613726e-05, 0.00042487081373110414, 0.999458372592926, 1.5347988664871082e-05]"
ISIC_0028458,nv,nv,True,"[2.1475057110365015e-06, 5.335930836736225e-06, 0.0002597493876237422, 6.349910836433992e-05, 0.003748648799955845, 0.9956808090209961, 0.0002397601492702961]"
ISIC_0029886,nv,nv,True,"[0.0005101038841530681, 7.34874265617691e-05, 0.028847267851233482, 0.0010095213074237108, 0.006644261535257101, 0.9627828001976013, 0.00013254975783638656]"
ISIC_0028367,nv,nv,True,"[2.3413298549712636e-05, 1.2630526725843083e-05, 0.007446587551385164, 0.0003194450691808015, 0.02337808348238468, 0.9672482013702393, 0.0015715963672846556]"
ISIC_0030741,nv,nv,True,"[1.3651279004989192e-06, 3.625383033067919e-05, 0.00038938497891649604, 0.0005039015668444335, 0.0509495846927166, 0.9464438557624817, 0.0016756895929574966]"
ISIC_0033706,nv,nv,True,"[0.00047430265112780035, 5.008886000723578e-05, 0.0012046863557770848, 1.2155515833001118e-05, 0.05272173881530762, 0.945530891418457, 6.160115390230203e-06]"
ISIC_0033097,nv,nv,True,"[0.0002816681226249784, 7.276346150320023e-05, 0.014978366903960705, 4.744065154227428e-05, 0.033133745193481445, 0.9514376521110535, 4.8376332415500656e-05]"
ISIC_0034014,nv,nv,True,"[0.0020094409119337797, 0.00014034628111403435, 0.0002501942799426615, 3.762642154470086e-05, 0.2174699455499649, 0.7800861597061157, 6.32495812169509e-06]"
ISIC_0026699,nv,nv,True,"[4.4960197556065395e-05, 2.014675374084618e-05, 0.00015570528921671212, 0.00011149510828545317, 0.005446086637675762, 0.9941902160644531, 3.1326027965405956e-05]"
ISIC_0027166,nv,nv,True,"[2.1924945031059906e-05, 0.00011090996122220531, 0.14026613533496857, 0.01973915286362171, 0.0005491261254064739, 0.837692379951477, 0.0016202882397919893]"
ISIC_0028427,nv,nv,True,"[7.067661726978258e-07, 1.1743996992663597e-06, 0.00011419477232266217, 1.167712798633147e-05, 0.07722720503807068, 0.9226228594779968, 2.220261922047939e-05]"
ISIC_0028911,nv,nv,True,"[7.324515536311083e-07, 4.2314645725127775e-06, 5.639564187731594e-05, 4.7862362407613546e-05, 0.0016545729013159871, 0.99813312292099, 0.00010307112097507343]"
ISIC_0031467,nv,nv,True,"[0.00017585253226570785, 0.001571955275721848, 0.0014243097975850105, 0.0003409565833862871, 0.03270331770181656, 0.962286651134491, 0.0014970434131100774]"
ISIC_0024783,nv,nv,True,"[2.2814178635144344e-07, 1.2211550881602307e-07, 0.0002650263486430049, 2.9017966880928725e-05, 3.105581708950922e-05, 0.9996702671051025, 4.229711976222461e-06]"
ISIC_0027230,nv,nv,True,"[7.275326061062515e-05, 0.00025995570467785, 0.00030930855427868664, 0.00039062098949216306, 0.008533220738172531, 0.9891999959945679, 0.0012341385008767247]"
ISIC_0029346,nv,nv,True,"[0.01704840362071991, 0.00020800494530703872, 0.20688234269618988, 7.230701885418966e-05, 0.020504141226410866, 0.7552676200866699, 1.7174421373056248e-05]"
ISIC_0030924,nv,nv,True,"[0.002338467864319682, 0.0006106218206696212, 0.07197031378746033, 0.0015931400703266263, 0.020439406856894493, 0.9028447866439819, 0.00020333776774350554]"
ISIC_0028392,nv,nv,True,"[1.9059324358750018e-06, 2.1551686302245798e-07, 0.0011019478552043438, 0.00010767861385829747, 0.004994363058358431, 0.9935442209243774, 0.00024962789029814303]"
ISIC_0028676,nv,nv,True,"[8.893055201042444e-05, 2.892796510423068e-05, 0.0016588520957157016, 8.806630648905411e-05, 0.04526446387171745, 0.9527925848960876, 7.817496225470677e-05]"
ISIC_0030018,nv,nv,True,"[2.8165989078843268e-06, 4.5103850425221026e-05, 0.0001294966641580686, 0.0026819375343620777, 0.13419033586978912, 0.8497671484947205, 0.01318324450403452]"
ISIC_0030612,nv,nv,True,"[7.987437555811994e-08, 5.489679821835125e-08, 0.006797174457460642, 1.8574120304037933e-06, 4.964157415088266e-05, 0.9931502938270569, 9.922611070578569e-07]"
ISIC_0033384,nv,nv,True,"[1.2575459606978256e-07, 1.4587789110009908e-07, 3.9088758057914674e-05, 1.8193005644207005e-06, 0.19192472100257874, 0.8080332279205322, 7.979043061823177e-07]"
ISIC_0032830,nv,nv,True,"[3.003678284585476e-05, 4.706324034486897e-06, 0.0027517734561115503, 1.094253093469888e-05, 0.0911262184381485, 0.9060736298561096, 2.692077941901516e-06]"
ISIC_0030416,nv,nv,True,"[0.14579343795776367, 0.019846947863698006, 0.30774182081222534, 0.004164210986346006, 0.1988871693611145, 0.3221958577632904, 0.0013705315068364143]"
ISIC_0032868,nv,nv,True,"[1.8767001392916427e-06, 1.1744089079002151e-06, 0.0008324420778080821, 3.192850999766961e-05, 0.06922657042741776, 0.9298664331436157, 3.950352765969001e-05]"
ISIC_0034213,nv,nv,True,"[0.024112462997436523, 0.03211880102753639, 0.00836157612502575, 0.0019268247997388244, 0.42263057827949524, 0.509789764881134, 0.0010599452070891857]"
ISIC_0032561,nv,nv,True,"[0.036499593406915665, 0.01926918514072895, 0.0034074466675519943, 0.0030573999974876642, 0.45022717118263245, 0.48681166768074036, 0.0007276158430613577]"
ISIC_0033839,nv,nv,True,"[0.0002532064390834421, 9.686010162113234e-05, 0.00199162308126688, 0.00012101614993298426, 0.3729229271411896, 0.6245284080505371, 8.598106796853244e-05]"
ISIC_0025544,nv,nv,True,"[4.2066835703735705e-06, 2.26048837248527e-06, 0.031710680574178696, 0.00018062810704577714, 0.0025638677179813385, 0.9655223488807678, 1.600037285243161e-05]"
ISIC_0027232,nv,nv,True,"[7.397292847599601e-06, 1.334254557150416e-05, 0.004423421807587147, 0.00013515030150301754, 0.001199299586005509, 0.9942141175270081, 7.225934950838564e-06]"
ISIC_0027787,nv,nv,True,"[6.102768566051964e-07, 2.724407977439114e-06, 0.00046470892266370356, 7.56766676204279e-05, 0.00017356427269987762, 0.9992408752441406, 4.183345663477667e-05]"
ISIC_0033039,nv,nv,True,"[3.7218294437479926e-06, 2.0156344362476375e-06, 0.0007974369800649583, 4.668219844461419e-06, 0.07552235573530197, 0.9236516356468201, 1.824806531658396e-05]"
ISIC_0031533,nv,nv,True,"[0.00016441669140476733, 1.3870272596250288e-05, 0.004531509708613157, 0.0001224229927174747, 0.03176359459757805, 0.9633628129959106, 4.132818867219612e-05]"
ISIC_0028138,nv,nv,True,"[4.296503175282851e-05, 6.3737211348779965e-06, 0.0007238652906380594, 0.00014792637375649065, 0.06554318964481354, 0.9335172176361084, 1.858762334450148e-05]"
ISIC_0030251,nv,nv,True,"[0.0034943711943924427, 0.001581201096996665, 0.14974980056285858, 0.001188900088891387, 0.043050941079854965, 0.7985472679138184, 0.00238761305809021]"
ISIC_0025952,nv,nv,True,"[0.0005102292052470148, 0.0006387220346368849, 0.0139871621504426, 0.00021228016703389585, 0.14913310110569, 0.8350531458854675, 0.00046547717647626996]"
ISIC_0033329,nv,nv,True,"[0.0004647746973205358, 0.00032957459916360676, 0.006450570188462734, 8.681838517077267e-05, 0.03475246950984001, 0.9578170776367188, 9.876315743895248e-05]"
ISIC_0027133,nv,nv,True,"[2.0188974758639233e-06, 1.710328069748357e-05, 0.009431120939552784, 8.271840488305315e-05, 0.3470551371574402, 0.6433386206626892, 7.328444917220622e-05]"
ISIC_0028756,nv,nv,True,"[1.3426134648497623e-09, 2.0751131368790254e-10, 0.0003630989231169224, 3.4738418435154017e-06, 0.014112715609371662, 0.9855205416679382, 6.270041552625116e-08]"
ISIC_0030726,nv,nv,True,"[0.0007456354214809835, 0.003750765463337302, 0.002881433814764023, 0.0011106205638498068, 0.0029889110010117292, 0.9882488250732422, 0.00027376870275475085]"
ISIC_0033797,nv,nv,True,"[4.049789367854828e-06, 4.4132102630101144e-06, 0.00046795455273240805, 9.324536222266033e-06, 0.02918696589767933, 0.9703224301338196, 4.865933988185134e-06]"
ISIC_0032241,nv,nv,True,"[3.689456889333087e-06, 1.6993366443784907e-05, 5.637590220430866e-05, 8.808751590549946e-05, 0.001861451892182231, 0.9977837204933167, 0.00018969560915138572]"
ISIC_0029155,nv,nv,True,"[2.528997356421314e-06, 2.809462529285156e-08, 0.000743535696528852, 1.734761326588341e-06, 0.00022043357603251934, 0.999031662940979, 9.211872509240493e-08]"
ISIC_0025647,nv,nv,True,"[9.827454050537199e-05, 0.00010877999739022925, 0.02339836210012436, 0.0006650580908171833, 0.11584757268428802, 0.8576777577400208, 0.0022041923366487026]"
ISIC_0025323,nv,nv,True,"[0.00012200021592434496, 7.060830103000626e-05, 0.012002737261354923, 0.0007488030241802335, 0.09981302917003632, 0.8861555457115173, 0.0010873760329559445]"
ISIC_0026375,nv,nv,True,"[4.36449445260223e-05, 2.5063181965379044e-05, 0.02006930485367775, 0.00012777950905729085, 0.014582986943423748, 0.9651064872741699, 4.46799531346187e-05]"
ISIC_0031663,nv,nv,True,"[6.244520045584068e-05, 0.0018755048513412476, 0.001848231884650886, 0.09507434070110321, 0.03986578807234764, 0.8473883867263794, 0.013885303400456905]"
ISIC_0031883,nv,nv,True,"[0.002370135858654976, 0.017500245943665504, 0.18249034881591797, 0.0010808968218043447, 0.047605451196432114, 0.747589111328125, 0.0013637155061587691]"
ISIC_0031854,nv,nv,True,"[5.875934220966883e-06, 1.007369519356871e-05, 0.0003170775016769767, 0.00010476548050064594, 0.024223625659942627, 0.9751983880996704, 0.00014015374472364783]"
ISIC_0029124,nv,nv,True,"[7.0716318987251725e-06, 1.6279821011266904e-06, 0.0014454263728111982, 8.733603317523375e-05, 0.3323366641998291, 0.666114091873169, 7.676183486182708e-06]"
ISIC_0024861,nv,nv,True,"[0.0007482309592887759, 1.653057370276656e-05, 0.022124269977211952, 0.003587082726880908, 0.0029031357262283564, 0.9706103801727295, 1.0304239367542323e-05]"
ISIC_0028590,nv,nv,True,"[0.0005647123325616121, 0.0003465527843218297, 0.005415541585534811, 0.0005232946132309735, 0.02049863152205944, 0.9723667502403259, 0.0002845103444997221]"
ISIC_0029983,nv,nv,True,"[0.000293084915028885, 2.9587272365461104e-06, 0.0053364597260952, 0.00012051694648107514, 0.20955213904380798, 0.7846871614456177, 7.674354492337443e-06]"
ISIC_0028281,nv,nv,True,"[0.002795968670397997, 0.11568082123994827, 0.005018542520701885, 0.0007166630239225924, 0.06360488384962082, 0.8029840588569641, 0.009199016727507114]"
ISIC_0027158,nv,nv,True,"[1.5856736013120099e-07, 2.1589090692941681e-07, 1.534346847620327e-05, 2.6096222427440807e-06, 0.0007885082741267979, 0.9991639852523804, 2.9145234293537214e-05]"
ISIC_0027968,nv,nv,True,"[4.6164012701410684e-07, 3.057676622120198e-06, 1.4991735042713117e-05, 0.00019149512809235603, 0.036474697291851044, 0.9630027413368225, 0.0003125775547232479]"
ISIC_0024368,nv,nv,True,"[9.148618119070306e-06, 1.568438165122643e-05, 0.00029435724718496203, 5.3475720051210374e-05, 0.007692320737987757, 0.9918754696846008, 5.954007792752236e-05]"
ISIC_0025933,nv,nv,True,"[5.732779754907824e-05, 7.881827332312241e-05, 0.0005964948795735836, 6.0432066675275564e-05, 0.02530176378786564, 0.9738571643829346, 4.7899164201226085e-05]"
ISIC_0024738,nv,nv,True,"[1.2840199126173957e-08, 9.430857872416709e-09, 0.00012973949196748435, 1.6719091036065947e-06, 0.0025805633049458265, 0.997287392616272, 6.408126296264527e-07]"
ISIC_0033190,nv,nv,True,"[1.1668462320812978e-05, 4.949658318764705e-07, 0.0033939213026314974, 1.8573457055026665e-05, 0.007449290249496698, 0.9890952706336975, 3.074230335187167e-05]"
ISIC_0026755,nv,nv,True,"[3.769707461742655e-07, 3.1686911370343296e-06, 0.00044481325312517583, 0.00047004586667753756, 0.012010696344077587, 0.9824942946434021, 0.004576588980853558]"
ISIC_0028452,nv,nv,True,"[7.567889952042606e-06, 2.806325937854126e-05, 2.9756718504359014e-05, 0.0003263042599428445, 0.00015126474318094552, 0.9994195699691772, 3.7469366361619905e-05]"
ISIC_0030470,nv,nv,True,"[2.07167227017635e-06, 1.9923077161365654e-06, 0.0015364701393991709, 0.00019716091628652066, 0.006984180770814419, 0.9910112619400024, 0.0002668681263457984]"
ISIC_0027975,nv,nv,True,"[0.020489443093538284, 0.003714589402079582, 0.11934216320514679, 0.004921031650155783, 0.01378790382295847, 0.8365283012390137, 0.0012165965745225549]"
ISIC_0026960,nv,nv,True,"[0.00022570435248780996, 3.276592678957968e-06, 0.011220255866646767, 0.00020390687859617174, 0.02644699439406395, 0.9618827104568481, 1.716811857477296e-05]"
ISIC_0029707,nv,nv,True,"[3.91146699030287e-07, 5.636685273202602e-06, 1.4792790352657903e-05, 0.0002594068646430969, 0.01541904453188181, 0.9842239022254944, 7.683043804718181e-05]"
ISIC_0027147,nv,nv,True,"[0.001148086041212082, 4.628944589057937e-05, 0.19270163774490356, 0.0011559610720723867, 0.038280174136161804, 0.766628623008728, 3.913218461093493e-05]"
ISIC_0029679,nv,nv,True,"[0.022386007010936737, 0.0005113931256346405, 0.2239481806755066, 0.002716394141316414, 0.11349140107631683, 0.6367241144180298, 0.00022254012583289295]"
ISIC_0033170,nv,nv,True,"[3.2156764063984156e-05, 3.2156764063984156e-05, 0.001914187683723867, 0.0001296909322263673, 0.2555290758609772, 0.7422918677330017, 7.078770431689918e-05]"
ISIC_0032680,nv,nv,True,"[0.00013496704923454672, 2.8568259949679486e-05, 0.022107306867837906, 7.015687879174948e-05, 0.29724034667015076, 0.6803898811340332, 2.8792323064408265e-05]"
ISIC_0033674,nv,nv,True,"[7.687656034249812e-05, 0.0007963920361362398, 0.02465435117483139, 0.0001167657392215915, 0.30064496397972107, 0.6735556721687317, 0.00015499189612455666]"
ISIC_0028310,nv,nv,True,"[0.019422415643930435, 0.0596502348780632, 0.03677636757493019, 0.04954846575856209, 0.007771103642880917, 0.7189241647720337, 0.10790719091892242]"
ISIC_0031970,nv,nv,True,"[8.113486842376005e-07, 1.1332348549331073e-05, 9.905053593683988e-05, 0.0002028419403359294, 0.10405359417200089, 0.895381510257721, 0.0002509660553187132]"
ISIC_0028060,nv,nv,True,"[5.128686098032631e-07, 7.107642886694521e-06, 0.0004488453851081431, 6.510585080832243e-05, 0.013760123401880264, 0.9856084585189819, 0.00010988693247782066]"
ISIC_0024759,nv,nv,True,"[7.594719519943283e-09, 3.0814743467999506e-07, 1.702259760349989e-05, 1.002663339022547e-05, 0.0001729324576444924, 0.999500036239624, 0.00029967716545797884]"
ISIC_0030657,nv,nv,True,"[2.252434023830574e-05, 0.000692548172082752, 0.00013610473251901567, 0.000876318255905062, 0.0331091582775116, 0.9638192057609558, 0.0013440782204270363]"
ISIC_0030837,nv,nv,True,"[0.00012711971066892147, 0.001396345323882997, 0.14897525310516357, 0.002758045680820942, 0.013302442617714405, 0.830917239189148, 0.0025235211942344904]"
ISIC_0025356,nv,nv,True,"[9.760066177477711e-08, 1.6667414115545398e-07, 0.00014568964252248406, 6.415237294277176e-06, 0.009320074692368507, 0.9904766082763672, 5.1054550567641854e-05]"
ISIC_0033988,nv,nv,True,"[0.0001851352717494592, 0.004060159437358379, 0.0029646798502653837, 1.930462349264417e-05, 0.000231985017308034, 0.992518424987793, 2.0310255422373302e-05]"
ISIC_0032859,nv,nv,True,"[0.00027623516507446766, 0.00023859513748902828, 0.07496435940265656, 0.00031424054759554565, 0.01782299391925335, 0.9061459302902222, 0.0002376649499638006]"
ISIC_0032795,nv,nv,True,"[2.7936064725508913e-05, 0.0003129157703369856, 0.002244299976155162, 3.469915463938378e-05, 0.0005116461543366313, 0.9968348145484924, 3.376320455572568e-05]"
ISIC_0030791,nv,nv,True,"[7.075908342812909e-06, 8.17741674836725e-05, 0.0008943089633248746, 0.00017653033137321472, 0.024183226749300957, 0.9735720157623291, 0.0010850818362087011]"
ISIC_0026145,nv,nv,True,"[0.00011737324530258775, 1.5365980289061554e-05, 0.006605331785976887, 1.734405304887332e-05, 0.01004246436059475, 0.9831944108009338, 7.666371857339982e-06]"
ISIC_0031924,nv,nv,True,"[0.0017225421033799648, 5.6297940318472683e-05, 0.14609116315841675, 0.0005177062121219933, 0.19543862342834473, 0.656015157699585, 0.0001585094432812184]"
ISIC_0028963,nv,nv,True,"[0.0036206329241394997, 0.00035779172321781516, 0.23066020011901855, 0.0023285425268113613, 0.10086644440889359, 0.6609512567520142, 0.0012151311384513974]"
ISIC_0025088,nv,nv,True,"[0.0025581922382116318, 0.000274413003353402, 0.08488131314516068, 0.0053998492658138275, 0.12087652087211609, 0.7851409912109375, 0.0008686826913617551]"
ISIC_0025282,nv,nv,True,"[1.6588104472248233e-06, 4.544479452306405e-06, 0.0007221786654554307, 3.4174892789451405e-05, 3.467918941169046e-05, 0.9991841912269592, 1.8580567484605126e-05]"
ISIC_0027705,nv,nv,True,"[0.00010725628089858219, 0.0010560918599367142, 0.0024723305832594633, 0.005738524720072746, 0.0037441710010170937, 0.939728319644928, 0.04715327173471451]"
ISIC_0030775,nv,nv,True,"[3.830200876109302e-05, 4.869554231845541e-06, 0.0009527661604806781, 0.00013238796964287758, 0.03139760345220566, 0.9672585725784302, 0.0002155173715436831]"
ISIC_0030286,nv,nv,True,"[0.0006890255608595908, 0.00045541810686700046, 0.0033848853781819344, 0.006169771309942007, 0.03527131676673889, 0.9533146023750305, 0.0007150752353481948]"
ISIC_0027396,nv,nv,True,"[2.02393160009251e-08, 1.2993079678835784e-07, 8.146428444888443e-05, 3.933588959625922e-05, 0.004502426367253065, 0.9953096508979797, 6.687993300147355e-05]"
ISIC_0029925,nv,nv,True,"[7.739144166407641e-06, 2.3468666768167168e-05, 0.0023654019460082054, 0.000471380801172927, 0.015948986634612083, 0.9809641242027283, 0.00021878468396607786]"
ISIC_0025338,nv,nv,True,"[2.7732910893973894e-05, 2.2197142243385315e-05, 0.004984189290553331, 6.323377601802349e-05, 0.01490913238376379, 0.9799688458442688, 2.4666160243214108e-05]"
ISIC_0030906,nv,nv,True,"[3.893950997735374e-05, 6.996162846917287e-05, 0.07732398062944412, 0.00012064697511959821, 0.03045845404267311, 0.8918666839599609, 0.0001213559735333547]"
ISIC_0026763,nv,nv,True,"[5.633169664065463e-08, 1.4984836482767605e-08, 0.00012703331594821066, 5.182978929951787e-05, 0.0003459029830992222, 0.9993979930877686, 7.718610140727833e-05]"
ISIC_0026127,nv,nv,True,"[4.393521521706134e-05, 1.8207922039437108e-05, 0.003835114184767008, 0.00030259756022132933, 0.01063572708517313, 0.9848989844322205, 0.0002654812706168741]"
ISIC_0032935,nv,nv,True,"[3.2406325090050814e-07, 3.736679587973413e-08, 6.05315035500098e-05, 7.63955722504761e-06, 0.15202149748802185, 0.8479077816009521, 2.1297316834534286e-06]"
ISIC_0024417,nv,nv,True,"[1.5930998415569775e-05, 6.825123818998691e-06, 0.0012698114151135087, 4.2884101276285946e-05, 0.07413026690483093, 0.924507737159729, 2.657538789208047e-05]"
ISIC_0034008,nv,nv,True,"[5.773781958851032e-05, 0.0011174483224749565, 0.007368072401732206, 0.0008719710167497396, 0.005171445198357105, 0.9750922918319702, 0.010321120731532574]"
ISIC_0033250,nv,nv,True,"[5.701770987798227e-06, 0.0007570647285319865, 0.028687430545687675, 2.2906067897565663e-05, 0.002590673975646496, 0.9649574756622314, 0.0029787549283355474]"
ISIC_0026177,nv,nv,True,"[2.855413913493976e-05, 4.058361810166389e-05, 0.0017460008384659886, 8.102605352178216e-05, 0.17127414047718048, 0.8267350196838379, 9.472905367147177e-05]"
ISIC_0031003,nv,nv,True,"[2.9774723770970013e-06, 6.605811449844623e-06, 0.00014586425095330924, 3.2834028388606384e-05, 0.016942137852311134, 0.9827460050582886, 0.0001236725365743041]"
ISIC_0026364,nv,nv,True,"[2.7992064133286476e-05, 9.636082722863648e-06, 0.0024686260148882866, 0.0003209784917999059, 0.04527874290943146, 0.951233446598053, 0.0006605375092476606]"
ISIC_0029200,nv,nv,True,"[3.337268026371021e-06, 4.3604762822724297e-07, 0.0006504961638711393, 0.00032450497383251786, 0.09292308986186981, 0.9060693979263306, 2.8773341909982264e-05]"
ISIC_0030810,nv,mel,False,"[0.02333867736160755, 0.00016098398191388696, 0.013623306527733803, 0.0013531778240576386, 0.5721096992492676, 0.3893836736679077, 3.0485232855426148e-05]"
ISIC_0032411,nv,nv,True,"[5.3001155464471594e-08, 6.113234576332616e-07, 7.78846242610598e-07, 9.904876606015023e-06, 0.04484628140926361, 0.9551175236701965, 2.4876550014596432e-05]"
ISIC_0032995,nv,nv,True,"[0.00023603177396580577, 5.064821016276255e-05, 0.00911144632846117, 0.00013607215078081936, 0.0020914380438625813, 0.9883678555488586, 6.5151011767738964e-06]"
ISIC_0032754,nv,nv,True,"[7.562375685665756e-05, 0.0011589417699724436, 0.013872786425054073, 6.778869283152744e-05, 0.11718082427978516, 0.8675484657287598, 9.559738828102127e-05]"
ISIC_0032714,nv,nv,True,"[0.00020522154227364808, 1.1199699656572193e-05, 0.03491978719830513, 0.00010835559078259394, 0.030102737247943878, 0.9346414804458618, 1.1112543688795995e-05]"
ISIC_0028782,nv,nv,True,"[1.0861667476547154e-07, 1.5021143440208107e-07, 2.4528662834200077e-06, 7.140379602788016e-05, 0.18710865080356598, 0.8127629160881042, 5.4268115491140634e-05]"
ISIC_0026463,nv,nv,True,"[5.211755933487439e-07, 1.7155574596472434e-06, 0.00016042459174059331, 3.904590994352475e-05, 0.05875575542449951, 0.9408903121948242, 0.0001523325772723183]"
ISIC_0028073,nv,nv,True,"[9.72499492490897e-07, 3.655866748886183e-06, 0.001501769758760929, 2.5675875804154202e-05, 0.005754061508923769, 0.9925690293312073, 0.0001447551912860945]"
ISIC_0027211,nv,nv,True,"[4.589443778968416e-05, 6.032709643477574e-05, 0.0032103864941745996, 0.0007962072268128395, 0.27314281463623047, 0.7224521040916443, 0.00029233674285933375]"
ISIC_0030900,nv,nv,True,"[3.2335024116036948e-06, 8.468109058412665e-07, 0.001382193760946393, 0.00013081201177556068, 0.08557595312595367, 0.9128684997558594, 3.8479603972518817e-05]"
ISIC_0034110,nv,bkl,False,"[0.038762904703617096, 0.022129615768790245, 0.6505227088928223, 0.020109929144382477, 0.12831461429595947, 0.0775635614991188, 0.0625966489315033]"
ISIC_0025160,nv,bkl,False,"[0.0006010936922393739, 0.005680785048753023, 0.594356894493103, 0.002621251391246915, 0.02794729731976986, 0.3521448075771332, 0.016647908836603165]"
ISIC_0033389,nv,nv,True,"[0.00022775473189540207, 0.0015871188370510936, 0.002080125268548727, 0.00026941101532429457, 0.15844950079917908, 0.8350948691368103, 0.0022912737913429737]"
ISIC_0025912,nv,nv,True,"[3.475310677458765e-06, 2.3610688003827818e-05, 2.887197297241073e-05, 7.214931429189164e-06, 0.1204281821846962, 0.8794835209846497, 2.5084405933739617e-05]"
ISIC_0026582,nv,nv,True,"[9.083389045372314e-07, 5.530916382667783e-07, 1.938324567163363e-05, 6.243847110454226e-06, 0.00923194270581007, 0.990738570690155, 2.3791726562194526e-06]"
ISIC_0031073,nv,nv,True,"[2.997681436411881e-09, 1.3617581506863985e-09, 1.0250135346723255e-05, 5.006030551157892e-05, 0.00035764361382462084, 0.9995734095573425, 8.635694939584937e-06]"
ISIC_0027646,nv,nv,True,"[1.0918984116869979e-07, 1.3802888076952513e-07, 0.00039261626079678535, 2.463770579197444e-05, 0.002405066043138504, 0.9971699118614197, 7.565617124782875e-06]"
ISIC_0028864,nv,nv,True,"[2.2953338785214328e-08, 3.9127118611759215e-07, 5.205342677072622e-05, 3.7164598325034603e-05, 0.001506440807133913, 0.996142566204071, 0.0022614351473748684]"
ISIC_0025946,nv,bkl,False,"[0.011795212514698505, 0.0036273214500397444, 0.8657465577125549, 0.001296522910706699, 0.00029906004783697426, 0.11716605722904205, 6.925212073838338e-05]"
ISIC_0026109,nv,nv,True,"[0.0029365443624556065, 0.002489324426278472, 0.00957581214606762, 3.8602756831096485e-05, 0.002453874098137021, 0.982499361038208, 6.400964139174903e-06]"
ISIC_0031837,nv,nv,True,"[1.0407534745127123e-07, 4.390957656141836e-06, 3.898360228049569e-05, 4.108841039851541e-06, 0.11396080255508423, 0.8859280943870544, 6.340033723972738e-05]"
ISIC_0030351,nv,nv,True,"[8.295933895396956e-08, 1.6434114513685927e-07, 0.0005478521925397217, 2.4342796677956358e-05, 0.0035153424832969904, 0.9958745837211609, 3.7702859117416665e-05]"
ISIC_0028212,nv,nv,True,"[0.000134202215122059, 6.707685315632261e-06, 0.012056926265358925, 0.00014768043183721602, 0.07892873883247375, 0.9085999131202698, 0.000125825303257443]"
ISIC_0027688,nv,nv,True,"[0.001363667193800211, 0.012424251064658165, 0.08486289530992508, 0.00041427358519285917, 0.06309554725885391, 0.8307151198387146, 0.007124203257262707]"
ISIC_0024704,nv,nv,True,"[0.0007083571399562061, 0.0042221699841320515, 0.03418058529496193, 0.0012702038511633873, 0.018301136791706085, 0.9081804156303406, 0.03313704952597618]"
ISIC_0025233,nv,nv,True,"[2.283009780512657e-05, 1.7300508261541836e-05, 0.0034073663409799337, 0.00030846093432046473, 0.09265825897455215, 0.9034871459007263, 9.859004785539582e-05]"
ISIC_0028841,nv,nv,True,"[1.274840144560585e-07, 6.83808934809349e-07, 8.704187348484993e-05, 1.1364222700649407e-05, 0.00011049897148041055, 0.9997251629829407, 6.510983075713739e-05]"
ISIC_0027153,nv,nv,True,"[2.6855020678340225e-06, 5.888633495487738e-06, 0.00011308074317639694, 3.530552930897102e-05, 0.014495850540697575, 0.9849712252616882, 0.00037588150007650256]"
ISIC_0032319,nv,nv,True,"[6.213089420725737e-08, 1.34125315298661e-07, 2.3102600607671775e-05, 1.6727296952012694e-06, 0.00024155883875209838, 0.9997275471687317, 5.9826938922924455e-06]"
ISIC_0024836,nv,nv,True,"[0.0004407959058880806, 0.03838333860039711, 0.020545121282339096, 0.000709914427716285, 0.00020024055265821517, 0.9390691518783569, 0.0006514541455544531]"
ISIC_0025025,nv,nv,True,"[1.5432968211825937e-05, 1.8181767700298224e-06, 0.00034530091215856373, 6.322262925095856e-05, 0.01400336530059576, 0.985554039478302, 1.6883719581528567e-05]"
ISIC_0024401,nv,nv,True,"[6.330913571162e-10, 1.9048855826042654e-09, 1.2819539279007586e-06, 1.2240291653142776e-05, 0.0006550512625835836, 0.9992813467979431, 5.002124817110598e-05]"
ISIC_0029414,nv,nv,True,"[1.1793682460847776e-05, 8.234546839958057e-05, 1.4648835531261284e-05, 0.0003633252053987235, 0.0030629518441855907, 0.9958122372627258, 0.0006526178331114352]"
ISIC_0029531,nv,nv,True,"[0.0003209517162758857, 0.00023944454733282328, 0.018891852349042892, 0.00019277524552308023, 0.15226837992668152, 0.8279924988746643, 9.413482621312141e-05]"
ISIC_0030961,nv,nv,True,"[3.307446604594588e-05, 0.0001514485338702798, 0.0038601683918386698, 0.00041979944217018783, 0.12009363621473312, 0.8753291368484497, 0.0001127670329879038]"
ISIC_0026910,nv,nv,True,"[1.7741051578923361e-06, 3.426874172873795e-05, 0.0009845097083598375, 0.0004735276161227375, 0.0011744267540052533, 0.9960745573043823, 0.0012569035170599818]"
ISIC_0025224,nv,nv,True,"[0.000727209378965199, 0.0008997393306344748, 0.013459323905408382, 0.0007665874436497688, 0.021429317072033882, 0.9619467854499817, 0.0007710924255661666]"
ISIC_0026649,nv,nv,True,"[9.918232535710558e-06, 5.717852673114976e-06, 0.00341915269382298, 0.0010610806057229638, 0.00484537985175848, 0.9906270503997803, 3.1829393265070394e-05]"
ISIC_0026021,nv,nv,True,"[1.952591617282451e-07, 3.1080676876626967e-07, 4.731402077595703e-05, 7.575540075777099e-05, 0.045344360172748566, 0.9544743895530701, 5.768798291683197e-05]"
ISIC_0030112,nv,nv,True,"[1.554818940263658e-09, 1.582627717766627e-08, 3.99939426642959e-06, 1.0302967893949244e-05, 0.000514187675435096, 0.9993434548377991, 0.00012811647320631891]"
ISIC_0026782,nv,nv,True,"[3.7803067243658006e-05, 3.401400135771837e-06, 0.0014692179393023252, 7.30097817722708e-05, 0.20848549902439117, 0.7898954749107361, 3.55821248376742e-05]"
ISIC_0027638,nv,nv,True,"[0.0003772513009607792, 9.931429303833283e-06, 0.018744828179478645, 0.0003023907484021038, 0.00016456763842143118, 0.9803887605667114, 1.2311676982790232e-05]"
ISIC_0026816,nv,nv,True,"[1.190112016047351e-06, 5.822844286740292e-07, 0.004502232186496258, 0.0003355090448167175, 0.49077197909355164, 0.5043767094612122, 1.1787223229475785e-05]"
ISIC_0028635,nv,nv,True,"[1.613163362890191e-07, 7.878476253608824e-07, 7.217744132503867e-05, 0.0011637478601187468, 0.24619846045970917, 0.7524431347846985, 0.00012146611697971821]"
ISIC_0027725,nv,nv,True,"[1.7737673374540464e-07, 8.712452626014056e-08, 4.606672882800922e-05, 2.9077966701152036e-06, 0.2011743038892746, 0.7987738251686096, 2.5263377665396547e-06]"
ISIC_0032130,nv,nv,True,"[6.53143160889158e-06, 9.63399543252308e-06, 0.00032588295289315283, 5.057721500634216e-05, 0.0008198699215427041, 0.9986165761947632, 0.00017093350470531732]"
ISIC_0027115,nv,nv,True,"[4.081305451109074e-05, 7.403632025670959e-06, 0.009660482406616211, 8.423507097177207e-05, 0.21186180412769318, 0.7779913544654846, 0.00035395091981627047]"
ISIC_0025371,nv,nv,True,"[0.00017291227413807064, 3.3717562473611906e-05, 0.00701572559773922, 0.0007408977253362536, 0.13711367547512054, 0.8548179268836975, 0.00010508164996281266]"
ISIC_0031856,nv,nv,True,"[4.69048053730603e-08, 5.8373974098913095e-08, 2.477281213941751e-06, 1.4075932085688692e-05, 0.007907137274742126, 0.9920733571052551, 2.9591321890620748e-06]"
ISIC_0032054,nv,nv,True,"[1.2624698683794122e-05, 8.510266343364492e-05, 7.110593287507072e-05, 0.0009593170252628624, 0.033472105860710144, 0.9630327224731445, 0.002367097418755293]"
ISIC_0031462,nv,nv,True,"[0.024164658039808273, 0.003019397146999836, 0.40682268142700195, 0.0011382263619452715, 0.019434336572885513, 0.5453055500984192, 0.00011514715879457071]"
ISIC_0029131,nv,nv,True,"[1.542963036627043e-05, 2.666001091711223e-05, 6.114467396400869e-05, 5.3749616199638695e-05, 0.01822425052523613, 0.9814992547035217, 0.00011959860421484336]"
ISIC_0027732,nv,nv,True,"[3.739067688002251e-05, 6.164680235087872e-05, 0.002011775504797697, 0.00011813309538410977, 0.0297075267881155, 0.9666363000869751, 0.001427259179763496]"
ISIC_0030127,nv,nv,True,"[0.0006868859054520726, 0.0009667744743637741, 0.0906699076294899, 0.0004804611671715975, 0.3930836319923401, 0.5136799812316895, 0.0004323682514950633]"
ISIC_0025181,nv,nv,True,"[3.285893762949854e-05, 4.525834356172709e-06, 0.00012292320025153458, 3.9020957046886906e-05, 0.11474034190177917, 0.8850467205047607, 1.3617619515571278e-05]"
ISIC_0024531,nv,nv,True,"[1.43564902828075e-05, 5.406704531196738e-06, 0.0005514987860806286, 0.0003232609888073057, 0.009642810560762882, 0.989373505115509, 8.915478974813595e-05]"
ISIC_0031553,nv,nv,True,"[8.572688159347308e-08, 1.7867014889816346e-07, 9.85079077508999e-06, 7.320486020034878e-06, 0.010247789323329926, 0.9896730184555054, 6.165388185763732e-05]"
ISIC_0030994,nv,nv,True,"[5.125327515997924e-05, 3.348167228978127e-05, 4.712459849542938e-05, 0.0025962628424167633, 0.07022332400083542, 0.9268192648887634, 0.00022925302619114518]"
ISIC_0029330,nv,nv,True,"[1.321994568570517e-05, 8.435998097411357e-06, 0.0032159152906388044, 1.5607356544933282e-05, 2.837188367266208e-05, 0.9966903924942017, 2.804133873723913e-05]"
ISIC_0030353,nv,nv,True,"[2.6291460017091595e-05, 6.052637672837591e-06, 0.002429914427921176, 5.04805393575225e-05, 0.004651873372495174, 0.992821991443634, 1.3428362763079349e-05]"
ISIC_0027751,nv,mel,False,"[0.00107327732257545, 0.007634144742041826, 0.010049603879451752, 0.0019586968701332808, 0.652540385723114, 0.3236624598503113, 0.0030814623460173607]"
ISIC_0031305,nv,nv,True,"[5.776631617493422e-09, 7.475516206056909e-09, 1.8111518329533283e-07, 5.5253508435271215e-06, 0.0006878463318571448, 0.9993051290512085, 1.4093600384512683e-06]"
ISIC_0026718,nv,nv,True,"[5.342078566172859e-07, 3.4418615513232e-08, 0.0003565404622349888, 0.00016411524848081172, 0.004431384149938822, 0.9950315952301025, 1.5795871149748564e-05]"
ISIC_0030250,nv,nv,True,"[7.102364907041192e-05, 9.389344086230267e-06, 0.0034523208159953356, 0.0002803558891173452, 0.05469334498047829, 0.9414725303649902, 2.099455196002964e-05]"
ISIC_0030845,nv,nv,True,"[0.0007933019078336656, 0.0001105536357499659, 0.018055468797683716, 0.0008281321497634053, 0.1470988541841507, 0.8317457437515259, 0.0013680283445864916]"
ISIC_0025997,nv,nv,True,"[8.914187787922856e-08, 5.973916472612473e-07, 4.1792432057263795e-06, 3.3977007660723757e-06, 0.00631348229944706, 0.9935467839241028, 0.00013141660019755363]"
ISIC_0024659,nv,nv,True,"[0.0007371807005256414, 6.080766979721375e-05, 0.000147878032294102, 8.79577492014505e-05, 0.011341588571667671, 0.9875954389572144, 2.9175840609241277e-05]"
ISIC_0033220,nv,nv,True,"[9.90170974546345e-06, 7.957434718264267e-05, 0.0006549782701767981, 6.59596071272972e-06, 0.1127074807882309, 0.8865131139755249, 2.8373107852530666e-05]"
ISIC_0032817,nv,nv,True,"[9.037083145813085e-06, 5.9623820561682805e-05, 0.0012145066866651177, 1.220831927639665e-05, 0.1736188381910324, 0.8250600099563599, 2.5744253434822895e-05]"
ISIC_0032820,nv,nv,True,"[1.37098638219868e-07, 8.59746990045096e-07, 1.0638802450557705e-05, 8.203763286473986e-07, 0.024892466142773628, 0.9750940203666687, 1.103937051993853e-06]"
ISIC_0028058,nv,nv,True,"[0.00010201508848695084, 6.187527469592169e-05, 0.003824351355433464, 0.00010607890726532787, 0.01586698368191719, 0.9797400832176208, 0.00029867005650885403]"
ISIC_0032393,nv,nv,True,"[4.902892101199541e-07, 4.456088390725199e-06, 2.900065010180697e-05, 0.0001477095647715032, 0.06023387238383293, 0.9385429620742798, 0.0010414539137855172]"
ISIC_0030719,nv,nv,True,"[0.00013027233944740146, 1.279832940781489e-05, 0.0031209627632051706, 6.86486964696087e-05, 0.012679632753133774, 0.9839345812797546, 5.31513178430032e-05]"
ISIC_0031301,nv,nv,True,"[0.000338708923663944, 0.00020826535183005035, 0.00040065866778604686, 0.0002902794803958386, 0.13505297899246216, 0.8636226058006287, 8.647944923723117e-05]"
ISIC_0031111,nv,nv,True,"[0.0337829552590847, 0.006532955914735794, 0.0905376523733139, 0.00078483548713848, 0.29111969470977783, 0.5767034888267517, 0.0005383565439842641]"
ISIC_0026185,nv,nv,True,"[6.431979215903993e-08, 3.409842577184463e-07, 0.000158121416461654, 3.062995801883517e-06, 0.0045288424007594585, 0.9953001737594604, 9.379570656165015e-06]"
ISIC_0024609,nv,nv,True,"[7.039354386506602e-05, 0.0006607392570003867, 4.838072709389962e-05, 0.00012696928752120584, 0.0014752488350495696, 0.9971886277198792, 0.0004297413397580385]"
ISIC_0029716,nv,nv,True,"[1.540721768833464e-06, 6.523826527882193e-07, 4.4676093239104375e-05, 3.519865913403919e-06, 0.00039355456829071045, 0.9995530247688293, 3.0165870157361496e-06]"
ISIC_0028673,nv,nv,True,"[0.0012582538183778524, 0.000123252859339118, 0.128470778465271, 0.0002092510840157047, 0.02219444513320923, 0.8476096391677856, 0.00013431334809865803]"
ISIC_0028647,nv,nv,True,"[0.00023038678045850247, 0.000206114404136315, 0.019769743084907532, 0.0005409220466390252, 0.018772535026073456, 0.9590935111045837, 0.0013866990339010954]"
ISIC_0026304,nv,nv,True,"[0.0014437660574913025, 2.4539967853343114e-05, 0.29850834608078003, 8.35055107017979e-05, 0.008580408990383148, 0.6913468837738037, 1.2533791050373111e-05]"
ISIC_0027045,nv,nv,True,"[0.02393733337521553, 0.008715552277863026, 0.04804510995745659, 0.0010197946103289723, 0.05852218717336655, 0.8591378331184387, 0.0006221715593710542]"
ISIC_0027978,nv,nv,True,"[0.00026134983636438847, 0.00021964921324979514, 0.000797190994489938, 0.00036355768679641187, 0.4553176164627075, 0.5428193211555481, 0.00022137194173410535]"
ISIC_0027375,nv,nv,True,"[1.4846719409433717e-07, 2.1942028638477495e-07, 0.00020143541041761637, 7.070208084769547e-06, 0.03078540973365307, 0.968995213508606, 1.0489987289474811e-05]"
ISIC_0028030,nv,nv,True,"[0.00014902923430781811, 0.004971449263393879, 0.00018438631377648562, 0.004125503357499838, 0.32756930589675903, 0.6591284871101379, 0.003871768480166793]"
ISIC_0029772,nv,nv,True,"[3.228263813070953e-05, 0.0003694552287925035, 0.008184947073459625, 0.00010502694931346923, 0.03783295303583145, 0.9383453130722046, 0.015129955485463142]"
ISIC_0026971,nv,nv,True,"[1.9072521126872743e-06, 6.908640443725744e-06, 2.165748446714133e-05, 4.117902790312655e-05, 0.005542899016290903, 0.9942321181297302, 0.00015344754501711577]"
ISIC_0025359,nv,nv,True,"[6.463059776251612e-07, 4.746981687731022e-07, 0.00033990098745562136, 1.9298013285151683e-05, 0.0016255407826974988, 0.9980091452598572, 4.9950108405028e-06]"
ISIC_0026772,nv,nv,True,"[3.786073284572922e-05, 2.925650915130973e-05, 0.0005802196101285517, 0.0003468034556135535, 0.048446305096149445, 0.9505289196968079, 3.0600731406593695e-05]"
ISIC_0032721,nv,nv,True,"[0.011807604692876339, 0.0002670501999091357, 0.13996608555316925, 0.0015070439549162984, 0.15736810863018036, 0.6889371871948242, 0.0001469041599193588]"
ISIC_0033537,nv,nv,True,"[0.0011069756001234055, 0.00010407680383650586, 0.02791518345475197, 0.00023090447939466685, 0.43242335319519043, 0.5381595492362976, 6.00001985731069e-05]"
ISIC_0026994,nv,nv,True,"[1.8497509302051185e-07, 2.9100664278303157e-07, 0.00038890872383490205, 4.318921492085792e-05, 0.002524883486330509, 0.996959924697876, 8.276302833110094e-05]"
ISIC_0026788,nv,nv,True,"[1.7816300612594205e-07, 2.2346648620441556e-07, 0.0005048000602982938, 1.657916436670348e-05, 0.046700313687324524, 0.9527722597122192, 5.629770384985022e-06]"
ISIC_0029759,nv,nv,True,"[0.00021448229381348938, 9.974354179576039e-05, 0.08875347673892975, 0.0021895896643400192, 0.041073158383369446, 0.8671044707298279, 0.0005650856182910502]"
ISIC_0032337,nv,nv,True,"[1.0291330454492709e-06, 9.802358363231178e-06, 0.0007530831499025226, 2.9841625291737728e-05, 0.19054105877876282, 0.8084996342658997, 0.000165470817591995]"
ISIC_0028368,nv,nv,True,"[2.9915997856733156e-07, 4.396124040795257e-06, 0.0002821233356371522, 4.362564141047187e-05, 0.08445756137371063, 0.9151259064674377, 8.60847721924074e-05]"
ISIC_0028843,nv,mel,False,"[7.706566248089075e-05, 0.004152534529566765, 0.010905138216912746, 9.742012480273843e-05, 0.6123911738395691, 0.3714340329170227, 0.0009425265598110855]"
ISIC_0028221,nv,nv,True,"[6.010213837726042e-05, 0.00020814455638173968, 0.0001133874902734533, 0.00012022978626191616, 0.004063957836478949, 0.9953892230987549, 4.4926586269866675e-05]"
ISIC_0024852,nv,nv,True,"[3.3309559512417763e-05, 8.374022581847385e-05, 0.00017470015154685825, 0.0013011125847697258, 0.005065754987299442, 0.9930921792984009, 0.0002492707862984389]"
ISIC_0028374,nv,nv,True,"[2.1086645574541762e-05, 4.7241865104297176e-05, 0.0005255578435026109, 2.209861486335285e-05, 0.31550225615501404, 0.6837575435638428, 0.0001242228754563257]"
ISIC_0027401,nv,mel,False,"[1.610945582797285e-05, 3.159301513733226e-07, 0.002743807388469577, 2.172002314182464e-05, 0.5112637281417847, 0.4859493374824524, 4.9613217925070785e-06]"
ISIC_0028637,nv,mel,False,"[0.0019326107576489449, 2.3810882339603268e-05, 0.03664417937397957, 0.0006588231772184372, 0.4831640422344208, 0.4775350093841553, 4.1464194509899244e-05]"
ISIC_0026684,nv,nv,True,"[1.7062719015470407e-09, 8.268356666008003e-09, 1.3905239484302001e-06, 4.361317405709997e-05, 0.009160437621176243, 0.9907752871513367, 1.9289545889478177e-05]"
ISIC_0025026,nv,nv,True,"[2.0627727280952968e-05, 8.189132131519727e-06, 5.830562440678477e-05, 3.5433287848718464e-05, 0.1119990274310112, 0.8878498673439026, 2.8527107133413665e-05]"
ISIC_0025150,nv,nv,True,"[3.493935309961671e-06, 4.348272796050878e-06, 0.04722824692726135, 0.00028234184719622135, 0.00014755378651898354, 0.9523174166679382, 1.6636107829981484e-05]"
ISIC_0030619,nv,nv,True,"[0.00014773602015338838, 0.000645507185254246, 0.0003271271416451782, 8.701931801624596e-05, 0.0023036571219563484, 0.9963294863700867, 0.0001594290224602446]"
ISIC_0025354,nv,nv,True,"[2.552374098740984e-07, 1.0538052492847783e-06, 0.00018417010142002255, 1.680941022641491e-05, 0.0011761314235627651, 0.9986168146133423, 4.806579909200082e-06]"
ISIC_0026730,nv,nv,True,"[0.0017432072199881077, 0.000656497897580266, 0.05444183573126793, 0.00027100948500446975, 0.02911216951906681, 0.9136480093002319, 0.00012726790737360716]"
ISIC_0026890,nv,nv,True,"[8.052633688748756e-07, 3.146833904565938e-08, 0.007393925916403532, 1.665500894887373e-05, 0.0012070252560079098, 0.9913784265518188, 3.0989717743068468e-06]"
ISIC_0026617,nv,nv,True,"[3.460478546912782e-05, 2.38730217461125e-06, 0.030671870335936546, 6.68981738272123e-05, 2.3506412617280148e-05, 0.969200074672699, 6.450483738262847e-07]"
ISIC_0028956,nv,nv,True,"[1.0600583664199803e-05, 2.853534351743292e-05, 0.0006829183548688889, 4.713880844064988e-05, 0.0005263994680717587, 0.9985246062278748, 0.00017982133431360126]"
ISIC_0028055,nv,nv,True,"[1.9219701385964072e-08, 1.5357823031081352e-06, 3.529199830154539e-06, 1.2021023394481745e-05, 0.001607065205462277, 0.9982964396476746, 7.940718933241442e-05]"
ISIC_0032069,nv,nv,True,"[1.0631709983499604e-06, 9.530202760288375e-07, 0.0013025716179981828, 0.0004766224301420152, 0.009591933339834213, 0.9880053400993347, 0.0006214811583049595]"
ISIC_0032392,nv,nv,True,"[1.480897844885476e-05, 9.76758087745111e-07, 0.00033475461532361805, 0.0002294002188136801, 0.10925978422164917, 0.8901453018188477, 1.5042186532809865e-05]"
ISIC_0026221,nv,nv,True,"[0.000693759648129344, 0.003660421585664153, 0.00043669494334608316, 0.0024452218785881996, 0.000611643074080348, 0.9913014769554138, 0.0008508425089530647]"
ISIC_0024349,nv,nv,True,"[1.6606628605586593e-07, 5.205135877872635e-08, 6.530652171932161e-06, 1.7542715795570984e-06, 0.06928876787424088, 0.9307019114494324, 8.63353818658652e-07]"
ISIC_0026126,nv,nv,True,"[3.9047762356858584e-07, 5.495052235460207e-08, 2.1153447960386984e-05, 2.401327265033615e-06, 0.06608372926712036, 0.9338913559913635, 9.294175811191963e-07]"
ISIC_0028271,nv,nv,True,"[4.977123424509955e-08, 2.643330176965719e-08, 4.159784111834597e-06, 1.171031613012019e-06, 0.08181222528219223, 0.9181817770004272, 6.280334901020979e-07]"
ISIC_0032108,nv,nv,True,"[1.5428034316755657e-07, 2.32508682529442e-07, 1.066902041202411e-05, 5.949812930339249e-06, 0.004773618187755346, 0.9952045679092407, 4.837163942283951e-06]"
ISIC_0033484,nv,nv,True,"[0.000659248442389071, 0.012859055772423744, 0.0032799800392240286, 0.005606743507087231, 0.30611783266067505, 0.6595436930656433, 0.011933400295674801]"
ISIC_0033540,nv,nv,True,"[0.0017566352616995573, 0.02000570483505726, 0.0032818266190588474, 0.10061001032590866, 0.1719811111688614, 0.6909100413322449, 0.01145470142364502]"
ISIC_0034279,nv,nv,True,"[0.0006458263960666955, 0.003135703271254897, 0.013998459093272686, 0.006862396374344826, 0.2751903235912323, 0.6851051449775696, 0.015062217600643635]"
ISIC_0029509,nv,nv,True,"[3.125575676676817e-05, 1.7024140106514096e-06, 0.004571310244500637, 3.3663774956949055e-05, 0.013035174459218979, 0.9823198914527893, 7.056310096231755e-06]"
ISIC_0032524,nv,nv,True,"[6.20345090283081e-05, 0.0009722801041789353, 0.01326554175466299, 4.2635649151634425e-05, 0.31951698660850525, 0.6659306287765503, 0.00020986003801226616]"
ISIC_0033376,nv,bkl,False,"[5.700923429685645e-05, 5.251153197605163e-06, 0.6604225635528564, 8.16497686173534e-06, 0.049843866378068924, 0.2896464765071869, 1.6688130926922895e-05]"
ISIC_0033796,nv,bkl,False,"[5.766824324382469e-05, 2.171805863326881e-05, 0.6214824318885803, 2.0164536181255244e-05, 0.005813789088279009, 0.37255656719207764, 4.7808647650526837e-05]"
ISIC_0032107,nv,nv,True,"[0.00012827022874262184, 1.6790055497040157e-06, 0.004293602425605059, 1.9517796317813918e-05, 0.4909704029560089, 0.5045806169509888, 5.906268143007765e-06]"
ISIC_0031096,nv,nv,True,"[2.3555298866995145e-06, 1.612618916624342e-06, 7.977631321409717e-05, 2.1366919099818915e-05, 0.017042823135852814, 0.9828108549118042, 4.118581273360178e-05]"
ISIC_0030626,nv,nv,True,"[0.00016317858535330743, 2.7916563340113498e-05, 0.005229810252785683, 2.7376609068596736e-05, 0.09634632617235184, 0.8981806039810181, 2.473270615155343e-05]"
ISIC_0031163,nv,nv,True,"[2.724138175835833e-05, 3.893952907674247e-06, 0.04867975413799286, 8.34067031973973e-06, 0.03274593502283096, 0.9185196161270142, 1.5221455214486923e-05]"
ISIC_0030850,nv,nv,True,"[2.7135565687785856e-05, 7.745315815554932e-05, 0.00041476532351225615, 2.0244364350219257e-05, 0.00044865990639664233, 0.9990070462226868, 4.761729087476851e-06]"
ISIC_0030500,nv,nv,True,"[1.2822740700357826e-06, 1.1675238056341186e-06, 9.38411831157282e-05, 1.4391011973202694e-05, 0.12807275354862213, 0.8718063831329346, 1.0264724551234394e-05]"
ISIC_0025020,nv,nv,True,"[1.7578977349330671e-06, 1.6941115973168053e-05, 7.591348548885435e-06, 2.3844188035582192e-05, 0.03581039980053902, 0.9641116261482239, 2.798578680085484e-05]"
ISIC_0026106,nv,nv,True,"[3.1604585615241376e-07, 2.7732141916203545e-06, 8.6259287854773e-06, 8.659690138301812e-06, 0.014117398299276829, 0.985847532749176, 1.4587473742722068e-05]"
ISIC_0026164,nv,nv,True,"[6.549335296313075e-08, 1.4785801916161745e-08, 1.1690348401316442e-05, 1.1273800737399142e-06, 0.021532492712140083, 0.9784496426582336, 4.954841642756946e-06]"
ISIC_0027813,nv,nv,True,"[3.180468638674938e-06, 1.5716084817540832e-05, 5.703968781745061e-05, 0.000349069363437593, 0.014973836950957775, 0.9823014736175537, 0.002299678511917591]"
ISIC_0024985,nv,nv,True,"[3.363037137660285e-07, 1.0563195473878295e-06, 0.0011720499023795128, 3.730377557076281e-06, 0.0017186973709613085, 0.9970968961715698, 7.289473614946473e-06]"
ISIC_0026322,nv,nv,True,"[0.0002728055987972766, 6.280341040110216e-05, 0.001593053457327187, 0.00019726356549654156, 0.0941372811794281, 0.9036778211593628, 5.899834286537953e-05]"
ISIC_0030320,nv,nv,True,"[5.272524461474859e-08, 4.932295682991139e-10, 0.00012777971278410405, 0.00014592900697607547, 8.470502507407218e-05, 0.9996410608291626, 4.4319088488009584e-07]"
ISIC_0030569,nv,nv,True,"[0.00012002530274912715, 0.00032057761563919485, 0.017588617280125618, 0.00014677112631034106, 0.10638415813446045, 0.87522292137146, 0.0002169136714655906]"
ISIC_0029972,nv,nv,True,"[0.000717491377145052, 7.408796955132857e-05, 0.040141865611076355, 0.011854330077767372, 0.000807485484983772, 0.9463154673576355, 8.919277024688199e-05]"
ISIC_0029686,nv,nv,True,"[1.2263453754712828e-06, 5.33741604158422e-06, 6.589845042981324e-07, 0.0002305829693796113, 0.02111934684216976, 0.9786038398742676, 3.894094334100373e-05]"
ISIC_0029636,nv,mel,False,"[7.128833385650069e-05, 3.698389627970755e-05, 0.019365042448043823, 4.5847762521589175e-05, 0.5426569581031799, 0.4377437233924866, 8.01516289357096e-05]"
ISIC_0027931,nv,nv,True,"[0.009372091852128506, 0.0010670360643416643, 0.11153057217597961, 0.0009126843069680035, 0.32367128133773804, 0.5527383685112, 0.0007080280920490623]"
ISIC_0031636,nv,nv,True,"[0.00017729643150232732, 0.0007391918916255236, 0.021793054416775703, 0.00013278888945933431, 0.006931549869477749, 0.9701878428459167, 3.8268230127869174e-05]"
ISIC_0029750,nv,nv,True,"[1.5221816695998314e-08, 1.9018001395920692e-08, 1.0926010872935876e-05, 3.829880733974278e-05, 0.00043388816993683577, 0.9994639754295349, 5.2965326176490635e-05]"
ISIC_0028547,nv,nv,True,"[0.00035197476972825825, 0.0005325208185240626, 0.0005268309614621103, 0.0002709246473386884, 0.00844469666481018, 0.9895106554031372, 0.00036243905196897686]"
ISIC_0029826,nv,nv,True,"[0.0007313441601581872, 0.006195651367306709, 0.02534392476081848, 0.0006063056061975658, 0.2380034327507019, 0.7288193106651306, 0.00030014305957593024]"
ISIC_0025352,nv,nv,True,"[4.4822623749496415e-05, 0.006453897338360548, 0.004817252978682518, 0.0002997964038513601, 0.11563359200954437, 0.871275007724762, 0.001475649536587298]"
ISIC_0026256,nv,nv,True,"[6.691372504974424e-07, 2.013342736972845e-06, 0.0022208737209439278, 7.65787081036251e-06, 0.007935434579849243, 0.9898069500923157, 2.6365652956883423e-05]"
ISIC_0028034,nv,nv,True,"[5.214912448536779e-07, 1.0030897357182766e-07, 0.0012345584109425545, 0.00013716751709580421, 0.0003514687705319375, 0.9982719421386719, 4.142099896853324e-06]"
ISIC_0024798,nv,nv,True,"[1.1003717190760653e-05, 0.0012472567614167929, 0.0021561188623309135, 0.00016012703417800367, 0.009724588133394718, 0.9851772785186768, 0.0015237004263326526]"
ISIC_0025152,nv,nv,True,"[8.698114584149153e-07, 6.132768703537295e-06, 0.0016913379076868296, 7.968644058564678e-05, 0.0036601077299565077, 0.9942460656166077, 0.0003157821192871779]"
ISIC_0031359,nv,nv,True,"[0.003194335848093033, 0.005010694731026888, 0.06356747448444366, 0.001500082085840404, 0.41593119502067566, 0.509609580039978, 0.0011866625864058733]"
ISIC_0031454,nv,nv,True,"[0.00011062456906074658, 0.0008222148171626031, 0.006135011091828346, 0.00010191212641075253, 0.025034677237272263, 0.9673484563827515, 0.0004470303829293698]"
ISIC_0034272,nv,nv,True,"[0.0010793486144393682, 0.011677984148263931, 0.005699738394469023, 0.0040694428607821465, 0.032735731452703476, 0.9418463110923767, 0.0028913088608533144]"
ISIC_0032911,nv,nv,True,"[0.0008206338970921934, 0.004272606689482927, 0.011014864780008793, 0.00250316527672112, 0.0019305221503600478, 0.9787792563438416, 0.000679001968819648]"
ISIC_0031229,nv,nv,True,"[2.0558645701385103e-06, 1.0001426744565833e-05, 0.00042735307943075895, 4.438768883119337e-05, 0.008279002271592617, 0.9911627769470215, 7.433539576595649e-05]"
ISIC_0031739,nv,nv,True,"[4.9922405196412e-06, 8.89963030203944e-06, 0.00032139779068529606, 3.5124796795571456e-06, 0.008012386970221996, 0.9916281700134277, 2.061158920696471e-05]"
ISIC_0034153,nv,nv,True,"[0.010243842378258705, 0.08398856967687607, 0.16008424758911133, 0.005216736812144518, 0.057752639055252075, 0.6792659759521484, 0.0034480527974665165]"
ISIC_0034017,nv,bcc,False,"[0.03875668719410896, 0.5023590326309204, 0.07336793094873428, 0.07336793094873428, 0.0644945502281189, 0.1479903608560562, 0.09966351091861725]"
ISIC_0025774,nv,nv,True,"[2.3253528524946887e-07, 1.6331416645698482e-06, 0.00044594056089408696, 3.5816050512949005e-05, 0.015562428161501884, 0.9837226271629333, 0.00023139329277910292]"
ISIC_0032088,nv,nv,True,"[1.0341803317714948e-05, 9.359908972328412e-07, 0.0016579590737819672, 0.0001569489686517045, 0.0009000972495414317, 0.9972499012947083, 2.385828884143848e-05]"
ISIC_0033634,nv,nv,True,"[7.340026058955118e-05, 3.3474076190032065e-05, 0.0006923337350599468, 0.0003001044678967446, 0.40401560068130493, 0.5947684645652771, 0.00011660803284030408]"
ISIC_0034226,nv,nv,True,"[8.980624261312187e-05, 0.00011220310989301652, 0.003712030127644539, 0.001819730387069285, 0.3111546039581299, 0.680952787399292, 0.002158873714506626]"
ISIC_0033116,nv,nv,True,"[5.5959017117857e-06, 3.420705979806371e-06, 0.00023152565700002015, 0.0002041212428594008, 0.295680433511734, 0.7037805914878845, 9.427849727217108e-05]"
ISIC_0024631,nv,nv,True,"[7.919877731410452e-08, 1.1568454993948762e-07, 8.40030588733498e-06, 6.92341245667194e-06, 0.04552078992128372, 0.9544524550437927, 1.1193995305802673e-05]"
ISIC_0028004,nv,nv,True,"[1.6357233789676684e-07, 3.116206528375187e-07, 0.0001691600336926058, 1.1924111277039628e-05, 0.000724156794603914, 0.998989999294281, 0.00010424828360555694]"
ISIC_0025631,nv,nv,True,"[1.5274792986019747e-06, 1.4575307432096452e-06, 0.00013431411935016513, 1.6648009477648884e-05, 0.1455773115158081, 0.8542624711990356, 6.306542218226241e-06]"
ISIC_0031337,nv,nv,True,"[4.535951575235231e-06, 2.9631523830175865e-06, 0.0007813965785317123, 5.612941458821297e-05, 0.13602972030639648, 0.863099217414856, 2.595010300865397e-05]"
ISIC_0028242,nv,nv,True,"[9.05809793039225e-05, 0.00011076559167122468, 0.15627449750900269, 0.0005346621037460864, 0.00420133862644434, 0.8382375836372375, 0.0005505577428266406]"
ISIC_0026929,nv,nv,True,"[0.0002717476454563439, 0.0006666964618489146, 0.002092539332807064, 7.144559640437365e-05, 0.10021068900823593, 0.8966639041900635, 2.31045632972382e-05]"
ISIC_0027397,nv,nv,True,"[0.2080659717321396, 0.013050315901637077, 0.09886098653078079, 0.003131669480353594, 0.04983193799853325, 0.6266538500785828, 0.0004052076255902648]"
ISIC_0029356,nv,nv,True,"[1.220401912860325e-07, 1.2991111475457728e-07, 5.370516737457365e-05, 4.097049441043055e-06, 0.0008881789399310946, 0.9990537762641907, 8.354990654879657e-08]"
ISIC_0030815,nv,nv,True,"[9.206198683386901e-07, 3.3473142480033857e-07, 3.929896411136724e-05, 1.7713433408061974e-05, 0.15101048350334167, 0.8488748073577881, 5.645833152811974e-05]"
ISIC_0024863,nv,nv,True,"[4.385402917250758e-06, 1.3455327461997513e-05, 0.00044254373642615974, 7.2303068918699864e-06, 0.11470931023359299, 0.8848073482513428, 1.5669544154661708e-05]"
ISIC_0024905,nv,nv,True,"[6.761791155440733e-05, 2.576531369413715e-05, 0.0001637987297726795, 0.0020329724065959454, 0.03578761965036392, 0.9616183042526245, 0.0003039315633941442]"
ISIC_0032499,nv,nv,True,"[7.340352214946222e-10, 2.038342133969806e-10, 0.0012113038683310151, 2.141299120239637e-07, 1.8237914218843798e-06, 0.9987866282463074, 8.581741428592693e-10]"
ISIC_0027000,nv,nv,True,"[2.019866315094987e-06, 5.353711821953766e-05, 0.0009229205315932631, 0.002543914131820202, 0.006291638128459454, 0.9891427159309387, 0.0010432559065520763]"
ISIC_0029256,nv,nv,True,"[6.239635695237666e-05, 2.3224916731123812e-05, 0.0008414019830524921, 0.0002350219147047028, 0.008716386742889881, 0.9899224638938904, 0.00019907132082153112]"
ISIC_0025913,nv,nv,True,"[2.6337793315178715e-06, 2.3930471115818364e-07, 0.00046691825264133513, 3.5033699532505125e-05, 0.0028158773202449083, 0.996664822101593, 1.4462292710959446e-05]"
ISIC_0029946,nv,nv,True,"[1.5525383787462488e-05, 8.724674103177676e-07, 0.010286319069564342, 3.0936273105908185e-05, 0.09570623934268951, 0.8939577341079712, 2.4468954507028684e-06]"
ISIC_0031297,nv,nv,True,"[1.9345628743394627e-07, 1.5946772009556298e-06, 0.0001143349363701418, 6.320344255072996e-05, 0.0352625772356987, 0.9643130898475647, 0.0002449002640787512]"
ISIC_0027951,nv,nv,True,"[4.899137024949596e-07, 3.138505348942999e-07, 0.00027028104523196816, 8.839245128910989e-05, 0.0013232434866949916, 0.9983086585998535, 8.532614629075397e-06]"
ISIC_0025865,nv,nv,True,"[1.1836556268463028e-06, 6.918732196936617e-06, 0.006096575874835253, 0.00014981901040300727, 0.0035146716982126236, 0.9898674488067627, 0.00036327861016616225]"
ISIC_0024935,nv,nv,True,"[0.009307933039963245, 0.11400451511144638, 0.0942365825176239, 0.012379269115626812, 0.15704785287380219, 0.5976327061653137, 0.015391211956739426]"
ISIC_0025877,nv,nv,True,"[2.303693902305781e-09, 9.437300718673214e-09, 2.801415917019767e-07, 1.4284575627243612e-05, 0.013636545278131962, 0.9863421320915222, 6.8137737798679154e-06]"
ISIC_0027570,nv,nv,True,"[3.956578439101577e-05, 4.310991243983153e-06, 0.0005814149044454098, 7.449836266459897e-05, 0.10187280178070068, 0.897404134273529, 2.3304995920625515e-05]"
ISIC_0026825,nv,nv,True,"[0.001150746364146471, 0.0003037286805920303, 0.020149989053606987, 0.0007986570708453655, 0.16912619769573212, 0.8084334135055542, 3.728080264409073e-05]"
ISIC_0027639,nv,mel,False,"[0.0015002003638073802, 8.981706741906237e-06, 0.18013104796409607, 0.00013590916933026165, 0.5212264657020569, 0.2969858646392822, 1.1577876648516394e-05]"
ISIC_0031314,nv,nv,True,"[0.0017276975559070706, 5.071514897281304e-05, 0.022647101432085037, 0.00043047816143371165, 0.25666359066963196, 0.7184262871742249, 5.419728404376656e-05]"
ISIC_0030645,nv,nv,True,"[8.749350672587752e-05, 2.8183931135572493e-05, 0.2270425260066986, 0.00025665591238066554, 0.008846485055983067, 0.7635877132415771, 0.00015088023792486638]"
ISIC_0025944,nv,nv,True,"[6.814317657699576e-06, 2.4539300284232013e-05, 0.0004413879942148924, 0.0005439779488369823, 0.22356632351875305, 0.7742505669593811, 0.0011663143523037434]"
ISIC_0025720,nv,nv,True,"[4.768605776916957e-07, 3.0493779377138708e-06, 1.9160066585754976e-05, 0.01898236759006977, 0.09772743284702301, 0.8813026547431946, 0.001964905299246311]"
ISIC_0030745,nv,nv,True,"[0.0023505704011768103, 0.0015912523958832026, 0.0012188645778223872, 0.00016870237595867366, 0.10665501654148102, 0.8877943158149719, 0.000221322407014668]"
ISIC_0031282,nv,nv,True,"[1.7178561506625556e-07, 5.3844004810343904e-08, 7.478848419850692e-05, 5.7763845688896254e-05, 0.0026570623740553856, 0.9972041845321655, 6.055652193026617e-06]"
ISIC_0028246,nv,nv,True,"[7.0148835220607e-06, 2.981914121846785e-06, 9.740655514178798e-05, 9.04389307834208e-05, 0.027008138597011566, 0.9727455973625183, 4.8314013838535175e-05]"
ISIC_0028787,nv,nv,True,"[0.005278576631098986, 0.0005772288423031569, 0.02028849348425865, 0.00023367750691249967, 0.023351911455392838, 0.9502580165863037, 1.2026890544802882e-05]"
ISIC_0026008,nv,nv,True,"[0.0007933470187708735, 0.00011345843086019158, 0.0014520809054374695, 6.452052912209183e-05, 0.09246278554201126, 0.9051097631454468, 4.021249878860544e-06]"
ISIC_0026753,nv,nv,True,"[0.017942555248737335, 0.0013523558154702187, 0.026154112070798874, 0.0006813366780988872, 0.20788903534412384, 0.7457184791564941, 0.00026216614060103893]"
ISIC_0031134,nv,nv,True,"[0.012185117229819298, 0.001142002991400659, 0.0179886631667614, 0.0005352460430003703, 0.23030957579612732, 0.7376628518104553, 0.00017650540394242853]"
ISIC_0031846,nv,nv,True,"[1.6490630514454097e-05, 3.1227993986249203e-06, 0.00247536925598979, 0.0003808634355664253, 0.10145816206932068, 0.8954987525939941, 0.0001672013313509524]"
ISIC_0031729,nv,nv,True,"[4.840061933464312e-07, 8.073978960965178e-07, 2.905147266574204e-05, 1.544419319543522e-05, 0.002014904050156474, 0.997896671295166, 4.255957901477814e-05]"
ISIC_0029959,nv,nv,True,"[5.71341734030284e-05, 2.6988274839823134e-05, 0.0031586000695824623, 0.0010654832003638148, 0.05296749249100685, 0.9425459504127502, 0.00017840821237768978]"
ISIC_0028839,nv,nv,True,"[1.901291568628949e-08, 1.1688916501384483e-09, 1.6798654542071745e-05, 1.1070149241731997e-07, 0.004681743215769529, 0.9953012466430664, 4.9315751482481573e-08]"
ISIC_0025047,nv,nv,True,"[0.00013296458928380162, 9.879614481178578e-06, 0.1678301841020584, 0.00013167243741918355, 0.07820086926221848, 0.7536332011222839, 6.123336788732558e-05]"
ISIC_0031402,nv,nv,True,"[7.212141213130963e-07, 9.243883141607512e-06, 0.0005983213195577264, 0.00010025842493632808, 0.0008564282907173038, 0.9982966780662537, 0.00013838181621395051]"
ISIC_0028875,nv,nv,True,"[4.389175956021063e-07, 4.3720640974242997e-07, 4.138601434533484e-05, 2.57561327998701e-06, 0.002178347669541836, 0.9977670907974243, 9.682366908236872e-06]"
ISIC_0030967,nv,nv,True,"[7.463312795152888e-05, 1.3071012290311046e-05, 0.0016945000970736146, 0.00042655810830183327, 0.06811758875846863, 0.9293790459632874, 0.000294603785732761]"
ISIC_0029167,nv,nv,True,"[7.223421416568954e-09, 4.442200918219896e-08, 0.0006028115749359131, 4.1818438489826804e-07, 0.0031339272391051054, 0.9962574243545532, 5.349458660930395e-06]"
ISIC_0029922,nv,nv,True,"[1.0792194871100946e-06, 3.871266926580574e-06, 5.1695911679416895e-05, 7.448613905580714e-05, 0.01627412624657154, 0.9835209846496582, 7.383433694485575e-05]"
ISIC_0025841,nv,nv,True,"[1.9095446646133496e-07, 1.6461304142012523e-07, 4.501613602769794e-06, 6.69304936309345e-05, 0.12982816994190216, 0.8700543642044067, 4.5731867430731654e-05]"
ISIC_0025508,nv,nv,True,"[1.9054086806136183e-06, 1.69165159604745e-05, 0.0005957456305623055, 9.435274841962382e-05, 0.015992144122719765, 0.9816993474960327, 0.0015995613066479564]"
ISIC_0031604,nv,nv,True,"[9.799171493796166e-06, 4.757116130349459e-06, 0.0031548994593322277, 2.140335891454015e-05, 0.010354625061154366, 0.9864116907119751, 4.2815805500140414e-05]"
ISIC_0033025,nv,nv,True,"[4.061582359327076e-08, 4.2565019953144656e-08, 3.3884745789691806e-05, 5.56320856048842e-07, 0.10668677091598511, 0.8932774066925049, 1.3715392697122297e-06]"
ISIC_0033053,nv,nv,True,"[6.513933392682247e-09, 4.005885401170417e-08, 9.687881174613722e-06, 5.01545059705677e-07, 0.05108204111456871, 0.948904275894165, 3.5709399526240304e-06]"
ISIC_0027869,nv,nv,True,"[4.017637820652453e-06, 4.387387525639497e-05, 0.003574961330741644, 0.0012475979747250676, 0.004320656880736351, 0.9893035888671875, 0.0015052579110488296]"
ISIC_0030802,nv,nv,True,"[0.002579330699518323, 0.00010278392437612638, 0.02931777387857437, 0.0007550392183475196, 0.1662587821483612, 0.8009601831436157, 2.608955946925562e-05]"
ISIC_0027539,nv,nv,True,"[2.8383199150994187e-06, 7.080006071191747e-06, 0.00021368464513216168, 0.00024119243607856333, 0.005999684799462557, 0.9933488965034485, 0.00018656115571502596]"
ISIC_0025281,nv,nv,True,"[6.744133861502632e-05, 5.5910833907546476e-05, 0.00017907786241266876, 5.734862497774884e-05, 0.013869259506464005, 0.9856947064399719, 7.627194281667471e-05]"
ISIC_0030474,nv,nv,True,"[5.212691789324708e-08, 7.91741783245925e-08, 5.602272267424269e-06, 8.885748457032605e-07, 4.62928983324673e-05, 0.9999468326568604, 2.501450069303246e-07]"
ISIC_0024440,nv,nv,True,"[8.215309208026156e-05, 8.694060670677572e-05, 0.0002912580093834549, 0.0008345927926711738, 0.05033989995718002, 0.9479908347129822, 0.0003743480774573982]"
ISIC_0025256,nv,nv,True,"[1.990843338717241e-05, 3.814462388618267e-06, 0.027011936530470848, 0.0022765155881643295, 0.10872883349657059, 0.8619260191917419, 3.295192800578661e-05]"
ISIC_0030364,nv,nv,True,"[0.0014391717268154025, 0.00021749471488874406, 0.0294478926807642, 0.00043721136171370745, 0.0008041547844186425, 0.967591404914856, 6.267947173910215e-05]"
ISIC_0030840,nv,nv,True,"[0.00035367097007110715, 1.0260770977765787e-05, 0.00658266618847847, 0.00010818001464940608, 0.11633921414613724, 0.8765917420387268, 1.4245668353396468e-05]"
ISIC_0028478,nv,nv,True,"[0.005056992173194885, 0.000652570859529078, 0.058627936989068985, 0.00032178658875636756, 0.021800950169563293, 0.9135198593139648, 1.997720028157346e-05]"
ISIC_0027379,nv,nv,True,"[0.0008698065066710114, 4.485463796299882e-05, 0.02816428430378437, 0.0006351223564706743, 0.13822390139102936, 0.8319703340530396, 9.167694224743173e-05]"
ISIC_0027468,nv,nv,True,"[0.0005678723100572824, 0.0003880123549606651, 0.3639555871486664, 6.008755735820159e-05, 0.0012294932967051864, 0.6337910294532776, 7.89718069427181e-06]"
ISIC_0028097,nv,nv,True,"[2.194630724261515e-05, 1.5083460311871022e-05, 0.00026091240579262376, 1.318174872722011e-05, 0.0019832756370306015, 0.9977002739906311, 5.30514398633386e-06]"
ISIC_0024322,nv,nv,True,"[3.1668558886366327e-09, 6.958736520346065e-08, 8.215093839680776e-05, 8.478742529405281e-06, 0.00011923744023079053, 0.9997859597206116, 4.044377874379279e-06]"
ISIC_0030515,nv,nv,True,"[5.116226748214103e-05, 1.5695306501584128e-05, 0.00024865265004336834, 0.0003682032402139157, 0.04447045549750328, 0.9545416831970215, 0.000304061162751168]"
ISIC_0029882,nv,nv,True,"[1.194247670355253e-05, 1.4431386716751149e-06, 0.0004057495971210301, 2.389002293057274e-05, 0.02219107188284397, 0.9773513674736023, 1.451835942134494e-05]"
ISIC_0025697,nv,nv,True,"[2.836291741914465e-06, 6.49233652438852e-06, 2.4839107936713845e-05, 0.00022686008014716208, 0.0146658755838871, 0.9849143624305725, 0.0001588385202921927]"
ISIC_0031906,nv,nv,True,"[0.0002118887787219137, 5.0229791668243706e-05, 0.021571069955825806, 0.0008680226164869964, 0.041823673993349075, 0.9353159070014954, 0.0001593184715602547]"
ISIC_0025058,nv,nv,True,"[2.883231218220317e-07, 3.0572181231036666e-07, 0.0083478894084692, 1.281058484892128e-05, 6.29755561476486e-07, 0.9916324019432068, 5.746057468059007e-06]"
ISIC_0026391,nv,nv,True,"[9.782575034478214e-06, 4.620961135515245e-06, 0.007153301499783993, 2.3743801648379304e-05, 0.07119521498680115, 0.9214720726013184, 0.00014124905283097178]"
ISIC_0025122,nv,nv,True,"[2.5266893999287277e-07, 2.221102306521061e-07, 0.0003633333835750818, 1.1457317441454506e-06, 0.01875411532819271, 0.9808744788169861, 6.390378075593617e-06]"
ISIC_0031632,nv,nv,True,"[1.3648347341188583e-08, 4.626893996828585e-07, 0.0001278531999560073, 2.790791040752083e-05, 9.46882355492562e-05, 0.9997276663780212, 2.139773641829379e-05]"
ISIC_0026504,nv,nv,True,"[0.0002413707843516022, 0.0015389773761853576, 0.005125577095896006, 0.00030871795024722815, 0.03938187286257744, 0.9532040953636169, 0.0001993232872337103]"
ISIC_0025760,nv,nv,True,"[7.599773255151376e-09, 2.1352573043031953e-09, 1.0633564670570195e-05, 1.1147658369736746e-06, 0.003721662098541856, 0.9962658286094666, 7.782319926263881e-07]"
ISIC_0028780,nv,nv,True,"[2.3276750482636999e-07, 5.06428875723941e-07, 0.00018291707965545356, 1.915265056595672e-05, 0.015069224871695042, 0.9847049713134766, 2.310250602022279e-05]"
ISIC_0029902,nv,nv,True,"[7.1236568146559875e-06, 0.000359709287295118, 0.0003916063578799367, 0.000466408469947055, 0.11983726173639297, 0.8785933256149292, 0.0003445803886279464]"
ISIC_0025318,nv,nv,True,"[2.7088631782135053e-07, 2.1435271264635958e-05, 0.0047663431614637375, 6.56395495752804e-05, 0.0011797931510955095, 0.9917489290237427, 0.0022176378406584263]"
ISIC_0030739,nv,nv,True,"[7.92471894328628e-07, 0.0006791349151171744, 5.187791430216748e-06, 0.001268558669835329, 0.0025134547613561153, 0.9058423042297363, 0.08969053626060486]"
ISIC_0028143,nv,nv,True,"[3.7496847653528675e-06, 1.3164596566639375e-05, 8.336547034559771e-05, 0.00015514000551775098, 0.001197837758809328, 0.9983500242233276, 0.00019659471581690013]"
ISIC_0029696,nv,nv,True,"[0.03677607700228691, 0.0033874649088829756, 0.2017432451248169, 0.021087808534502983, 0.14875613152980804, 0.5866208076477051, 0.0016285008750855923]"
ISIC_0028053,nv,nv,True,"[0.0003860408323816955, 0.0003860408323816955, 0.006200036033987999, 0.002900228137150407, 0.2712051272392273, 0.7145302891731262, 0.0043921926990151405]"
ISIC_0026424,nv,nv,True,"[0.02598787657916546, 0.0019019583705812693, 0.004286129493266344, 0.0030691472347825766, 0.1284801959991455, 0.8361613154411316, 0.0001133326004492119]"
ISIC_0028262,nv,nv,True,"[6.775552208182489e-08, 4.0861809225134493e-07, 1.5574745702906512e-05, 9.632876754039899e-06, 0.007232034113258123, 0.9926671385765076, 7.521553197875619e-05]"
ISIC_0026519,nv,nv,True,"[0.0016772245289757848, 0.0005455795908346772, 0.20798227190971375, 0.0012935297563672066, 0.2150038629770279, 0.5731369853019714, 0.0003606061218306422]"
ISIC_0030672,nv,nv,True,"[0.00010014603321906179, 0.00016935888561420143, 0.0023840386420488358, 6.169817788759246e-05, 0.05959346517920494, 0.9376768469810486, 1.4483869563264307e-05]"
ISIC_0029635,nv,nv,True,"[6.579227829206502e-06, 2.824590956151951e-05, 0.0023309579119086266, 0.0016908551333472133, 0.0002643507323227823, 0.9942049384117126, 0.001474070129916072]"
ISIC_0032352,nv,nv,True,"[2.708243300730828e-06, 1.6171657080121804e-06, 1.054524545907043e-05, 0.00011731407721526921, 0.4784616529941559, 0.5213979482650757, 8.260907634394243e-06]"
ISIC_0024458,nv,nv,True,"[6.67619242449291e-05, 0.0003105181094724685, 0.10778045654296875, 0.0006677189376205206, 0.009810860268771648, 0.8780931234359741, 0.003270618850365281]"
ISIC_0032340,nv,nv,True,"[0.00012014826643280685, 7.971207196533214e-06, 0.0007804107153788209, 7.118549547158182e-05, 0.2740726172924042, 0.7249113917350769, 3.6287052353145555e-05]"
ISIC_0024620,nv,nv,True,"[0.0005125378957018256, 6.875747203594074e-05, 0.0005120375426486135, 2.7834843422169797e-05, 0.4965061545372009, 0.5023587942123413, 1.3941672477812972e-05]"
ISIC_0028651,df,df,True,"[2.312396674142292e-08, 1.5019934096471843e-07, 2.2724435666532372e-07, 0.9996351003646851, 3.123722490272485e-05, 0.0002684029459487647, 6.481848686235026e-05]"
ISIC_0029248,df,bcc,False,"[0.009564521722495556, 0.5520974397659302, 0.117204450070858, 0.04514223337173462, 0.10091329365968704, 0.15145182609558105, 0.02362622693181038]"
ISIC_0030442,df,nv,False,"[0.006564192473888397, 0.14014320075511932, 0.12835168838500977, 0.14845500886440277, 0.20440556108951569, 0.3423148989677429, 0.029765447601675987]"
ISIC_0029130,df,df,True,"[6.947353199393547e-07, 3.59666962879146e-08, 2.2049614926800132e-05, 0.9999525547027588, 4.204134711471852e-06, 1.599849019839894e-05, 4.3460690903884824e-06]"
ISIC_0026629,df,nv,False,"[0.00036366801941767335, 8.756779425311834e-05, 0.34178751707077026, 0.0023853490129113197, 0.01920715719461441, 0.6360536813735962, 0.00011510569311212748]"
ISIC_0031271,df,df,True,"[2.495748718800428e-09, 5.012845605278926e-08, 1.8084541864027415e-08, 0.999916672706604, 1.8838137521015597e-06, 1.021963839775708e-06, 8.029759919736534e-05]"
ISIC_0030244,df,df,True,"[0.020956842228770256, 0.10655763000249863, 0.0021497802808880806, 0.8463656902313232, 0.012873366475105286, 0.004873074125498533, 0.006223633419722319]"
ISIC_0031827,df,df,True,"[0.0004453441360965371, 0.008460666984319687, 0.00014401841326616704, 0.9750593304634094, 0.0034635725896805525, 0.004517626017332077, 0.007909346371889114]"
ISIC_0030579,df,akiec,False,"[0.6399407386779785, 0.2768525183200836, 0.0026396673638373613, 0.07539219409227371, 0.0014886936405673623, 0.0004535827611107379, 0.003232609247788787]"
ISIC_0025500,mel,bkl,False,"[0.009683606214821339, 1.90066948562162e-05, 0.5481600165367126, 3.0018760298844427e-05, 0.4252431392669678, 0.016863001510500908, 1.17767399387958e-06]"
ISIC_0030277,mel,bkl,False,"[0.005581709556281567, 0.00011244511551922187, 0.599886953830719, 0.00022803440515417606, 0.3411383330821991, 0.053035419434309006, 1.7109823602368124e-05]"
ISIC_0030818,mel,nv,False,"[2.022829448833363e-06, 6.255140760913491e-06, 2.174746805394534e-05, 4.308138886699453e-05, 0.4310712218284607, 0.5688501596450806, 5.541747214010684e-06]"
ISIC_0027089,mel,nv,False,"[1.5702676137152594e-06, 4.5519234959101595e-07, 8.228841033997014e-05, 4.669676400226308e-06, 0.21270301938056946, 0.7872065901756287, 1.3966247252028552e-06]"
ISIC_0026239,mel,nv,False,"[2.4892551664379425e-07, 9.448147864077328e-08, 2.4319547264894936e-06, 1.9275955764896935e-06, 0.15713605284690857, 0.8428587913513184, 4.4549452127284894e-07]"
ISIC_0029547,mel,mel,True,"[0.004310588352382183, 0.08030880242586136, 0.029337313026189804, 0.005578315816819668, 0.7656781673431396, 0.11380790174007416, 0.0009788789320737123]"
ISIC_0026622,mel,mel,True,"[0.0004950380534864962, 0.0026945071294903755, 0.004333228804171085, 0.0005373586900532246, 0.9416753649711609, 0.05020024627447128, 6.417834083549678e-05]"
ISIC_0033089,mel,mel,True,"[7.57837769924663e-05, 4.958843078384234e-07, 0.004579965490847826, 2.8587692213477567e-07, 0.971764326095581, 0.02357916161417961, 2.700943824152091e-08]"
ISIC_0033562,mel,mel,True,"[0.0005151858786121011, 6.80393713992089e-06, 0.002973751397803426, 8.189878144548857e-07, 0.9038118124008179, 0.09269155561923981, 8.699770148723474e-08]"
ISIC_0026438,mel,nv,False,"[5.281150879454799e-05, 4.32657407145598e-06, 0.0005535425152629614, 0.0003763788554351777, 0.22861073911190033, 0.7703649997711182, 3.723018380696885e-05]"
ISIC_0028126,mel,nv,False,"[6.1409400586853735e-06, 7.363013310168753e-07, 0.00011230607196921483, 0.0001428024552296847, 0.15148763358592987, 0.8482370376586914, 1.3360754564928357e-05]"
ISIC_0024805,mel,mel,True,"[0.0001286557671846822, 4.360226739663631e-05, 0.004402180202305317, 9.319793207396287e-06, 0.7717061638832092, 0.2237037569284439, 6.306087016128004e-06]"
ISIC_0030032,mel,mel,True,"[0.0005547493346966803, 0.00013010228576604277, 0.010632188990712166, 9.535671779303811e-06, 0.6806619167327881, 0.3079991340637207, 1.2340076864347793e-05]"
ISIC_0033269,mel,mel,True,"[0.0001761280291248113, 0.00021621843916364014, 0.0039735776372253895, 8.352261647814885e-05, 0.7564907073974609, 0.238972008228302, 8.787352999206632e-05]"
ISIC_0027071,mel,mel,True,"[0.00590134784579277, 3.9521019061794505e-05, 0.051467593759298325, 4.077555058756843e-05, 0.9051854610443115, 0.037361469119787216, 3.94380140278372e-06]"
ISIC_0029780,mel,mel,True,"[0.036139290779829025, 0.00020726604270748794, 0.10205037891864777, 8.489583706250414e-05, 0.729430079460144, 0.13206300139427185, 2.4997325454023667e-05]"
ISIC_0024898,mel,nv,False,"[2.5778217604965903e-07, 2.252475717057223e-08, 0.0008580919820815325, 1.3454164218273945e-06, 0.02159673161804676, 0.9775427579879761, 7.817148457434087e-07]"
ISIC_0029538,mel,nv,False,"[0.000139873125590384, 2.1955636384518584e-06, 0.12519285082817078, 2.4834158466546796e-05, 0.3587370812892914, 0.5158783793449402, 2.473733911756426e-05]"
ISIC_0027620,mel,nv,False,"[1.8261797549712355e-06, 1.7456990519804094e-07, 0.0011698473244905472, 1.749634429870639e-05, 0.13876089453697205, 0.8600331544876099, 1.653288200031966e-05]"
ISIC_0030440,mel,nv,False,"[4.7470381105085835e-05, 7.043125515338033e-05, 0.02432752586901188, 0.0004592695040628314, 0.2567374110221863, 0.7158311605453491, 0.0025268159806728363]"
ISIC_0024732,mel,mel,True,"[9.02795436559245e-05, 4.085144246346317e-05, 0.007538600359112024, 0.0013647563755512238, 0.7401658892631531, 0.24792452156543732, 0.0028751161880791187]"
ISIC_0029632,mel,mel,True,"[0.0001769034715835005, 2.2889593310537748e-05, 0.062005557119846344, 8.537800749763846e-05, 0.7165797352790833, 0.22112061083316803, 8.893936865206342e-06]"
ISIC_0025391,mel,mel,True,"[0.0001118522704928182, 1.444220401936036e-06, 0.005930608604103327, 3.849866516247857e-06, 0.9666891098022461, 0.027262650430202484, 4.4565436496668553e-07]"
ISIC_0027306,mel,mel,True,"[5.2061709538975265e-06, 2.5772417302505346e-06, 0.020600030198693275, 2.022900162046426e-06, 0.6247814297676086, 0.3546018600463867, 6.8970562097092625e-06]"
ISIC_0034253,mel,mel,True,"[6.550409307237715e-05, 1.1494610589579679e-05, 0.0008042620029300451, 0.0003776869853027165, 0.9820004105567932, 0.016732051968574524, 8.508766768500209e-06]"
ISIC_0031953,mel,nv,False,"[5.418226464826148e-06, 6.045370901119895e-05, 0.0003455170663073659, 8.55742928251857e-06, 0.15810561180114746, 0.8414598107337952, 1.4613650819228496e-05]"
ISIC_0031406,mel,nv,False,"[8.436734788119793e-05, 0.001058361609466374, 0.008433075621724129, 0.0001393701822962612, 0.062236446887254715, 0.9271475076675415, 0.0009008552297018468]"
ISIC_0028173,mel,nv,False,"[0.0058730109594762325, 0.07804468274116516, 0.004476686008274555, 0.0011035059578716755, 0.04508065804839134, 0.8648489713668823, 0.0005724913789890707]"
ISIC_0032968,mel,mel,True,"[0.26420071721076965, 0.16728146374225616, 0.009336539544165134, 0.005940464325249195, 0.49070823192596436, 0.06211299076676369, 0.0004195370711386204]"
ISIC_0029265,mel,mel,True,"[0.03474671393632889, 0.006668868474662304, 0.06401830166578293, 0.001975167775526643, 0.7383968830108643, 0.1540224850177765, 0.00017157992988359183]"
ISIC_0024482,mel,mel,True,"[0.00032284893677569926, 7.132661721698241e-06, 0.000612155010458082, 6.343920631479705e-06, 0.95490962266922, 0.04414139315485954, 4.5776050683343783e-07]"
ISIC_0025413,mel,mel,True,"[0.00028141707298345864, 4.771636668010615e-06, 0.0005278140306472778, 1.0837386071216315e-05, 0.833177387714386, 0.165996253490448, 1.579677245899802e-06]"
ISIC_0025195,mel,mel,True,"[0.007952588610351086, 9.748868251335807e-06, 0.3554207384586334, 3.985329385614023e-06, 0.6141119003295898, 0.022500477731227875, 6.087873885007866e-07]"
ISIC_0033027,mel,mel,True,"[0.0017465532291680574, 0.00891314446926117, 0.002627012552693486, 0.0010307641932740808, 0.5683858394622803, 0.41665294766426086, 0.0006437771953642368]"
ISIC_0028326,mel,mel,True,"[1.549446642457042e-05, 1.3727335499424953e-05, 0.020237401127815247, 9.888905333355069e-05, 0.841403603553772, 0.1381625384092331, 6.836478860350326e-05]"
ISIC_0027060,mel,mel,True,"[2.6715490264450636e-08, 1.2818232697497933e-08, 0.0007352014072239399, 1.6818883352698322e-07, 0.5308187007904053, 0.4684458374977112, 8.261157091737914e-08]"
ISIC_0025035,mel,nv,False,"[0.0012587106321007013, 0.0001063930249074474, 0.0153342355042696, 1.2485424122132827e-05, 0.14605657756328583, 0.8372208476066589, 1.0721147191361524e-05]"
ISIC_0029819,mel,nv,False,"[2.7606341973296367e-05, 3.103864219156094e-05, 0.00688155647367239, 6.832634971942753e-05, 0.11470016837120056, 0.8778517246246338, 0.0004394937714096159]"
ISIC_0031479,mel,mel,True,"[3.1004597985884175e-05, 6.60224468447268e-05, 0.003678492968901992, 2.4526651031919755e-05, 0.6567593216896057, 0.33939385414123535, 4.681692735175602e-05]"
ISIC_0025238,mel,nv,False,"[0.0005492522614076734, 0.00025742934667505324, 0.0019711842760443687, 0.0002485363220330328, 0.18477924168109894, 0.8121058344841003, 8.861836249707267e-05]"
ISIC_0031005,mel,mel,True,"[0.020834624767303467, 0.0021487530320882797, 0.03702403977513313, 0.00014034831838216633, 0.7846817970275879, 0.15511776506900787, 5.264959327178076e-05]"
ISIC_0030507,mel,mel,True,"[0.08082281798124313, 0.016189279034733772, 0.07063273340463638, 0.0005690451944246888, 0.6375858783721924, 0.19407327473163605, 0.00012697113561443985]"
ISIC_0027238,mel,nv,False,"[2.8684960398095427e-06, 3.205816199169931e-07, 0.0009118783636949956, 3.6688625186798163e-06, 0.45962342619895935, 0.539457380771637, 3.851876613225613e-07]"
ISIC_0029571,mel,mel,True,"[3.6292776712798513e-06, 1.1091967280663084e-05, 0.000531448342371732, 3.3304127100564074e-06, 0.641179621219635, 0.3582669198513031, 3.93954360333737e-06]"
ISIC_0025317,mel,mel,True,"[2.9889039069530554e-05, 0.002734229899942875, 0.0022045376244932413, 5.874893759028055e-05, 0.9616425633430481, 0.031154396012425423, 0.0021756647620350122]"
ISIC_0026420,mel,mel,True,"[0.0008709284011274576, 0.031429339200258255, 0.008055972866714, 0.0007852828712202609, 0.9257038831710815, 0.02658271975815296, 0.006571883801370859]"
ISIC_0026094,mel,nv,False,"[0.14416852593421936, 0.034340087324380875, 0.013991686515510082, 0.0021572504192590714, 0.32330626249313354, 0.4815632402896881, 0.00047296035336330533]"
ISIC_0025097,mel,nv,False,"[6.667626439593732e-05, 0.00011565715249162167, 0.05898304656147957, 0.0002807175333146006, 0.08976291865110397, 0.8499850630760193, 0.0008059619576670229]"
ISIC_0031666,mel,mel,True,"[0.00013773956743534654, 0.00011463704140624031, 0.05271368473768234, 0.00020839330682065338, 0.543951153755188, 0.402654230594635, 0.00022010720567777753]"
ISIC_0026596,mel,nv,False,"[6.28943889751099e-05, 0.0001679856941336766, 0.1980241984128952, 7.01637618476525e-05, 0.112390898168087, 0.6884776949882507, 0.0008061244734562933]"
ISIC_0028056,mel,nv,False,"[0.00098643999081105, 0.00010096819460159168, 0.39951589703559875, 0.000691341410856694, 0.11558648943901062, 0.4828502833843231, 0.0002686263178475201]"
ISIC_0032245,mel,nv,False,"[7.757238927297294e-05, 0.0002293377765454352, 0.0011222452158108354, 6.818032943556318e-06, 0.24760030210018158, 0.750838577747345, 0.00012517681170720607]"
ISIC_0033931,mel,mel,True,"[0.03046446293592453, 0.004062962252646685, 0.061720456928014755, 0.001829533139243722, 0.8747889995574951, 0.027009794488549232, 0.00012377391976770014]"
ISIC_0032511,mel,mel,True,"[0.007794031873345375, 0.014841114170849323, 0.10623600333929062, 0.0003407778567634523, 0.4950830638408661, 0.3751709461212158, 0.0005340286297723651]"
ISIC_0031339,mel,mel,True,"[0.11720890551805496, 0.01628631167113781, 0.11561734974384308, 0.0032321177423000336, 0.7186930775642395, 0.02879876084625721, 0.0001634517393540591]"
ISIC_0032476,mel,bkl,False,"[0.08709115535020828, 0.031289223581552505, 0.6786991357803345, 0.0034519105684012175, 0.17430435121059418, 0.02482443116605282, 0.00033978864667005837]"
ISIC_0029353,mel,mel,True,"[0.30157846212387085, 0.14079591631889343, 0.16557443141937256, 0.007616517599672079, 0.36023786664009094, 0.023403318598866463, 0.0007934224558994174]"
ISIC_0032862,mel,vasc,False,"[0.0001254378294106573, 0.05773657560348511, 0.0001721242442727089, 0.0027888170443475246, 0.02176503837108612, 0.15315905213356018, 0.7642529010772705]"
ISIC_0033073,mel,nv,False,"[0.000706733379047364, 0.06932708621025085, 0.0022372377570718527, 0.0010882150381803513, 0.1891881227493286, 0.5506510138511658, 0.1868015080690384]"
ISIC_0033696,mel,bcc,False,"[0.022878168150782585, 0.46109363436698914, 0.011475813575088978, 0.014351787976920605, 0.10609795898199081, 0.06346234679222107, 0.3206402659416199]"
ISIC_0025835,mel,mel,True,"[2.0544666767818853e-05, 8.497642738802824e-06, 0.004048284608870745, 0.00011391947919037193, 0.5269942879676819, 0.46871843934059143, 9.59298195084557e-05]"
ISIC_0030828,mel,nv,False,"[0.0051909866742789745, 0.0007290836074389517, 0.0399429053068161, 0.0021851607598364353, 0.362497478723526, 0.5883914828300476, 0.0010628843447193503]"
ISIC_0033487,mel,nv,False,"[0.029077088460326195, 0.006607868708670139, 0.05129419267177582, 0.00022391148377209902, 0.34831416606903076, 0.564266562461853, 0.0002161763550247997]"
ISIC_0033995,mel,mel,True,"[0.00030064821476116776, 3.711956014740281e-05, 0.005052594933658838, 6.489286897704005e-05, 0.5136514902114868, 0.4806497395038605, 0.00024347237194888294]"
ISIC_0030171,mel,mel,True,"[0.0002373858296778053, 5.649431113852188e-05, 0.04167494922876358, 6.477104761870578e-05, 0.5393944382667542, 0.41844311356544495, 0.0001288125931750983]"
ISIC_0028291,mel,mel,True,"[0.00012158761819591746, 0.00010399938764749095, 0.01555593591183424, 6.319271506072255e-06, 0.9291647672653198, 0.05504297465085983, 4.481034011405427e-06]"
ISIC_0033029,mel,nv,False,"[0.00011370855645509437, 0.0003121251938864589, 0.008927751332521439, 0.00011460039240773767, 0.48934653401374817, 0.5009510517120361, 0.00023422799131367356]"
ISIC_0028582,mel,nv,False,"[1.3610751011583488e-05, 3.2081574317999184e-05, 5.404225885285996e-05, 1.2176792552054394e-05, 0.26508694887161255, 0.7347931861877441, 7.954601642268244e-06]"
ISIC_0032244,mel,mel,True,"[0.00038119900273159146, 4.619265382643789e-06, 0.0850120410323143, 2.9592122245958308e-06, 0.8755253553390503, 0.039073679596185684, 2.2203492733297026e-07]"
ISIC_0032110,mel,nv,False,"[0.000358296325430274, 0.0007351763779297471, 0.008606340736150742, 0.0005884278216399252, 0.35775741934776306, 0.6315736770629883, 0.0003806602908298373]"
ISIC_0026500,mel,nv,False,"[0.00033230381086468697, 0.00042253994615748525, 0.0019122763769701123, 0.00020194648823235184, 0.4780803322792053, 0.5189512968063354, 9.9386707006488e-05]"
ISIC_0032248,mel,mel,True,"[0.18342828750610352, 0.009670448489487171, 0.06787604093551636, 0.0003243063110858202, 0.7325923442840576, 0.006083460990339518, 2.5105695385718718e-05]"
ISIC_0034132,mel,mel,True,"[0.00018283720419276506, 0.012767906300723553, 0.0006609990959987044, 0.00029851807630620897, 0.5824522376060486, 0.40345287322998047, 0.00018463146989233792]"
ISIC_0033038,mel,mel,True,"[0.010947472415864468, 0.0034346976317465305, 0.013224529102444649, 0.011500895954668522, 0.7585356831550598, 0.20217308402061462, 0.00018363924755249172]"
ISIC_0028415,mel,mel,True,"[3.2406544505647616e-06, 4.210131919535343e-06, 6.676412158412859e-05, 0.0008839654037728906, 0.8042377829551697, 0.1947908252477646, 1.3172338185540866e-05]"
ISIC_0028041,mel,mel,True,"[0.0017950834007933736, 0.00097596988780424, 0.015873564407229424, 0.04557805880904198, 0.8752456307411194, 0.059911224991083145, 0.000620364211499691]"
ISIC_0028481,mel,mel,True,"[0.0008150904905050993, 1.1740738045773469e-05, 0.027605215087532997, 0.00013331999070942402, 0.7781131267547607, 0.1933097541332245, 1.1786689356085844e-05]"
ISIC_0029172,mel,mel,True,"[0.00036614216514863074, 1.2926398994750343e-05, 0.0057302238419651985, 0.00032438396010547876, 0.8174615502357483, 0.17609922587871552, 5.647125362884253e-06]"
ISIC_0029937,mel,nv,False,"[6.551662954734638e-05, 1.7841419321484864e-05, 0.004060674924403429, 0.002416834933683276, 0.26486918330192566, 0.7284761071205139, 9.384823351865634e-05]"
ISIC_0033925,mel,mel,True,"[0.0025927734095603228, 0.033070001751184464, 0.17721037566661835, 0.012201468460261822, 0.33595794439315796, 0.26628419756889343, 0.17268319427967072]"
ISIC_0033431,mel,mel,True,"[0.001644265721552074, 0.014052520506083965, 0.11493471264839172, 0.0019260997651144862, 0.491033673286438, 0.1882043480873108, 0.1882043480873108]"
ISIC_0033807,mel,mel,True,"[0.0005211771931499243, 0.0038491275627166033, 0.0002520248235668987, 0.0005768905975855887, 0.9168933033943176, 0.07719863206148148, 0.0007088949787430465]"
ISIC_0033533,mel,mel,True,"[0.0010652504861354828, 0.0009567512315697968, 0.0007598147494718432, 0.008790740743279457, 0.9259202480316162, 0.059656351804733276, 0.0028507583774626255]"
ISIC_0025603,mel,nv,False,"[6.409177876776084e-05, 0.00019284342124592513, 0.01646750420331955, 6.459445285145193e-05, 0.1819501370191574, 0.8012351989746094, 2.569389653217513e-05]"
ISIC_0028519,mel,mel,True,"[0.10079324245452881, 0.06510879099369049, 0.10030227899551392, 0.09312751889228821, 0.6345493197441101, 0.005708620883524418, 0.00041031299042515457]"
ISIC_0024767,mel,bcc,False,"[0.009178133681416512, 0.5552191734313965, 0.04192435368895531, 0.05662235990166664, 0.07388555258512497, 0.1926296055316925, 0.07054082304239273]"
ISIC_0024449,mel,mel,True,"[4.67923428004724e-06, 2.0282980131014483e-06, 0.0010882795322686434, 6.54742643746431e-06, 0.6826649904251099, 0.31623101234436035, 2.437056082271738e-06]"
ISIC_0031931,mel,mel,True,"[0.11865219473838806, 0.0005002969410270452, 0.08869298547506332, 0.00031925272196531296, 0.7782562971115112, 0.013568343594670296, 1.0692030627978966e-05]"
ISIC_0026738,mel,mel,True,"[0.00812687911093235, 3.421682049520314e-05, 0.14725258946418762, 3.0671759304823354e-05, 0.8309904336929321, 0.013563521206378937, 1.7645108982833335e-06]"
ISIC_0025927,mel,mel,True,"[5.0837454182328656e-05, 0.0003053937980439514, 0.004821688402444124, 2.0420187865966e-05, 0.8875423073768616, 0.10725133121013641, 7.99665940576233e-06]"
ISIC_0031529,mel,nv,False,"[0.0014327907701954246, 0.00018109471420757473, 0.06593871116638184, 0.00032664171885699034, 0.057232629507780075, 0.8745300769805908, 0.00035804574145004153]"
ISIC_0032976,mel,mel,True,"[0.0006626114482060075, 2.9056307539576665e-05, 0.05658246576786041, 0.00018947092758025974, 0.784153938293457, 0.15807075798511505, 0.00031177522032521665]"
ISIC_0033274,mel,nv,False,"[2.9778479074593633e-05, 1.4146907005851972e-06, 0.004462888929992914, 5.465597951115342e-06, 0.2375565618276596, 0.7579079866409302, 3.591970380512066e-05]"
ISIC_0026745,mel,mel,True,"[0.00025475543225184083, 1.7249305983568775e-06, 0.030648626387119293, 1.3433773347060196e-06, 0.8251428604125977, 0.14394952356815338, 1.1268268735875608e-06]"
ISIC_0025546,mel,mel,True,"[0.002006164751946926, 0.00014797545736655593, 0.01030320767313242, 9.063243487617001e-05, 0.8552557826042175, 0.1321864128112793, 9.817395948630292e-06]"
ISIC_0028156,mel,mel,True,"[0.0010580511298030615, 0.0002071254566544667, 0.004957607481628656, 0.00015788078599143773, 0.6445407867431641, 0.34906452894210815, 1.3985375517222565e-05]"
ISIC_0031025,mel,mel,True,"[3.6422450648387894e-05, 1.0660235147952335e-06, 0.00037953065475448966, 4.367066594568314e-06, 0.580106258392334, 0.41947025060653687, 2.0790355392819038e-06]"
ISIC_0029272,mel,nv,False,"[0.00029240516596473753, 2.9089401323290076e-06, 0.00027928754570893943, 2.3792044885340147e-05, 0.3819117844104767, 0.6174873113632202, 2.488148311385885e-06]"
ISIC_0026296,mel,nv,False,"[8.543904550606385e-05, 4.699997589341365e-05, 0.025589866563677788, 0.000713976623956114, 0.01525059249252081, 0.9574435353279114, 0.0008696717559359968]"
ISIC_0025018,mel,nv,False,"[0.0011909269960597157, 0.0002981872530654073, 0.041614264249801636, 0.0004213335341773927, 0.10783381760120392, 0.8481787443161011, 0.0004627443559002131]"
ISIC_0033980,mel,nv,False,"[2.0916031644446775e-05, 4.7135003114817664e-05, 0.0010122292442247272, 0.00013962404045742005, 0.10360370576381683, 0.8949994444847107, 0.00017684638442005962]"
ISIC_0032533,mel,nv,False,"[9.130303624260705e-06, 0.0018163197673857212, 0.00047799808089621365, 7.366218778770417e-05, 0.1634998917579651, 0.8335707783699036, 0.0005523257423192263]"
ISIC_0033986,mel,nv,False,"[2.179011244152207e-05, 1.6577043425058946e-05, 0.0002924039145000279, 0.0001049749698722735, 0.13380150496959686, 0.8657055497169495, 5.718548345612362e-05]"
ISIC_0033004,mel,nv,False,"[0.000209759920835495, 0.00011337822070345283, 0.0012345040449872613, 0.00021896949328947812, 0.2556161880493164, 0.742544949054718, 6.224759272299707e-05]"
ISIC_0025439,mel,mel,True,"[9.2352282081265e-05, 7.974448408276658e-07, 0.053473345935344696, 1.573566692059103e-06, 0.6338672637939453, 0.3125637173652649, 1.0041345603895024e-06]"
ISIC_0027693,mel,nv,False,"[9.140699717136158e-07, 2.0043264612468192e-06, 2.4370050596189685e-05, 3.140954504488036e-06, 0.1505228877067566, 0.849445641040802, 1.0398307495051995e-06]"
ISIC_0029017,mel,mel,True,"[2.1166015358176082e-05, 6.532338011311367e-05, 0.005083941388875246, 1.0518947419768665e-05, 0.5601671934127808, 0.43455788493156433, 9.393764048581943e-05]"
ISIC_0029514,vasc,nv,False,"[1.891431566036772e-05, 0.003770040115341544, 0.018803054466843605, 0.00106546760071069, 0.002415178343653679, 0.7999166250228882, 0.1740107238292694]"
ISIC_0027672,vasc,vasc,True,"[7.227005767163064e-07, 0.0018136812141165137, 0.0001737576531013474, 0.00012588841491378844, 0.0026804646477103233, 0.08792364597320557, 0.9072818160057068]"
ISIC_0031197,vasc,nv,False,"[1.0341781489842106e-05, 0.00011858681682497263, 0.000833672471344471, 0.0034356031101197004, 0.0006360854022204876, 0.6119913458824158, 0.38297441601753235]"
ISIC_0031270,vasc,vasc,True,"[3.424091801207396e-07, 0.0002723157231230289, 1.656276981520932e-05, 0.008817566558718681, 0.00022797311248723418, 0.04069245606660843, 0.9499728679656982]"
ISIC_0033817,vasc,vasc,True,"[0.0008342457003891468, 0.015764135867357254, 0.0017421165248379111, 0.01063145138323307, 0.007545271888375282, 0.019580503925681114, 0.943902313709259]"
ISIC_0030104,vasc,vasc,True,"[9.812214374349537e-10, 1.0395302524557337e-05, 3.5345695437172253e-07, 1.095122115657432e-06, 2.2690958303428488e-06, 2.1256995751173235e-05, 0.9999645948410034]"
ISIC_0026393,vasc,vasc,True,"[6.384993089803004e-10, 6.594828846573364e-06, 3.4320414954436274e-08, 2.5153669866995187e-06, 1.3823512290400686e-06, 1.5000193343439605e-05, 0.9999744892120361]"
ISIC_0031093,vasc,vasc,True,"[1.3112718988850247e-05, 0.0014412839664146304, 5.934383443673141e-05, 0.00047227766481228173, 0.0004348701622802764, 0.001219028141349554, 0.9963600039482117]"
ISIC_0029608,vasc,vasc,True,"[1.2733393361941125e-07, 2.299660991411656e-05, 5.786131623608526e-06, 0.0001732746750349179, 0.0002859607629943639, 0.0009636213071644306, 0.9985482096672058]"
ISIC_0024402,vasc,vasc,True,"[1.4118004401098005e-06, 0.000344782107276842, 7.340834417846054e-05, 0.0003041206218767911, 0.0025302586145699024, 0.0025302586145699024, 0.9942157864570618]"
ISIC_0027256,vasc,vasc,True,"[2.9378997012941e-08, 1.1374338555469876e-06, 0.00013146948185749352, 0.00026043891557492316, 0.0005194325931370258, 0.483938068151474, 0.5151493549346924]"
ISIC_0028714,vasc,vasc,True,"[1.9322971638757735e-05, 0.005247687455266714, 0.0010632729390636086, 0.0008944916189648211, 0.0017065885476768017, 0.06867056339979172, 0.922398030757904]"
ISIC_0030956,vasc,nv,False,"[2.4956320885394234e-06, 0.00021352646581362933, 0.0010377555154263973, 0.00031067917007021606, 0.07411477714776993, 0.5979490280151367, 0.3263716995716095]"
ISIC_0027159,vasc,vasc,True,"[4.257673936081119e-06, 0.0016729698982089758, 0.0019597236532717943, 0.0015948008513078094, 0.07246872782707214, 0.02203705720603466, 0.9002624750137329]"
ISIC_0028188,vasc,nv,False,"[2.1444216145027895e-06, 0.00022745042224414647, 0.0004448916297405958, 0.0006747448933310807, 0.0003724476264324039, 0.9088188409805298, 0.08945953845977783]"
ISIC_0026831,bcc,bcc,True,"[0.0027673118747770786, 0.9775641560554504, 0.00533543573692441, 0.0008053337223827839, 0.0028789544012397528, 0.008620187640190125, 0.002028566785156727]"
ISIC_0032482,bcc,bcc,True,"[0.0014140598941594362, 0.692164957523346, 0.003011156804859638, 0.004467618651688099, 0.15718169510364532, 0.023229315876960754, 0.11853115260601044]"
ISIC_0028085,bcc,bcc,True,"[0.02355027198791504, 0.45224112272262573, 0.006558861583471298, 0.013898677192628384, 0.0398482047021389, 0.45135873556137085, 0.012544151395559311]"
ISIC_0025691,bcc,nv,False,"[0.0006221503717824817, 0.023503288626670837, 0.07027930021286011, 0.004009665455669165, 0.024938320741057396, 0.8726375699043274, 0.004009665455669165]"
ISIC_0028978,bcc,df,False,"[0.00020907817815896124, 0.04834255948662758, 0.0001331579842371866, 0.811289370059967, 0.02292478270828724, 0.05963682383298874, 0.057464294135570526]"
ISIC_0028728,bcc,bcc,True,"[0.20270131528377533, 0.6698447465896606, 0.003979154862463474, 0.11238042265176773, 0.0012338890228420496, 0.006115073803812265, 0.0037453779950737953]"
ISIC_0028583,bcc,bcc,True,"[0.015149299055337906, 0.9764952659606934, 0.0009894942631945014, 0.002036267425864935, 0.0020815045572817326, 0.0014926774892956018, 0.0017553720390424132]"
ISIC_0030339,bcc,akiec,False,"[0.43250489234924316, 0.2196113020181656, 0.10988961905241013, 0.047442130744457245, 0.004207131918519735, 0.18029485642910004, 0.006050024647265673]"
ISIC_0032139,bcc,nv,False,"[0.0015760406386107206, 0.09571366757154465, 0.07531015574932098, 0.002955955918878317, 0.2742651700973511, 0.5260848999023438, 0.02409408986568451]"
ISIC_0031243,bcc,mel,False,"[0.00027672035503201187, 0.16972805559635162, 0.009556718170642853, 0.0007791189127601683, 0.6576610207557678, 0.1373158097267151, 0.024682559072971344]"
ISIC_0033579,bcc,bcc,True,"[0.0013975173933431506, 0.9160298109054565, 0.003138608066365123, 0.0001834934955695644, 0.006831437349319458, 0.07188927382230759, 0.0005299199838191271]"
ISIC_0034095,bcc,bcc,True,"[0.0013571314048022032, 0.9851319193840027, 0.0006610901327803731, 5.5444059398723766e-05, 0.0011328188702464104, 0.011547701433300972, 0.00011398622882552445]"
ISIC_0034143,bcc,bcc,True,"[0.0006658188649453223, 0.9722163081169128, 3.842321166303009e-05, 6.983732873777626e-06, 0.000432279339293018, 0.02662690356373787, 1.3278706319397315e-05]"
ISIC_0028688,bcc,nv,False,"[0.05030788481235504, 0.15918679535388947, 0.014365146867930889, 0.0023983134888112545, 0.18610821664333344, 0.5845600962638855, 0.0030734867323189974]"
ISIC_0024632,bcc,bcc,True,"[0.23622886836528778, 0.6943151950836182, 0.04033513367176056, 0.010564520955085754, 0.0003246385895181447, 0.017301399260759354, 0.000930243986658752]"
ISIC_0026668,bcc,nv,False,"[0.003594472538679838, 0.007275230251252651, 0.2943209409713745, 0.031440552324056625, 0.030015435069799423, 0.6273512840270996, 0.006001999136060476]"
ISIC_0027297,bcc,bcc,True,"[0.026334239169955254, 0.4223237931728363, 0.10795976966619492, 0.0036431278567761183, 0.0625433623790741, 0.3615856170654297, 0.01561014074832201]"
ISIC_0028570,bcc,bcc,True,"[0.0012093237601220608, 0.4728657007217407, 0.00263625243678689, 0.003624504432082176, 0.0828566700220108, 0.38745224475860596, 0.04935533180832863]"
ISIC_0029220,bcc,bcc,True,"[0.06294487416744232, 0.8714765906333923, 0.007606309838593006, 0.0035165969748049974, 0.0022049322724342346, 0.05167601257562637, 0.000574629520997405]"
ISIC_0026968,bcc,bcc,True,"[0.39121130108833313, 0.4609595239162445, 0.04818315431475639, 0.06485334783792496, 0.008744862861931324, 0.015228277072310448, 0.010819576680660248]"
ISIC_0027920,bcc,bcc,True,"[0.012781230732798576, 0.968370258808136, 0.0019764031749218702, 0.00016559443611185998, 0.002799450419843197, 0.012626159004867077, 0.0012810560874640942]"
ISIC_0024411,bcc,mel,False,"[0.005134724546223879, 0.119520403444767, 0.03336021676659584, 0.0022300896234810352, 0.4577212929725647, 0.3663555681705475, 0.015677662566304207]"
ISIC_0030249,bcc,akiec,False,"[0.6986806392669678, 0.05859668552875519, 0.1997847557067871, 0.007022337056696415, 0.0030934035312384367, 0.03266177698969841, 0.00016045970551203936]"
ISIC_0028687,bcc,akiec,False,"[0.5500950813293457, 0.141000434756279, 0.19962075352668762, 0.08026120811700821, 0.000553079997189343, 0.02829842083156109, 0.00017100188415497541]"
ISIC_0027120,bcc,akiec,False,"[0.6665593981742859, 0.31302088499069214, 0.009714442305266857, 0.006274412386119366, 0.001286762417294085, 0.0030005897860974073, 0.00014352727157529444]"
ISIC_0028283,bcc,nv,False,"[0.011997492983937263, 0.024058744311332703, 0.22560365498065948, 0.006889790762215853, 7.234626991703408e-06, 0.7311078310012817, 0.00033522979356348515]"
ISIC_0027175,bcc,bcc,True,"[0.4799862802028656, 0.4932920038700104, 0.007915137335658073, 0.015841366723179817, 4.3000010919058695e-05, 0.0027214097790420055, 0.00020078122906852514]"
ISIC_0026760,bcc,bcc,True,"[0.004020919091999531, 0.4995841979980469, 0.006629375275224447, 0.008705643005669117, 0.04291480407118797, 0.38983720541000366, 0.0483078695833683]"
ISIC_0025718,bcc,bcc,True,"[0.014541097916662693, 0.554784893989563, 0.01747152954339981, 0.0064841569401323795, 0.11685843765735626, 0.2674916386604309, 0.022368261590600014]"
ISIC_0025383,bcc,nv,False,"[0.0022174024488776922, 0.2717629373073578, 0.002909033326432109, 0.0004957366618327796, 0.3271690309047699, 0.3839964270591736, 0.011449407786130905]"
ISIC_0025513,bcc,nv,False,"[0.0055037252604961395, 0.011414876207709312, 0.18731075525283813, 0.0010858667083084583, 0.1329529732465744, 0.6601945757865906, 0.0015373106580227613]"
ISIC_0026988,bcc,bcc,True,"[0.043102242052555084, 0.9545416831970215, 0.0008340238709934056, 0.0007985559059306979, 0.0002973077935166657, 4.401857222546823e-05, 0.00038212371873669326]"
ISIC_0033020,bcc,bcc,True,"[0.006105188746005297, 0.604766309261322, 0.0007291608490049839, 0.0014643401373177767, 0.081846222281456, 0.30350229144096375, 0.0015864245360717177]"
ISIC_0032768,bcc,df,False,"[0.0023763254284858704, 0.02675437554717064, 0.0016916622407734394, 0.41963425278663635, 0.28393876552581787, 0.23863385617733002, 0.026970796287059784]"
ISIC_0033205,bcc,bcc,True,"[0.011321006342768669, 0.6902207136154175, 0.006668287329375744, 0.0020277632866054773, 0.03459978103637695, 0.2539180517196655, 0.0012443981831893325]"
ISIC_0027058,bcc,bcc,True,"[0.2644565999507904, 0.5576719641685486, 0.12492045015096664, 0.01650645211338997, 0.007335431408137083, 0.025224700570106506, 0.003884421195834875]"
ISIC_0030114,bcc,bkl,False,"[0.17764312028884888, 0.28083980083465576, 0.376070499420166, 0.0071974145248532295, 0.1259063333272934, 0.03155554458498955, 0.0007872820133343339]"
ISIC_0031351,bcc,bcc,True,"[0.006304553709924221, 0.9892393350601196, 0.001348228775896132, 0.0007125511765480042, 1.185394012281904e-05, 0.0020037733484059572, 0.0003797287354245782]"
ISIC_0026275,bcc,bkl,False,"[0.02947087772190571, 0.0103908134624362, 0.6074571013450623, 0.022963153198361397, 0.04533442109823227, 0.2794754207134247, 0.004908272530883551]"
ISIC_0024573,bcc,bcc,True,"[0.03450103476643562, 0.8928399682044983, 0.020742269232869148, 0.014933202415704727, 0.0017782992217689753, 0.02444400265812874, 0.010761234909296036]"
ISIC_0024432,bcc,nv,False,"[0.00019287657050881535, 0.0372435487806797, 0.04284613952040672, 0.0005012618494220078, 0.007879434153437614, 0.9080744981765747, 0.0032622599974274635]"
ISIC_0030403,bcc,bcc,True,"[0.002118032891303301, 0.9583699107170105, 0.0007750068907625973, 0.0016779579455032945, 0.0011898503871634603, 0.031078705564141273, 0.0047905719839036465]"
ISIC_0024595,bcc,bcc,True,"[0.0073187630623579025, 0.6397928595542908, 0.09565556794404984, 0.0024134721606969833, 3.165313682984561e-05, 0.25251156091690063, 0.0022761209402233362]"
ISIC_0031318,bcc,bcc,True,"[0.11006423085927963, 0.8407272100448608, 0.022492311894893646, 0.0019329977221786976, 0.00019497705216053873, 0.02439134009182453, 0.00019689045439008623]"
ISIC_0031470,bcc,bcc,True,"[0.01275644265115261, 0.978362500667572, 0.0007623524288646877, 0.0005183583125472069, 0.00012264089309610426, 0.007079258561134338, 0.0003986051888205111]"
ISIC_0031413,bcc,bcc,True,"[0.13629858195781708, 0.7959181666374207, 0.022371497005224228, 0.010211753658950329, 0.004201139323413372, 0.02712864615023136, 0.003870270913466811]"
ISIC_0025301,bcc,bcc,True,"[0.047318704426288605, 0.8989627361297607, 0.0030906766187399626, 0.003315812209621072, 0.0015359842218458652, 0.04316840320825577, 0.002607699017971754]"
ISIC_0027722,bcc,bcc,True,"[0.2690551280975342, 0.7158222794532776, 0.011678029783070087, 0.0007505720132030547, 0.0007491074502468109, 0.0017383284866809845, 0.0002066024753730744]"
ISIC_0033203,bcc,nv,False,"[8.216145033657085e-06, 0.00017464262782596052, 3.326609294163063e-05, 0.00022512325085699558, 0.11503321677446365, 0.8838464617729187, 0.0006790209445171058]"
ISIC_0033366,bcc,nv,False,"[0.0003718830703292042, 0.006546878255903721, 0.018613360822200775, 0.0007857403252273798, 0.2269856184720993, 0.7442572116851807, 0.002439232775941491]"
ISIC_0032816,bcc,nv,False,"[0.001868006307631731, 0.02703777700662613, 0.0003408542834222317, 0.007480673957616091, 0.010307343676686287, 0.947083592414856, 0.005881691351532936]"
ISIC_0033372,bcc,bcc,True,"[0.06963587552309036, 0.9030517935752869, 0.014209695160388947, 0.00029304673080332577, 0.0076354374177753925, 0.004926349502056837, 0.0002477359084878117]"
ISIC_0034066,bcc,bcc,True,"[0.0007212243508547544, 0.9978638291358948, 2.4154383936547674e-05, 1.532350324850995e-05, 0.00012730366142932326, 0.0011357538169249892, 0.00011234507837798446]"
ISIC_0025046,bcc,nv,False,"[0.007757872808724642, 0.02197100967168808, 0.011957100592553616, 0.01158922165632248, 0.017671450972557068, 0.9134812355041504, 0.01557217352092266]"
ISIC_0024665,bcc,nv,False,"[0.0003546212683431804, 0.009925251826643944, 0.0009471640223637223, 0.009783309884369373, 0.05472702160477638, 0.8919171094894409, 0.032345619052648544]"
ISIC_0025102,bcc,bcc,True,"[0.017459264025092125, 0.9486002922058105, 0.002303614979609847, 0.0010093277087435126, 0.005383596755564213, 0.02476619742810726, 0.0004777047142852098]"
ISIC_0032850,bcc,bcc,True,"[0.0021229798439890146, 0.9563961625099182, 0.0056716869585216045, 0.0016087812837213278, 0.00011395130422897637, 0.03285416215658188, 0.0012322914553806186]"
ISIC_0030712,bcc,bcc,True,"[0.014905769377946854, 0.9570519328117371, 0.0127869863063097, 0.0004154762427788228, 0.000385003921110183, 0.01409872341901064, 0.00035607043537311256]"
ISIC_0031940,akiec,akiec,True,"[0.818902850151062, 0.049661554396152496, 0.07550330460071564, 0.00957108661532402, 0.01651717722415924, 0.028901981189846992, 0.000942129350733012]"
ISIC_0025358,akiec,akiec,True,"[0.8491839170455933, 0.023325547575950623, 0.10923422873020172, 0.011892455630004406, 0.0037892432883381844, 0.0023276559077203274, 0.00024701596703380346]"
ISIC_0024562,akiec,nv,False,"[0.13585765659809113, 0.09285067021846771, 0.21321292221546173, 0.009515444748103619, 0.08174560964107513, 0.4634314477443695, 0.0033862164709717035]"
ISIC_0030143,akiec,bkl,False,"[0.33810269832611084, 0.061392948031425476, 0.47587087750434875, 0.02097989432513714, 0.004592945799231529, 0.09573949873447418, 0.0033211223781108856]"
ISIC_0024843,akiec,akiec,True,"[0.41745349764823914, 0.0015173807041719556, 0.22652268409729004, 0.003406139323487878, 0.05958452448248863, 0.2914295196533203, 8.627617353340611e-05]"
ISIC_0030297,akiec,akiec,True,"[0.4439729154109955, 0.013974965550005436, 0.2905964255332947, 0.023656422272324562, 0.20566163957118988, 0.02200181409716606, 0.0001358731824439019]"
ISIC_0026014,akiec,mel,False,"[0.0009054326801560819, 6.714473420288414e-05, 0.02117881551384926, 2.9161987185943872e-05, 0.7962828874588013, 0.18153327703475952, 3.2591287890681997e-06]"
ISIC_0031609,akiec,bkl,False,"[0.0635356530547142, 0.008061890490353107, 0.7480138540267944, 0.0033118256833404303, 0.03239740431308746, 0.14430277049541473, 0.0003766915760934353]"
ISIC_0026857,akiec,akiec,True,"[0.4877203106880188, 0.011828405782580376, 0.10776754468679428, 0.0002968421613331884, 0.3300080895423889, 0.06231018528342247, 6.860440771561116e-05]"
ISIC_0029041,akiec,akiec,True,"[0.5553584098815918, 0.07392213493585587, 0.3388213813304901, 0.00453577795997262, 0.01125359907746315, 0.015069610439240932, 0.001039109192788601]"
ISIC_0031040,akiec,bkl,False,"[0.04700906202197075, 0.002768509788438678, 0.8869959115982056, 0.0002806201227940619, 0.017755718901753426, 0.045075923204422, 0.0001142700421041809]"
ISIC_0030242,akiec,akiec,True,"[0.9243308901786804, 0.016667239367961884, 0.05064159631729126, 0.0004067951813340187, 0.004568823147565126, 0.0033369145821779966, 4.7738187276991084e-05]"
ISIC_0026626,akiec,akiec,True,"[0.601911723613739, 0.0019516311585903168, 0.24558089673519135, 0.0002727750106714666, 0.14635692536830902, 0.003907904960215092, 1.8132572222384624e-05]"
ISIC_0024539,akiec,bkl,False,"[4.516715489444323e-05, 5.353266169549897e-05, 0.9948727488517761, 2.2138767690194072e-06, 0.004370513372123241, 0.0006495394627563655, 6.233271960809361e-06]"
ISIC_0031506,akiec,akiec,True,"[0.8373830914497375, 0.032405510544776917, 0.12544208765029907, 0.0008264493080787361, 0.0009862366132438183, 0.0029200194403529167, 3.656071930890903e-05]"
ISIC_0024646,akiec,akiec,True,"[0.9685045480728149, 0.0025567614939063787, 0.02812589332461357, 0.0003523282066453248, 0.0001460141793359071, 0.0003079069429077208, 6.510083039756864e-06]"
ISIC_0026040,akiec,bkl,False,"[0.2688053548336029, 0.0019242462003603578, 0.60813307762146, 0.005688909906893969, 0.03027346543967724, 0.08499736338853836, 0.00017758991452865303]"
ISIC_0032329,akiec,akiec,True,"[0.8424950838088989, 0.020703714340925217, 0.04353116825222969, 0.0006294864579103887, 0.09143831580877304, 0.0011454321211203933, 5.674992280546576e-05]"
ISIC_0026138,akiec,akiec,True,"[0.520840585231781, 0.1658216416835785, 0.029963359236717224, 0.004872314166277647, 0.2733936607837677, 0.004414683673530817, 0.0006937457947060466]"
ISIC_0027588,akiec,nv,False,"[4.1402108763577417e-05, 0.00012121313920943066, 0.015614400617778301, 0.00017567651229910553, 0.023577740415930748, 0.9594476222991943, 0.0010218669194728136]"
ISIC_0029067,akiec,mel,False,"[0.03503202274441719, 0.013309648260474205, 0.006077257916331291, 8.624412294011563e-05, 0.8529026508331299, 0.09256788343191147, 2.4326272978214547e-05]"
ISIC_0032897,akiec,bkl,False,"[0.021105092018842697, 0.008352095261216164, 0.5559923648834229, 0.0010261691641062498, 0.08369672298431396, 0.32941457629203796, 0.00041299345321021974]"
ISIC_0033869,akiec,bkl,False,"[0.012800470925867558, 0.0002004734706133604, 0.660195529460907, 0.0006358602549880743, 0.23175042867660522, 0.0943700298666954, 4.724606696981937e-05]"
ISIC_0026203,akiec,nv,False,"[0.16659358143806458, 0.003312119748443365, 0.01199163869023323, 0.005962435621768236, 0.30761176347732544, 0.5042030811309814, 0.0003253922041039914]"
ISIC_0027580,akiec,akiec,True,"[0.8987619280815125, 0.06665004789829254, 0.025322219356894493, 0.0009187657851725817, 0.000691492052283138, 0.007616114336997271, 3.939414455089718e-05]"
ISIC_0026872,akiec,akiec,True,"[0.843324601650238, 0.01024916023015976, 0.03890722990036011, 0.0018646885873749852, 0.09333358705043793, 0.012258779257535934, 6.190345447976142e-05]"
ISIC_0028372,akiec,akiec,True,"[0.41378089785575867, 0.06839418411254883, 0.3730905055999756, 0.004017143044620752, 0.05626638978719711, 0.08385969698429108, 0.0005912923952564597]"
ISIC_0027506,akiec,akiec,True,"[0.950741171836853, 0.010977152734994888, 0.025163786485791206, 0.0006467943312600255, 0.011487118899822235, 0.0009643386001698673, 1.9684684957610443e-05]"
ISIC_0029598,akiec,bcc,False,"[0.09568455815315247, 0.8169583678245544, 0.006140850018709898, 0.04104304686188698, 0.023156942799687386, 0.009899677708745003, 0.007116557098925114]"
ISIC_0029002,akiec,bcc,False,"[0.2255498766899109, 0.6125096678733826, 0.06782162934541702, 0.021529415622353554, 0.06244971603155136, 0.0073142931796610355, 0.002825424075126648]"
